/*******************************************************************************
 * Size: 14 px
 * Bpp: 1
 * Opts: --bpp 1 --size 14 --stride 1 --align 1 --font SourceHanSerifCN-Regular-1.otf --symbols 一丁七万丈三三上下不与丐丑专且世丘丙业丛东丝丢两严丧个中丰串临丸丹为主丽举乃久么义之乌乍乎乏乐乒乓乔乖乘乙九乞也习乡书买乱乳了予争事二于亏云互五井亚些亡交亥亦产亩享京亭亮亲人亿什仁仅仆仇今介仍从仑仓仔他仗付仙代令以仪们仰仲件价任份仿企伊伍伏伐休众优伙会伞伟传伤伦伪伯估伴伶伸伺似佃但位低住佑体何余佛作你佣佩佳使侄侈例侍供依侠侣侥侦侧侨侮侯侵便促俄俊俏俐俗俘保信俩俭修俯俱俺倍倒倔倘候倚借倡倦债值倾假偎偏做停健偶偷偿傀傅傍储催傲傻像僚僧僵僻儒儡儿允元兄充兆先光克免兑兔党兜兢入全八公六兰共关兴兵其具典养兼兽冀内冈册再冒冕冗写军农冠冤冬冯冰冲决况冶冷冻净凄准凉凌减凑凛凝几凡凤凫凭凯凰凳凶凸凹出击函凿刀刁刃分切刊刑划列刘则刚创初删判刨利别刮到制刷券刹刺刻刽剂剃削前剑剔剖剥剧剩剪副割剿劈力劝办功加务劣动助努劫励劲劳势勃勇勉勋勒勘募勤勺勾勿匀包匆匈匕化北匙匠匣匪匹区医匾匿十千升午半华协卑卒卓单卖南博卜占卡卢卤卦卧卫印危即却卵卷卸卿厂厅历厉压厌厕厘厚原厢厦厨去县参又叉及友双反发叔取受变叙叛叠口古句另叨只叫召叭叮可台史右叶号司叹叼叽吁吃各吆合吉吊同名后吏吐向吓吕吗君吝吞吟吠否吧吨吩含听吭吮启吱吴吵吸吹吻吼呀呆呈告呐呕员呛呜呢周味呵呻呼命咆和咏咐咒咕咖咙咧咨咪咬咱咳咸咽哀品哄哆哈响哎哑哗哟哥哨哩哪哭哮哲哺哼唁唆唇唉唐唠唤唧唬售唯唱唾啃啄商啊啡啤啥啦啰啸啼喂善喇喉喊喘喜喝喧喳喷喻嗅嗓嗜嗡嗤嗦嗽嘀嘁嘉嘱嘲嘴嘶嘹嘿器噩噪嚎嚣嚷嚼囊囚四回因团囤园困囱围固国图圃圆圈土圣在地场圾址均坊坎坏坐坑块坚坛坝坞坟坠坡坤坦坪坯坷垂垃垄型垒垛垢垦垫垮埂埃埋城域埠培基堂堆堕堡堤堪堰堵塌塑塔塘塞填境墅墓墙增墨墩壁壕壤士壮声壳壶壹处备复夏夕外多夜够大天太夫夭央夯失头夷夸夹夺奄奇奈奉奋奏契奔奕奖套奠奢奥女奴奶奸她好如妄妆妇妈妒妓妖妙妥妨妹妻姆姊始姐姑姓委姚姜姥姨姻姿威娃娄娇娘娜娩娱娶婆婉婚婴婶婿媒媚媳嫁嫂嫉嫌嫡嫩嬉子孔孕字存孙孝孟季孤学孩孵孽宁它宅宇守安宋完宏宗官宙定宛宜宝实宠审客宣室宦宪宫宰害宴宵家容宽宾宿寂寄密寇富寒寓寝寞察寡寥寨寸对寺寻导寿封射将尉尊小少尔尖尘尚尝尤就尸尺尼尽尾尿局屁层居屈屉届屋屎屏屑展属屠屡履屯山屹屿岁岂岔岖岗岛岩岭岳岸峡峦峭峰峻崇崎崔崖崩崭嵌巍川州巡巢工左巧巨巩巫差己已巴巷巾币市布帅帆师希帐帕帖帘帚帜帝带席帮常帽幅幌幔幕幢干干平年并幸幻幼幽广庄庆庇床序庐库应底店庙府庞废度座庭庵庶康庸廉廊廓延廷建开异弃弄弊式弓引弛弟张弥弦弧弯弱弹强归当录形彤彩彪彬彭彰影役彻彼往征径待很徊律徐徒徒得徘御循微德徽心必忆忌忍志忘忙忠忧快忱念忽忿怀态怎怒怔怕怖怜思怠急性怨怪怯总恃恋恍恐恒恕恢恤恨恩恬恭息恰恳恶恼悄悉悍悔悟悠患悦您悬悯悲悴悼情惊惋惑惕惜惠惦惧惨惩惫惭惯惰想惶惹愁愈愉意愕愚感愤愧愿慈慌慎慕慢慧慨慰慷憋憎憔憨憾懂懈懊懒懦戈戏成我戒或战戚截戳戴户房所扁扇手才扎扑扒打扔托扛扣执扩扫扬扭扮扯扰扳扶批扼找承技抄把抑抒抓投抖抗折抚抛抠抡抢护报披抬抱抵抹押抽拂拄担拆拇拉拌拍拐拒拓拔拖拗拘拙招拜拟拢拣拥拦拧拨择括拭拯拱拳拴拷拼拾拿持挂指按挎挑挖挚挟挠挡挣挤挥挨挪挫振挺挽捂捅捆捉捌捍捎捏捐捕捞损捡换捣捧据捶捷捺捻掀掂授掉掌掏掐排掖掘掠探接控推掩措掰掷掸掺揉揍描提插揖握揣揩揪揭援揽搀搁搂搅搏搓搔搜搞搪搬搭携摄摆摇摊摔摘摧摩摸摹撇撑撒撕撞撤撩撬播撮撰撵撼擂擅操擎擒擦攀攒攘支收改攻放政故效敌敏救教敛敞敢散敦敬数敲整敷文斋斑斗料斜斟斤斥斧斩断斯新方施旁旅旋族旗无既日旦旧旨早旬旭旱时旷旺昂昆昌明昏易昔昙星映春昧昨昭是昵昼显晃晋晌晒晓晕晚晤晦晨普景晰晴晶智晾暂暇暑暖暗暮暴曙曲更曹曼曾替最月有朋服朗望朝期朦木未末本术朱朴朵机朽杀杂权杆杈杉李杏材村杖杜束杠条来杨杭杯杰松板极构枉析枕林枚果枝枢枣枪枫枯架枷柄柏某柑柒染柔柜柠查柬柱柳柴柿栅标栈栋栏树栓栖栗校株样核根格栽桂桃桅框案桌桐桑档桥桦桨桩桶梁梅梆梗梢梦梧梨梭梯械梳检棉棋棍棒棕棘棚棠森棱棵棺椅植椎椒椭椰椿楔楚楞楣楷楼概榄榆榔榕榛榜榨榴槐槽樊樟模横樱橄橘橙橡橱檀檐檩檬欠次欢欣欧欲欺款歇歉歌止正此步武歧歪歹死歼殃殉殊残殖殴段殷殿毁毅母每毒比毕毙毛毡毫毯氏民氓气氛氢氧氨氮氯水永汁求汇汉汗汛汞江池污汤汪汰汹汽沃沈沉沐沙沛沟没沥沦沧沪沫沮河沸油治沼沽沾沿泄泉泊泌法泛泞泡波泣泥注泪泰泳泵泻泼泽洁洋洒洗洛洞津洪洲活洼洽派流浅浆浇浊测济浑浓浙浦浩浪浮浴海浸涂消涉涌涎涕涛涝涡涣涤润涧涨涩涮涯液涵淀淆淋淌淑淘淡淤淫淮深淳混淹添清渊渐渔渗渠渡渣渤温港渴游渺湃湖湘湾湿溃溅溉源溜溢溪溯溶溺滋滑滓滔滚滞满滤滥滨滩滴漂漆漏漓演漠漩漫漱漾潘潜潦潭潮澄澈澎澜澡澳激濒瀑灌火灭灯灰灵灶灸灼灾灿炉炊炎炒炕炫炬炭炮炸点炼烁烂烈烘烙烛烟烤烦烧烫热烹焊焕焙焚焦焰然煌煎煞煤照煮熄熊熏熔熙熟熬燃燎燕燥爆爪爬爱爵父爷爸爹爽片版牌牍牙牛牡牢牧物牲牵特牺犀犁犬犯状犹狂狈狐狗狞狠狡独狭狮狰狱狸狼猎猖猛猜猩猪猫猬献猴猾猿玄率玉王玖玛玩玫环现玲玷玻珊珍珠班球琅理琉琐琢琳琴琼瑞瑟瑰璃璧瓜瓢瓣瓤瓦瓮瓶瓷甘甚甜生甥用甩甫田由甲申电男甸画畅界畏畔留畜略畦番畴畸疆疏疑疗疙疚疟疤疫疮疯疲疹疼疾病症痊痒痕痘痛痢痪痰痴痹瘟瘤瘦瘩瘪瘫瘸瘾癌癞癣登白百皂的皆皇皮皱皿盅盆盈益盏盐监盒盔盖盗盘盛盟目盯盲直相盹盼盾省眉看真眠眨眯眶眷眼着睁睛睡督睦睬睹瞄瞎瞒瞧瞪瞬瞭瞳瞻矗矛矢知矩矫短矮石矾矿码砂砌砍研砖砚砰破砸砾础硅硕硝硫硬确硼碉碌碍碎碑碗碘碟碧碰碱碳碴碾磁磅磕磨磷磺礁示礼社祈祖祝神祟祠祥票祭祷祸禀禁福离禽禾秀私秃秆秉秋种科秒秕秘租秤秦秧秩秫积称秸移秽稀程稍税稚稠稳稻稼稽稿穆穗穴究穷空穿突窃窄窍窑窒窖窗窘窜窝窟窥窿立竖站竞竟章竣童竭端竹竿笆笋笑笔笙笛笤符笨第笼等筋筏筐筑筒答策筛筝筷筹签简箍箕算管箩箫箭箱篇篓篙篡篮篱篷簇簸簿籍米类籽粉粒粗粘粟粤粥粪粮粱粹精糊糕糖糙糜糟糠糯系紊素索紧紫累絮繁纠红纤约级纪纫纬纯纱纲纳纵纷纸纹纺纽线练组绅细织终绊绍绎经绑绒结绕绘给络绝绞统绢绣继绩绪续绰绳维绵绷绸综绽绿缀缅缆缎缓缔缕编缘缚缝缠缤缨缩缭缰缴缸缺罐网罕罗罚罢罩罪置署羊美羔羞羡群羹羽翁翅翎翔翘翠翩翰翻翼耀老考者而耍耐耕耕耗耙耳耸耻耽耿聂聊聋职联聘聚聪肃肄肆肉肋肌肖肘肚肛肝肠股肢肤肥肩肪肮肯育肴肺肾肿胀胁胃胆背胎胖胚胜胞胡胧胯胰胳胶胸能脂脆脉脊脏脐脑脓脖脚脯脱脸脾腊腋腌腐腔腕腥腮腰腹腺腻腾腿膀膊膏膘膛膜膝膨膳臀臂臊臣自臭至致臼舀舅舆舌舍舒舔舞舟航般舰舱舵舶舷船艇艘良艰色艳艺艾节芋芍芒芙芜芝芥芦芬芭芯花芳芹芽苇苍苏苔苗苛苞苟若苦苫英苹茁茂范茄茅茉茎茧茫茬茴茵茶茸荆草荐荒荔荚荞荠荡荣荤荧药荷荸莉莫莱莲获莹莺莽菇菊菌菜菠菩菱菲萄萌萍萎萝萤营萧萨落著葛葡董葫葬葱葵蒂蒋蒙蒜蒲蒸蒿蓄蓉蓖蓝蓬蔑蔓蔗蔚蔫蔬蔼蔽蕉蕊蕴蕾薄薇薛薪薯藏藐藕藤藻蘑蘸虎虏虐虑虚虫虱虹虽虾蚀蚁蚂蚊蚌蚓蚕蚜蚣蚤蚪蚯蛀蛆蛇蛉蛋蛔蛙蛛蛤蛮蛹蛾蜀蜂蜈蜒蜓蜕蜗蜘蜜蜡蜻蝇蝉蝌蝎蝗蝙蝠蝴蝶螃融螟螺蟀蟆蟋蟹蠕蠢血衅行衍衔街衙衡衣补表衩衫衬衰衷袁袄袋袍袒袖袜被袭袱裁裂装裆裉裕裙裤裳裸裹褂褐褒褥襟西要覆见观规觅视览觉角解触言誉誊誓警譬计订认讥讨让训议讯记讲讳讶许讹论讼讽设访诀证评诅识诈诉诊词译试诗诚话诞诡询该详诫诬语误诱诲说诵请诸诺读诽课谁调谅谆谈谊谋谍谎谐谒谓谚谜谢谣谤谦谨谬谭谱谴谷豁豆豌象豪豫豹豺貌贝贞负贡财责贤败账货货质贩贪贫贬购贮贯贰贱贴贵贸费贺贼贾贿赁赂赃资赊赋赌赎赏赐赔赖赘赚赛赞赠赡赢赤赦赫走赴赵赶起趁超越趋趟趣足趴趾跃跋跌跑跛距跟跨跪路跳践跷跺踊踏踢踩踪踱蹂蹄蹈蹋蹦蹬蹭蹲躁躏身躬躯躲躺车轧轨轩转轮软轰轴轻载轿较辅辆辈辉辐辑输辕辖辙辛辜辞辟辣辨辩辫辰辱边辽达迁迂迄迅过迈迎运近返还这进远违连迟迫述迷迹追退送适逃逆选逊透逐递途逗通逛逝逞速造逢逮逸逻逼逾遂遇遍遏道遗遣遥遭遮遵避邀邑邓邢那邦邪邮邻郁郊郎郑部郭都鄙酌配酒酗酝酣酥酪酬酱酵酷酸酿醇醉醋醒采释里重野量金鉴针钉钓钙钝钞钟钠钢钥钦钧钩钮钱钳钻钾铁铃铅铆铐铛铜铝铡铣铭铲银铸铺链销锁锄锅锈锉锋锌锐错锚锡锣锤锥锦锨锭键锯锰锹锻镀镇镊镐镜镣镰镶长门闪闭问闯闰闲间闷闸闹闺闻闽阀阁阅阎阐阔队阱防阳阴阵阶阻阿附际陆陈陋陌降限陕陡院除陨险陪陵陶陷隅隆随隐隔隘隙障隧隶难雀雁雄雅集雇雌雏雕雨雪雳零雷雹雾需震霉霍霎霜霞露霸霹青靖静非靠靡面革靴靶鞋鞍鞠鞭韧韩韭音韵页顶顷项顺须顽顾顿颁颂预颅领颇颈颊频颓颖颗题颜额颠颤风飒飘飞食餐饥饭饮饰饱饲饵饶饺饼饿馁馅馆馋馍馏馒首香马驮驯驰驱驳驴驶驹驻驼驾骂骄骆骇验骏骑骗骚骡骤骨髓高鬓鬼魁魂魄魏魔鱼鲁鲜鲤鲫鲸鳄鳍鳖鳞鸟鸠鸡鸣鸥鸦鸭鸯鸳鸵鸽鸿鹃鹅鹉鹊鹏鹤鹦鹰鹿麦麸麻黄黍黎黑黔默鼎鼓鼠鼻齐齿龄龙龟!"#$%&'()*+,-./0123456789:;<=>?@ABCDEFGHIJKLMNOPQRSTUVWXYZ[\]^_`abcdefghijklmnopqrstuvwxyz{|}~℃、：‘“？！~，。（） …《》—【】馈；廿渲吒”迭遐迩赣潺娆ʒæəàǎɪ --font FontAwesome5-Solid+Brands+Regular.woff --range 61512,61515,61516,61517,61521,61523,61560,61561,61473,61478,61479,61480 --format lvgl -o ui_font_show_14.c
 ******************************************************************************/

#ifdef __has_include
    #if __has_include("lvgl.h")
        #ifndef LV_LVGL_H_INCLUDE_SIMPLE
            #define LV_LVGL_H_INCLUDE_SIMPLE
        #endif
    #endif
#endif

#ifdef LV_LVGL_H_INCLUDE_SIMPLE
    #include "lvgl.h"
#else
    #include "lvgl/lvgl.h"
#endif



#ifndef UI_FONT_SHOW_14
#define UI_FONT_SHOW_14 1
#endif

#if UI_FONT_SHOW_14

/*-----------------
 *    BITMAPS
 *----------------*/

/*Store the image of the glyphs*/
static LV_ATTRIBUTE_LARGE_CONST const uint8_t glyph_bitmap[] = {
    /* U+0020 " " */
    0x0,

    /* U+0021 "!" */
    0xff, 0x60,

    /* U+0022 "\"" */
    0x99, 0x99, 0x90,

    /* U+0023 "#" */
    0x24, 0x48, 0x97, 0xf4, 0x48, 0x92, 0x7f, 0x49,
    0x12, 0x20,

    /* U+0024 "$" */
    0x21, 0xea, 0xe8, 0xa3, 0x87, 0xb, 0x26, 0x9a,
    0x5e, 0x20, 0x80,

    /* U+0025 "%" */
    0x60, 0x92, 0x12, 0x44, 0x49, 0x9, 0x2d, 0x2a,
    0x5a, 0x48, 0x49, 0x11, 0x24, 0x24, 0x83, 0x0,

    /* U+0026 "&" */
    0x38, 0x11, 0x4, 0x41, 0x20, 0x31, 0xd4, 0x28,
    0x92, 0x14, 0x82, 0x30, 0xc7, 0xdc,

    /* U+0027 "'" */
    0xf8,

    /* U+0028 "(" */
    0x29, 0x29, 0x24, 0x92, 0x24, 0x88,

    /* U+0029 ")" */
    0x91, 0x22, 0x49, 0x24, 0xa5, 0x20,

    /* U+002A "*" */
    0x10, 0x23, 0x59, 0xc3, 0xd, 0x0, 0x0,

    /* U+002B "+" */
    0x10, 0x20, 0x40, 0x8f, 0xe2, 0x4, 0x8,

    /* U+002C "," */
    0x6c, 0xac,

    /* U+002D "-" */
    0xe0,

    /* U+002E "." */
    0xf0,

    /* U+002F "/" */
    0x8, 0x84, 0x21, 0x10, 0x84, 0x42, 0x10, 0x88,
    0x42, 0x0,

    /* U+0030 "0" */
    0x31, 0x28, 0x61, 0x86, 0x18, 0x61, 0x85, 0x23,
    0x0,

    /* U+0031 "1" */
    0xe1, 0x8, 0x42, 0x10, 0x84, 0x21, 0x3e,

    /* U+0032 "2" */
    0x7b, 0x18, 0x41, 0x4, 0x21, 0x8, 0x42, 0xf,
    0xc0,

    /* U+0033 "3" */
    0x79, 0x10, 0x41, 0x38, 0x20, 0x41, 0x87, 0x27,
    0x80,

    /* U+0034 "4" */
    0x8, 0x30, 0xa1, 0x44, 0x89, 0x22, 0x7f, 0x8,
    0x10, 0x20,

    /* U+0035 "5" */
    0x7d, 0x4, 0x10, 0x78, 0x30, 0x41, 0x6, 0x27,
    0x0,

    /* U+0036 "6" */
    0x1c, 0x84, 0x20, 0xbb, 0x38, 0x61, 0x85, 0x13,
    0x80,

    /* U+0037 "7" */
    0xfc, 0x10, 0x82, 0x8, 0x41, 0x4, 0x20, 0x86,
    0x0,

    /* U+0038 "8" */
    0x7a, 0x18, 0x61, 0x48, 0xe4, 0xe1, 0x86, 0x17,
    0x80,

    /* U+0039 "9" */
    0x73, 0x28, 0x61, 0x87, 0x17, 0xc2, 0x8, 0x42,
    0x10,

    /* U+003A ":" */
    0xf0, 0xf,

    /* U+003B ";" */
    0x6c, 0x0, 0x1b, 0x2b, 0x0,

    /* U+003C "<" */
    0xc, 0x46, 0x20, 0x40, 0xc0, 0xc0,

    /* U+003D "=" */
    0xff, 0x0, 0x0, 0xff,

    /* U+003E ">" */
    0x3, 0x2, 0x6, 0x4, 0x23, 0x30, 0x0,

    /* U+003F "?" */
    0x70, 0x42, 0x13, 0x31, 0x8, 0x2, 0x10,

    /* U+0040 "@" */
    0x7, 0x1, 0x84, 0x20, 0x24, 0x79, 0x49, 0x19,
    0x11, 0x91, 0x19, 0x11, 0x93, 0x28, 0xcc, 0xc0,
    0x4, 0x0, 0x20, 0x1, 0xe0,

    /* U+0041 "A" */
    0xc, 0x3, 0x1, 0x40, 0x58, 0x12, 0x8, 0x81,
    0xf0, 0x84, 0x41, 0x10, 0x4e, 0x3c,

    /* U+0042 "B" */
    0xfc, 0x85, 0xa, 0x14, 0x4f, 0x11, 0xa1, 0x42,
    0x87, 0xf0,

    /* U+0043 "C" */
    0x1e, 0x61, 0x41, 0x80, 0x80, 0x80, 0x80, 0x80,
    0x41, 0x61, 0x1e,

    /* U+0044 "D" */
    0xfc, 0x21, 0x90, 0x48, 0x14, 0xa, 0x5, 0x2,
    0x81, 0x41, 0x21, 0xbf, 0x0,

    /* U+0045 "E" */
    0xfe, 0x42, 0x40, 0x44, 0x44, 0x7c, 0x44, 0x40,
    0x41, 0x43, 0xff,

    /* U+0046 "F" */
    0xfe, 0x85, 0x2, 0x24, 0x4f, 0x91, 0x20, 0x40,
    0x83, 0xc0,

    /* U+0047 "G" */
    0x1e, 0x30, 0x90, 0x50, 0x8, 0x4, 0x2, 0xf,
    0x2, 0x41, 0x30, 0x87, 0x80,

    /* U+0048 "H" */
    0xf3, 0xd0, 0x24, 0x9, 0x2, 0x40, 0x9f, 0xe4,
    0x9, 0x2, 0x40, 0x90, 0x2f, 0x3c,

    /* U+0049 "I" */
    0xe9, 0x24, 0x92, 0x4b, 0x80,

    /* U+004A "J" */
    0x7c, 0x41, 0x4, 0x10, 0x41, 0x4, 0x10, 0x41,
    0x4, 0xe0,

    /* U+004B "K" */
    0xf7, 0x22, 0x11, 0x9, 0x5, 0x83, 0x41, 0xb0,
    0x88, 0x46, 0x21, 0x3d, 0xe0,

    /* U+004C "L" */
    0xf0, 0x81, 0x2, 0x4, 0x8, 0x10, 0x20, 0x42,
    0x87, 0xf8,

    /* U+004D "M" */
    0xe0, 0x6c, 0x19, 0x83, 0x28, 0xa5, 0x14, 0xa2,
    0x92, 0x92, 0x52, 0x4a, 0x48, 0x8b, 0x93, 0x80,

    /* U+004E "N" */
    0xe3, 0xd8, 0x27, 0x9, 0x62, 0x48, 0x93, 0x24,
    0x69, 0xa, 0x41, 0x90, 0x6f, 0x8,

    /* U+004F "O" */
    0x1c, 0x31, 0x90, 0x50, 0x18, 0xc, 0x6, 0x3,
    0x1, 0x41, 0x20, 0x8f, 0x80,

    /* U+0050 "P" */
    0xf8, 0x8d, 0xa, 0x14, 0x28, 0x9e, 0x20, 0x40,
    0x83, 0xc0,

    /* U+0051 "Q" */
    0x1c, 0x31, 0x90, 0x50, 0x18, 0xc, 0x6, 0x3,
    0x1, 0x80, 0xa0, 0x88, 0x83, 0x80, 0x80, 0x60,
    0x1c,

    /* U+0052 "R" */
    0xfc, 0x42, 0x42, 0x42, 0x44, 0x78, 0x44, 0x44,
    0x44, 0x46, 0xf3,

    /* U+0053 "S" */
    0x7a, 0x18, 0x60, 0x40, 0xc0, 0xc1, 0x86, 0x17,
    0x80,

    /* U+0054 "T" */
    0xff, 0xc4, 0x62, 0x21, 0x0, 0x80, 0x40, 0x20,
    0x10, 0x8, 0x4, 0xf, 0x80,

    /* U+0055 "U" */
    0xe7, 0xa0, 0x90, 0x48, 0x24, 0x12, 0x9, 0x4,
    0x82, 0x41, 0x11, 0x7, 0x0,

    /* U+0056 "V" */
    0xf1, 0xc8, 0x42, 0x10, 0xc4, 0x12, 0x4, 0x81,
    0xa0, 0x28, 0xc, 0x3, 0x0, 0x40,

    /* U+0057 "W" */
    0xf3, 0xdc, 0x84, 0x22, 0x18, 0x88, 0xa4, 0x12,
    0x90, 0x52, 0x41, 0x45, 0x5, 0x18, 0xc, 0x60,
    0x20, 0x80, 0x82, 0x0,

    /* U+0058 "X" */
    0xf3, 0x88, 0x41, 0x20, 0x70, 0xc, 0x3, 0x0,
    0xc0, 0x58, 0x22, 0x8, 0x4f, 0x3c,

    /* U+0059 "Y" */
    0xf3, 0x91, 0x8, 0x82, 0x81, 0x40, 0xe0, 0x20,
    0x10, 0x8, 0x4, 0xf, 0x80,

    /* U+005A "Z" */
    0xfe, 0x84, 0x84, 0x8, 0x18, 0x10, 0x20, 0x20,
    0x41, 0x43, 0xff,

    /* U+005B "[" */
    0xf2, 0x49, 0x24, 0x92, 0x49, 0x38,

    /* U+005C "\\" */
    0x84, 0x20, 0x84, 0x20, 0x84, 0x21, 0x4, 0x21,
    0x4, 0x20,

    /* U+005D "]" */
    0xe4, 0x92, 0x49, 0x24, 0x92, 0x78,

    /* U+005E "^" */
    0x30, 0xc4, 0xa2,

    /* U+005F "_" */
    0xfc,

    /* U+0060 "`" */
    0x88, 0x80,

    /* U+0061 "a" */
    0x72, 0x20, 0x86, 0x6a, 0x29, 0x9b,

    /* U+0062 "b" */
    0xc0, 0x81, 0x2, 0x5, 0xcc, 0x90, 0xa1, 0x42,
    0x85, 0x17, 0xe0,

    /* U+0063 "c" */
    0x39, 0x18, 0x20, 0x82, 0x4, 0x4e,

    /* U+0064 "d" */
    0xc, 0x8, 0x10, 0x27, 0x49, 0xa1, 0x42, 0x85,
    0x9, 0x13, 0xf0,

    /* U+0065 "e" */
    0x39, 0x18, 0x7f, 0x82, 0x4, 0x4e,

    /* U+0066 "f" */
    0x3a, 0x10, 0x8f, 0x21, 0x8, 0x42, 0x11, 0xc0,

    /* U+0067 "g" */
    0x7b, 0xa, 0x14, 0x28, 0xce, 0x20, 0x7e, 0x83,
    0x6, 0xb, 0xe0,

    /* U+0068 "h" */
    0xc0, 0x40, 0x40, 0x40, 0x5c, 0x62, 0x42, 0x42,
    0x42, 0x42, 0x42, 0xe7,

    /* U+0069 "i" */
    0x66, 0x0, 0x44, 0x44, 0x44, 0x4f,

    /* U+006A "j" */
    0x18, 0xc0, 0x3, 0x8, 0x42, 0x10, 0x84, 0x21,
    0x8, 0x4c,

    /* U+006B "k" */
    0xc0, 0x81, 0x2, 0x4, 0xe9, 0x14, 0x38, 0x48,
    0x91, 0x17, 0x30,

    /* U+006C "l" */
    0xc9, 0x24, 0x92, 0x49, 0x70,

    /* U+006D "m" */
    0xdc, 0xe3, 0x18, 0x90, 0x84, 0x84, 0x24, 0x21,
    0x21, 0x9, 0x8, 0x5c, 0xe7,

    /* U+006E "n" */
    0xdc, 0x62, 0x42, 0x42, 0x42, 0x42, 0x42, 0xe7,

    /* U+006F "o" */
    0x38, 0x8a, 0xc, 0x18, 0x30, 0x51, 0x1c,

    /* U+0070 "p" */
    0xdc, 0xc9, 0xa, 0x14, 0x28, 0x51, 0x3e, 0x40,
    0x81, 0x7, 0x0,

    /* U+0071 "q" */
    0x74, 0x9a, 0x14, 0x28, 0x50, 0x91, 0x3e, 0x4,
    0x8, 0x10, 0x70,

    /* U+0072 "r" */
    0xd9, 0xa4, 0x10, 0x41, 0x4, 0x38,

    /* U+0073 "s" */
    0x74, 0x60, 0xc3, 0x86, 0x3e,

    /* U+0074 "t" */
    0x44, 0x4f, 0x44, 0x44, 0x44, 0x70,

    /* U+0075 "u" */
    0xc6, 0x42, 0x42, 0x42, 0x42, 0x42, 0x46, 0x3b,

    /* U+0076 "v" */
    0xe7, 0x44, 0x24, 0x24, 0x28, 0x18, 0x18, 0x10,

    /* U+0077 "w" */
    0xef, 0x74, 0x64, 0x66, 0x42, 0xa4, 0x29, 0x83,
    0x98, 0x11, 0x81, 0x8,

    /* U+0078 "x" */
    0xf7, 0x24, 0x38, 0x18, 0x18, 0x2c, 0x44, 0xef,

    /* U+0079 "y" */
    0xe7, 0x42, 0x24, 0x24, 0x24, 0x18, 0x18, 0x18,
    0x10, 0x10, 0xa0, 0xc0,

    /* U+007A "z" */
    0xfe, 0x21, 0x84, 0x21, 0x84, 0x7f,

    /* U+007B "{" */
    0x34, 0x44, 0x44, 0x48, 0x44, 0x44, 0x44, 0x30,

    /* U+007C "|" */
    0xff, 0xff,

    /* U+007D "}" */
    0xc2, 0x22, 0x22, 0x21, 0x22, 0x22, 0x22, 0xc0,

    /* U+007E "~" */
    0x66, 0x99, 0x80,

    /* U+00E0 "à" */
    0x40, 0x82, 0x0, 0x72, 0x20, 0x86, 0x6a, 0x29,
    0x9b,

    /* U+00E6 "æ" */
    0x73, 0xb3, 0x10, 0x84, 0xff, 0x48, 0x22, 0x9,
    0x45, 0x9e,

    /* U+01CE "ǎ" */
    0x58, 0xc2, 0x0, 0x72, 0x20, 0x86, 0x6a, 0x29,
    0x9b,

    /* U+2014 "—" */
    0xff, 0xe0,

    /* U+2018 "‘" */
    0x6f,

    /* U+201C "“" */
    0x4c, 0xb7, 0xb0,

    /* U+201D "”" */
    0xde, 0xd3, 0x20,

    /* U+2026 "…" */
    0x84, 0x30, 0x84,

    /* U+2103 "℃" */
    0x61, 0xe9, 0x31, 0x92, 0x16, 0x60, 0x4, 0x0,
    0x40, 0x4, 0x0, 0x40, 0x2, 0x10, 0x31, 0x1,
    0xe0,

    /* U+3001 "、" */
    0xcc, 0x80,

    /* U+3002 "。" */
    0x69, 0x96,

    /* U+300A "《" */
    0x0, 0x52, 0x8a, 0x51, 0x4a, 0x28, 0x51, 0x42,
    0x85, 0x14,

    /* U+300B "》" */
    0x2, 0x8a, 0x14, 0x50, 0xa1, 0x4a, 0x29, 0x4a,
    0x28, 0xc0,

    /* U+3010 "【" */
    0xf7, 0x31, 0x88, 0x42, 0x10, 0x86, 0x31, 0xcf,
    0x0,

    /* U+3011 "】" */
    0x79, 0xc6, 0x30, 0x84, 0x21, 0x8, 0xc6, 0x77,
    0x80,

    /* U+4E00 "一" */
    0x0, 0x3f, 0xff,

    /* U+4E01 "丁" */
    0x0, 0x17, 0xff, 0xc0, 0x80, 0x4, 0x0, 0x20,
    0x1, 0x0, 0x8, 0x0, 0x40, 0x2, 0x0, 0x10,
    0x0, 0x80, 0x4, 0x0, 0xc0, 0x0,

    /* U+4E03 "七" */
    0x8, 0x0, 0x40, 0x2, 0x0, 0x10, 0x20, 0x9e,
    0x3f, 0x0, 0x20, 0x1, 0x0, 0x8, 0x0, 0x40,
    0x2, 0x8, 0x1f, 0xe0,

    /* U+4E07 "万" */
    0x0, 0x1f, 0xff, 0x8, 0x0, 0x80, 0xf, 0xc0,
    0x84, 0x10, 0x41, 0x4, 0x10, 0x42, 0x4, 0x40,
    0x88, 0x38,

    /* U+4E08 "丈" */
    0x1, 0x0, 0x8, 0x0, 0x41, 0xff, 0xe0, 0x10,
    0x10, 0x80, 0x84, 0x2, 0x20, 0x12, 0x0, 0x50,
    0x1, 0x80, 0x33, 0x6, 0x7, 0x80,

    /* U+4E09 "三" */
    0x0, 0x27, 0xff, 0x80, 0x0, 0x0, 0x0, 0x4,
    0x3f, 0xe0, 0x0, 0x0, 0x0, 0x0, 0x0, 0x0,
    0xbf, 0xfe,

    /* U+4E0A "上" */
    0x2, 0x0, 0x10, 0x0, 0x80, 0x4, 0x0, 0x20,
    0x1, 0xf8, 0x8, 0x0, 0x40, 0x2, 0x0, 0x10,
    0x0, 0x80, 0x4, 0x17, 0xff, 0x80,

    /* U+4E0B "下" */
    0x0, 0x7, 0xff, 0xc0, 0x80, 0x4, 0x0, 0x20,
    0x1, 0xc0, 0x9, 0x80, 0x46, 0x2, 0x0, 0x10,
    0x0, 0x80, 0x4, 0x0, 0x20, 0x0,

    /* U+4E0D "不" */
    0x0, 0x13, 0xff, 0xe0, 0x30, 0x0, 0x80, 0x6,
    0x0, 0x1a, 0x0, 0xa2, 0x4, 0x84, 0x22, 0x9,
    0x8, 0x20, 0x20, 0x0, 0x80, 0x2, 0x0,

    /* U+4E0E "与" */
    0x0, 0x1, 0x0, 0x20, 0x23, 0xff, 0x20, 0x3,
    0xfe, 0x0, 0x20, 0x12, 0xff, 0xa0, 0x4, 0x0,
    0x40, 0x4, 0x1, 0x80,

    /* U+4E10 "丐" */
    0x0, 0x13, 0xff, 0xc0, 0x80, 0x44, 0x42, 0x3f,
    0x11, 0x0, 0x88, 0x7, 0xfe, 0x0, 0x10, 0x0,
    0x80, 0x4, 0x0, 0x20, 0xe, 0x0,

    /* U+4E11 "丑" */
    0x0, 0x3, 0xff, 0x2, 0x10, 0x10, 0x80, 0x84,
    0x4, 0x21, 0xff, 0x1, 0x8, 0x8, 0x40, 0x82,
    0x4, 0x15, 0xff, 0xf0,

    /* U+4E13 "专" */
    0x4, 0x0, 0x40, 0xff, 0xe0, 0x80, 0x8, 0x1f,
    0xff, 0x10, 0x1, 0xfc, 0x0, 0xc0, 0x10, 0x1e,
    0x0, 0x20, 0x1, 0x0,

    /* U+4E14 "且" */
    0x0, 0x0, 0xfe, 0x4, 0x10, 0x20, 0x81, 0x4,
    0xf, 0xe0, 0x41, 0x2, 0x8, 0x1f, 0xc0, 0x82,
    0x4, 0x10, 0x20, 0xaf, 0xff, 0x80,

    /* U+4E16 "世" */
    0x24, 0x41, 0x22, 0x9, 0x10, 0x48, 0xaf, 0xff,
    0x92, 0x20, 0x91, 0x4, 0x88, 0x27, 0xc1, 0x22,
    0x8, 0x4, 0x7f, 0xe0, 0x0, 0x0,

    /* U+4E18 "丘" */
    0x0, 0x60, 0xfc, 0x4, 0x0, 0x20, 0x1, 0x1,
    0xf, 0xfc, 0x42, 0x2, 0x10, 0x10, 0x80, 0x84,
    0x4, 0x23, 0xff, 0xf0,

    /* U+4E19 "丙" */
    0x0, 0x7, 0xff, 0xc0, 0x80, 0x4, 0x7, 0xff,
    0x21, 0x9, 0x8, 0x48, 0xa2, 0x48, 0x92, 0x82,
    0x90, 0x4, 0x80, 0x24, 0x7, 0x0,

    /* U+4E1A "业" */
    0x9, 0x0, 0x90, 0x9, 0x28, 0x92, 0x49, 0x22,
    0x94, 0x29, 0x42, 0x98, 0x29, 0x0, 0x90, 0x9,
    0x1f, 0xff,

    /* U+4E1B "丛" */
    0x18, 0xc0, 0x84, 0x4, 0x20, 0x21, 0x1, 0x8,
    0xc, 0x60, 0x95, 0x4, 0xa8, 0x22, 0x22, 0x10,
    0x81, 0x6, 0x0, 0x2f, 0xff, 0x80,

    /* U+4E1C "东" */
    0x8, 0x0, 0x40, 0xbf, 0xfe, 0x20, 0x2, 0x20,
    0x11, 0x11, 0xff, 0xc0, 0x40, 0x12, 0x81, 0x13,
    0x10, 0x8d, 0x4, 0x20, 0x60, 0x0,

    /* U+4E1D "丝" */
    0x0, 0x3, 0xc, 0x20, 0x84, 0x52, 0x4a, 0x2f,
    0x44, 0x93, 0x82, 0x10, 0x42, 0xf, 0x3e, 0x80,
    0x0, 0x1, 0xff, 0xf0,

    /* U+4E22 "丢" */
    0x0, 0x60, 0x7c, 0xc, 0x80, 0x4, 0x47, 0xff,
    0x1, 0x0, 0x8, 0x5f, 0xff, 0x6, 0x0, 0x64,
    0x4, 0x18, 0x40, 0x67, 0xfd, 0x0, 0x0,

    /* U+4E24 "两" */
    0x0, 0x17, 0xff, 0xc2, 0x40, 0x12, 0x7, 0xff,
    0x24, 0x89, 0x24, 0x49, 0xb2, 0x52, 0x52, 0x92,
    0x98, 0x4, 0x80, 0x24, 0x7, 0x0,

    /* U+4E25 "严" */
    0x0, 0x3, 0xff, 0xc9, 0x20, 0x29, 0x60, 0xcc,
    0x1f, 0xfc, 0x80, 0x4, 0x0, 0x20, 0x1, 0x0,
    0x8, 0x0, 0x80, 0x4, 0x0, 0x0,

    /* U+4E27 "丧" */
    0x2, 0x0, 0x10, 0x9f, 0xfe, 0x4, 0x1, 0xa4,
    0x5, 0x49, 0xff, 0xe2, 0x80, 0x12, 0x60, 0x8c,
    0x4, 0x20, 0x38, 0xe1, 0x1, 0x80,

    /* U+4E2A "个" */
    0x2, 0x0, 0x30, 0x3, 0x40, 0x11, 0x1, 0x26,
    0x31, 0x1e, 0x8, 0x0, 0x40, 0x2, 0x0, 0x10,
    0x0, 0x80, 0x4, 0x0, 0x20, 0x0,

    /* U+4E2D "中" */
    0x4, 0x0, 0x40, 0x4, 0xf, 0xfe, 0x84, 0x28,
    0x42, 0x84, 0x2f, 0xfe, 0x84, 0x20, 0x40, 0x4,
    0x0, 0x40, 0x4, 0x0,

    /* U+4E30 "丰" */
    0x2, 0x0, 0x10, 0x9f, 0xfe, 0x4, 0x0, 0x22,
    0x3f, 0xf8, 0x8, 0x0, 0x40, 0x2, 0x7, 0xff,
    0xc0, 0x80, 0x4, 0x0, 0x20, 0x0,

    /* U+4E32 "串" */
    0x4, 0x0, 0x81, 0xff, 0x22, 0x27, 0xfc, 0x88,
    0x81, 0x7, 0xff, 0x84, 0x3f, 0xfe, 0x10, 0x82,
    0x0, 0x40,

    /* U+4E34 "临" */
    0x11, 0x0, 0x90, 0xa4, 0xff, 0x2a, 0x9, 0x48,
    0x4c, 0x22, 0x5f, 0xd2, 0x92, 0x94, 0x94, 0xa4,
    0x85, 0x24, 0x2f, 0xe1, 0x41, 0x0,

    /* U+4E38 "丸" */
    0x4, 0x0, 0x20, 0x1, 0x10, 0xff, 0x80, 0x44,
    0x2, 0x20, 0x91, 0x3, 0x8, 0xe, 0x40, 0x92,
    0x4, 0x12, 0x40, 0x94, 0x7, 0x80,

    /* U+4E39 "丹" */
    0x0, 0x0, 0x7f, 0x81, 0x2, 0x4, 0x88, 0x11,
    0x20, 0x40, 0xaf, 0xff, 0xc4, 0x8, 0x10, 0x20,
    0x80, 0x82, 0x2, 0x10, 0x8, 0x80, 0xe0,

    /* U+4E3A "为" */
    0x2, 0x1, 0x10, 0x4, 0x80, 0x24, 0x2f, 0xff,
    0x1, 0x8, 0x18, 0x40, 0xa2, 0x4, 0x90, 0x40,
    0x84, 0x4, 0x40, 0x4c, 0xe, 0x0,

    /* U+4E3B "主" */
    0x4, 0x0, 0x18, 0x0, 0x40, 0xff, 0xe0, 0x20,
    0x1, 0x0, 0x8, 0x87, 0xfe, 0x2, 0x0, 0x10,
    0x0, 0x80, 0x4, 0x2f, 0xff, 0x80,

    /* U+4E3D "丽" */
    0x0, 0x17, 0xff, 0xc0, 0x0, 0xfb, 0xe4, 0x51,
    0x22, 0x89, 0x96, 0x4a, 0xaa, 0x55, 0x52, 0x28,
    0x91, 0x44, 0x8a, 0x24, 0xd3, 0x0,

    /* U+4E3E "举" */
    0x8, 0x20, 0xa2, 0x4, 0x90, 0x15, 0xf, 0xff,
    0x8d, 0x40, 0x49, 0xf, 0xfe, 0x2, 0xb, 0xff,
    0x80, 0x80, 0x4, 0x0, 0x20, 0x0,

    /* U+4E43 "乃" */
    0x0, 0x3, 0xfe, 0x2, 0x20, 0x11, 0x0, 0x89,
    0x4, 0xf8, 0x20, 0x42, 0x2, 0x10, 0x10, 0x80,
    0x88, 0x4, 0x80, 0x48, 0xe, 0x0,

    /* U+4E45 "久" */
    0xc, 0x0, 0x20, 0x0, 0xfc, 0x6, 0x20, 0x10,
    0x80, 0x86, 0x2, 0x18, 0x10, 0x60, 0x2, 0x40,
    0x11, 0x0, 0x82, 0x4, 0x6, 0x60, 0x8,

    /* U+4E48 "么" */
    0x0, 0x0, 0x60, 0x2, 0x0, 0x20, 0x2, 0x10,
    0x11, 0x3, 0x10, 0x0, 0x80, 0x8, 0x80, 0x82,
    0x8, 0x8, 0xff, 0xe4, 0x1, 0x0, 0x0,

    /* U+4E49 "义" */
    0x0, 0x0, 0x22, 0x1, 0x90, 0x44, 0x82, 0xc,
    0x10, 0x40, 0x46, 0x1, 0x20, 0x6, 0x0, 0x30,
    0x2, 0x40, 0x21, 0x8e, 0x3, 0x0,

    /* U+4E4B "之" */
    0x4, 0x0, 0x10, 0x0, 0x80, 0xff, 0xe0, 0x2,
    0x0, 0x20, 0x2, 0x0, 0x20, 0x2, 0x0, 0x60,
    0xc, 0x0, 0x90, 0x4, 0x7f, 0x80,

    /* U+4E4C "乌" */
    0x6, 0x0, 0x84, 0x3f, 0xc2, 0x4, 0x20, 0x42,
    0x3c, 0x20, 0x3, 0xff, 0x0, 0x9f, 0xf9, 0x0,
    0x10, 0x2, 0x0, 0xe0,

    /* U+4E4D "乍" */
    0x0, 0x0, 0x20, 0x1, 0x0, 0x87, 0xfe, 0x32,
    0x0, 0x88, 0x44, 0x3f, 0x0, 0x84, 0x3, 0xf8,
    0x8, 0x0, 0x20, 0x0, 0x80, 0x2, 0x0,

    /* U+4E4E "乎" */
    0x0, 0x20, 0x3e, 0xe, 0x80, 0x84, 0x42, 0x24,
    0x9, 0x20, 0xa, 0x5f, 0xff, 0x2, 0x0, 0x10,
    0x0, 0x80, 0x4, 0x1, 0xe0, 0x2, 0x0,

    /* U+4E4F "乏" */
    0x0, 0x0, 0x1f, 0x37, 0x0, 0x8, 0x0, 0x20,
    0x3f, 0xf0, 0x1, 0x0, 0x10, 0x3, 0x0, 0x20,
    0xe, 0x0, 0xa0, 0x8, 0xff, 0x0,

    /* U+4E50 "乐" */
    0x0, 0x41, 0xfd, 0x8, 0x0, 0x44, 0x2, 0x20,
    0x21, 0x1, 0xff, 0xc0, 0x40, 0x12, 0x41, 0x11,
    0x8, 0x84, 0x84, 0x28, 0xe0, 0x2, 0x0,

    /* U+4E52 "乒" */
    0x0, 0xc0, 0xb8, 0x6, 0x0, 0x20, 0x1, 0xff,
    0x8, 0x40, 0x42, 0x2, 0x12, 0xff, 0xf8, 0x40,
    0x6, 0x0, 0x60, 0xc, 0x0, 0x0,

    /* U+4E53 "乓" */
    0x0, 0xc0, 0xb8, 0x6, 0x0, 0x20, 0x1, 0xff,
    0x8, 0x40, 0x42, 0x2, 0x12, 0xff, 0xf8, 0x0,
    0x0, 0x30, 0x0, 0x40, 0x1, 0x0, 0x0,

    /* U+4E54 "乔" */
    0x0, 0x41, 0xfd, 0x1, 0x80, 0x8, 0x2f, 0xff,
    0x84, 0x80, 0x42, 0x5, 0x1e, 0x48, 0x80, 0x44,
    0x2, 0x20, 0x21, 0x6, 0x8, 0x0,

    /* U+4E56 "乖" */
    0x3, 0xe3, 0xf0, 0x0, 0x85, 0xff, 0xf0, 0x20,
    0x9, 0x43, 0xca, 0xc2, 0x58, 0x12, 0x83, 0x94,
    0xa4, 0xbc, 0x4, 0x0, 0x20, 0x0,

    /* U+4E58 "乘" */
    0x0, 0xf0, 0x9c, 0x0, 0x20, 0x9f, 0xff, 0xa,
    0x41, 0xe9, 0x40, 0xa6, 0x6, 0x90, 0x6f, 0x78,
    0x2a, 0x1, 0x26, 0x10, 0x87, 0x2, 0x0,

    /* U+4E59 "乙" */
    0x0, 0x7, 0xfc, 0x0, 0x80, 0x10, 0x6, 0x0,
    0x80, 0x10, 0x2, 0x0, 0x40, 0x18, 0x1, 0xc0,
    0x17, 0xff,

    /* U+4E5D "九" */
    0x8, 0x0, 0x40, 0x2, 0x21, 0xff, 0x0, 0x88,
    0x4, 0x40, 0x22, 0x1, 0x10, 0x10, 0x80, 0x84,
    0x8, 0x20, 0x81, 0x28, 0xf, 0x80, 0x0,

    /* U+4E5E "乞" */
    0x18, 0x1, 0x2, 0x3f, 0xf2, 0x0, 0x40, 0xb,
    0xf8, 0x1, 0x0, 0x60, 0x8, 0x1, 0x0, 0x20,
    0x4, 0x1, 0x3f, 0xf0,

    /* U+4E5F "也" */
    0x1, 0x0, 0x88, 0x4, 0x44, 0x23, 0xe1, 0x71,
    0x1c, 0x89, 0x44, 0x42, 0x22, 0x11, 0x20, 0x80,
    0x4, 0x2, 0x20, 0x11, 0xff, 0x80,

    /* U+4E60 "习" */
    0x0, 0x2f, 0xfe, 0x0, 0x22, 0x2, 0x18, 0x20,
    0x42, 0x0, 0x20, 0xe, 0xf, 0x27, 0x2, 0x0,
    0x40, 0x4, 0x1, 0xc0,

    /* U+4E61 "乡" */
    0x0, 0x0, 0x60, 0x8, 0x41, 0xc, 0x7f, 0x4,
    0x60, 0x8, 0x23, 0x2, 0x7f, 0xc0, 0x8, 0x3,
    0x0, 0xc0, 0x70, 0x0,

    /* U+4E66 "书" */
    0x4, 0x0, 0x23, 0x1, 0x1c, 0xff, 0x80, 0x44,
    0x2, 0x20, 0x11, 0x5f, 0xfe, 0x4, 0x10, 0x20,
    0x81, 0x4, 0x8, 0x40, 0x40, 0x0,

    /* U+4E70 "买" */
    0x0, 0x1, 0xff, 0xc0, 0x1, 0x6, 0x48, 0x9,
    0x0, 0x84, 0x1, 0x10, 0x0, 0x44, 0xff, 0xf8,
    0x8, 0x0, 0x38, 0x1, 0x18, 0x18, 0x13, 0x80,
    0x0,

    /* U+4E71 "乱" */
    0x6, 0x83, 0xc4, 0x4, 0x20, 0x25, 0xf, 0xf8,
    0x8, 0x40, 0x42, 0xf, 0xd0, 0x42, 0x82, 0x14,
    0x10, 0xa0, 0xfd, 0x24, 0x2f, 0x80,

    /* U+4E73 "乳" */
    0x4, 0x87, 0xc4, 0x9, 0xa1, 0x29, 0x0, 0x88,
    0x7f, 0x40, 0x12, 0x3, 0x10, 0x1e, 0x87, 0x84,
    0x4, 0x24, 0x21, 0x23, 0xf, 0x80,

    /* U+4E86 "了" */
    0x0, 0x1f, 0xfc, 0x1, 0x0, 0xc0, 0x20, 0x8,
    0x1, 0x0, 0x20, 0x4, 0x0, 0x80, 0x10, 0x2,
    0x1, 0xc0,

    /* U+4E88 "予" */
    0x0, 0x1, 0xff, 0x0, 0x10, 0xf, 0x0, 0x10,
    0x7f, 0xfc, 0x8, 0x40, 0x44, 0x2, 0x40, 0x10,
    0x0, 0x80, 0x4, 0x0, 0xe0, 0x0,

    /* U+4E89 "争" */
    0x0, 0x0, 0x40, 0x7, 0xe0, 0x22, 0x2, 0x20,
    0x2f, 0xf0, 0x8, 0x9f, 0xff, 0x2, 0x20, 0x11,
    0xf, 0xf8, 0x4, 0x40, 0x20, 0x1, 0x0, 0x30,
    0x0,

    /* U+4E8B "事" */
    0x2, 0x7, 0xff, 0xc0, 0x80, 0x7f, 0xc2, 0x22,
    0x1f, 0xf0, 0x8, 0x83, 0xfc, 0xff, 0xf8, 0x11,
    0xf, 0xf8, 0x4, 0x0, 0x60, 0x0,

    /* U+4E8C "二" */
    0x0, 0x47, 0xfe, 0x0, 0x0, 0x0, 0x0, 0x0,
    0x0, 0x0, 0x0, 0x2, 0xff, 0xf0,

    /* U+4E8E "于" */
    0x0, 0x23, 0xff, 0x80, 0x80, 0x4, 0x0, 0x21,
    0x7f, 0xfc, 0x8, 0x0, 0x40, 0x2, 0x0, 0x10,
    0x0, 0x80, 0x4, 0x0, 0xe0, 0x0,

    /* U+4E8F "亏" */
    0x0, 0x43, 0xfe, 0x0, 0x0, 0x0, 0xff, 0xf1,
    0x0, 0x10, 0x3, 0xfc, 0x0, 0x40, 0x4, 0x0,
    0x80, 0x8, 0x7, 0x0,

    /* U+4E91 "云" */
    0x0, 0x43, 0xff, 0x0, 0x0, 0x0, 0x0, 0x1,
    0x7f, 0xf8, 0x10, 0x1, 0x80, 0x8, 0x80, 0x82,
    0x8, 0x18, 0xff, 0xe4, 0x1, 0x0, 0x0,

    /* U+4E92 "互" */
    0x0, 0x2f, 0xff, 0x10, 0x1, 0x0, 0x1f, 0xc1,
    0x8, 0x10, 0x82, 0x8, 0x3f, 0x80, 0x8, 0x0,
    0x80, 0x9, 0xff, 0xf0,

    /* U+4E94 "五" */
    0x0, 0x3, 0xff, 0x81, 0x0, 0x8, 0x0, 0x40,
    0x1f, 0xe0, 0x21, 0x1, 0x8, 0x8, 0x40, 0x82,
    0xbf, 0xfe,

    /* U+4E95 "井" */
    0x8, 0x80, 0x44, 0x2, 0x24, 0xff, 0xe0, 0x88,
    0x4, 0x40, 0x22, 0x5f, 0xff, 0x8, 0x80, 0x44,
    0x4, 0x20, 0x41, 0x4, 0x8, 0x0,

    /* U+4E9A "亚" */
    0x0, 0x2f, 0xff, 0x9, 0x0, 0x90, 0x89, 0x34,
    0x94, 0x29, 0x42, 0x98, 0x29, 0x0, 0x90, 0x9,
    0x1f, 0xff,

    /* U+4E9B "些" */
    0x11, 0x0, 0x88, 0x15, 0x4c, 0xbe, 0x85, 0x18,
    0x28, 0x83, 0xf7, 0xc0, 0x8, 0x3f, 0xe0, 0x0,
    0x0, 0x0, 0x0, 0x2f, 0xff, 0x0,

    /* U+4EA1 "亡" */
    0x8, 0x0, 0x30, 0x0, 0x85, 0xff, 0xf2, 0x0,
    0x10, 0x0, 0x80, 0x4, 0x0, 0x20, 0x1, 0x0,
    0x8, 0x8, 0xff, 0xe0, 0x0, 0x0,

    /* U+4EA4 "交" */
    0x8, 0x0, 0x30, 0xbf, 0xfc, 0x20, 0x1, 0x8,
    0x10, 0x31, 0x42, 0x92, 0x20, 0xb, 0x0, 0x30,
    0x3, 0xc0, 0x21, 0xce, 0x3, 0x0,

    /* U+4EA5 "亥" */
    0x4, 0x0, 0x21, 0xff, 0xf0, 0x80, 0x10, 0xc2,
    0x10, 0x7e, 0x0, 0x44, 0x18, 0x86, 0x30, 0x4,
    0xc1, 0x82, 0xe0, 0x10,

    /* U+4EA6 "亦" */
    0x4, 0x0, 0xc, 0x0, 0x10, 0x1f, 0xfe, 0x4,
    0x80, 0x12, 0x81, 0x49, 0x9, 0x22, 0x24, 0x89,
    0x22, 0x0, 0x88, 0x4, 0x20, 0x23, 0x81, 0x4,
    0x0,

    /* U+4EA7 "产" */
    0x2, 0x0, 0x8, 0x1f, 0xfe, 0x8, 0x80, 0x49,
    0x1f, 0xfc, 0x80, 0x4, 0x0, 0x20, 0x1, 0x0,
    0x10, 0x0, 0x80, 0x8, 0x0, 0x0,

    /* U+4EA9 "亩" */
    0x4, 0x0, 0x10, 0x0, 0x45, 0xff, 0xf0, 0x0,
    0x1f, 0xf0, 0x88, 0x84, 0x44, 0x3f, 0xe1, 0x11,
    0x8, 0x88, 0x7f, 0xc2, 0x2, 0x0,

    /* U+4EAB "享" */
    0x2, 0x0, 0x4, 0x23, 0xef, 0x7, 0xf8, 0x10,
    0x20, 0x7f, 0x80, 0x1, 0xf, 0xfc, 0x3, 0x89,
    0xff, 0xf0, 0x20, 0x0, 0x80, 0xe, 0x0,

    /* U+4EAC "京" */
    0x3, 0x0, 0x4, 0x27, 0xff, 0x80, 0x0, 0x1f,
    0xe0, 0x40, 0x81, 0x2, 0x7, 0xf8, 0x11, 0x20,
    0x25, 0x1, 0x93, 0x8, 0x46, 0x47, 0x0,

    /* U+4EAD "亭" */
    0x2, 0x0, 0x4, 0x23, 0xef, 0x7, 0xf8, 0x10,
    0x20, 0x7f, 0x80, 0x0, 0x9f, 0xfe, 0x5f, 0xf0,
    0x8, 0x0, 0x20, 0x0, 0x80, 0x6, 0x0,

    /* U+4EAE "亮" */
    0x2, 0x0, 0x8, 0xdf, 0xb8, 0x3f, 0xc1, 0x4,
    0xf, 0xe0, 0x0, 0xf, 0xfe, 0xcf, 0xa0, 0x44,
    0x2, 0x20, 0x21, 0x22, 0xf, 0x80,

    /* U+4EB2 "亲" */
    0x4, 0x0, 0x10, 0x1f, 0xfc, 0x20, 0x0, 0x8c,
    0x7f, 0xfc, 0x8, 0x0, 0x42, 0x7f, 0xf0, 0x14,
    0x4, 0x98, 0x44, 0x64, 0x20, 0x2, 0x0,

    /* U+4EBA "人" */
    0x2, 0x0, 0x10, 0x0, 0x80, 0x4, 0x0, 0x20,
    0x2, 0x80, 0x14, 0x1, 0x10, 0x8, 0x80, 0x83,
    0x8, 0xc, 0x80, 0x30,

    /* U+4EBF "亿" */
    0x10, 0x0, 0x80, 0x5, 0xfc, 0x40, 0x42, 0x4,
    0x30, 0x41, 0x84, 0x14, 0x20, 0x22, 0x1, 0x20,
    0x49, 0x2, 0x48, 0x12, 0x7f, 0x80,

    /* U+4EC0 "什" */
    0x10, 0x80, 0x84, 0x4, 0x20, 0x41, 0x2, 0x8,
    0x37, 0xff, 0x82, 0x14, 0x10, 0x20, 0x81, 0x4,
    0x8, 0x20, 0x41, 0x2, 0x8, 0x0,

    /* U+4EC1 "仁" */
    0x10, 0x0, 0x80, 0x4, 0x4, 0x5f, 0xe2, 0x0,
    0x30, 0x2, 0x80, 0x4, 0x0, 0x20, 0x1, 0x0,
    0x8, 0x4, 0x5f, 0xf2, 0x0, 0x0,

    /* U+4EC5 "仅" */
    0x0, 0x0, 0x80, 0x5, 0xfc, 0x48, 0x22, 0x42,
    0x31, 0x11, 0x88, 0x94, 0x48, 0x21, 0x41, 0xc,
    0x8, 0x60, 0x42, 0x82, 0x63, 0x14, 0x8,

    /* U+4EC6 "仆" */
    0x11, 0x0, 0xc8, 0x4, 0x40, 0x42, 0x2, 0x10,
    0x30, 0xe2, 0x84, 0xc4, 0x22, 0x21, 0x1, 0x8,
    0x8, 0x40, 0x42, 0x2, 0x10, 0x0,

    /* U+4EC7 "仇" */
    0x12, 0x0, 0x48, 0x2, 0x22, 0xb, 0xf8, 0x22,
    0x21, 0x88, 0x8a, 0x22, 0x8, 0x88, 0x22, 0x20,
    0x90, 0x82, 0x42, 0x8a, 0xa, 0x30, 0x3c,

    /* U+4ECA "今" */
    0x2, 0x0, 0xc, 0x0, 0x48, 0x1, 0x10, 0x8,
    0x60, 0x50, 0xc6, 0x30, 0xe0, 0x40, 0x3f, 0xf0,
    0x0, 0x80, 0x4, 0x0, 0x30, 0x0, 0x80, 0x4,
    0x0,

    /* U+4ECB "介" */
    0x2, 0x0, 0x38, 0x1, 0x40, 0x11, 0x81, 0x6,
    0x14, 0x4f, 0x22, 0x1, 0x10, 0x8, 0x80, 0x44,
    0x4, 0x20, 0x41, 0x4, 0x8, 0x0,

    /* U+4ECD "仍" */
    0x10, 0x0, 0x7f, 0x82, 0x22, 0x8, 0x88, 0x22,
    0x49, 0x89, 0xea, 0x20, 0x88, 0x82, 0x24, 0x8,
    0x90, 0x22, 0x40, 0x8a, 0x4, 0x30, 0x70,

    /* U+4ECE "从" */
    0x10, 0x80, 0x84, 0x4, 0x20, 0x21, 0x1, 0xc,
    0x8, 0x60, 0xa7, 0x4, 0xa8, 0x25, 0x22, 0x11,
    0x91, 0x7, 0x10, 0x10,

    /* U+4ED1 "仑" */
    0x6, 0x0, 0x28, 0x2, 0x20, 0x20, 0x83, 0x3,
    0x68, 0x40, 0x46, 0x2, 0xc0, 0x18, 0x0, 0x80,
    0x4, 0x8, 0x3f, 0xe0,

    /* U+4ED3 "仓" */
    0x2, 0x0, 0x28, 0x2, 0x20, 0x20, 0x82, 0x7,
    0x2f, 0xee, 0x41, 0x2, 0x8, 0x10, 0x40, 0x8c,
    0x4, 0x0, 0x20, 0x21, 0xff, 0x0,

    /* U+4ED4 "仔" */
    0x18, 0x10, 0xbf, 0x8c, 0xc, 0x40, 0x82, 0x8,
    0x30, 0x46, 0xbf, 0xe4, 0x10, 0x20, 0x81, 0x4,
    0x8, 0x20, 0x41, 0x2, 0x18, 0x0,

    /* U+4ED6 "他" */
    0x10, 0x80, 0xa4, 0x9, 0x24, 0x49, 0xe2, 0x79,
    0x36, 0x4a, 0x92, 0x44, 0x92, 0x24, 0xa1, 0x24,
    0x9, 0x2, 0x48, 0x12, 0x7f, 0x80,

    /* U+4ED7 "仗" */
    0x10, 0x40, 0x41, 0x3, 0x4, 0x8b, 0xfe, 0x20,
    0x41, 0x91, 0xa, 0x44, 0x8, 0x90, 0x22, 0x80,
    0x86, 0x2, 0x18, 0x8, 0x9c, 0x2c, 0x18,

    /* U+4ED8 "付" */
    0x10, 0x0, 0x40, 0x81, 0x2, 0x8, 0xa, 0x2f,
    0xfd, 0x80, 0x86, 0x22, 0x28, 0xc8, 0x21, 0x20,
    0x80, 0x82, 0x2, 0x8, 0x8, 0x20, 0xe0,

    /* U+4ED9 "仙" */
    0x18, 0x80, 0x42, 0x3, 0x8, 0x9, 0x22, 0x24,
    0x89, 0x92, 0x2a, 0x48, 0x89, 0x22, 0x24, 0x88,
    0x92, 0x22, 0x48, 0x89, 0xfe, 0x20, 0x8,

    /* U+4EE3 "代" */
    0x11, 0x0, 0x8a, 0xc, 0x48, 0x42, 0x6, 0x17,
    0xb3, 0xc2, 0x82, 0x4, 0x10, 0x20, 0x81, 0x2,
    0x8, 0x1a, 0x40, 0x72, 0x1, 0x80,

    /* U+4EE4 "令" */
    0x3, 0x0, 0xc, 0x0, 0x48, 0x2, 0x18, 0x12,
    0x31, 0x84, 0x28, 0x0, 0xf, 0xfc, 0x0, 0x20,
    0x1, 0x0, 0x48, 0x0, 0xc0, 0x1, 0x80, 0x2,
    0x0,

    /* U+4EE5 "以" */
    0x48, 0x42, 0x22, 0x11, 0x90, 0x84, 0x84, 0x4,
    0x20, 0x21, 0x2, 0x8, 0x90, 0x59, 0x43, 0x11,
    0x11, 0xc, 0x30, 0x20, 0x0, 0x0,

    /* U+4EEA "仪" */
    0x12, 0x0, 0x84, 0x5, 0x24, 0x48, 0x62, 0x42,
    0x32, 0x12, 0x89, 0x84, 0x48, 0x21, 0x81, 0x4,
    0x8, 0x50, 0x44, 0x62, 0xc1, 0x80,

    /* U+4EEC "们" */
    0x10, 0x0, 0x4b, 0xe2, 0x10, 0x89, 0x2, 0x24,
    0x9, 0x90, 0x2a, 0x40, 0x89, 0x2, 0x24, 0x8,
    0x90, 0x22, 0x40, 0x89, 0x2, 0x24, 0x18,

    /* U+4EF0 "仰" */
    0x11, 0x0, 0x48, 0x1, 0x4f, 0x89, 0x22, 0x24,
    0x89, 0x92, 0x2a, 0x48, 0x89, 0x22, 0x25, 0x88,
    0x9a, 0x22, 0x9, 0x8, 0x20, 0x20, 0x80,

    /* U+4EF2 "仲" */
    0x10, 0x80, 0x42, 0x2, 0x8, 0xb, 0xfe, 0x68,
    0x89, 0xa2, 0x2a, 0x88, 0x8b, 0xfe, 0x28, 0x88,
    0x82, 0x2, 0x8, 0x8, 0x20, 0x20, 0x80,

    /* U+4EF6 "件" */
    0x10, 0x80, 0xb4, 0x9, 0x24, 0x4f, 0xf6, 0x88,
    0x34, 0x42, 0x82, 0x5, 0xff, 0x20, 0x81, 0x4,
    0x8, 0x20, 0x41, 0x2, 0x8, 0x0,

    /* U+4EF7 "价" */
    0x10, 0x80, 0x46, 0x1, 0x14, 0x8, 0x88, 0x24,
    0x19, 0xa8, 0xaa, 0x22, 0x8, 0x88, 0x22, 0x20,
    0x88, 0x82, 0x42, 0x9, 0x8, 0x38, 0x20,

    /* U+4EFB "任" */
    0x10, 0x30, 0x47, 0x2, 0x68, 0x8, 0x20, 0x20,
    0x81, 0x82, 0x2a, 0xff, 0xc8, 0x20, 0x20, 0x80,
    0x82, 0x2, 0x8, 0x8, 0x20, 0x2f, 0xf8,

    /* U+4EFD "份" */
    0x10, 0x0, 0x94, 0x5, 0x10, 0x48, 0x42, 0x83,
    0x34, 0x1e, 0x9f, 0x94, 0x44, 0x22, 0x21, 0x11,
    0x9, 0x8, 0x48, 0x42, 0x8c, 0x0,

    /* U+4EFF "仿" */
    0x1a, 0x0, 0x88, 0x4, 0x24, 0x5f, 0xf2, 0x10,
    0x30, 0x92, 0x87, 0x94, 0x24, 0x21, 0x21, 0x11,
    0x8, 0x88, 0x48, 0x42, 0x84, 0x0,

    /* U+4F01 "企" */
    0x3, 0x0, 0xa, 0x0, 0x44, 0x2, 0x6c, 0x11,
    0x19, 0x84, 0x11, 0x10, 0x4, 0x7c, 0x11, 0x0,
    0x44, 0x1, 0x10, 0x4, 0x42, 0x7f, 0xfc,

    /* U+4F0A "伊" */
    0x10, 0x0, 0x5f, 0xc2, 0x11, 0x8, 0x46, 0x6f,
    0xfd, 0x84, 0x4a, 0x11, 0xb, 0xfc, 0x21, 0x10,
    0x88, 0x2, 0x20, 0x9, 0x0, 0x28, 0x0,

    /* U+4F0D "伍" */
    0x0, 0x0, 0x80, 0x87, 0xfc, 0x42, 0x2, 0x10,
    0x30, 0x82, 0xbf, 0x94, 0x44, 0x22, 0x21, 0x11,
    0x8, 0x88, 0x44, 0x42, 0xff, 0x80,

    /* U+4F0F "伏" */
    0x11, 0x0, 0x89, 0x8, 0x44, 0x42, 0x22, 0xff,
    0xb0, 0x82, 0x86, 0x4, 0x30, 0x22, 0x81, 0x12,
    0x9, 0x8, 0x48, 0x63, 0x81, 0x0,

    /* U+4F10 "伐" */
    0x11, 0x0, 0x89, 0x84, 0x44, 0x42, 0x12, 0x7f,
    0x30, 0x8a, 0x82, 0x84, 0x14, 0x20, 0xc1, 0x6,
    0x8, 0x5a, 0x44, 0x72, 0xc1, 0x80,

    /* U+4F11 "休" */
    0x0, 0x0, 0x42, 0x1, 0x8, 0x8, 0x20, 0x2f,
    0xf9, 0x86, 0xa, 0x1c, 0x28, 0xa8, 0x22, 0xb0,
    0x92, 0x62, 0x88, 0x88, 0x20, 0x20, 0x80,

    /* U+4F17 "众" */
    0x2, 0x0, 0x30, 0x3, 0x40, 0x31, 0x2, 0x6,
    0x28, 0x5c, 0x42, 0x2, 0x10, 0x18, 0x81, 0x2a,
    0x9, 0x50, 0x84, 0x68, 0x41, 0x0,

    /* U+4F18 "优" */
    0x12, 0x0, 0x92, 0x4, 0x88, 0x44, 0x22, 0xff,
    0x31, 0x42, 0x8a, 0x4, 0x50, 0x22, 0x81, 0x24,
    0x9, 0x20, 0x51, 0x23, 0xf, 0x80,

    /* U+4F19 "伙" */
    0x10, 0xc0, 0x42, 0x1, 0x8, 0x9, 0x22, 0x24,
    0x99, 0x93, 0x4a, 0xce, 0x8, 0x70, 0x21, 0x20,
    0x84, 0x82, 0x21, 0x9, 0x6, 0x28, 0x8,

    /* U+4F1A "会" */
    0x3, 0x0, 0xc, 0x0, 0x48, 0x2, 0x18, 0x10,
    0x79, 0xff, 0x20, 0x1, 0x1f, 0xfe, 0x2, 0x0,
    0x10, 0x0, 0x84, 0x4, 0xc, 0x3b, 0xd0, 0x0,
    0x0,

    /* U+4F1E "伞" */
    0x6, 0x0, 0x30, 0x2, 0x60, 0x24, 0x82, 0x23,
    0x61, 0x24, 0x49, 0x2, 0x50, 0x2, 0x17, 0xff,
    0xc0, 0x80, 0x4, 0x0, 0x20, 0x0,

    /* U+4F1F "伟" */
    0x11, 0x0, 0x88, 0x8b, 0xfc, 0x42, 0x6, 0x10,
    0x37, 0xfa, 0x84, 0x5, 0xfe, 0x21, 0x11, 0x8,
    0x88, 0x44, 0x42, 0x62, 0x10, 0x0,

    /* U+4F20 "传" */
    0x10, 0x80, 0x88, 0x8b, 0xfe, 0x42, 0x2, 0x10,
    0x37, 0xfe, 0x88, 0x4, 0x40, 0x23, 0xf1, 0x1,
    0x8, 0x90, 0x43, 0x82, 0x2, 0x0, 0x0,

    /* U+4F24 "伤" */
    0x13, 0x0, 0x90, 0x88, 0xfe, 0x48, 0x2, 0x48,
    0x34, 0x4a, 0x9f, 0xd4, 0x12, 0x20, 0x91, 0x8,
    0x88, 0x44, 0x44, 0x22, 0xc2, 0x0,

    /* U+4F26 "伦" */
    0x0, 0x0, 0x42, 0x1, 0x14, 0x8, 0x88, 0x24,
    0x11, 0xa8, 0x6a, 0x22, 0x8, 0x90, 0x22, 0x80,
    0x8c, 0x2, 0x20, 0x88, 0x82, 0x23, 0xf8,

    /* U+4F2A "伪" */
    0x11, 0x1, 0xc8, 0x9, 0x40, 0x42, 0x26, 0xff,
    0x30, 0x8a, 0x84, 0x44, 0x52, 0x22, 0x51, 0x12,
    0x89, 0x4, 0x50, 0x43, 0x6, 0x0,

    /* U+4F2F "伯" */
    0x0, 0x0, 0x84, 0x4, 0x44, 0x4f, 0xe2, 0x41,
    0x32, 0xa, 0x90, 0x54, 0xfe, 0x24, 0x11, 0x20,
    0x89, 0x4, 0x4f, 0xe2, 0x41, 0x0,

    /* U+4F30 "估" */
    0x10, 0x80, 0x84, 0x8, 0x20, 0x5f, 0xf2, 0x8,
    0x30, 0x42, 0x82, 0x4, 0xfe, 0x24, 0x11, 0x20,
    0x89, 0x4, 0x4f, 0xe2, 0x41, 0x0,

    /* U+4F34 "伴" */
    0x10, 0x80, 0x52, 0x41, 0x29, 0x8, 0xa8, 0x20,
    0x81, 0xbf, 0xea, 0x8, 0x8, 0x22, 0x2f, 0xfc,
    0x82, 0x2, 0x8, 0x8, 0x20, 0x20, 0x80,

    /* U+4F36 "伶" */
    0x11, 0x80, 0x8c, 0x4, 0x90, 0x44, 0x42, 0x53,
    0x34, 0x4e, 0xc2, 0x15, 0xfe, 0x20, 0x21, 0x2,
    0x8, 0x60, 0x41, 0x82, 0x4, 0x0,

    /* U+4F38 "伸" */
    0x10, 0x81, 0x4, 0x8b, 0xfc, 0x51, 0x26, 0x89,
    0x37, 0xfa, 0xa2, 0x45, 0x12, 0x2f, 0xf1, 0x44,
    0x88, 0x20, 0x41, 0x2, 0x8, 0x0,

    /* U+4F3A "伺" */
    0x10, 0x0, 0xbf, 0x88, 0x4, 0x5f, 0xa6, 0x1,
    0x33, 0xca, 0x92, 0x44, 0x92, 0x24, 0x91, 0x3c,
    0x89, 0x4, 0x40, 0x22, 0x7, 0x0,

    /* U+4F3C "似" */
    0x10, 0x0, 0x44, 0x41, 0x59, 0x9, 0x24, 0x24,
    0x91, 0x90, 0x4a, 0x41, 0x9, 0x8, 0x24, 0xa0,
    0x9c, 0x82, 0x45, 0x8, 0x62, 0x22, 0x8,

    /* U+4F43 "佃" */
    0x10, 0x10, 0xbf, 0xc9, 0x24, 0x49, 0x26, 0x49,
    0x32, 0x4a, 0x9f, 0xc4, 0x92, 0x24, 0x91, 0x24,
    0x89, 0x24, 0x4f, 0xe2, 0x41, 0x0,

    /* U+4F46 "但" */
    0x10, 0x0, 0x5f, 0xc2, 0x41, 0x9, 0x4, 0x24,
    0x11, 0x9f, 0xca, 0x41, 0x9, 0x4, 0x24, 0x10,
    0x9f, 0xc2, 0x41, 0x8, 0x2, 0x2f, 0xfc,

    /* U+4F4D "位" */
    0x11, 0x0, 0x84, 0xc, 0x24, 0x5f, 0xf2, 0x0,
    0x32, 0x12, 0x88, 0x84, 0x44, 0x23, 0x41, 0xa,
    0x8, 0x50, 0x41, 0x2, 0xff, 0x80,

    /* U+4F4E "低" */
    0x10, 0x38, 0x5f, 0x2, 0x44, 0x9, 0x10, 0x64,
    0x4a, 0x9f, 0xfa, 0x44, 0x9, 0x8, 0x24, 0x20,
    0x90, 0x82, 0x51, 0x4b, 0x96, 0x20, 0x4c,

    /* U+4F4F "住" */
    0x18, 0x0, 0x46, 0x1, 0x4, 0xb, 0xfe, 0x20,
    0x81, 0x82, 0xa, 0x9, 0x9, 0xfe, 0x20, 0x80,
    0x82, 0x2, 0x8, 0x8, 0x22, 0x2f, 0xfc,

    /* U+4F51 "佑" */
    0x10, 0x80, 0x88, 0x4, 0x40, 0x5f, 0xf2, 0x10,
    0x31, 0x2, 0x88, 0x14, 0xfe, 0x26, 0x11, 0x50,
    0x88, 0x84, 0x47, 0xe2, 0x21, 0x0,

    /* U+4F53 "体" */
    0x18, 0x80, 0x42, 0x3, 0x8, 0xb, 0xfe, 0x21,
    0xc1, 0x87, 0xa, 0x2a, 0x8, 0xac, 0x24, 0xb8,
    0xaf, 0xe2, 0x8, 0x8, 0x20, 0x20, 0x80,

    /* U+4F55 "何" */
    0x10, 0x0, 0x80, 0x45, 0xfe, 0x40, 0x22, 0x79,
    0x32, 0x4a, 0x92, 0x44, 0x92, 0x27, 0x91, 0x24,
    0x89, 0x24, 0x40, 0x22, 0x3, 0x0,

    /* U+4F59 "余" */
    0x2, 0x0, 0x14, 0x0, 0xc8, 0x6, 0x10, 0x20,
    0x39, 0x7f, 0x40, 0x21, 0x1f, 0xfc, 0x2, 0x0,
    0x68, 0x82, 0x21, 0x10, 0x82, 0x6, 0x0,

    /* U+4F5B "佛" */
    0x12, 0x41, 0x92, 0xb, 0xfc, 0x44, 0xa6, 0x25,
    0x37, 0xfa, 0xa9, 0x5, 0xff, 0x22, 0x51, 0x12,
    0x89, 0x14, 0x48, 0xa2, 0x84, 0x0,

    /* U+4F5C "作" */
    0x12, 0x0, 0x90, 0x5, 0x4, 0x4f, 0xf2, 0x50,
    0x34, 0x82, 0xc7, 0xc4, 0x20, 0x21, 0x1, 0xf,
    0x88, 0x40, 0x42, 0x2, 0x10, 0x0,

    /* U+4F60 "你" */
    0x12, 0x0, 0x48, 0x1, 0x40, 0x9, 0xfe, 0x24,
    0x91, 0xa2, 0x46, 0xa, 0x28, 0xa4, 0x24, 0x88,
    0xa2, 0x22, 0x88, 0x8, 0x20, 0x21, 0x80,

    /* U+4F63 "佣" */
    0x18, 0x0, 0x5f, 0xe2, 0x48, 0x89, 0x22, 0x67,
    0xf9, 0x92, 0x2a, 0x48, 0x89, 0xfe, 0x24, 0x88,
    0x92, 0x22, 0x88, 0x8a, 0x22, 0x30, 0x98,

    /* U+4F69 "佩" */
    0x10, 0x10, 0x7f, 0xc2, 0x81, 0xa, 0xfc, 0x28,
    0x91, 0xaf, 0xca, 0xad, 0x2a, 0xb4, 0x2a, 0xd0,
    0xab, 0x42, 0xad, 0xc, 0x32, 0x30, 0x88,

    /* U+4F73 "佳" */
    0x18, 0x80, 0x42, 0x43, 0x7f, 0x88, 0x20, 0x20,
    0x89, 0xbf, 0xea, 0x8, 0x8, 0x24, 0x27, 0xf8,
    0x82, 0x2, 0x8, 0x8, 0x22, 0x2f, 0xfc,

    /* U+4F7F "使" */
    0x18, 0x80, 0x84, 0x87, 0xfe, 0x41, 0x2, 0x7f,
    0x32, 0x4a, 0x92, 0x44, 0xfe, 0x24, 0x91, 0x14,
    0x8, 0x40, 0x45, 0x82, 0xc3, 0x80,

    /* U+4F84 "侄" */
    0x10, 0x0, 0x5f, 0xe2, 0x18, 0x8, 0x88, 0x64,
    0x12, 0x9f, 0xaa, 0x8, 0x8, 0x24, 0x27, 0xf8,
    0x82, 0x2, 0x8, 0x8, 0x20, 0x2f, 0xf8,

    /* U+4F88 "侈" */
    0x11, 0x0, 0x88, 0x4, 0xfc, 0x4c, 0x42, 0x94,
    0x30, 0x42, 0x86, 0x14, 0xff, 0x23, 0x11, 0x2d,
    0x88, 0x38, 0x41, 0x2, 0x70, 0x0,

    /* U+4F8B "例" */
    0x10, 0x8, 0x7e, 0x22, 0x44, 0x89, 0x12, 0x27,
    0x49, 0x95, 0x26, 0x94, 0x8b, 0xd2, 0x32, 0x48,
    0x89, 0x22, 0x40, 0x89, 0x2, 0x20, 0x18,

    /* U+4F8D "侍" */
    0x10, 0x80, 0x42, 0x43, 0xff, 0x88, 0x20, 0x60,
    0x89, 0xbf, 0xfa, 0x2, 0x8b, 0xff, 0x24, 0x20,
    0x88, 0x82, 0x12, 0x8, 0x8, 0x20, 0xe0,

    /* U+4F9B "供" */
    0x12, 0x40, 0x49, 0x2, 0x25, 0xb, 0xfe, 0x22,
    0x41, 0x89, 0xa, 0x24, 0x8, 0x94, 0x2f, 0xf8,
    0x81, 0x2, 0x23, 0x9, 0x86, 0x28, 0x8, 0x0,
    0x0,

    /* U+4F9D "依" */
    0x11, 0x0, 0x84, 0x4, 0x24, 0x5f, 0xf2, 0x10,
    0x31, 0x8a, 0x92, 0xd4, 0x98, 0x3c, 0x81, 0x22,
    0x9, 0x8, 0x4e, 0x62, 0x40, 0x0,

    /* U+4FA0 "侠" */
    0x11, 0x0, 0x88, 0xb, 0xfc, 0x42, 0x6, 0x52,
    0x31, 0xa2, 0x8c, 0x45, 0xff, 0x21, 0x1, 0x14,
    0x8, 0x90, 0x48, 0x42, 0x81, 0x0,

    /* U+4FA3 "侣" */
    0x18, 0x0, 0x9f, 0x8c, 0x84, 0x44, 0x22, 0x21,
    0x31, 0xfa, 0x80, 0x4, 0xff, 0x24, 0x9, 0x20,
    0x49, 0x2, 0x4f, 0xf2, 0x40, 0x80,

    /* U+4FA5 "侥" */
    0x2, 0x0, 0x90, 0x4, 0x8e, 0x5b, 0xa2, 0x1e,
    0x30, 0x62, 0x9c, 0xf4, 0x0, 0x2f, 0xf9, 0x12,
    0x8, 0x90, 0x48, 0x82, 0x44, 0x94, 0x3c,

    /* U+4FA6 "侦" */
    0x10, 0x80, 0x42, 0x1, 0xf, 0x88, 0x20, 0x27,
    0xf1, 0x90, 0x4a, 0x49, 0x29, 0x24, 0x24, 0x90,
    0x92, 0x42, 0x53, 0x8, 0x46, 0x26, 0x8,

    /* U+4FA7 "侧" */
    0x10, 0x88, 0xbe, 0x22, 0x8a, 0x8a, 0xaa, 0x2a,
    0xa9, 0xaa, 0xaa, 0xaa, 0x8a, 0xaa, 0x2a, 0xa8,
    0x88, 0xa2, 0x58, 0x89, 0x22, 0x28, 0x18,

    /* U+4FA8 "侨" */
    0x18, 0x60, 0xbc, 0xc, 0x40, 0x42, 0x22, 0xff,
    0xb1, 0x22, 0x90, 0x85, 0x4a, 0x22, 0x41, 0x12,
    0x8, 0x90, 0x48, 0x82, 0x84, 0x0,

    /* U+4FAE "侮" */
    0x1a, 0x0, 0x48, 0x1, 0x3f, 0x89, 0x0, 0x2b,
    0xf1, 0x8a, 0x4a, 0x45, 0xaf, 0xff, 0x24, 0x90,
    0x92, 0x62, 0xff, 0x88, 0x8, 0x20, 0x60,

    /* U+4FAF "侯" */
    0x10, 0x0, 0xbf, 0x8, 0x8, 0x40, 0x72, 0x7c,
    0x73, 0xfa, 0x92, 0x5, 0x10, 0x2f, 0xf9, 0x4,
    0x8, 0x50, 0x44, 0x62, 0xc0, 0x80,

    /* U+4FB5 "侵" */
    0x10, 0x0, 0x5f, 0xc2, 0x1, 0x8, 0xfc, 0x27,
    0xf1, 0x80, 0xa, 0xff, 0x8a, 0x2, 0x27, 0xf0,
    0x88, 0x82, 0x14, 0x8, 0x70, 0x26, 0x38,

    /* U+4FBF "便" */
    0x10, 0x10, 0xff, 0xc8, 0x20, 0x5f, 0xf6, 0x89,
    0x37, 0xfa, 0xa2, 0x45, 0xfe, 0x28, 0x91, 0x24,
    0x8, 0xc0, 0x47, 0x82, 0xc3, 0x80,

    /* U+4FC3 "促" */
    0x10, 0x10, 0xbf, 0x89, 0x4, 0x48, 0x22, 0x7f,
    0x32, 0x40, 0x82, 0x4, 0x90, 0x24, 0xf9, 0x24,
    0xb, 0x20, 0x55, 0x3, 0x1f, 0x80,

    /* U+4FC4 "俄" */
    0x11, 0x40, 0x59, 0x82, 0x25, 0x88, 0x90, 0x2f,
    0xf9, 0x89, 0xa, 0x25, 0x8, 0xd4, 0x2e, 0x20,
    0x88, 0x82, 0x26, 0x8, 0xa6, 0x26, 0x8,

    /* U+4FCA "俊" */
    0x19, 0x80, 0x4c, 0x82, 0x41, 0xb, 0xfa, 0x22,
    0x1, 0x90, 0xca, 0x90, 0xa8, 0xfc, 0x26, 0x20,
    0x99, 0x2, 0x98, 0x8, 0x58, 0x2e, 0x18,

    /* U+4FCF "俏" */
    0x10, 0x90, 0xa4, 0x88, 0xa8, 0x43, 0x2, 0x7f,
    0x32, 0xa, 0x90, 0x44, 0xfe, 0x24, 0x11, 0x3f,
    0x89, 0x4, 0x48, 0x22, 0x43, 0x0,

    /* U+4FD0 "俐" */
    0x11, 0x8, 0xb9, 0x22, 0x24, 0x88, 0x92, 0x2f,
    0xc9, 0x89, 0x22, 0x74, 0x89, 0xb2, 0x2a, 0x48,
    0xc9, 0x23, 0x20, 0x88, 0x82, 0x22, 0x18,

    /* U+4FD7 "俗" */
    0x10, 0x0, 0x48, 0x83, 0x41, 0x8a, 0x22, 0x21,
    0x41, 0x84, 0x8a, 0x21, 0x89, 0x3, 0x3f, 0xf0,
    0x90, 0x42, 0x41, 0x9, 0xfc, 0x24, 0x10,

    /* U+4FD8 "俘" */
    0x10, 0x70, 0xfc, 0x8, 0x44, 0x45, 0x46, 0x20,
    0x33, 0xfa, 0x80, 0x84, 0x18, 0x2f, 0xf9, 0x4,
    0x8, 0x20, 0x41, 0x2, 0x18, 0x0,

    /* U+4FDD "保" */
    0x10, 0x10, 0x5f, 0xc2, 0x41, 0x9, 0x4, 0x27,
    0xf1, 0x92, 0x4a, 0x8, 0xab, 0xfe, 0x21, 0xc0,
    0x8f, 0x82, 0x29, 0xb, 0x23, 0x20, 0x80,

    /* U+4FE1 "信" */
    0x10, 0x80, 0x82, 0x9, 0xfe, 0x40, 0x26, 0x7f,
    0x30, 0x2, 0x9f, 0xc4, 0x0, 0x27, 0xf1, 0x20,
    0x89, 0x4, 0x4f, 0xe2, 0x41, 0x0,

    /* U+4FE9 "俩" */
    0x10, 0x8, 0xff, 0xf2, 0x14, 0x8, 0x50, 0x2f,
    0xf9, 0xa5, 0x26, 0x94, 0xaa, 0x7a, 0x2a, 0xa8,
    0xaa, 0x62, 0xc0, 0x8a, 0x2, 0x28, 0x38,

    /* U+4FED "俭" */
    0x11, 0x80, 0x8c, 0x8, 0x90, 0x44, 0x42, 0x41,
    0xb5, 0xf6, 0x80, 0x5, 0x26, 0x24, 0xa1, 0x25,
    0x8, 0xb0, 0x40, 0x82, 0xff, 0x80,

    /* U+4FEE "修" */
    0x11, 0x0, 0x44, 0x2, 0x1f, 0x8a, 0xc4, 0x2a,
    0xa1, 0xa1, 0x6, 0x9b, 0xab, 0xb0, 0x2b, 0x30,
    0xa1, 0x22, 0x99, 0x8, 0x98, 0x27, 0x80,

    /* U+4FEF "俯" */
    0x10, 0x80, 0x41, 0x22, 0xff, 0xca, 0x44, 0x29,
    0x11, 0xa7, 0xfa, 0xb1, 0x2a, 0xe4, 0x2d, 0x50,
    0xa5, 0x42, 0x91, 0xc, 0x44, 0x31, 0x30,

    /* U+4FF1 "俱" */
    0x10, 0x10, 0x5f, 0xc3, 0x41, 0x9, 0xfc, 0x24,
    0x11, 0x9f, 0xca, 0x41, 0x29, 0xfc, 0x24, 0x10,
    0xbf, 0xf2, 0x22, 0x9, 0x86, 0x28, 0x8, 0x40,
    0x0,

    /* U+4FFA "俺" */
    0x19, 0x0, 0x90, 0xf, 0xfe, 0x44, 0x86, 0x52,
    0x57, 0xfe, 0x94, 0x44, 0xfe, 0x25, 0x11, 0x3f,
    0x89, 0x44, 0x42, 0x12, 0x1f, 0x80,

    /* U+500D "倍" */
    0x11, 0x0, 0x84, 0xf, 0xfc, 0x48, 0x2, 0x24,
    0x31, 0x4a, 0xbf, 0xe4, 0x0, 0x27, 0xe1, 0x21,
    0x9, 0x8, 0x4f, 0xc2, 0x42, 0x0,

    /* U+5012 "倒" */
    0x10, 0x88, 0x7f, 0x22, 0x22, 0x89, 0x4a, 0x28,
    0xa9, 0xbe, 0xaa, 0x22, 0x88, 0xaa, 0x2f, 0xa8,
    0x88, 0xa2, 0x20, 0x8b, 0xe2, 0x20, 0x18,

    /* U+5014 "倔" */
    0x18, 0x0, 0xbf, 0x8d, 0x4, 0x4f, 0xe2, 0x44,
    0x32, 0xaa, 0x95, 0x44, 0xfe, 0x24, 0x41, 0x52,
    0x8a, 0x94, 0x57, 0xe2, 0x1, 0x0,

    /* U+5018 "倘" */
    0x10, 0x80, 0xe2, 0x62, 0x6a, 0x8, 0xa0, 0x6d,
    0x79, 0xa0, 0x2a, 0x9e, 0x8a, 0x52, 0x29, 0x48,
    0xa7, 0x22, 0x94, 0x8a, 0x2, 0x28, 0x18,

    /* U+5019 "候" */
    0x10, 0x0, 0x4f, 0xc2, 0x2, 0x8a, 0xff, 0x29,
    0x1, 0xa4, 0xa, 0xbf, 0xaa, 0x12, 0x2f, 0xfc,
    0xa1, 0x2, 0x8a, 0x8, 0x44, 0x26, 0x8,

    /* U+501A "倚" */
    0x11, 0x0, 0x88, 0x8f, 0xfe, 0x42, 0x2, 0x2e,
    0x32, 0xe, 0x9f, 0x84, 0xf4, 0x25, 0x21, 0x29,
    0x9, 0xc8, 0x40, 0x42, 0x6, 0x0,

    /* U+501F "借" */
    0x12, 0x40, 0x92, 0x8b, 0xfc, 0x44, 0x82, 0x25,
    0x37, 0xfe, 0x80, 0x14, 0xfe, 0x24, 0x21, 0x3f,
    0x9, 0x8, 0x4f, 0xc2, 0x42, 0x0,

    /* U+5021 "倡" */
    0x10, 0x10, 0xdf, 0x84, 0x84, 0x47, 0xe2, 0x21,
    0x31, 0xf8, 0x80, 0x4, 0xff, 0x24, 0x9, 0x3f,
    0xc9, 0x2, 0x48, 0x12, 0x7f, 0x80,

    /* U+5026 "倦" */
    0x11, 0x20, 0x54, 0x83, 0x35, 0x9, 0xfe, 0x22,
    0x1, 0xbf, 0xfa, 0x24, 0x9, 0x18, 0x2b, 0xd8,
    0xc9, 0x2, 0x2c, 0x8, 0x88, 0x23, 0xf8,

    /* U+503A "债" */
    0x18, 0x80, 0xff, 0xcc, 0x24, 0x4f, 0xf2, 0x8,
    0xb3, 0xba, 0x9f, 0xc4, 0x82, 0x24, 0x91, 0x24,
    0x89, 0x44, 0x42, 0x62, 0x60, 0x80,

    /* U+503C "值" */
    0x10, 0x80, 0x42, 0x23, 0xff, 0x88, 0x20, 0x27,
    0xf1, 0x90, 0x4a, 0x7f, 0x29, 0x4, 0x27, 0xf0,
    0x90, 0x42, 0x7f, 0x9, 0x4, 0x2f, 0xfc,

    /* U+503E "倾" */
    0x10, 0x8, 0x8f, 0xf2, 0x84, 0xa, 0x62, 0x29,
    0x79, 0xbd, 0x2a, 0x94, 0xaa, 0x52, 0x29, 0x48,
    0xbd, 0x22, 0x9a, 0x8, 0x26, 0x23, 0x8, 0x0,
    0x0,

    /* U+5047 "假" */
    0x10, 0x0, 0xbe, 0xe2, 0x88, 0x8a, 0x22, 0x2f,
    0xb9, 0xa0, 0xa, 0x90, 0x8b, 0xfe, 0x29, 0x48,
    0xbe, 0xc2, 0x82, 0xa, 0x16, 0x28, 0x8c,

    /* U+504E "偎" */
    0x18, 0x0, 0xbf, 0x85, 0x24, 0x4f, 0xe2, 0x49,
    0x32, 0x4a, 0x8d, 0x85, 0xff, 0x24, 0x91, 0x25,
    0x9, 0x10, 0x4a, 0x62, 0x61, 0x80,

    /* U+504F "偏" */
    0x18, 0x80, 0x41, 0x3, 0x7f, 0x89, 0x2, 0x24,
    0x9, 0x9f, 0xea, 0x7f, 0xa9, 0xaa, 0x26, 0xa8,
    0x9f, 0xe2, 0xaa, 0x8a, 0xaa, 0x32, 0x18,

    /* U+505A "做" */
    0x14, 0x20, 0x91, 0x2, 0x44, 0x8f, 0xfe, 0x24,
    0x51, 0x93, 0x46, 0x45, 0xb, 0xd4, 0x29, 0x20,
    0xa4, 0x82, 0xf5, 0xa, 0x66, 0x21, 0xc,

    /* U+505C "停" */
    0x18, 0x80, 0x40, 0x23, 0xff, 0x9, 0xfc, 0x24,
    0x11, 0x9f, 0xca, 0x0, 0x8b, 0xfe, 0x27, 0xf8,
    0x82, 0x2, 0x8, 0x8, 0x20, 0x21, 0x80,

    /* U+5065 "健" */
    0x10, 0x40, 0x7f, 0xc2, 0x45, 0x9, 0xff, 0x28,
    0x51, 0xa7, 0xc2, 0x65, 0x9, 0x7e, 0x34, 0x48,
    0xbf, 0xe2, 0x44, 0xa, 0x90, 0x31, 0xf8,

    /* U+5076 "偶" */
    0x10, 0x0, 0xbf, 0x89, 0x24, 0x4f, 0xe2, 0x49,
    0x33, 0xf8, 0x82, 0x5, 0xff, 0x28, 0x89, 0x45,
    0x4a, 0xd6, 0x50, 0x12, 0x81, 0x80,

    /* U+5077 "偷" */
    0x10, 0x80, 0x8c, 0x8, 0xd0, 0x4c, 0xe2, 0xbf,
    0xb0, 0x88, 0xbd, 0x45, 0xea, 0x29, 0x51, 0x7a,
    0x8a, 0x54, 0x52, 0x22, 0x93, 0x0,

    /* U+507F "偿" */
    0x10, 0x80, 0x52, 0x42, 0x2a, 0x89, 0xfe, 0x28,
    0x9, 0xa0, 0xa, 0x7f, 0x28, 0x0, 0x2f, 0xf8,
    0x86, 0x2, 0x32, 0x9, 0x4, 0x27, 0xe8, 0x0,
    0x0,

    /* U+5080 "傀" */
    0x18, 0x80, 0x44, 0x1, 0x7f, 0x89, 0x24, 0x27,
    0xf0, 0x92, 0x4e, 0x49, 0x29, 0xfc, 0x24, 0xa0,
    0x86, 0xc2, 0x2f, 0x9, 0x22, 0x28, 0xf8,

    /* U+5085 "傅" */
    0x10, 0xa0, 0xbe, 0xc9, 0xfc, 0x49, 0x26, 0x7f,
    0x53, 0xfa, 0x92, 0x44, 0x4, 0x2f, 0xf9, 0x9,
    0x8, 0x48, 0x40, 0x80,

    /* U+508D "傍" */
    0x11, 0x0, 0x84, 0x7, 0xfe, 0x42, 0x42, 0x7f,
    0xb4, 0x8a, 0x82, 0x15, 0xff, 0x21, 0x1, 0xf,
    0x88, 0x88, 0x48, 0x42, 0x86, 0x0,

    /* U+50A8 "储" */
    0x20, 0x81, 0x84, 0xd2, 0xfc, 0x91, 0x45, 0x8c,
    0x25, 0xff, 0x22, 0x9, 0x7e, 0x4d, 0x12, 0x4f,
    0x93, 0x44, 0x93, 0xe4, 0x11, 0x0,

    /* U+50AC "催" */
    0x18, 0x80, 0x52, 0x23, 0x48, 0x89, 0xfe, 0x22,
    0x81, 0x9f, 0xea, 0x48, 0xb, 0xfe, 0x24, 0x80,
    0x9f, 0xe2, 0x48, 0x89, 0xff, 0x24, 0x0,

    /* U+50B2 "傲" */
    0x24, 0x61, 0x2a, 0x17, 0xd0, 0x88, 0xf5, 0xf9,
    0x62, 0xcb, 0xff, 0x49, 0xa, 0x4f, 0x62, 0x49,
    0x16, 0x48, 0xa5, 0xa6, 0x70, 0x80,

    /* U+50BB "傻" */
    0x10, 0x80, 0x44, 0x1, 0x7f, 0x9, 0x54, 0x25,
    0xd1, 0x9f, 0xc2, 0x12, 0x9, 0xc6, 0x29, 0xe0,
    0x88, 0x82, 0x54, 0x8, 0x70, 0x26, 0x10,

    /* U+50CF "像" */
    0x12, 0x0, 0x9e, 0x9, 0x10, 0x5f, 0xe2, 0x49,
    0x33, 0xfa, 0x84, 0x4, 0xd6, 0x21, 0x41, 0x35,
    0x8, 0xd4, 0x48, 0x92, 0x8, 0x0,

    /* U+50DA "僚" */
    0x10, 0x80, 0x46, 0x22, 0xff, 0xca, 0x52, 0x26,
    0x31, 0x9f, 0xea, 0xc1, 0x9, 0xfc, 0x27, 0xf0,
    0x92, 0x42, 0x29, 0x9, 0x22, 0x39, 0x88,

    /* U+50E7 "僧" */
    0x14, 0x21, 0x9a, 0xb, 0xfe, 0x51, 0x16, 0xba,
    0xb4, 0xc6, 0xbf, 0xe5, 0x0, 0x27, 0xf1, 0x20,
    0x89, 0xfc, 0x48, 0x22, 0x7f, 0x0,

    /* U+50F5 "僵" */
    0x10, 0x8, 0x7f, 0xc3, 0x7f, 0x9, 0x24, 0x27,
    0xf1, 0x92, 0x6a, 0xff, 0x89, 0x4, 0x27, 0xf0,
    0x9f, 0xc2, 0x49, 0x9, 0xfe, 0x2f, 0xfc,

    /* U+50FB "僻" */
    0x10, 0x20, 0xbc, 0xa2, 0x9f, 0x8a, 0x64, 0x2f,
    0x51, 0xa1, 0xaa, 0x8f, 0x8b, 0xc8, 0x2d, 0x28,
    0xb5, 0xc3, 0x72, 0xd, 0x48, 0x20, 0x20,

    /* U+5112 "儒" */
    0x0, 0x0, 0xff, 0xe2, 0xff, 0xcc, 0x22, 0x72,
    0xa1, 0x9f, 0xca, 0x0, 0x89, 0xfc, 0x2f, 0xf8,
    0xa5, 0x22, 0x94, 0x8a, 0x52, 0x28, 0x18,

    /* U+5121 "儡" */
    0x10, 0x0, 0xbf, 0x89, 0x24, 0x4f, 0xe2, 0x49,
    0x33, 0xfa, 0x90, 0x5, 0xef, 0x2d, 0xa9, 0x7b,
    0xcb, 0x6a, 0x5e, 0xf2, 0x98, 0x80,

    /* U+513F "儿" */
    0x8, 0x80, 0x44, 0x2, 0x20, 0x11, 0x0, 0x88,
    0x4, 0x40, 0x22, 0x1, 0x10, 0x8, 0x80, 0x84,
    0x44, 0x22, 0x41, 0xfc, 0x0, 0x0,

    /* U+5141 "允" */
    0x2, 0x0, 0x8, 0x0, 0x40, 0x2, 0x8, 0x30,
    0x10, 0xff, 0xa0, 0x88, 0x2, 0x20, 0x8, 0x80,
    0x22, 0x1, 0x8, 0x4, 0x22, 0xe0, 0xfc,

    /* U+5143 "元" */
    0x0, 0x41, 0xff, 0x0, 0x0, 0x0, 0x0, 0x1,
    0x7f, 0xf8, 0x24, 0x1, 0x20, 0x9, 0x0, 0x48,
    0x4, 0x40, 0x42, 0x24, 0x1f, 0x80,

    /* U+5144 "兄" */
    0x0, 0x1, 0xff, 0x8, 0x8, 0x40, 0x42, 0x2,
    0x10, 0x10, 0xff, 0x85, 0x24, 0x9, 0x0, 0x48,
    0x4, 0x40, 0x42, 0x24, 0x1f, 0x80,

    /* U+5145 "充" */
    0x4, 0x0, 0x21, 0xff, 0xf0, 0x40, 0x8, 0x83,
    0x6, 0x7f, 0xa0, 0x90, 0x9, 0x0, 0x90, 0x11,
    0x3, 0x11, 0x41, 0xf0,

    /* U+5146 "兆" */
    0x9, 0x4, 0x49, 0x1a, 0x48, 0x52, 0x80, 0x98,
    0x4, 0x80, 0x66, 0xd, 0x2c, 0x11, 0x20, 0x88,
    0x8, 0x44, 0x83, 0xf0, 0x0, 0x0,

    /* U+5148 "先" */
    0x2, 0x1, 0x10, 0x8, 0x80, 0x7f, 0xc4, 0x20,
    0x41, 0xb, 0xff, 0xc1, 0x20, 0x9, 0x0, 0xc8,
    0x4, 0x40, 0x42, 0x24, 0x1f, 0x0,

    /* U+5149 "光" */
    0x2, 0x0, 0x88, 0xc1, 0x22, 0x4, 0x90, 0xa,
    0x1, 0xff, 0xe0, 0x50, 0x2, 0x40, 0x9, 0x0,
    0x24, 0x1, 0x10, 0x84, 0x42, 0x60, 0xf8,

    /* U+514B "克" */
    0x2, 0x0, 0x20, 0xff, 0xf0, 0x20, 0x3f, 0xc2,
    0x4, 0x20, 0x43, 0xfc, 0x29, 0x40, 0x90, 0x9,
    0x1, 0x11, 0x61, 0xf0,

    /* U+514D "免" */
    0x8, 0x0, 0xfc, 0x4, 0x20, 0x42, 0x47, 0xff,
    0x51, 0x10, 0x88, 0x87, 0xfc, 0x25, 0x0, 0x28,
    0x2, 0x40, 0x22, 0x16, 0x1f, 0x80,

    /* U+5151 "兑" */
    0x10, 0x40, 0x44, 0x1, 0x40, 0x7f, 0xc2, 0x2,
    0x10, 0x10, 0x80, 0x87, 0xfc, 0x9, 0x0, 0x48,
    0x2, 0x40, 0x22, 0x26, 0x1f, 0x80,

    /* U+5154 "兔" */
    0x8, 0x0, 0x7e, 0x3, 0x8, 0x8, 0x48, 0x7f,
    0xf2, 0x88, 0x82, 0x22, 0xf, 0xf8, 0x23, 0x0,
    0x14, 0x80, 0x90, 0x4, 0x42, 0x61, 0xf8,

    /* U+515A "党" */
    0x2, 0x0, 0x93, 0x2, 0xa0, 0x7f, 0xf4, 0x1,
    0x6f, 0xe0, 0x41, 0x2, 0x8, 0x1f, 0xc0, 0x28,
    0x2, 0x40, 0x12, 0x17, 0x1f, 0x80,

    /* U+515C "兜" */
    0x2, 0x0, 0x20, 0x1b, 0xfc, 0x92, 0x24, 0xf1,
    0x24, 0x89, 0xfd, 0xc9, 0x2, 0x9, 0x0, 0xc8,
    0x4, 0x40, 0x42, 0x2c, 0x1f, 0x80,

    /* U+5162 "兢" */
    0x10, 0x40, 0x51, 0xf, 0xff, 0xc4, 0x10, 0x7d,
    0xf9, 0x14, 0x44, 0x51, 0x1f, 0x7c, 0x69, 0xa0,
    0xa2, 0x82, 0xea, 0x12, 0x4a, 0x42, 0x38, 0x0,
    0x0,

    /* U+5165 "入" */
    0x0, 0x0, 0x18, 0x0, 0x20, 0x0, 0x80, 0x3,
    0x0, 0xc, 0x0, 0x50, 0x1, 0x20, 0x8, 0x80,
    0x21, 0x1, 0x2, 0x8, 0xe, 0x40, 0x8,

    /* U+5168 "全" */
    0x0, 0x0, 0x10, 0x1, 0x40, 0x11, 0x81, 0x6,
    0x10, 0x3d, 0xff, 0xe0, 0x40, 0x2, 0x1, 0xff,
    0x0, 0x80, 0x4, 0x0, 0x21, 0x7f, 0xfc,

    /* U+516B "八" */
    0x11, 0x0, 0x88, 0x4, 0x40, 0x22, 0x1, 0x10,
    0x8, 0x40, 0x42, 0x4, 0x8, 0x20, 0x42, 0x3,
    0x20, 0xc, 0x0, 0x20,

    /* U+516C "公" */
    0x0, 0x80, 0x32, 0x0, 0x84, 0x4, 0x10, 0x10,
    0x20, 0x88, 0x44, 0x20, 0x81, 0x0, 0x4, 0x80,
    0x21, 0x1, 0x2, 0xb, 0xf4, 0x10, 0x10, 0x0,
    0x0,

    /* U+516D "六" */
    0x8, 0x0, 0x20, 0x0, 0x80, 0x4, 0x4f, 0xff,
    0x0, 0x0, 0x2, 0x3, 0x8, 0x10, 0x41, 0x1,
    0x8, 0x4, 0x80, 0x28, 0x0, 0x0,

    /* U+5170 "兰" */
    0x0, 0x1, 0x8, 0x8, 0x80, 0x92, 0xff, 0xf0,
    0x0, 0x0, 0x47, 0xfe, 0x0, 0x0, 0x0, 0x0,
    0x1f, 0xff,

    /* U+5171 "共" */
    0x8, 0x40, 0x21, 0x0, 0x84, 0x9f, 0xfe, 0x8,
    0x40, 0x21, 0x0, 0x84, 0x2, 0x12, 0xff, 0xfc,
    0x2, 0x0, 0xc6, 0x4, 0x4, 0x20, 0x9, 0x0,
    0x0,

    /* U+5173 "关" */
    0x10, 0x40, 0x44, 0x1, 0x48, 0xff, 0xe0, 0x20,
    0x1, 0x0, 0x8, 0x5f, 0xff, 0x2, 0x0, 0x28,
    0x1, 0x20, 0x10, 0x83, 0x3, 0xa0, 0x0,

    /* U+5174 "兴" */
    0x4, 0x22, 0x23, 0x19, 0x90, 0x44, 0x82, 0x8,
    0x0, 0x8b, 0xff, 0xe0, 0x20, 0x10, 0xc1, 0x81,
    0x8, 0x5, 0x80, 0x20, 0x0, 0x0,

    /* U+5175 "兵" */
    0x0, 0xc0, 0xb8, 0x6, 0x0, 0x20, 0x1, 0xff,
    0x8, 0x40, 0x42, 0x2, 0x12, 0xff, 0xf8, 0x40,
    0x2, 0x10, 0x60, 0x44, 0x1, 0x40, 0x0,

    /* U+5176 "其" */
    0x10, 0x80, 0x42, 0x8f, 0xff, 0x4, 0x20, 0x1f,
    0x80, 0x42, 0x1, 0x8, 0x7, 0xe0, 0x10, 0x83,
    0xff, 0xc0, 0x18, 0x6, 0x18, 0x60, 0x12, 0x0,
    0x0,

    /* U+5177 "具" */
    0x0, 0x40, 0x7f, 0x1, 0x4, 0x7, 0xf0, 0x10,
    0x40, 0x7f, 0x1, 0x4, 0x7, 0xf0, 0x10, 0x53,
    0xff, 0xe0, 0x88, 0x4, 0x1c, 0x60, 0xa, 0x0,
    0x0,

    /* U+5178 "典" */
    0x4, 0x80, 0x9, 0x0, 0xff, 0xc1, 0x24, 0x82,
    0x49, 0x7, 0xfe, 0x9, 0x24, 0x12, 0x48, 0x24,
    0x91, 0xff, 0xf8, 0x1, 0x0, 0x61, 0x83, 0x0,
    0x88, 0x0, 0x0,

    /* U+517B "养" */
    0x8, 0x40, 0x24, 0x1f, 0xfc, 0x4, 0x43, 0xff,
    0x2, 0xb, 0xff, 0xe1, 0x10, 0x38, 0xe2, 0x44,
    0xc2, 0x20, 0x21, 0x2, 0x8, 0x0,

    /* U+517C "兼" */
    0x10, 0x40, 0x22, 0x7, 0xff, 0x81, 0x20, 0x3f,
    0xf0, 0x12, 0x47, 0xff, 0xc1, 0x24, 0x3f, 0xf0,
    0x33, 0x1, 0x4a, 0x9, 0x26, 0xc4, 0x80,

    /* U+517D "兽" */
    0x8, 0x80, 0x24, 0xf, 0xfc, 0x44, 0x43, 0xfe,
    0x11, 0x10, 0xff, 0x80, 0x1, 0x7f, 0xf1, 0xff,
    0x8, 0x8, 0x7f, 0xc2, 0x2, 0x0,

    /* U+5180 "冀" */
    0x5, 0x23, 0xea, 0x1, 0x64, 0xf9, 0x83, 0xfe,
    0x11, 0x10, 0xff, 0x87, 0xfc, 0x8, 0x81, 0xff,
    0xbf, 0xfc, 0x19, 0x83, 0x3, 0x60, 0x0,

    /* U+5185 "内" */
    0x0, 0x0, 0x40, 0x4, 0xf, 0xfe, 0x84, 0x28,
    0x42, 0x8a, 0x28, 0x92, 0x90, 0xae, 0xa, 0x80,
    0x28, 0x2, 0x80, 0x60,

    /* U+5188 "冈" */
    0x0, 0xf, 0xfe, 0x80, 0x28, 0x1a, 0x91, 0x28,
    0x92, 0x86, 0x28, 0x62, 0x89, 0x29, 0x1a, 0xa0,
    0xa8, 0x2, 0x80, 0xe0,

    /* U+518C "册" */
    0x0, 0x0, 0xf7, 0xc2, 0x51, 0x9, 0x44, 0x25,
    0x10, 0x94, 0x4f, 0xff, 0xc9, 0x44, 0x25, 0x10,
    0x94, 0x42, 0x51, 0x11, 0x84, 0x5e, 0x50, 0x0,
    0x80,

    /* U+518D "再" */
    0x0, 0x17, 0xff, 0xc0, 0x80, 0x7f, 0xc2, 0x22,
    0x11, 0x10, 0xff, 0x84, 0x44, 0x22, 0x27, 0xff,
    0xc8, 0x8, 0x40, 0x42, 0x6, 0x0,

    /* U+5192 "冒" */
    0x0, 0x5f, 0xfa, 0x5, 0x4f, 0xab, 0xfd, 0x0,
    0x9f, 0xe2, 0x4, 0x7f, 0x88, 0x11, 0xfe, 0x20,
    0x47, 0xf8,

    /* U+5195 "冕" */
    0x0, 0x1, 0xff, 0x8b, 0xf4, 0x5f, 0xa2, 0x41,
    0x4, 0x40, 0x7f, 0xce, 0x22, 0x11, 0x10, 0xff,
    0x80, 0xa0, 0x9, 0x17, 0x8f, 0x80,

    /* U+5197 "冗" */
    0x3f, 0xf2, 0x0, 0x90, 0x8, 0x1f, 0x0, 0x88,
    0x4, 0x40, 0x22, 0x1, 0x10, 0x8, 0x80, 0x84,
    0x8, 0x24, 0x81, 0xf0,

    /* U+5199 "写" */
    0x0, 0x7, 0xff, 0x40, 0x19, 0x4, 0x1f, 0xe2,
    0x0, 0x3f, 0xe0, 0x4, 0x1, 0x4f, 0xf4, 0x0,
    0x40, 0x8, 0x3, 0x80,

    /* U+519B "军" */
    0x7f, 0xf4, 0x20, 0xa2, 0x0, 0xff, 0xc1, 0x0,
    0x11, 0x0, 0xff, 0x80, 0x42, 0xff, 0xf8, 0x10,
    0x0, 0x80, 0x4, 0x0,

    /* U+519C "农" */
    0x2, 0x0, 0x10, 0x0, 0x80, 0x7f, 0xf2, 0x61,
    0x23, 0x0, 0x34, 0x41, 0x24, 0x18, 0xc1, 0x44,
    0x12, 0x11, 0x12, 0x40, 0xe1, 0x84, 0x0,

    /* U+51A0 "冠" */
    0x3f, 0xf2, 0x0, 0xa0, 0x0, 0xf8, 0x40, 0x1f,
    0xff, 0x90, 0xa2, 0x85, 0x4, 0x28, 0x21, 0x43,
    0x52, 0x3, 0x1f, 0xf0,

    /* U+51A4 "冤" */
    0x7f, 0xf4, 0xc1, 0x8f, 0x83, 0x10, 0x3f, 0xee,
    0x22, 0x22, 0x23, 0xfe, 0x5, 0x80, 0x54, 0x19,
    0x16, 0x1f,

    /* U+51AC "冬" */
    0xc, 0x0, 0x40, 0x7, 0xf0, 0x21, 0x82, 0x98,
    0x22, 0x80, 0x18, 0x1, 0x38, 0x36, 0x32, 0x8,
    0xc, 0x0, 0x1e, 0x0, 0x8, 0x0,

    /* U+51AF "冯" */
    0x0, 0x24, 0x3f, 0x10, 0x8, 0x24, 0x41, 0x42,
    0x12, 0x10, 0x90, 0x84, 0xff, 0x40, 0x4e, 0x7f,
    0x50, 0x2, 0x80, 0x24, 0x3, 0x0,

    /* U+51B0 "冰" */
    0x1, 0x4, 0x8, 0x10, 0x40, 0x2, 0x21, 0xf2,
    0x12, 0xe0, 0x96, 0x8, 0xb0, 0x49, 0x42, 0x49,
    0x14, 0x4c, 0x82, 0x24, 0x70, 0x0,

    /* U+51B2 "冲" */
    0x0, 0x84, 0x4, 0x10, 0x20, 0x3f, 0xe2, 0x89,
    0x14, 0x49, 0x22, 0x49, 0xfe, 0x48, 0x92, 0x4,
    0x10, 0x20, 0x81, 0x0, 0x8, 0x0,

    /* U+51B3 "决" */
    0x1, 0x4, 0x8, 0x10, 0x40, 0x1f, 0xc1, 0x12,
    0x10, 0x90, 0x84, 0xc7, 0xff, 0x41, 0x2, 0x14,
    0x10, 0xa0, 0x88, 0x84, 0x83, 0x18, 0x8,

    /* U+51B5 "况" */
    0x0, 0x6, 0x3f, 0xd3, 0x4, 0x28, 0x21, 0x41,
    0x13, 0xf8, 0x95, 0x48, 0x28, 0xc2, 0x42, 0x12,
    0x10, 0x90, 0x88, 0x90, 0x87, 0x80,

    /* U+51B6 "冶" */
    0x0, 0x83, 0x4, 0x6, 0x24, 0x5, 0xc, 0x18,
    0x18, 0xb7, 0xa2, 0x1, 0x9, 0xfc, 0x44, 0x11,
    0x10, 0x44, 0x41, 0x11, 0xfc, 0x44, 0x10,

    /* U+51B7 "冷" */
    0x0, 0x82, 0xc, 0xa, 0x50, 0x24, 0x41, 0x51,
    0xc, 0x4c, 0x81, 0x45, 0xfe, 0x40, 0x36, 0x1,
    0x10, 0x90, 0x83, 0x4, 0x4, 0x0, 0x0,

    /* U+51BB "冻" */
    0x1, 0x6, 0x10, 0x13, 0xfe, 0x4, 0x1, 0x48,
    0x12, 0x48, 0xbf, 0xe4, 0x10, 0x46, 0xc6, 0x25,
    0x12, 0x24, 0xa1, 0x24, 0x18, 0x0,

    /* U+51C0 "净" */
    0x2, 0x2, 0x3e, 0x9, 0x20, 0x31, 0x2, 0xfe,
    0x18, 0x90, 0xff, 0xe8, 0x24, 0xcf, 0xe2, 0x9,
    0x10, 0x40, 0x82, 0x4, 0x30, 0x0,

    /* U+51C4 "凄" */
    0x1, 0x4, 0xff, 0x90, 0x40, 0x1f, 0xc2, 0x12,
    0x1f, 0xfd, 0x4, 0x88, 0xde, 0xdf, 0xfa, 0x22,
    0x13, 0x20, 0x87, 0x81, 0xe3, 0x0,

    /* U+51C6 "准" */
    0x1, 0x4, 0x14, 0x11, 0x24, 0x2f, 0xe2, 0x48,
    0x16, 0x40, 0xdf, 0xc8, 0x90, 0x47, 0xf2, 0x24,
    0x11, 0x24, 0x8f, 0xf4, 0x40, 0x0,

    /* U+51C9 "凉" */
    0x1, 0x1, 0x2, 0x22, 0xff, 0x80, 0x0, 0x7,
    0xf0, 0x50, 0x42, 0x41, 0x9, 0xfc, 0x44, 0x83,
    0x1a, 0x44, 0x48, 0x92, 0x22, 0x41, 0x80,

    /* U+51CC "凌" */
    0x1, 0x4, 0x9, 0x13, 0xfc, 0x2, 0x22, 0xff,
    0x13, 0x31, 0x28, 0x4a, 0xfc, 0x44, 0x42, 0x56,
    0x14, 0x60, 0x85, 0x5, 0x87, 0x80,

    /* U+51CF "减" */
    0x0, 0x84, 0x5, 0x93, 0xfe, 0x11, 0x2, 0xf9,
    0x14, 0x29, 0x3d, 0x89, 0xac, 0xcd, 0x62, 0x7a,
    0x15, 0x38, 0xa1, 0x66, 0x31, 0x80,

    /* U+51D1 "凑" */
    0x1, 0x84, 0x8, 0x13, 0xfc, 0x24, 0x42, 0x7d,
    0xf, 0xf8, 0x91, 0x9, 0xfc, 0x51, 0x32, 0x7f,
    0x10, 0x40, 0x85, 0x84, 0xc2, 0x0, 0x0,

    /* U+51DB "凛" */
    0x2, 0x4, 0x8, 0x17, 0xfe, 0x3f, 0xe2, 0xbd,
    0x16, 0x29, 0x3f, 0xc9, 0x2, 0x4f, 0xf2, 0xff,
    0xd0, 0x50, 0x92, 0x65, 0x31, 0x0,

    /* U+51DD "凝" */
    0x10, 0x4, 0x9f, 0x97, 0x8, 0x20, 0x83, 0xe2,
    0x2c, 0xf9, 0x79, 0x49, 0x2a, 0x7f, 0x72, 0x4a,
    0x13, 0x50, 0xa5, 0x82, 0x47, 0x0,

    /* U+51E0 "几" */
    0x0, 0x80, 0xfc, 0x4, 0x20, 0x21, 0x1, 0x8,
    0x8, 0x40, 0x42, 0x2, 0x10, 0x10, 0x80, 0x84,
    0x8, 0x20, 0x41, 0x24, 0xf, 0x80, 0x0,

    /* U+51E1 "凡" */
    0x0, 0x40, 0x7f, 0x1, 0x4, 0x4, 0x10, 0x10,
    0x40, 0x49, 0x1, 0x14, 0x4, 0x50, 0x10, 0x40,
    0x81, 0x2, 0x4, 0x10, 0x12, 0x80, 0x7c,

    /* U+51E4 "凤" */
    0x0, 0x0, 0xff, 0x82, 0x2, 0xb, 0xe8, 0x20,
    0xa0, 0x84, 0x82, 0x52, 0x8, 0xc8, 0x23, 0x20,
    0x96, 0x84, 0x89, 0x14, 0x26, 0x80, 0x8, 0x0,
    0x0,

    /* U+51EB "凫" */
    0x4, 0x0, 0x20, 0xf, 0xf0, 0x48, 0x82, 0x24,
    0x10, 0x40, 0xff, 0xc0, 0x2, 0x1f, 0x10, 0x8b,
    0x84, 0x40, 0x42, 0x14, 0x1f, 0x80,

    /* U+51ED "凭" */
    0x10, 0xe2, 0x70, 0x21, 0xe, 0xff, 0x21, 0x2,
    0x12, 0x2f, 0xf2, 0x0, 0xf, 0x81, 0x8, 0x10,
    0x81, 0x9, 0x60, 0xf0,

    /* U+51EF "凯" */
    0x20, 0x25, 0x2f, 0x29, 0x49, 0x4a, 0x45, 0x92,
    0x7c, 0x90, 0x24, 0x91, 0x24, 0xf9, 0x24, 0x9,
    0x22, 0x8b, 0x64, 0x5c, 0xc3, 0x80,

    /* U+51F0 "凰" */
    0x0, 0x10, 0xff, 0xc2, 0x31, 0xb, 0xf4, 0x28,
    0x50, 0xbf, 0x42, 0xfd, 0xa, 0x14, 0x2f, 0xf0,
    0x88, 0x44, 0xff, 0x50, 0x8b, 0x5f, 0xfe, 0x0,
    0x0,

    /* U+51F3 "凳" */
    0x4, 0x3, 0xea, 0x6, 0x2c, 0x3e, 0xc7, 0xff,
    0x88, 0x20, 0x7f, 0x1, 0x10, 0xff, 0xf8, 0x7c,
    0x2, 0x20, 0x21, 0x6, 0xf, 0x80,

    /* U+51F6 "凶" */
    0x0, 0x80, 0x84, 0x12, 0x24, 0x8a, 0x24, 0x31,
    0x21, 0x89, 0x16, 0x48, 0x92, 0x48, 0xd2, 0x82,
    0x98, 0x4, 0xff, 0xe0, 0x1, 0x0,

    /* U+51F8 "凸" */
    0x1f, 0x1, 0x10, 0x11, 0x1, 0x10, 0x11, 0xf,
    0x1e, 0x90, 0x28, 0x2, 0x80, 0x28, 0x2, 0xff,
    0xe8, 0x2,

    /* U+51F9 "凹" */
    0x0, 0x2f, 0x1e, 0x91, 0x29, 0x12, 0x91, 0x29,
    0x12, 0x9f, 0x28, 0x12, 0x80, 0x28, 0x2, 0x80,
    0x2f, 0xfe, 0x80, 0x20,

    /* U+51FA "出" */
    0x4, 0x8, 0x89, 0x11, 0x22, 0x24, 0x45, 0xff,
    0x81, 0x14, 0x21, 0x84, 0x30, 0x86, 0x10, 0xff,
    0xf0, 0x2,

    /* U+51FB "击" */
    0x2, 0x0, 0x11, 0xf, 0xfc, 0x4, 0x0, 0x20,
    0x1, 0xb, 0xff, 0xc0, 0x40, 0x22, 0x21, 0x11,
    0x8, 0x88, 0x44, 0x43, 0xfe, 0x0,

    /* U+51FD "函" */
    0x0, 0x3, 0xff, 0x80, 0x10, 0x3, 0x4, 0xa5,
    0x23, 0x49, 0x1c, 0x4b, 0x72, 0x42, 0x52, 0x70,
    0x90, 0x4, 0xff, 0xe0, 0x1, 0x0,

    /* U+51FF "凿" */
    0x9, 0x4, 0x96, 0x29, 0x42, 0x99, 0xff, 0xf1,
    0x18, 0x4a, 0xa5, 0xfe, 0x44, 0x25, 0xfa, 0x44,
    0x24, 0x42, 0xff, 0xe0,

    /* U+5200 "刀" */
    0x0, 0x27, 0xff, 0x4, 0x20, 0x42, 0x4, 0x20,
    0x42, 0x8, 0x20, 0x82, 0x10, 0x21, 0x2, 0x20,
    0x2c, 0xc,

    /* U+5201 "刁" */
    0x0, 0x7, 0xff, 0x0, 0x20, 0x2, 0x0, 0xa0,
    0x32, 0xc, 0x23, 0x2, 0x40, 0x20, 0x2, 0x0,
    0x40, 0x1c,

    /* U+5203 "刃" */
    0x0, 0x13, 0xff, 0x80, 0x84, 0x4, 0x21, 0x21,
    0x9, 0x8, 0xc8, 0x44, 0x82, 0x4, 0x10, 0x40,
    0x84, 0x8, 0xc0, 0xc0,

    /* U+5206 "分" */
    0x0, 0x0, 0x48, 0x4, 0x20, 0x20, 0x82, 0x6,
    0x20, 0x3a, 0xff, 0x60, 0x88, 0x8, 0x40, 0x42,
    0x4, 0x10, 0x41, 0x84, 0x18, 0x0,

    /* U+5207 "切" */
    0x20, 0x11, 0x3f, 0x88, 0x24, 0x41, 0x22, 0xc9,
    0x78, 0x48, 0x82, 0x44, 0x32, 0x25, 0x11, 0x48,
    0x9c, 0x84, 0x8, 0x41, 0x82, 0x0,

    /* U+520A "刊" */
    0x0, 0x17, 0xf4, 0x84, 0x24, 0x21, 0x21, 0x9,
    0x9, 0x4b, 0xfe, 0x42, 0x12, 0x10, 0x90, 0x84,
    0x84, 0x4, 0x20, 0x21, 0x3, 0x0,

    /* U+5211 "刑" */
    0x0, 0x17, 0xfa, 0x89, 0x14, 0x48, 0xa2, 0x45,
    0x12, 0xab, 0xff, 0x44, 0x8a, 0x24, 0x51, 0x22,
    0x91, 0x4, 0x88, 0x28, 0x43, 0x0,

    /* U+5212 "划" */
    0x20, 0x1, 0x40, 0x49, 0x12, 0x42, 0x97, 0xe4,
    0x91, 0x24, 0x51, 0x22, 0x89, 0x18, 0x48, 0xc2,
    0x49, 0x2, 0x8e, 0x18, 0x13, 0x80,

    /* U+5217 "列" */
    0x1, 0x9, 0xff, 0x21, 0x84, 0x84, 0x12, 0x1f,
    0x48, 0x89, 0x22, 0x24, 0x96, 0x92, 0xc, 0x48,
    0x11, 0x20, 0x84, 0x84, 0x2, 0x20, 0x38, 0x0,
    0x0,

    /* U+5218 "刘" */
    0x10, 0x8, 0x21, 0x20, 0x94, 0x9f, 0xf2, 0x2,
    0x48, 0x19, 0x22, 0x44, 0x87, 0x12, 0xc, 0x48,
    0x39, 0x21, 0x20, 0x88, 0x82, 0x40, 0x18,

    /* U+5219 "则" */
    0x2, 0x13, 0xf0, 0x90, 0xa4, 0xb5, 0x25, 0x29,
    0x29, 0x49, 0x4a, 0x4a, 0x52, 0x52, 0x90, 0xa4,
    0x88, 0x84, 0xc6, 0x28, 0x3, 0x0,

    /* U+521A "刚" */
    0x0, 0x17, 0xf0, 0xa0, 0xa5, 0x95, 0x2a, 0xa9,
    0x59, 0x4a, 0x4a, 0x53, 0x52, 0xaa, 0x95, 0x54,
    0xb0, 0x85, 0x4, 0x28, 0x63, 0x0,

    /* U+521B "创" */
    0x8, 0x8, 0x30, 0x21, 0x24, 0x88, 0x52, 0x41,
    0x49, 0xf9, 0x2a, 0x24, 0x88, 0x92, 0x22, 0x48,
    0x99, 0x22, 0x10, 0x88, 0x42, 0x3f, 0x38, 0x0,
    0x40,

    /* U+521D "初" */
    0x20, 0x0, 0x40, 0x21, 0x5f, 0x9f, 0x12, 0x4,
    0x48, 0x21, 0x21, 0x24, 0x87, 0x12, 0x74, 0x88,
    0x4a, 0x21, 0x10, 0x84, 0x84, 0x14, 0x30,

    /* U+5220 "删" */
    0x0, 0x13, 0xb8, 0x95, 0x54, 0xaa, 0xa5, 0x55,
    0x7f, 0xe9, 0x55, 0x4a, 0xaa, 0x55, 0x52, 0xaa,
    0x95, 0x45, 0x32, 0x2a, 0x93, 0x0,

    /* U+5224 "判" */
    0x10, 0x14, 0x90, 0x95, 0x24, 0xa9, 0x25, 0x9,
    0x7f, 0x48, 0x42, 0x42, 0x52, 0xff, 0x90, 0x84,
    0x88, 0x24, 0x40, 0x24, 0x5, 0x0, 0x10,

    /* U+5228 "刨" */
    0x20, 0x19, 0x12, 0x9f, 0xd4, 0x84, 0xaf, 0xa5,
    0x25, 0x29, 0x29, 0x4f, 0x4a, 0x4a, 0x52, 0x22,
    0x90, 0x4, 0x84, 0x27, 0xf3, 0x0,

    /* U+5229 "利" */
    0x7, 0x9, 0xe1, 0x20, 0x84, 0x82, 0x52, 0x7f,
    0xc8, 0x61, 0x21, 0xc4, 0x8a, 0x92, 0x29, 0x49,
    0x21, 0x28, 0x80, 0x82, 0x2, 0x8, 0x18,

    /* U+522B "别" */
    0x0, 0x13, 0xf0, 0x90, 0xa4, 0x85, 0x27, 0xe9,
    0x28, 0x48, 0x42, 0x5f, 0xd2, 0x22, 0x91, 0x14,
    0x88, 0x84, 0x84, 0x28, 0xc3, 0x0,

    /* U+522E "刮" */
    0xe, 0x13, 0x82, 0x84, 0x14, 0x20, 0xaf, 0xf5,
    0x8, 0x28, 0x41, 0x42, 0x4a, 0x7f, 0x52, 0x12,
    0x90, 0x84, 0xfc, 0x24, 0x23, 0x0,

    /* U+5230 "到" */
    0x2, 0x17, 0xf4, 0x84, 0x24, 0x41, 0x24, 0x69,
    0x7b, 0x48, 0x42, 0x42, 0x12, 0xfe, 0x90, 0x84,
    0x84, 0x24, 0x38, 0x2e, 0x1, 0x0, 0x10,

    /* U+5236 "制" */
    0x28, 0x9, 0xa5, 0x27, 0xf4, 0x92, 0x12, 0x89,
    0x4b, 0xff, 0x20, 0x84, 0x9f, 0xd2, 0x49, 0x49,
    0x25, 0x24, 0x94, 0x92, 0x42, 0x48, 0x18,

    /* U+5237 "刷" */
    0x0, 0x13, 0xf8, 0x90, 0x54, 0xfe, 0xa4, 0x45,
    0x22, 0x29, 0xfd, 0x4c, 0xaa, 0x65, 0x53, 0x2a,
    0xa9, 0x45, 0x4a, 0x20, 0x43, 0x0,

    /* U+5238 "券" */
    0x2, 0x40, 0xa2, 0x3, 0x24, 0xff, 0xe0, 0x80,
    0x7f, 0xfc, 0x41, 0x4, 0xc, 0x5f, 0xdc, 0x22,
    0x42, 0x10, 0x30, 0x82, 0x18, 0x0,

    /* U+5239 "刹" */
    0x2, 0x8, 0xd1, 0x20, 0xc4, 0x84, 0x92, 0x68,
    0x48, 0x25, 0x27, 0xfc, 0x82, 0x12, 0x2a, 0x48,
    0xa5, 0x24, 0x90, 0x82, 0x2, 0x18, 0x18,

    /* U+523A "刺" */
    0x8, 0x10, 0x52, 0xbf, 0xd4, 0x10, 0xa7, 0xf5,
    0x25, 0x29, 0x29, 0x49, 0xca, 0x58, 0x51, 0xf2,
    0x8a, 0x45, 0x90, 0x20, 0x83, 0x0,

    /* U+523B "刻" */
    0x10, 0x8, 0x24, 0x2f, 0xf4, 0x86, 0x12, 0x22,
    0x49, 0x11, 0x27, 0x84, 0x84, 0xd2, 0x22, 0x49,
    0x11, 0x20, 0xa0, 0x84, 0xc2, 0x61, 0x1a, 0x0,
    0x0,

    /* U+523D "刽" */
    0x0, 0x0, 0x70, 0x21, 0x24, 0x88, 0x52, 0x21,
    0x49, 0xf9, 0x20, 0x4, 0x9f, 0xd2, 0x8, 0x48,
    0x51, 0x22, 0x20, 0x91, 0xc2, 0x79, 0x38, 0x0,
    0x0,

    /* U+5242 "剂" */
    0x20, 0x10, 0x80, 0xbf, 0xe4, 0x9, 0x23, 0x89,
    0xe, 0x48, 0x8a, 0x4c, 0x92, 0x24, 0x91, 0x24,
    0x89, 0x4, 0x88, 0x28, 0x43, 0x0,

    /* U+5243 "剃" */
    0x42, 0x8, 0xd1, 0x27, 0xf4, 0x82, 0x52, 0x9,
    0x49, 0xfd, 0x24, 0x84, 0x9f, 0xf2, 0x19, 0x48,
    0x65, 0x22, 0x90, 0x92, 0x2, 0x8, 0x18,

    /* U+524A "削" */
    0x14, 0x29, 0x4a, 0x58, 0xa5, 0x4a, 0xfc, 0xa8,
    0x4a, 0xfc, 0xa8, 0x4a, 0x84, 0xaf, 0xca, 0x84,
    0xa8, 0x42, 0x8c, 0x60,

    /* U+524D "前" */
    0x10, 0x80, 0x90, 0xff, 0xf0, 0x0, 0x7d, 0x24,
    0x52, 0x45, 0x27, 0xd2, 0x45, 0x27, 0xd2, 0x45,
    0x24, 0x42, 0x4c, 0x60,

    /* U+5251 "剑" */
    0x8, 0x0, 0x30, 0x21, 0x24, 0x88, 0x52, 0x20,
    0x49, 0xf9, 0x20, 0x4, 0x94, 0xd2, 0x2a, 0x48,
    0xa9, 0x22, 0x40, 0x81, 0xc2, 0x78, 0x28, 0x0,
    0x40,

    /* U+5254 "剔" */
    0x1, 0x4, 0xfc, 0x22, 0x12, 0x8f, 0xca, 0x21,
    0x28, 0xfc, 0xa1, 0x2, 0x8f, 0xea, 0x2a, 0xa9,
    0x52, 0xa2, 0x90, 0x84, 0x42, 0x23, 0x18,

    /* U+5256 "剖" */
    0x20, 0x10, 0x86, 0xbf, 0xe4, 0x81, 0x22, 0x69,
    0x14, 0x4b, 0xfe, 0x40, 0x12, 0x7e, 0x92, 0x14,
    0x90, 0x84, 0xfc, 0x24, 0x23, 0x0,

    /* U+5265 "剥" */
    0x2, 0x9, 0xf8, 0x20, 0x24, 0x9f, 0x92, 0x2,
    0x4b, 0xff, 0x24, 0x84, 0x8a, 0xd2, 0xc, 0x48,
    0x71, 0x26, 0xb0, 0x82, 0x2, 0x18, 0x38,

    /* U+5267 "剧" */
    0x0, 0x13, 0xf8, 0x90, 0x54, 0xfe, 0xa4, 0x95,
    0x24, 0xa9, 0xff, 0x49, 0xa, 0x7f, 0x53, 0xa,
    0x98, 0x45, 0x7e, 0x2a, 0x13, 0x0,

    /* U+5269 "剩" */
    0x3, 0xd, 0xf1, 0xa0, 0x84, 0xbf, 0xf2, 0x2a,
    0x4b, 0xab, 0x22, 0xbc, 0xba, 0xf2, 0x38, 0x48,
    0xf9, 0x22, 0x90, 0xb2, 0x42, 0x8, 0x18,

    /* U+526A "剪" */
    0x18, 0x80, 0x91, 0x76, 0xe7, 0xd2, 0x45, 0x27,
    0xd2, 0x7d, 0x24, 0xce, 0x0, 0x2f, 0xfe, 0xc,
    0x21, 0x86, 0x60, 0xc0,

    /* U+526F "副" */
    0x1, 0xb, 0xfd, 0x20, 0x4, 0x8f, 0x92, 0x22,
    0x48, 0xf9, 0x20, 0x4, 0x9f, 0xd2, 0x49, 0x49,
    0xfd, 0x24, 0x90, 0x9f, 0xc2, 0x41, 0x18,

    /* U+5272 "割" */
    0x10, 0x10, 0x80, 0x9f, 0xe5, 0x25, 0x27, 0xe9,
    0x9, 0x48, 0xf2, 0x5f, 0xf2, 0x10, 0x93, 0xf4,
    0x90, 0x84, 0xfc, 0x24, 0x23, 0x0,

    /* U+527F "剿" */
    0x49, 0x14, 0x90, 0x92, 0xc4, 0x13, 0x27, 0xf9,
    0x24, 0xc9, 0xfe, 0x4f, 0xf2, 0x9, 0x97, 0xfc,
    0x87, 0x4, 0x56, 0x2c, 0x93, 0x0,

    /* U+5288 "劈" */
    0x0, 0x83, 0xe0, 0x11, 0x7e, 0xfa, 0x44, 0x7f,
    0xbe, 0x22, 0x97, 0xf7, 0x88, 0xff, 0xf0, 0x20,
    0x83, 0x4, 0x30, 0x46, 0xe, 0x0,

    /* U+529B "力" */
    0x4, 0x0, 0x40, 0x4, 0x0, 0x42, 0xff, 0xe0,
    0x42, 0x4, 0x20, 0x82, 0x8, 0x20, 0x82, 0x10,
    0x22, 0x4, 0xc1, 0xc0,

    /* U+529D "劝" */
    0x0, 0x80, 0x24, 0x1f, 0x24, 0x17, 0xe0, 0x89,
    0x24, 0x48, 0xe2, 0x43, 0x12, 0x15, 0x11, 0x28,
    0x88, 0x84, 0x88, 0x48, 0x86, 0x0,

    /* U+529E "办" */
    0x4, 0x0, 0x10, 0x0, 0x44, 0x1f, 0xf0, 0x4,
    0x40, 0x11, 0x2, 0x45, 0x9, 0x12, 0x48, 0x48,
    0x21, 0x1, 0x4, 0x8, 0x20, 0xc3, 0x80,

    /* U+529F "功" */
    0x1, 0x0, 0x48, 0x1c, 0x44, 0x4f, 0xe2, 0x11,
    0x10, 0x88, 0x84, 0x44, 0x22, 0x3e, 0x17, 0x10,
    0xa1, 0x4, 0x10, 0x41, 0xe, 0x0,

    /* U+52A0 "加" */
    0x10, 0x0, 0x40, 0x1, 0x2f, 0xbf, 0xa2, 0x12,
    0x88, 0x4a, 0x21, 0x28, 0x84, 0xa2, 0x22, 0x88,
    0x8a, 0x22, 0x28, 0x91, 0x3e, 0x9c, 0x88,

    /* U+52A1 "务" */
    0x0, 0x0, 0xc2, 0x7, 0xf0, 0x61, 0x84, 0x98,
    0x43, 0x0, 0x37, 0x1e, 0x86, 0x7f, 0xe0, 0x22,
    0x2, 0x10, 0x20, 0x86, 0x8, 0x0,

    /* U+52A3 "劣" */
    0x2, 0x0, 0x94, 0x4, 0x98, 0x44, 0xa4, 0x29,
    0x1, 0x80, 0x3c, 0x1e, 0x40, 0x3f, 0xf0, 0x10,
    0x81, 0x8, 0x10, 0x47, 0xe, 0x0,

    /* U+52A8 "动" */
    0x0, 0x87, 0xe4, 0x0, 0x24, 0x7, 0xe0, 0x49,
    0x7e, 0x48, 0xc2, 0x44, 0x12, 0x49, 0x14, 0x28,
    0xbf, 0x85, 0x4, 0x20, 0xc6, 0x0,

    /* U+52A9 "助" */
    0x8, 0x83, 0xc4, 0x12, 0x20, 0x91, 0x27, 0xbf,
    0x24, 0x49, 0x22, 0x4f, 0x12, 0x49, 0x12, 0x48,
    0x97, 0x85, 0xc8, 0x40, 0x86, 0x0,

    /* U+52AA "努" */
    0x30, 0x1, 0x1f, 0xbf, 0x88, 0x8a, 0x44, 0x8c,
    0x1c, 0x60, 0x9c, 0xf8, 0x80, 0x7f, 0xe0, 0x21,
    0x2, 0x10, 0x20, 0x86, 0x1c, 0x0,

    /* U+52AB "劫" */
    0x0, 0x80, 0x84, 0x5, 0x20, 0xf1, 0x21, 0x1f,
    0x8, 0x4b, 0xfa, 0x43, 0x12, 0x28, 0x91, 0x28,
    0xb6, 0xc4, 0xc4, 0x20, 0x46, 0x0,

    /* U+52B1 "励" */
    0x0, 0x43, 0xfa, 0x10, 0x94, 0xf9, 0xe5, 0x5,
    0x29, 0x29, 0x79, 0x4a, 0x4a, 0x52, 0x53, 0x14,
    0xa8, 0xa5, 0x4e, 0x24, 0xe2, 0x0,

    /* U+52B2 "劲" */
    0x0, 0x47, 0xf2, 0x1, 0x10, 0x13, 0xf1, 0x84,
    0x93, 0x27, 0x11, 0x2f, 0xc9, 0x10, 0x88, 0x84,
    0x44, 0x24, 0x7e, 0x2c, 0x23, 0x0,

    /* U+52B3 "劳" */
    0x8, 0x80, 0x44, 0xbf, 0xfe, 0x0, 0x3, 0xff,
    0x20, 0xb, 0x8, 0xf, 0xfc, 0x4, 0x20, 0x21,
    0x2, 0x8, 0x20, 0x86, 0x1c, 0x0,

    /* U+52BF "势" */
    0x10, 0x80, 0xa4, 0x3f, 0xf8, 0x21, 0x4f, 0x9a,
    0x8, 0xb0, 0xc8, 0x62, 0xc0, 0x7f, 0xe0, 0x21,
    0x1, 0x8, 0x30, 0xc6, 0xc, 0x0,

    /* U+52C3 "勃" */
    0x10, 0x40, 0x92, 0x3f, 0xd0, 0x20, 0x97, 0xef,
    0xc2, 0x25, 0xf1, 0x21, 0x9, 0x10, 0x97, 0xf4,
    0x84, 0x44, 0x22, 0x23, 0x22, 0x0,

    /* U+52C7 "勇" */
    0x0, 0x7, 0xfe, 0x1, 0x23, 0xfe, 0x22, 0x23,
    0xfe, 0x3f, 0xe2, 0x22, 0x22, 0x7, 0xff, 0x4,
    0x20, 0x82, 0x70, 0xc0,

    /* U+52C9 "勉" */
    0x20, 0x41, 0xe2, 0x12, 0x10, 0x93, 0xf7, 0xe5,
    0x69, 0x29, 0x49, 0x4f, 0xd2, 0x58, 0x90, 0xc8,
    0x8a, 0x88, 0x50, 0x24, 0xff, 0x80,

    /* U+52CB "勋" */
    0x0, 0x0, 0xf9, 0x2, 0x44, 0x8f, 0x7e, 0x0,
    0x49, 0xf9, 0x24, 0x24, 0x92, 0x92, 0x4a, 0x49,
    0x2a, 0x25, 0x48, 0x84, 0xc2, 0x62, 0x30,

    /* U+52D2 "勒" */
    0x24, 0x40, 0x91, 0xf, 0xf4, 0x9, 0x12, 0x18,
    0xf9, 0xfd, 0x25, 0x24, 0x94, 0x92, 0x7e, 0x8b,
    0xfe, 0x21, 0x8, 0x84, 0x44, 0x12, 0x30,

    /* U+52D8 "勘" */
    0x24, 0x42, 0x22, 0x3f, 0xd0, 0x88, 0xa3, 0xdf,
    0xa2, 0x29, 0xf1, 0x5f, 0xea, 0x54, 0x53, 0x94,
    0x99, 0xa5, 0xfe, 0x20, 0x22, 0x0,

    /* U+52DF "募" */
    0x8, 0x81, 0xff, 0xe0, 0x8, 0x7, 0xf8, 0x10,
    0x20, 0x7f, 0x81, 0xfe, 0x1, 0x2, 0x3b, 0xf0,
    0x7f, 0x86, 0x45, 0x82, 0x10, 0x30, 0x80,

    /* U+52E4 "勤" */
    0x20, 0x43, 0xfd, 0x2, 0x44, 0x8e, 0x7e, 0x4a,
    0x49, 0xf9, 0x27, 0xe4, 0x83, 0x12, 0x3a, 0x89,
    0xfa, 0x20, 0x88, 0x8f, 0xc2, 0x42, 0x30,

    /* U+52FA "勺" */
    0x10, 0x0, 0x80, 0xc, 0x4, 0x7f, 0xe2, 0x1,
    0x28, 0xa, 0x30, 0x40, 0xc2, 0x2, 0x10, 0x0,
    0x80, 0x4, 0x0, 0x40, 0xe, 0x0,

    /* U+52FE "勾" */
    0x10, 0x0, 0x80, 0x8f, 0xfc, 0x40, 0x24, 0x41,
    0x44, 0x8, 0x20, 0x42, 0x42, 0x21, 0x12, 0x34,
    0x8e, 0x28, 0x0, 0x40, 0xe, 0x0,

    /* U+52FF "勿" */
    0x10, 0x0, 0x80, 0x4, 0x4, 0x7f, 0xe2, 0x49,
    0x22, 0x4a, 0x24, 0x42, 0x22, 0x11, 0x11, 0x10,
    0x91, 0x8, 0x10, 0x41, 0x4, 0x0,

    /* U+5300 "匀" */
    0x18, 0x0, 0x80, 0x87, 0xfc, 0x40, 0x23, 0x1,
    0x27, 0xa, 0xc, 0x40, 0xa, 0x3, 0x90, 0xe0,
    0x88, 0x8, 0x0, 0x40, 0xe, 0x0,

    /* U+5305 "包" */
    0x18, 0x0, 0x81, 0xf, 0xf8, 0x40, 0x47, 0xf2,
    0x50, 0x90, 0x84, 0x84, 0x24, 0x3f, 0x21, 0x6,
    0x8, 0x4, 0x40, 0x23, 0xff, 0x80,

    /* U+5306 "匆" */
    0x0, 0x0, 0x80, 0x4, 0x4, 0x7f, 0xe2, 0x49,
    0x22, 0x49, 0x22, 0x53, 0x22, 0x17, 0x10, 0x9c,
    0x88, 0xa4, 0x88, 0x20, 0x82, 0x8, 0x70,

    /* U+5308 "匈" */
    0x18, 0x0, 0x80, 0xf, 0xfe, 0x40, 0x14, 0x10,
    0xd7, 0x24, 0x89, 0x24, 0xe9, 0x29, 0x49, 0x2,
    0x9f, 0xf4, 0x0, 0xa0, 0x3, 0x0,

    /* U+5315 "匕" */
    0x80, 0x20, 0x8, 0x1a, 0x8, 0x8c, 0x2c, 0xc,
    0x2, 0x0, 0x80, 0x20, 0x28, 0xb, 0xff,

    /* U+5316 "化" */
    0x0, 0x0, 0x90, 0x4, 0x80, 0x44, 0x62, 0x26,
    0x31, 0x62, 0x8c, 0x4, 0xc0, 0x22, 0x1, 0x10,
    0x8, 0x80, 0x44, 0x22, 0x3f, 0x80,

    /* U+5317 "北" */
    0x9, 0x0, 0x48, 0x2, 0x40, 0x12, 0x2f, 0x92,
    0x4, 0xa0, 0x26, 0x1, 0x20, 0x9, 0x0, 0xc8,
    0x3a, 0x41, 0x12, 0x20, 0x9f, 0x80,

    /* U+5319 "匙" */
    0x0, 0x3, 0xf4, 0x11, 0x20, 0xf9, 0x24, 0x4b,
    0x3d, 0x63, 0xfe, 0x2, 0x11, 0x56, 0x8a, 0xc7,
    0xec, 0x1, 0x20, 0x0, 0xff, 0x80,

    /* U+5320 "匠" */
    0x0, 0x2f, 0xff, 0x80, 0x8, 0x7c, 0x98, 0x29,
    0xfe, 0x91, 0x9, 0x10, 0x91, 0xa, 0x10, 0xa1,
    0x8, 0x0, 0xff, 0xf0, 0x0,

    /* U+5323 "匣" */
    0x0, 0x2f, 0xff, 0x80, 0xb, 0xfc, 0xa2, 0x4b,
    0xfc, 0xa2, 0x4a, 0x24, 0xbf, 0xc8, 0x20, 0x82,
    0x8, 0x20, 0xff, 0xf0, 0x0,

    /* U+532A "匪" */
    0x0, 0x2f, 0xff, 0x89, 0x8, 0x90, 0xb9, 0xe8,
    0x90, 0xb9, 0xe8, 0x92, 0xf9, 0xf8, 0x90, 0x89,
    0x8, 0x10, 0xff, 0xf0, 0x0,

    /* U+5339 "匹" */
    0x0, 0x2f, 0xff, 0x89, 0x8, 0x90, 0x89, 0x8,
    0x90, 0x89, 0x9, 0x12, 0x91, 0xfa, 0x0, 0x80,
    0x8, 0x0, 0xff, 0xf0, 0x0,

    /* U+533A "区" */
    0x0, 0x2f, 0xfe, 0x80, 0x8, 0xc, 0x91, 0x88,
    0xd0, 0x82, 0x8, 0x50, 0x88, 0x89, 0x8, 0xa0,
    0x8, 0x2, 0xff, 0xf0, 0x0,

    /* U+533B "医" */
    0x0, 0x2f, 0xff, 0x88, 0x8, 0x84, 0x9f, 0xea,
    0x22, 0xbf, 0xf8, 0x20, 0x85, 0x88, 0x8c, 0x90,
    0x48, 0x0, 0xff, 0xf0, 0x0,

    /* U+533E "匾" */
    0x0, 0x2f, 0xff, 0x82, 0xb, 0xfc, 0xa0, 0x4b,
    0xfc, 0xbf, 0xeb, 0x54, 0xbf, 0xcd, 0x54, 0xd5,
    0x48, 0x0, 0xff, 0xf0, 0x0,

    /* U+533F "匿" */
    0x0, 0xf, 0xff, 0x88, 0xab, 0xff, 0x88, 0x88,
    0x62, 0x9d, 0xc8, 0xfc, 0x98, 0x4a, 0x84, 0x8f,
    0xc8, 0x1, 0xff, 0xf0, 0x0,

    /* U+5341 "十" */
    0x2, 0x0, 0x10, 0x0, 0x80, 0x4, 0x0, 0x21,
    0x7f, 0xfc, 0x8, 0x0, 0x40, 0x2, 0x0, 0x10,
    0x0, 0x80, 0x4, 0x0, 0x20, 0x0,

    /* U+5343 "千" */
    0x1, 0xe3, 0x70, 0x0, 0x80, 0x4, 0x0, 0x21,
    0x7f, 0xfc, 0x8, 0x0, 0x40, 0x2, 0x0, 0x10,
    0x0, 0x80, 0x4, 0x0,

    /* U+5347 "升" */
    0x0, 0x40, 0x3d, 0x7, 0x84, 0x2, 0x10, 0x8,
    0x40, 0x21, 0x2f, 0xff, 0xc2, 0x10, 0x8, 0x40,
    0x21, 0x1, 0x4, 0x8, 0x10, 0x40, 0x40,

    /* U+5348 "午" */
    0x10, 0x0, 0x81, 0xf, 0xfc, 0x44, 0x4, 0x20,
    0x61, 0x0, 0x8, 0x5f, 0xff, 0x2, 0x0, 0x10,
    0x0, 0x80, 0x4, 0x0, 0x20, 0x0,

    /* U+534A "半" */
    0x2, 0x1, 0x11, 0x4, 0x90, 0x14, 0x80, 0x28,
    0x3f, 0xf8, 0x8, 0x0, 0x42, 0xff, 0xf8, 0x10,
    0x0, 0x80, 0x4, 0x0, 0x20, 0x0,

    /* U+534E "华" */
    0x9, 0x0, 0x44, 0x61, 0x16, 0xc, 0x60, 0xd3,
    0x0, 0x54, 0x21, 0x1f, 0x80, 0x80, 0x2, 0xb,
    0xff, 0xe0, 0x20, 0x0, 0x80, 0x2, 0x0,

    /* U+534F "协" */
    0x21, 0x0, 0x84, 0x2, 0x10, 0x9, 0xf8, 0xf9,
    0x20, 0x94, 0x82, 0x53, 0x9, 0x4a, 0x2a, 0x28,
    0x88, 0x82, 0x42, 0x9, 0x8, 0x28, 0xc0,

    /* U+5351 "卑" */
    0x0, 0x0, 0x21, 0xf, 0xf8, 0x44, 0x43, 0xfe,
    0x11, 0x10, 0xff, 0x85, 0x20, 0x11, 0x17, 0xff,
    0xc0, 0x40, 0x2, 0x0, 0x10, 0x0,

    /* U+5352 "卒" */
    0x2, 0x0, 0x8, 0x9f, 0xfc, 0x30, 0x81, 0x8,
    0x14, 0xb1, 0x10, 0x80, 0x42, 0xff, 0xf8, 0x10,
    0x0, 0x80, 0x4, 0x0, 0x20, 0x0,

    /* U+5353 "卓" */
    0x2, 0x0, 0x10, 0x0, 0xfc, 0x4, 0x3, 0xde,
    0x1f, 0xf0, 0x80, 0x84, 0x4, 0x3f, 0xe1, 0x11,
    0xbf, 0xfe, 0x4, 0x0, 0x20, 0x0,

    /* U+5355 "单" */
    0x10, 0x40, 0x44, 0x1, 0x40, 0x7f, 0xc2, 0x22,
    0x1f, 0xf0, 0x88, 0x87, 0xfc, 0x22, 0x20, 0x10,
    0xbf, 0xfe, 0x4, 0x0, 0x20, 0x0,

    /* U+5356 "卖" */
    0x2, 0x0, 0x10, 0x1f, 0xfc, 0x4, 0xf, 0xff,
    0xc, 0x88, 0x14, 0x82, 0x20, 0x9, 0x17, 0xff,
    0xc0, 0x90, 0x8, 0x61, 0x81, 0xf0, 0x0,

    /* U+5357 "南" */
    0x2, 0x0, 0x22, 0xff, 0xf0, 0x20, 0x7f, 0xe5,
    0x12, 0x49, 0x25, 0xfa, 0x42, 0xa5, 0xfa, 0x42,
    0x24, 0x22, 0x42, 0x60,

    /* U+535A "博" */
    0x20, 0x81, 0x4, 0x8b, 0xfe, 0x49, 0x2f, 0xff,
    0x13, 0xf8, 0x9f, 0xc4, 0x92, 0x24, 0xb1, 0x7f,
    0xc8, 0x50, 0x42, 0x82, 0x4, 0x0,

    /* U+535C "卜" */
    0x80, 0x80, 0x80, 0x80, 0xc0, 0xb0, 0x8c, 0x86,
    0x80, 0x80, 0x80, 0x80, 0x80,

    /* U+5360 "占" */
    0x8, 0x1, 0x0, 0x21, 0x7, 0xf0, 0x80, 0x10,
    0x2, 0x7, 0xfc, 0x80, 0x90, 0x12, 0x2, 0x7f,
    0xc8, 0x8,

    /* U+5361 "卡" */
    0x2, 0x0, 0x11, 0x0, 0xfc, 0x4, 0x0, 0x20,
    0xff, 0xfc, 0x8, 0x0, 0x60, 0x2, 0xe0, 0x10,
    0x80, 0x80, 0x4, 0x0, 0x20, 0x0,

    /* U+5362 "卢" */
    0x2, 0x0, 0x21, 0x3, 0xf0, 0x20, 0x3f, 0xe2,
    0x2, 0x20, 0x23, 0xfe, 0x20, 0x22, 0x0, 0x40,
    0x4, 0x0, 0x80, 0x0,

    /* U+5364 "卤" */
    0x4, 0x0, 0x88, 0x1f, 0x82, 0xf, 0xfd, 0x2,
    0xa4, 0x54, 0x72, 0x86, 0x53, 0x2a, 0x83, 0x7f,
    0xe8, 0x4,

    /* U+5366 "卦" */
    0x10, 0x80, 0x84, 0x3f, 0xa0, 0x21, 0x1, 0x8,
    0x7f, 0x70, 0x42, 0x42, 0x12, 0xfe, 0x80, 0x84,
    0x4, 0x20, 0x79, 0xc, 0x8, 0x0,

    /* U+5367 "卧" */
    0x5, 0x7, 0xe8, 0x24, 0x41, 0x22, 0xf, 0xd0,
    0x42, 0xe2, 0x14, 0x9f, 0xa2, 0x95, 0x4, 0x88,
    0x25, 0x41, 0xfe, 0x0, 0x10, 0x0,

    /* U+536B "卫" */
    0x0, 0x23, 0xff, 0x1, 0x8, 0x8, 0x40, 0x42,
    0x2, 0x10, 0x10, 0x80, 0x84, 0x4, 0xc0, 0x20,
    0x1, 0x5, 0xff, 0xf0,

    /* U+5370 "印" */
    0x18, 0xe, 0x3e, 0x82, 0x28, 0x22, 0x82, 0x2f,
    0xa2, 0x82, 0x28, 0x22, 0x82, 0x2f, 0x3e, 0x82,
    0x40, 0x20, 0x2, 0x0,

    /* U+5371 "危" */
    0x8, 0x1, 0xf8, 0x11, 0x2, 0x20, 0x7f, 0xfa,
    0x0, 0x2f, 0xc2, 0x84, 0x28, 0x42, 0x8c, 0x48,
    0x14, 0x81, 0x8f, 0xf0,

    /* U+5373 "即" */
    0x8, 0xf, 0xde, 0x89, 0x2f, 0x92, 0x89, 0x28,
    0x92, 0xf9, 0x28, 0x92, 0x91, 0x28, 0x9a, 0xb9,
    0x4c, 0x90, 0x1, 0x0,

    /* U+5374 "却" */
    0x18, 0x0, 0x84, 0x84, 0xbd, 0xfd, 0x21, 0x9,
    0x9, 0x4b, 0xfe, 0x42, 0x12, 0x20, 0x92, 0x24,
    0xbe, 0xad, 0x5, 0x0, 0x8, 0x0,

    /* U+5375 "卵" */
    0x18, 0xe, 0x3e, 0x8a, 0x28, 0xa2, 0xab, 0x2a,
    0xaa, 0xaa, 0xa8, 0xa2, 0xfa, 0x28, 0xae, 0x12,
    0x42, 0x20, 0xc2, 0x0,

    /* U+5377 "卷" */
    0x4, 0x1, 0x26, 0x5, 0x40, 0xff, 0xe0, 0x81,
    0x7f, 0xfc, 0x42, 0xf, 0xfc, 0x10, 0x90, 0x84,
    0x4, 0x68, 0x20, 0x41, 0xfe, 0x0,

    /* U+5378 "卸" */
    0x30, 0x1, 0x17, 0x9f, 0xe4, 0x91, 0x28, 0x89,
    0x7f, 0xc8, 0x2a, 0x49, 0xf2, 0x48, 0x92, 0x44,
    0x92, 0xad, 0xe9, 0x0, 0x8, 0x0,

    /* U+537F "卿" */
    0x10, 0x1, 0x9e, 0xe4, 0x4a, 0x95, 0x2a, 0x57,
    0xa9, 0x52, 0xa5, 0x7a, 0x95, 0xa, 0x75, 0x29,
    0x52, 0xa2, 0x7a, 0x88, 0x28, 0xc0, 0x20,

    /* U+5382 "厂" */
    0x0, 0x17, 0xff, 0x40, 0x4, 0x0, 0x40, 0x4,
    0x0, 0x40, 0x4, 0x0, 0x40, 0x4, 0x0, 0x80,
    0x8, 0x0, 0x0, 0x0,

    /* U+5385 "厅" */
    0x0, 0x8, 0xff, 0xf2, 0x0, 0x8, 0x2, 0x2f,
    0xfc, 0x82, 0x2, 0x8, 0x8, 0x20, 0x20, 0x80,
    0x82, 0x4, 0x8, 0x10, 0x20, 0x81, 0x80,

    /* U+5386 "历" */
    0x0, 0x1, 0xff, 0xc8, 0x40, 0x42, 0x2, 0x11,
    0x17, 0xf8, 0x84, 0x44, 0x22, 0x22, 0x11, 0x10,
    0x91, 0x4, 0x88, 0x49, 0x86, 0x0,

    /* U+5389 "厉" */
    0x0, 0x13, 0xff, 0xd0, 0x4, 0xbf, 0xe4, 0x20,
    0x21, 0x1, 0xf, 0x88, 0x84, 0x44, 0x22, 0x21,
    0x22, 0x9, 0x20, 0x82, 0x1c, 0x0,

    /* U+538B "压" */
    0x0, 0x1, 0xff, 0xc8, 0x0, 0x42, 0x2, 0x10,
    0x10, 0x80, 0xbf, 0xc4, 0x20, 0x21, 0x21, 0x8,
    0x90, 0x44, 0xbf, 0xf0, 0x0, 0x0,

    /* U+538C "厌" */
    0x0, 0x7, 0xff, 0x42, 0x4, 0x24, 0x42, 0x7,
    0xff, 0x42, 0x4, 0x30, 0x45, 0x4, 0x48, 0x88,
    0xc9, 0x86, 0xa0, 0x30,

    /* U+5395 "厕" */
    0x0, 0x13, 0xff, 0xd0, 0x0, 0xbe, 0x25, 0x15,
    0x2a, 0xa9, 0x55, 0x4a, 0xaa, 0x55, 0x52, 0xaa,
    0x91, 0x45, 0x13, 0x29, 0xf, 0x0, 0x0,

    /* U+5398 "厘" */
    0x0, 0x13, 0xff, 0xd0, 0x0, 0xbf, 0xc5, 0x12,
    0x2f, 0xf1, 0x44, 0x8b, 0xfc, 0x51, 0x22, 0xff,
    0x90, 0x41, 0x2, 0x2b, 0xff, 0x80,

    /* U+539A "厚" */
    0x0, 0x8, 0xff, 0xf2, 0x1, 0xb, 0xfc, 0x2f,
    0xf0, 0xa0, 0x42, 0xff, 0xb, 0xfc, 0x20, 0xc8,
    0xff, 0xf4, 0x8, 0x10, 0x20, 0x1, 0x80,

    /* U+539F "原" */
    0x0, 0x13, 0xff, 0xd0, 0x40, 0x9f, 0xc4, 0x82,
    0x27, 0xf1, 0x20, 0x89, 0xfc, 0x49, 0x22, 0xc,
    0x23, 0x59, 0x22, 0x2a, 0x70, 0x1, 0x0,

    /* U+53A2 "厢" */
    0x0, 0x13, 0xff, 0xd2, 0x0, 0x93, 0xe4, 0x91,
    0x2e, 0x89, 0x27, 0xcb, 0xa2, 0x5b, 0xf3, 0x48,
    0xaa, 0x45, 0x13, 0xe8, 0x91, 0x0,

    /* U+53A6 "厦" */
    0x40, 0x1b, 0xff, 0x97, 0xfc, 0x82, 0x4, 0xfe,
    0x27, 0xf1, 0x3f, 0x89, 0x4, 0x4f, 0xe2, 0x3f,
    0x27, 0x11, 0x7, 0x1, 0xe7, 0x80,

    /* U+53A8 "厨" */
    0x0, 0x13, 0xff, 0x90, 0x88, 0xfe, 0x44, 0x3,
    0x2f, 0xfd, 0x48, 0x8b, 0xd4, 0x52, 0xa2, 0x95,
    0x25, 0x9, 0xc, 0x4b, 0x8e, 0x0,

    /* U+53BB "去" */
    0x2, 0x0, 0x10, 0x0, 0x88, 0xff, 0xe0, 0x20,
    0x1, 0xb, 0xff, 0xe0, 0xc0, 0x4, 0x0, 0x42,
    0x4, 0x8, 0xff, 0xa3, 0x1, 0x0, 0x0,

    /* U+53BF "县" */
    0x0, 0x3, 0xfc, 0x20, 0x43, 0xfc, 0x20, 0x43,
    0xfc, 0x20, 0x42, 0x5, 0xff, 0xf0, 0xc0, 0x10,
    0x82, 0x6, 0x7f, 0xa0, 0x0,

    /* U+53C2 "参" */
    0x2, 0x0, 0x10, 0x1, 0x86, 0xf, 0xf4, 0x6,
    0x9, 0xff, 0xe0, 0x84, 0x4, 0xc8, 0x64, 0x58,
    0x66, 0x2, 0x66, 0xe, 0x60, 0x3e, 0x0,

    /* U+53C8 "又" */
    0x0, 0x7, 0xff, 0x8, 0x10, 0x40, 0x81, 0xc,
    0x8, 0x40, 0x24, 0x0, 0xa0, 0x6, 0x0, 0x38,
    0x6, 0x60, 0x40, 0xcc, 0x1, 0x0,

    /* U+53C9 "叉" */
    0x0, 0x7, 0xff, 0x10, 0x10, 0x50, 0x82, 0x6c,
    0x9, 0x40, 0x46, 0x1, 0x20, 0x6, 0x0, 0x30,
    0x2, 0x40, 0x61, 0xcc, 0x3, 0x0,

    /* U+53CA "及" */
    0x0, 0x1, 0xff, 0x80, 0x84, 0x2, 0x20, 0x8,
    0xf0, 0x30, 0x41, 0x42, 0x4, 0x88, 0x13, 0x40,
    0x86, 0x2, 0x1c, 0x11, 0x9c, 0x18, 0x18,

    /* U+53CB "友" */
    0x8, 0x0, 0x40, 0x2, 0x1, 0xff, 0xe0, 0x80,
    0x7, 0xe0, 0x61, 0x3, 0x10, 0x14, 0x81, 0x18,
    0x10, 0xc0, 0x89, 0x89, 0x83, 0x80,

    /* U+53CC "双" */
    0x0, 0x1, 0xf7, 0xe0, 0x50, 0x81, 0x44, 0x24,
    0x90, 0x52, 0x40, 0x89, 0x2, 0x18, 0x14, 0x60,
    0x51, 0x82, 0x2a, 0x8, 0x44, 0x42, 0xc,

    /* U+53CD "反" */
    0x1, 0xf1, 0xf0, 0x8, 0x0, 0x40, 0x43, 0xfe,
    0x14, 0x10, 0xa1, 0x4, 0x88, 0x24, 0x82, 0x18,
    0x10, 0xe1, 0x18, 0xcb, 0x1, 0x80,

    /* U+53D1 "发" */
    0x2, 0x0, 0x92, 0x8, 0x88, 0x48, 0x3, 0xff,
    0x82, 0x0, 0x1f, 0x81, 0x4, 0xc, 0x40, 0x92,
    0x8, 0x60, 0x87, 0x80, 0x43, 0x9c, 0x0,

    /* U+53D4 "叔" */
    0x10, 0x0, 0xaf, 0xc7, 0xc4, 0x22, 0x21, 0x31,
    0x7f, 0xd0, 0x42, 0x8a, 0x14, 0x54, 0x44, 0x92,
    0x24, 0xa8, 0x22, 0x67, 0x21, 0x80, 0x0,

    /* U+53D6 "取" */
    0x0, 0x3, 0xf8, 0x9, 0x0, 0x4b, 0xe3, 0xd1,
    0x12, 0x88, 0x92, 0x47, 0x94, 0x24, 0xa1, 0x3a,
    0x1f, 0x18, 0xb, 0x20, 0x60, 0x80,

    /* U+53D7 "受" */
    0x7, 0xe3, 0xc3, 0x11, 0x10, 0x45, 0x27, 0xff,
    0x40, 0xa, 0x0, 0x8f, 0xf8, 0x10, 0xc0, 0x44,
    0x1, 0xc0, 0xe, 0x1, 0x8e, 0x70, 0x18,

    /* U+53D8 "变" */
    0x2, 0x0, 0x4, 0x7, 0xff, 0x81, 0x20, 0x1c,
    0xb0, 0x92, 0x24, 0x48, 0x8f, 0xf8, 0x8, 0x60,
    0x13, 0x0, 0x30, 0x1, 0xe0, 0x18, 0x7f, 0x80,
    0x0,

    /* U+53D9 "叙" */
    0x0, 0x0, 0x80, 0x8b, 0x7c, 0x46, 0x24, 0x11,
    0x7e, 0x88, 0x44, 0x9f, 0xd4, 0x10, 0xa2, 0xa2,
    0x14, 0x91, 0x25, 0x41, 0x13, 0x1b, 0xc,

    /* U+53DB "叛" */
    0x18, 0xa, 0x5d, 0xc5, 0x58, 0x16, 0x40, 0x15,
    0x9, 0xf7, 0xe1, 0x18, 0x85, 0x54, 0xff, 0x50,
    0x45, 0x41, 0x22, 0x8, 0x94, 0x44, 0x98, 0xc,
    0x10,

    /* U+53E0 "叠" */
    0x0, 0x1, 0xff, 0x0, 0xe0, 0xfb, 0xe1, 0xc7,
    0xb2, 0xcb, 0xff, 0xf8, 0xa, 0x1f, 0xc0, 0xfe,
    0x4, 0x10, 0x3f, 0x8f, 0xff, 0x80,

    /* U+53E3 "口" */
    0x0, 0x5f, 0xfa, 0x1, 0x40, 0x28, 0x5, 0x0,
    0xa0, 0x14, 0x2, 0x80, 0x5f, 0xfa, 0x1, 0x40,
    0x0,

    /* U+53E4 "古" */
    0x2, 0x0, 0x10, 0x0, 0x85, 0xff, 0xf0, 0x20,
    0x1, 0x0, 0x8, 0x7, 0xfc, 0x20, 0x21, 0x1,
    0x8, 0x8, 0x7f, 0xc2, 0x2, 0x0,

    /* U+53E5 "句" */
    0x8, 0x0, 0x80, 0x87, 0xfc, 0x60, 0x22, 0x1,
    0x2f, 0x8a, 0x44, 0x42, 0x22, 0x1f, 0x10, 0x88,
    0x84, 0x4, 0x0, 0x40, 0xe, 0x0,

    /* U+53E6 "另" */
    0x0, 0x23, 0xfe, 0x20, 0x22, 0x2, 0x3f, 0xe2,
    0x22, 0x2, 0xf, 0xff, 0x6, 0x10, 0x41, 0x8,
    0x21, 0x2, 0x60, 0xc0,

    /* U+53E8 "叨" */
    0x1f, 0xf7, 0x88, 0xa4, 0x45, 0x22, 0x29, 0x11,
    0x48, 0x8a, 0x48, 0x5e, 0x42, 0x94, 0x14, 0x20,
    0x82, 0x8, 0x61, 0xc0,

    /* U+53EA "只" */
    0x0, 0x21, 0xff, 0x8, 0x8, 0x40, 0x42, 0x2,
    0x10, 0x10, 0x80, 0x87, 0xfc, 0x20, 0x20, 0x44,
    0x6, 0x18, 0x60, 0x64, 0x1, 0x40, 0x0,

    /* U+53EB "叫" */
    0x10, 0x2f, 0x22, 0x92, 0x29, 0x22, 0x92, 0x29,
    0x22, 0x92, 0x29, 0x2e, 0xf3, 0x29, 0x22, 0x80,
    0x20, 0x2, 0x0, 0x20,

    /* U+53EC "召" */
    0x0, 0xf, 0xff, 0x4, 0x20, 0xc2, 0x8, 0x21,
    0x1e, 0x60, 0x3, 0xfe, 0x20, 0x22, 0x2, 0x20,
    0x23, 0xfe, 0x20, 0x20,

    /* U+53ED "叭" */
    0x10, 0x47, 0x92, 0x24, 0x91, 0x24, 0x89, 0x24,
    0x49, 0x22, 0x51, 0x12, 0x84, 0xf4, 0x24, 0xc1,
    0x22, 0x4, 0x20, 0x20, 0x0, 0x0,

    /* U+53EE "叮" */
    0x10, 0x3f, 0x7c, 0x90, 0x89, 0x8, 0x90, 0x89,
    0x8, 0x90, 0x89, 0x8, 0xf0, 0x89, 0x8, 0x80,
    0x80, 0x8, 0x3, 0x0,

    /* U+53EF "可" */
    0x0, 0x7, 0xff, 0xc0, 0x8, 0x4, 0x43, 0xf2,
    0x11, 0x10, 0x88, 0x84, 0x44, 0x3e, 0x21, 0x11,
    0x0, 0x8, 0x0, 0x40, 0xe, 0x0,

    /* U+53F0 "台" */
    0xc, 0x2, 0x0, 0x88, 0x20, 0xc8, 0x5, 0xff,
    0x40, 0x23, 0xfc, 0x40, 0x88, 0x11, 0x2, 0x3f,
    0xc4, 0x8,

    /* U+53F2 "史" */
    0x4, 0x0, 0x89, 0xff, 0x22, 0x24, 0x44, 0x88,
    0x9f, 0xf2, 0x22, 0x4, 0x3, 0x0, 0x20, 0xb,
    0x6, 0x1e,

    /* U+53F3 "右" */
    0x4, 0x0, 0x60, 0x2, 0x5, 0xff, 0xf0, 0x80,
    0x8, 0x0, 0x80, 0x7, 0xfc, 0x50, 0x20, 0x81,
    0x4, 0x8, 0x3f, 0xc1, 0x2, 0x0,

    /* U+53F6 "叶" */
    0x0, 0x80, 0x84, 0x3c, 0x21, 0x21, 0x9, 0x8,
    0x4f, 0xfe, 0x42, 0x12, 0x10, 0xf0, 0x84, 0x84,
    0x20, 0x20, 0x1, 0x0, 0x8, 0x0,

    /* U+53F7 "号" */
    0x0, 0x3, 0xfc, 0x20, 0x42, 0x4, 0x3f, 0xc0,
    0x1, 0xff, 0xf1, 0x0, 0x3f, 0xe0, 0x4, 0x0,
    0x40, 0x4, 0x3, 0x80,

    /* U+53F8 "司" */
    0x0, 0xf, 0xfe, 0x1, 0x2f, 0xfa, 0x0, 0x27,
    0xe2, 0x42, 0x24, 0x22, 0x42, 0x27, 0xe2, 0x42,
    0x24, 0x2, 0x0, 0xe0,

    /* U+53F9 "叹" */
    0x10, 0x7, 0xbf, 0xa4, 0x89, 0x24, 0x49, 0x22,
    0x49, 0x12, 0x45, 0x12, 0x28, 0xf0, 0x84, 0x84,
    0x20, 0x50, 0xc, 0x60, 0x81, 0x0,

    /* U+53FC "叼" */
    0x7, 0xef, 0x2, 0x90, 0x29, 0x2, 0x90, 0x69,
    0x3a, 0x94, 0x29, 0x2, 0xf0, 0x29, 0x2, 0x0,
    0x40, 0xc,

    /* U+53FD "叽" */
    0x14, 0x4f, 0x7c, 0x94, 0x49, 0x44, 0x94, 0x49,
    0x44, 0x94, 0x49, 0x44, 0x94, 0x4f, 0x44, 0x98,
    0x50, 0x85, 0x10, 0x70, 0x0,

    /* U+5401 "吁" */
    0x0, 0x17, 0xbf, 0x24, 0x21, 0x21, 0x9, 0x9,
    0x4f, 0xfe, 0x42, 0x12, 0x10, 0xf0, 0x84, 0x84,
    0x20, 0x20, 0x1, 0x0, 0x38, 0x0,

    /* U+5403 "吃" */
    0x0, 0x0, 0x18, 0x3c, 0x85, 0x2f, 0xf9, 0x40,
    0x4b, 0xf2, 0x41, 0x12, 0x10, 0xf1, 0x4, 0x90,
    0x21, 0x0, 0x8, 0x20, 0x7f, 0x80,

    /* U+5404 "各" */
    0x4, 0x0, 0x42, 0x3, 0xf0, 0x31, 0x82, 0x58,
    0x21, 0x80, 0x16, 0x3, 0xf, 0x7f, 0xc0, 0x82,
    0x4, 0x10, 0x3f, 0x81, 0x4, 0x0,

    /* U+5406 "吆" */
    0x1, 0x87, 0x88, 0x24, 0x81, 0x24, 0x69, 0x46,
    0x4b, 0xe2, 0x42, 0x12, 0x30, 0xf1, 0x44, 0x91,
    0x21, 0x4, 0x1f, 0xe0, 0x0, 0x0, 0x0,

    /* U+5408 "合" */
    0x3, 0x0, 0xc, 0x0, 0x48, 0x2, 0x18, 0x10,
    0x78, 0xbf, 0x6c, 0x0, 0x0, 0x0, 0x1f, 0xe0,
    0x40, 0x81, 0x2, 0x7, 0xf8, 0x10, 0x20,

    /* U+5409 "吉" */
    0x2, 0x0, 0x22, 0xff, 0xf0, 0x20, 0x2, 0x27,
    0xfe, 0x0, 0x0, 0x4, 0x3f, 0xc2, 0x4, 0x20,
    0x43, 0xfc, 0x20, 0x40,

    /* U+540A "吊" */
    0x0, 0xf, 0xf1, 0x2, 0x20, 0x47, 0xf8, 0x8,
    0x3f, 0xf4, 0x22, 0x84, 0x50, 0x8a, 0x11, 0x42,
    0x60, 0x40,

    /* U+540C "同" */
    0x0, 0xf, 0xfe, 0x80, 0x2b, 0xfa, 0x80, 0x29,
    0xf2, 0x91, 0x29, 0x12, 0x91, 0x29, 0xf2, 0x90,
    0x28, 0x2, 0x80, 0xe0,

    /* U+540D "名" */
    0x4, 0x0, 0x21, 0x3, 0xf8, 0x30, 0xc2, 0x84,
    0x22, 0xc0, 0x18, 0x1, 0xfe, 0x38, 0x12, 0x40,
    0x82, 0x4, 0x1f, 0xe0, 0x81, 0x0,

    /* U+540E "后" */
    0x0, 0xe1, 0xf8, 0x8, 0x0, 0x40, 0x23, 0xff,
    0x90, 0x0, 0x80, 0x5, 0xfc, 0x28, 0x21, 0x41,
    0x12, 0x8, 0x9f, 0xc8, 0x82, 0x0,

    /* U+540F "吏" */
    0x2, 0x0, 0x10, 0xbf, 0xfe, 0x4, 0x3, 0xfe,
    0x11, 0x10, 0x88, 0x87, 0xfc, 0x22, 0x20, 0x20,
    0x3, 0x0, 0x1c, 0x3, 0x1f, 0xe0, 0x0,

    /* U+5410 "吐" */
    0x1, 0x0, 0x10, 0xf1, 0x9, 0x10, 0x91, 0x29,
    0xff, 0x91, 0x9, 0x10, 0xf1, 0x9, 0x10, 0x81,
    0x0, 0x10, 0x1f, 0xf0,

    /* U+5411 "向" */
    0x0, 0x0, 0x40, 0x8, 0xf, 0xfe, 0x80, 0x29,
    0xf2, 0x91, 0x29, 0x12, 0x91, 0x29, 0xf2, 0x91,
    0x28, 0x2, 0x80, 0x60,

    /* U+5412 "吒" */
    0x0, 0x20, 0x83, 0x3c, 0x61, 0x26, 0x9, 0x10,
    0x48, 0x8a, 0x45, 0x93, 0xf0, 0x91, 0x7, 0x88,
    0x24, 0x44, 0x2, 0x20, 0x1f, 0x80,

    /* U+5413 "吓" */
    0x10, 0x17, 0xbf, 0x24, 0x41, 0x22, 0x9, 0x18,
    0x48, 0xb2, 0x44, 0xd2, 0x22, 0xf1, 0x4, 0x88,
    0x20, 0x40, 0x2, 0x0, 0x10, 0x0,

    /* U+5415 "吕" */
    0x0, 0x9f, 0xe4, 0x9, 0x2, 0x40, 0x9f, 0xe0,
    0x3, 0xff, 0x80, 0x60, 0x18, 0x7, 0xff, 0x80,
    0x40,

    /* U+5417 "吗" */
    0x7, 0xe7, 0x81, 0x24, 0x89, 0x24, 0x89, 0x24,
    0x49, 0x22, 0x51, 0x52, 0xfe, 0x90, 0x57, 0xbe,
    0xa4, 0x5, 0x0, 0x20, 0x6, 0x0,

    /* U+541B "君" */
    0x0, 0x7, 0xfc, 0x4, 0x4f, 0xff, 0x8, 0x47,
    0xfc, 0x10, 0x41, 0x0, 0x3f, 0xe5, 0x2, 0x10,
    0x21, 0xfe, 0x10, 0x20,

    /* U+541D "吝" */
    0x2, 0x0, 0x8, 0x1f, 0xfe, 0x10, 0x80, 0x48,
    0x1, 0x80, 0x13, 0x87, 0x3, 0x5f, 0xe0, 0x81,
    0x4, 0x8, 0x3f, 0xc1, 0x2, 0x0,

    /* U+541E "吞" */
    0x0, 0x10, 0xff, 0xe0, 0x20, 0x1, 0x82, 0xff,
    0xfc, 0x12, 0x0, 0x84, 0x4, 0xc, 0x7f, 0xfe,
    0x40, 0x81, 0x2, 0x7, 0xf8, 0x10, 0x20,

    /* U+541F "吟" */
    0x0, 0x87, 0x8c, 0x24, 0x51, 0x24, 0x49, 0x41,
    0x4c, 0x42, 0x42, 0x12, 0x6c, 0xf0, 0x24, 0x82,
    0x20, 0x10, 0x1, 0x0, 0x8, 0x0,

    /* U+5420 "吠" */
    0x1, 0x0, 0x8a, 0x3c, 0x49, 0x22, 0x29, 0xff,
    0x48, 0x82, 0x46, 0x12, 0x30, 0xf2, 0x84, 0x92,
    0x21, 0x10, 0x10, 0x41, 0x1, 0x0,

    /* U+5426 "否" */
    0x0, 0x27, 0xff, 0x80, 0x80, 0xe, 0x0, 0xac,
    0x9, 0x19, 0x88, 0x47, 0xf0, 0x20, 0x41, 0x2,
    0x8, 0x10, 0x7f, 0x82, 0x4, 0x0,

    /* U+5427 "吧" */
    0x7, 0xf7, 0xa4, 0xa5, 0x25, 0x29, 0x29, 0x49,
    0x4b, 0xfa, 0x50, 0x1e, 0x80, 0x94, 0x4, 0x20,
    0x81, 0x4, 0xf, 0xe0,

    /* U+5428 "吨" */
    0x10, 0x87, 0x84, 0xa5, 0xff, 0x21, 0x9, 0x4a,
    0x4a, 0x52, 0x52, 0x92, 0xfc, 0xf0, 0xa4, 0x84,
    0x20, 0x22, 0x1, 0x10, 0xf, 0x80,

    /* U+5429 "吩" */
    0x13, 0x47, 0x92, 0x24, 0x91, 0x28, 0x49, 0x43,
    0x4c, 0x1e, 0x5f, 0xd2, 0x24, 0xf2, 0x24, 0x91,
    0x21, 0x88, 0x8, 0x41, 0x8c, 0x0,

    /* U+542B "含" */
    0x6, 0x0, 0x90, 0x10, 0xc2, 0x43, 0xc2, 0x3,
    0xfc, 0x0, 0x80, 0x10, 0x3f, 0xc2, 0x4, 0x20,
    0x43, 0xfc, 0x20, 0x40,

    /* U+542C "听" */
    0x0, 0x20, 0xf, 0x3d, 0x81, 0x28, 0x9, 0x41,
    0x4b, 0xfe, 0x51, 0x12, 0x88, 0xf4, 0x44, 0xa2,
    0x22, 0x10, 0x30, 0x80, 0x4, 0x0,

    /* U+542D "吭" */
    0x2, 0x4, 0x88, 0x3c, 0x5, 0x3f, 0xe9, 0x0,
    0x4b, 0xe2, 0x51, 0x12, 0x88, 0xf4, 0x44, 0xa2,
    0x21, 0x10, 0x10, 0xa1, 0x7, 0x80,

    /* U+542E "吮" */
    0x0, 0x0, 0x8c, 0x3c, 0x41, 0x24, 0x49, 0xc1,
    0x4b, 0xfe, 0x49, 0x12, 0x48, 0x92, 0x47, 0x92,
    0x21, 0x12, 0x8, 0x93, 0x87, 0x80,

    /* U+542F "启" */
    0x4, 0x0, 0x10, 0x8f, 0xfc, 0x40, 0x22, 0x1,
    0x1f, 0xf8, 0x80, 0x5, 0xfe, 0x28, 0x13, 0x40,
    0x92, 0x4, 0x9f, 0xe8, 0x81, 0x0,

    /* U+5431 "吱" */
    0x1, 0xf, 0x10, 0x9f, 0xf9, 0x10, 0x91, 0x9,
    0xfe, 0x94, 0x29, 0x44, 0xf2, 0xc9, 0x28, 0x1,
    0x0, 0x2c, 0xc, 0x30,

    /* U+5434 "吴" */
    0x0, 0x1, 0xff, 0x8, 0x8, 0x40, 0x43, 0xfe,
    0x0, 0x1, 0xff, 0xc0, 0x42, 0xff, 0xf8, 0x38,
    0x1, 0x20, 0x30, 0xc6, 0x1, 0x80,

    /* U+5435 "吵" */
    0x10, 0x87, 0x84, 0x24, 0x21, 0x25, 0x49, 0x49,
    0x4a, 0x4a, 0x62, 0x53, 0x14, 0xf0, 0x64, 0x82,
    0x20, 0x60, 0x4, 0x0, 0xc0, 0x0,

    /* U+5438 "吸" */
    0x1f, 0xe7, 0x91, 0x24, 0x89, 0x24, 0x89, 0x24,
    0x49, 0xfe, 0x4c, 0x52, 0xa2, 0xf4, 0xa4, 0xa2,
    0x22, 0x38, 0x22, 0x62, 0x60, 0x80,

    /* U+5439 "吹" */
    0x3, 0x4, 0x90, 0x3c, 0x85, 0x2f, 0xe9, 0x41,
    0x4a, 0x92, 0x66, 0x12, 0x30, 0xf1, 0x84, 0x92,
    0x21, 0x8, 0x10, 0x61, 0x1, 0x0,

    /* U+543B "吻" */
    0x2, 0x4, 0x90, 0x3c, 0x85, 0x2f, 0xe9, 0x55,
    0x4c, 0xaa, 0x69, 0x52, 0x52, 0x94, 0x97, 0xa8,
    0xa6, 0x48, 0x4, 0x40, 0xc, 0x0,

    /* U+543C "吼" */
    0xf, 0xc7, 0x8a, 0x28, 0x91, 0x44, 0x8a, 0x24,
    0x51, 0xa2, 0xb9, 0x15, 0x48, 0xe2, 0x45, 0x12,
    0x60, 0x92, 0x4, 0x90, 0x67, 0x80,

    /* U+5440 "呀" */
    0x10, 0x17, 0xbf, 0xa4, 0x11, 0x20, 0x89, 0x44,
    0x4a, 0x2a, 0x5f, 0xf2, 0x18, 0xf1, 0x44, 0x92,
    0x21, 0x10, 0x30, 0x80, 0xc, 0x0,

    /* U+5446 "呆" */
    0x0, 0x1, 0xff, 0x8, 0x8, 0x40, 0x42, 0x2,
    0x1f, 0xf0, 0x8, 0x1f, 0xff, 0x7, 0x0, 0x54,
    0x4, 0x98, 0xc4, 0x30, 0x20, 0x80,

    /* U+5448 "呈" */
    0x0, 0x1, 0xff, 0x8, 0x8, 0x40, 0x43, 0xfe,
    0x10, 0x10, 0x0, 0x4f, 0xfe, 0x2, 0x3, 0xff,
    0x80, 0x80, 0x4, 0x2f, 0xff, 0x80,

    /* U+544A "告" */
    0x32, 0x1, 0x10, 0xf, 0xfc, 0x84, 0x0, 0x20,
    0x7f, 0xfc, 0x0, 0x0, 0x4, 0x3f, 0xe1, 0x1,
    0x8, 0x8, 0x7f, 0xc2, 0x2, 0x0,

    /* U+5450 "呐" */
    0x0, 0x84, 0x84, 0x3c, 0x21, 0x2f, 0xe9, 0x49,
    0x4a, 0x4a, 0x55, 0x52, 0xaa, 0xf6, 0x34, 0xa0,
    0xa1, 0x4, 0x8, 0x20, 0x43, 0x0,

    /* U+5455 "呕" */
    0x14, 0x17, 0xbf, 0xe5, 0x1, 0x28, 0x49, 0x52,
    0x4a, 0x62, 0x51, 0x12, 0x94, 0xf5, 0x24, 0xa8,
    0xa1, 0x0, 0x8, 0x0, 0x7f, 0x80, 0x0,

    /* U+5458 "员" */
    0x0, 0x0, 0x3f, 0xc0, 0x40, 0x80, 0xff, 0x0,
    0x0, 0x7, 0xfe, 0x8, 0x4, 0x11, 0x8, 0x22,
    0x10, 0x44, 0x20, 0x92, 0x0, 0x43, 0x83, 0x0,
    0x88, 0x0, 0x0,

    /* U+545B "呛" */
    0x0, 0x0, 0x8, 0x3c, 0xa1, 0x28, 0x89, 0x83,
    0x4b, 0xea, 0x71, 0x12, 0x88, 0x94, 0x47, 0xa4,
    0x25, 0x1, 0x8, 0x40, 0x7f, 0x0,

    /* U+545C "呜" */
    0x1, 0x7, 0xbf, 0x25, 0x9, 0x28, 0x49, 0x42,
    0x4a, 0x22, 0x50, 0x12, 0xfe, 0x90, 0x17, 0xfe,
    0xa4, 0x5, 0x0, 0x20, 0x6, 0x0,

    /* U+5462 "呢" */
    0x4, 0x17, 0xbf, 0xa5, 0x5, 0x28, 0x29, 0x7f,
    0x4a, 0x2, 0x54, 0x52, 0xa4, 0xf5, 0xc4, 0xa8,
    0x22, 0x40, 0x12, 0x21, 0x1f, 0x80, 0x0,

    /* U+5468 "周" */
    0x0, 0x1, 0xff, 0x88, 0xa4, 0x5f, 0xa2, 0x21,
    0x1f, 0xe8, 0x80, 0x45, 0xf2, 0x28, 0x91, 0x44,
    0x93, 0xe4, 0x80, 0x28, 0x3, 0x0,

    /* U+5473 "味" */
    0x1, 0x1, 0x10, 0xf1, 0x29, 0x7f, 0x91, 0x9,
    0x10, 0x9f, 0xf9, 0x38, 0xf3, 0x89, 0x54, 0x89,
    0x21, 0x11, 0x1, 0x0,

    /* U+5475 "呵" */
    0xf, 0xff, 0x2, 0x90, 0x29, 0x7a, 0x94, 0xa9,
    0x4a, 0x94, 0xa9, 0x7a, 0xf4, 0xa9, 0x2, 0x0,
    0x20, 0x6,

    /* U+547B "呻" */
    0x0, 0x87, 0x84, 0x25, 0xfd, 0x29, 0x29, 0x49,
    0x4b, 0xfa, 0x52, 0x52, 0x92, 0xf7, 0xf4, 0xa4,
    0xa0, 0x20, 0x1, 0x0, 0x8, 0x0,

    /* U+547C "呼" */
    0x0, 0x10, 0x7, 0x3c, 0xe1, 0x29, 0x29, 0x49,
    0x49, 0x52, 0x4a, 0x92, 0xbb, 0xf0, 0x84, 0x84,
    0x20, 0x20, 0x1, 0x0, 0x18, 0x0,

    /* U+547D "命" */
    0x3, 0x0, 0xa, 0x0, 0x44, 0x6, 0xc, 0x2f,
    0xdb, 0x0, 0x3, 0xcf, 0x9, 0x24, 0x24, 0x90,
    0x92, 0x43, 0xc9, 0x9, 0x2c, 0x0, 0x80,

    /* U+5486 "咆" */
    0x2, 0x9, 0x41, 0xf7, 0xf9, 0x41, 0x97, 0xd9,
    0xc9, 0x94, 0x99, 0x79, 0x94, 0x9f, 0x46, 0x4,
    0x0, 0x41, 0x7, 0xf0,

    /* U+548C "和" */
    0xc, 0x3, 0x80, 0x84, 0x7c, 0x2a, 0x2f, 0xf1,
    0x18, 0x88, 0xe4, 0x46, 0xa2, 0x51, 0x12, 0x88,
    0xa4, 0x7c, 0x22, 0x21, 0x0, 0x0,

    /* U+548F "咏" */
    0x2, 0x0, 0xc, 0x3c, 0x1, 0x2f, 0x9, 0x9,
    0xcf, 0x5a, 0x4b, 0x12, 0x58, 0xf4, 0xa4, 0xa5,
    0xa2, 0x26, 0x61, 0x0, 0x18, 0x0,

    /* U+5490 "咐" */
    0x2, 0x27, 0xb1, 0x29, 0xd, 0x5b, 0xfa, 0xc2,
    0x5b, 0x12, 0x94, 0x94, 0x94, 0xe4, 0x25, 0x21,
    0x21, 0x8, 0x8, 0x40, 0x46, 0x0,

    /* U+5492 "咒" */
    0x0, 0x7, 0x9f, 0x49, 0x14, 0x91, 0x79, 0xf0,
    0x0, 0x1f, 0x81, 0x8, 0x10, 0x81, 0x8, 0x20,
    0x82, 0x9, 0x40, 0xf0,

    /* U+5495 "咕" */
    0x0, 0x81, 0x8, 0xf0, 0x89, 0xff, 0x90, 0x89,
    0x8, 0x90, 0xa9, 0x76, 0xf4, 0x29, 0x42, 0x4,
    0x20, 0x7e, 0x4, 0x20,

    /* U+5496 "咖" */
    0x4, 0x2, 0x40, 0xe4, 0xfb, 0xf9, 0xa6, 0x9a,
    0x69, 0xa6, 0x9a, 0x69, 0xa6, 0x9e, 0xa9, 0x8a,
    0x91, 0x6f, 0x20, 0x80,

    /* U+5499 "咙" */
    0x12, 0x7, 0x92, 0x24, 0x95, 0x3f, 0xe9, 0x28,
    0x49, 0x52, 0x4a, 0x92, 0x98, 0xf4, 0xc4, 0xa4,
    0x22, 0x60, 0x15, 0x21, 0xf, 0x0,

    /* U+54A7 "咧" */
    0x3, 0x17, 0x60, 0xaa, 0x25, 0x51, 0x2a, 0xf9,
    0x55, 0x4a, 0xaa, 0x56, 0xd2, 0xe2, 0x95, 0x24,
    0xa1, 0x4, 0x10, 0x21, 0x3, 0x0,

    /* U+54A8 "咨" */
    0x6, 0x4, 0xc0, 0x17, 0xf2, 0x92, 0x49, 0x5,
    0x28, 0x44, 0x65, 0x81, 0x3f, 0xc2, 0x4, 0x20,
    0x43, 0xfc, 0x20, 0x40,

    /* U+54AA "咪" */
    0x0, 0x80, 0x84, 0xbd, 0x25, 0x25, 0x49, 0x2a,
    0x48, 0x4a, 0x7f, 0xf2, 0x30, 0xf2, 0xc4, 0x95,
    0x21, 0x26, 0x31, 0x0, 0x8, 0x0,

    /* U+54AC "咬" */
    0x0, 0x87, 0x84, 0xa5, 0xff, 0x24, 0x9, 0x22,
    0x4a, 0x1a, 0x68, 0xd2, 0x48, 0xf1, 0x44, 0x84,
    0x20, 0x70, 0xc, 0xc1, 0x81, 0x80,

    /* U+54B1 "咱" */
    0x1, 0x9, 0x12, 0xf7, 0xe9, 0x42, 0x94, 0x29,
    0x7e, 0x94, 0x29, 0x42, 0x97, 0xef, 0x42, 0x94,
    0x20, 0x7e, 0x4, 0x20,

    /* U+54B3 "咳" */
    0x1, 0x3, 0xe2, 0x49, 0xff, 0xa4, 0x60, 0x93,
    0x2, 0x49, 0x89, 0x7c, 0x24, 0x24, 0x91, 0x23,
    0xc9, 0x89, 0xcc, 0x20, 0x48, 0x6, 0x10, 0x60,
    0x20,

    /* U+54B8 "咸" */
    0x0, 0x80, 0x6, 0x1f, 0xfe, 0x81, 0x4, 0x28,
    0x2f, 0x49, 0x2, 0xcb, 0xd4, 0x52, 0x42, 0xf2,
    0x14, 0xa9, 0x22, 0x78, 0x21, 0x82, 0x4,

    /* U+54BD "咽" */
    0x0, 0x17, 0xff, 0xa6, 0x45, 0x32, 0xa9, 0xbf,
    0x4c, 0x8a, 0x64, 0x53, 0x32, 0xfa, 0x54, 0xd2,
    0xa2, 0x4, 0xf, 0xe0, 0x81, 0x0,

    /* U+54C0 "哀" */
    0x4, 0x0, 0x10, 0x3f, 0xfc, 0x0, 0x3, 0xfc,
    0x10, 0x20, 0xff, 0x4, 0x88, 0xa, 0x61, 0x94,
    0x14, 0x40, 0x29, 0x81, 0x83, 0x80, 0x0,

    /* U+54C1 "品" */
    0x0, 0x1, 0xfe, 0x8, 0x10, 0x40, 0x83, 0xfc,
    0x10, 0x20, 0x0, 0x1f, 0x3e, 0x89, 0x14, 0x48,
    0xa2, 0x45, 0xf3, 0xe8, 0x91, 0x0,

    /* U+54C4 "哄" */
    0x12, 0x47, 0x92, 0x24, 0x95, 0x3f, 0xf9, 0x24,
    0x49, 0x22, 0x49, 0x5e, 0xb4, 0x92, 0x84, 0x33,
    0x1, 0x4, 0x30, 0x22, 0x0, 0x0,

    /* U+54C6 "哆" */
    0x1, 0x0, 0x88, 0x3e, 0xfd, 0x2c, 0x49, 0x14,
    0x48, 0x42, 0x4e, 0x52, 0xbe, 0x92, 0x17, 0xa9,
    0x26, 0x31, 0x1, 0x0, 0x30, 0x6, 0x0,

    /* U+54C8 "哈" */
    0x1, 0x87, 0x8c, 0x24, 0x91, 0x24, 0x49, 0x47,
    0x4d, 0xfe, 0x40, 0x12, 0xfe, 0xf4, 0x24, 0xa1,
    0x1, 0x8, 0xf, 0xc0, 0x42, 0x0,

    /* U+54CD "响" */
    0x1, 0x0, 0xc, 0x38, 0x41, 0x5f, 0xfa, 0x81,
    0x55, 0xea, 0xa9, 0x55, 0x4a, 0xeb, 0xd5, 0x52,
    0xa2, 0x84, 0x10, 0x20, 0x83, 0x0,

    /* U+54CE "哎" */
    0x2, 0x44, 0x92, 0xbd, 0xff, 0x24, 0x89, 0x24,
    0x48, 0x12, 0x50, 0x92, 0x88, 0x92, 0x47, 0x9c,
    0x24, 0x61, 0x3, 0x80, 0x66, 0xc, 0x8,

    /* U+54D1 "哑" */
    0x0, 0x2f, 0xff, 0x92, 0x89, 0x28, 0x92, 0xb9,
    0xaa, 0x9a, 0xa9, 0x6c, 0xf6, 0xc9, 0x28, 0x82,
    0x80, 0x28, 0xf, 0xf0,

    /* U+54D7 "哗" */
    0x0, 0x2, 0x28, 0xe4, 0xba, 0x4a, 0xac, 0xcb,
    0x58, 0xa4, 0x9a, 0x4f, 0xa5, 0xa, 0x10, 0xff,
    0xfa, 0x10, 0x1, 0x0, 0x10,

    /* U+54DF "哟" */
    0x6, 0x47, 0x24, 0x29, 0x25, 0x55, 0xfb, 0xa9,
    0x56, 0x8a, 0x92, 0x55, 0x4a, 0xfc, 0x55, 0x0,
    0xa1, 0x84, 0x10, 0x20, 0x6, 0x0,

    /* U+54E5 "哥" */
    0xff, 0xf0, 0x2, 0xf, 0x90, 0x44, 0x82, 0x24,
    0x1f, 0x20, 0x0, 0x4f, 0xfc, 0x3e, 0x41, 0x12,
    0xf, 0x90, 0x44, 0x80, 0xc, 0x0,

    /* U+54E8 "哨" */
    0x0, 0x80, 0xa4, 0xbc, 0xa5, 0x25, 0x49, 0x7f,
    0x4a, 0xa, 0x50, 0x52, 0xfe, 0x94, 0x17, 0xbf,
    0xa5, 0x4, 0x8, 0x20, 0x43, 0x0,

    /* U+54E9 "哩" */
    0x4, 0x17, 0xbf, 0xa5, 0x25, 0x29, 0x29, 0x7f,
    0x4a, 0x4a, 0x52, 0x52, 0xfe, 0xf0, 0x94, 0xbf,
    0xc0, 0x20, 0x1, 0x21, 0xff, 0x80,

    /* U+54EA "哪" */
    0x21, 0x1f, 0xf7, 0xa5, 0x6a, 0x56, 0xaf, 0x4a,
    0x54, 0xa5, 0x6a, 0xf5, 0xe5, 0x5a, 0x95, 0x9,
    0x71, 0x14, 0x22, 0x40,

    /* U+54ED "哭" */
    0x0, 0x3, 0xe7, 0x91, 0x24, 0x89, 0x27, 0xcf,
    0x21, 0x80, 0x9, 0x5f, 0xff, 0x3, 0x0, 0x28,
    0x3, 0x20, 0x20, 0xc6, 0x1, 0x80,

    /* U+54EE "哮" */
    0x1, 0x4, 0x88, 0xbd, 0xf9, 0x22, 0xc9, 0x15,
    0xcb, 0x52, 0x5f, 0x92, 0x4c, 0xfc, 0x94, 0xbf,
    0xe4, 0x20, 0x1, 0x0, 0x38, 0x0,

    /* U+54F2 "哲" */
    0x20, 0x61, 0x5c, 0x1c, 0x84, 0x47, 0xe7, 0xa4,
    0x51, 0x20, 0x91, 0x5, 0x8, 0x3f, 0xe1, 0x2,
    0x8, 0x10, 0x7f, 0x82, 0x4, 0x0,

    /* U+54FA "哺" */
    0x0, 0x87, 0x85, 0xa7, 0xff, 0x21, 0x9, 0x7f,
    0x4a, 0x4a, 0x5f, 0xd2, 0x92, 0xf4, 0x94, 0xbf,
    0xa1, 0x24, 0x9, 0x20, 0x4b, 0x0,

    /* U+54FC "哼" */
    0x1, 0x9, 0x8, 0xff, 0xf9, 0x42, 0x97, 0xe9,
    0x7e, 0x94, 0x29, 0x7f, 0xf0, 0xc9, 0x8, 0x80,
    0x80, 0x8, 0x1, 0x80,

    /* U+5501 "唁" */
    0x1, 0x1, 0x8, 0xf7, 0xf9, 0x0, 0x97, 0xe9,
    0x0, 0x97, 0xe9, 0x0, 0x97, 0xef, 0x42, 0x84,
    0x20, 0x7e, 0x4, 0x20,

    /* U+5506 "唆" */
    0x0, 0x1, 0x18, 0x38, 0x81, 0x48, 0xca, 0xfd,
    0x51, 0x22, 0x98, 0xd5, 0x42, 0xb5, 0xe7, 0x62,
    0x28, 0xa1, 0x2, 0x0, 0x6c, 0xc, 0x18,

    /* U+5507 "唇" */
    0x0, 0x11, 0xff, 0xc8, 0x8, 0x5f, 0x83, 0xff,
    0x94, 0x98, 0xa7, 0x5, 0xc7, 0x3f, 0xe2, 0x81,
    0x14, 0x8, 0xbf, 0xc1, 0x2, 0x0,

    /* U+5509 "唉" */
    0x0, 0x0, 0xc, 0x3c, 0x89, 0x28, 0x29, 0x7e,
    0xc9, 0x2, 0x5f, 0xd2, 0x90, 0x90, 0x9f, 0xbf,
    0x24, 0x51, 0x4, 0x40, 0x41, 0xc, 0x4,

    /* U+5510 "唐" */
    0x2, 0x0, 0x8, 0x8f, 0xfe, 0x42, 0x2, 0x7e,
    0x1f, 0xfc, 0x84, 0x85, 0xfc, 0x21, 0x21, 0x7f,
    0x12, 0x8, 0x90, 0x48, 0xfe, 0x0,

    /* U+5520 "唠" */
    0x2, 0x4f, 0x25, 0x97, 0xf9, 0x24, 0x97, 0xf9,
    0x52, 0x91, 0x9, 0x2e, 0xf2, 0x29, 0x22, 0x84,
    0x20, 0x44, 0x18, 0xc0,

    /* U+5524 "唤" */
    0x2, 0x1, 0x10, 0x3d, 0xf1, 0x49, 0xa, 0xfe,
    0x52, 0x92, 0x94, 0x94, 0xa6, 0xff, 0xf5, 0x14,
    0x20, 0x90, 0x8, 0xc1, 0x81, 0x0,

    /* U+5527 "唧" */
    0x20, 0x17, 0x7b, 0xea, 0x65, 0x53, 0x2a, 0xf9,
    0x54, 0xca, 0xbe, 0x55, 0x12, 0xea, 0x95, 0x4d,
    0xa3, 0xe0, 0x11, 0x0, 0x8, 0x0,

    /* U+552C "唬" */
    0x1, 0x1, 0x1f, 0xf1, 0x9, 0x7f, 0x99, 0x9,
    0x7d, 0x99, 0xf9, 0xa4, 0xfb, 0xc9, 0xa4, 0x8a,
    0x40, 0xa5, 0x4, 0x70,

    /* U+552E "售" */
    0x14, 0x1, 0x10, 0xf, 0xfc, 0xc4, 0x4b, 0xfe,
    0x1f, 0xf8, 0x88, 0x47, 0xff, 0x0, 0x1, 0xff,
    0x8, 0x8, 0x7f, 0xc2, 0x2, 0x0,

    /* U+552F "唯" */
    0x1, 0x4, 0x94, 0x3d, 0x25, 0x2f, 0xe9, 0x48,
    0x4a, 0x42, 0x7f, 0xd2, 0x90, 0xf7, 0xf4, 0xa4,
    0x1, 0x24, 0xf, 0xf0, 0x40, 0x0,

    /* U+5531 "唱" */
    0x0, 0x1, 0x7e, 0xf4, 0x29, 0x7e, 0x94, 0x29,
    0x7e, 0x90, 0x9, 0x7f, 0xf8, 0x29, 0x7e, 0x8,
    0x20, 0x7e, 0x8, 0x20,

    /* U+553E "唾" */
    0x20, 0xef, 0x70, 0xa1, 0xa, 0xff, 0xa5, 0x4a,
    0x55, 0xbf, 0xfa, 0x54, 0xe5, 0x4a, 0xff, 0x81,
    0x0, 0x10, 0xf, 0xe0,

    /* U+5543 "啃" */
    0x0, 0x81, 0x4a, 0xf4, 0xf9, 0x49, 0x9f, 0xf9,
    0x0, 0x97, 0xe9, 0x42, 0xf7, 0xe8, 0x7e, 0x4,
    0x20, 0x42, 0x4, 0x60,

    /* U+5544 "啄" */
    0x20, 0x3e, 0xfc, 0xa2, 0xa, 0x42, 0xaa, 0x4a,
    0xb8, 0xa5, 0x8b, 0xdc, 0xe2, 0xca, 0x4a, 0x88,
    0x91, 0x10, 0x3, 0x0,

    /* U+5546 "商" */
    0x4, 0x0, 0x20, 0xff, 0xf0, 0x8c, 0x7f, 0xe4,
    0xd2, 0x48, 0xa5, 0xfe, 0x48, 0xa4, 0x8a, 0x4f,
    0xa4, 0x8a, 0x40, 0x60,

    /* U+554A "啊" */
    0x0, 0x5, 0x7f, 0xfa, 0x85, 0x5b, 0xaa, 0xd5,
    0x56, 0xaa, 0xad, 0x55, 0x6a, 0xeb, 0xd5, 0x7a,
    0xa2, 0x4, 0x10, 0x20, 0x83, 0x0,

    /* U+5561 "啡" */
    0x2, 0x8f, 0x28, 0x9e, 0xf9, 0x28, 0x92, 0xa9,
    0xef, 0x92, 0x89, 0x28, 0x92, 0x8f, 0xef, 0x92,
    0x80, 0x28, 0x2, 0x80,

    /* U+5564 "啤" */
    0x0, 0x80, 0x8, 0x3d, 0xfd, 0x29, 0x29, 0x7f,
    0x4a, 0x4a, 0x5f, 0xd2, 0x28, 0xf6, 0x54, 0x7f,
    0xc0, 0x10, 0x0, 0x80, 0x4, 0x0,

    /* U+5565 "啥" */
    0x1, 0xf, 0x28, 0x92, 0x49, 0x43, 0x97, 0xd9,
    0x10, 0x9f, 0xf9, 0x10, 0xf7, 0xe9, 0x42, 0x4,
    0x20, 0x7e, 0x4, 0x20,

    /* U+5566 "啦" */
    0x4, 0x85, 0x22, 0x39, 0x15, 0x5f, 0xfa, 0x40,
    0x52, 0x8a, 0x9c, 0x57, 0x94, 0xe4, 0xa5, 0x25,
    0x21, 0x28, 0x8, 0x80, 0xdf, 0x80, 0x0,

    /* U+5570 "啰" */
    0x4, 0x17, 0xbf, 0xa5, 0x55, 0x2a, 0xa9, 0x7f,
    0x48, 0xc2, 0x4f, 0xd2, 0x44, 0xf5, 0x24, 0x82,
    0x20, 0x20, 0x2, 0x0, 0x60, 0x0,

    /* U+5578 "啸" */
    0x21, 0xe, 0x12, 0xa7, 0xfa, 0xff, 0xa1, 0x2a,
    0xfe, 0xa1, 0xa, 0xda, 0xed, 0xaa, 0xd6, 0x8d,
    0x61, 0x12, 0x21, 0x20,

    /* U+557C "啼" */
    0x1, 0x1, 0x8, 0x3b, 0xfd, 0x44, 0xaa, 0xff,
    0x58, 0x8a, 0xe4, 0x95, 0xfc, 0xe9, 0x25, 0x49,
    0x2, 0x58, 0x2, 0x0, 0x10, 0x0,

    /* U+5582 "喂" */
    0x0, 0x8, 0x7e, 0xf4, 0xa9, 0x7e, 0x94, 0xa9,
    0x7e, 0x90, 0x9, 0x7f, 0xf4, 0xa9, 0x44, 0x84,
    0x40, 0x72, 0x4, 0x10,

    /* U+5584 "善" */
    0x10, 0x80, 0x90, 0x7f, 0xe0, 0x24, 0x3f, 0x8f,
    0xff, 0x12, 0x81, 0x31, 0x6c, 0xe3, 0xfc, 0x20,
    0x42, 0x4, 0x3f, 0xc0,

    /* U+5587 "喇" */
    0x2, 0x17, 0x10, 0xab, 0xf5, 0x44, 0xaa, 0xfd,
    0x55, 0xaa, 0xad, 0x55, 0xea, 0xe7, 0x55, 0x36,
    0xa2, 0xa4, 0x64, 0x20, 0x23, 0x0,

    /* U+5589 "喉" */
    0x22, 0x4f, 0x4c, 0xa4, 0x4a, 0x7f, 0xad, 0x2b,
    0x5e, 0xa4, 0x8a, 0x48, 0xe7, 0xfa, 0x48, 0x85,
    0x40, 0x52, 0x6, 0x10,

    /* U+558A "喊" */
    0x0, 0xae, 0xa, 0xaf, 0xfa, 0x88, 0xaf, 0x9a,
    0x8a, 0xaf, 0x6a, 0xd6, 0xed, 0x48, 0xf4, 0x14,
    0xc1, 0x13, 0x22, 0x10,

    /* U+5598 "喘" */
    0x1, 0x87, 0x4c, 0xaa, 0x65, 0x53, 0x2a, 0x67,
    0x5f, 0xfe, 0x84, 0x15, 0xde, 0xea, 0x55, 0x52,
    0xa2, 0x94, 0x14, 0xa0, 0x81, 0x0,

    /* U+559C "喜" */
    0x2, 0xf, 0xff, 0x2, 0x3, 0xde, 0x3f, 0xc2,
    0x4, 0x3f, 0xc2, 0x88, 0x57, 0x73, 0xfe, 0x20,
    0x42, 0x4, 0x3f, 0xc0,

    /* U+559D "喝" */
    0x0, 0x20, 0x3f, 0x3d, 0x9, 0x2f, 0xc9, 0x42,
    0x4b, 0xe2, 0x4f, 0xd2, 0x92, 0x97, 0x17, 0xae,
    0xa1, 0x84, 0xf, 0xc0, 0x6, 0x0,

    /* U+55A7 "喧" */
    0x1, 0x0, 0x84, 0x3d, 0xfd, 0x28, 0x29, 0x7e,
    0x48, 0x2, 0x5f, 0x92, 0x84, 0x97, 0xe7, 0xa1,
    0x25, 0xf8, 0x8, 0x0, 0xff, 0x80,

    /* U+55B3 "喳" */
    0x1, 0x7, 0x8, 0xab, 0xff, 0x47, 0xa, 0x56,
    0x54, 0x8a, 0x9f, 0x94, 0x84, 0xa7, 0xe7, 0x21,
    0x21, 0xf8, 0x8, 0x61, 0xff, 0x80,

    /* U+55B7 "喷" */
    0x21, 0x2f, 0xff, 0xa1, 0xa, 0x5, 0xaf, 0xfa,
    0x0, 0xa7, 0xea, 0x42, 0xe5, 0x2a, 0x52, 0x85,
    0xa0, 0x26, 0xc, 0x10,

    /* U+55BB "喻" */
    0x0, 0x1, 0xc, 0x38, 0x91, 0x48, 0xea, 0xbd,
    0xd8, 0x82, 0xbd, 0x55, 0xea, 0xa9, 0x57, 0x7a,
    0xa2, 0x54, 0x12, 0x20, 0x93, 0x0,

    /* U+55C5 "嗅" */
    0x1, 0xf, 0x7e, 0x94, 0x29, 0x7e, 0x94, 0x29,
    0x7e, 0x94, 0x29, 0x7e, 0x91, 0x5f, 0xff, 0x81,
    0x80, 0x24, 0xc, 0x30,

    /* U+55D3 "嗓" */
    0x0, 0x0, 0x7c, 0xe2, 0x8a, 0x5c, 0xbe, 0xfa,
    0x2a, 0xa6, 0x6e, 0x9a, 0xbf, 0xf8, 0x38, 0x5,
    0x41, 0x93, 0x1, 0x0,

    /* U+55DC "嗜" */
    0x2, 0x3e, 0xfe, 0xa2, 0x9b, 0xff, 0xa3, 0xa,
    0x5c, 0xbe, 0x1a, 0x3f, 0xe8, 0x2a, 0xfe, 0x8f,
    0xe0, 0x82, 0xf, 0xe0,

    /* U+55E1 "嗡" */
    0x6, 0x47, 0x62, 0x2a, 0x49, 0x65, 0x3a, 0x86,
    0x57, 0xd2, 0xff, 0xd4, 0x42, 0xe6, 0x55, 0x31,
    0xa6, 0xb4, 0x5, 0x20, 0x63, 0x0,

    /* U+55E4 "嗤" */
    0x29, 0x37, 0x49, 0x2a, 0x49, 0x5f, 0xca, 0x10,
    0x5f, 0xfa, 0x84, 0x15, 0xfc, 0xa9, 0x27, 0x7f,
    0x2a, 0x48, 0x2, 0x41, 0xff, 0x0, 0x8,

    /* U+55E6 "嗦" */
    0x0, 0x87, 0x4, 0xa9, 0xf9, 0x5f, 0xfa, 0x99,
    0x51, 0x32, 0x96, 0x14, 0xe6, 0xef, 0xed, 0x4,
    0x21, 0xa8, 0x11, 0x21, 0x18, 0x0,

    /* U+55FD "嗽" */
    0x4, 0x45, 0x2a, 0x3f, 0xe1, 0x49, 0xfa, 0xf9,
    0x5a, 0xfa, 0xd5, 0x15, 0xec, 0xe6, 0x65, 0x6b,
    0x25, 0x24, 0x49, 0x20, 0x50, 0x0,

    /* U+5600 "嘀" */
    0x2, 0x2, 0x19, 0xff, 0xfa, 0x22, 0xa8, 0xda,
    0xf7, 0xaf, 0xda, 0x91, 0xab, 0xde, 0xa5, 0x8b,
    0xd0, 0x81, 0x8, 0x30,

    /* U+5601 "嘁" */
    0x20, 0x47, 0x3, 0xab, 0xff, 0x54, 0x8a, 0xa5,
    0x55, 0xea, 0xab, 0x55, 0x6c, 0xf6, 0x25, 0xb5,
    0x26, 0xba, 0x55, 0x22, 0x21, 0x80,

    /* U+5609 "嘉" */
    0x2, 0xb, 0xff, 0xc0, 0x84, 0x3b, 0xc1, 0xfe,
    0x8, 0x10, 0x7f, 0x80, 0x18, 0x7f, 0x38, 0x9f,
    0xdf, 0x44, 0x4b, 0xe4, 0xd1, 0x0,

    /* U+5631 "嘱" */
    0x0, 0x1, 0x7f, 0xfa, 0x5, 0x5f, 0xea, 0x82,
    0x55, 0xea, 0xbf, 0xd5, 0x7e, 0xec, 0x95, 0xbf,
    0xe5, 0x22, 0x4e, 0xd0, 0x43, 0x0,

    /* U+5632 "嘲" */
    0x4, 0x7, 0x2b, 0xaf, 0xe5, 0x49, 0x2b, 0xb7,
    0x58, 0xca, 0xfe, 0x55, 0xee, 0xa5, 0x97, 0xfc,
    0xa1, 0x24, 0xa, 0x20, 0x53, 0x0,

    /* U+5634 "嘴" */
    0x2, 0x4e, 0xa5, 0xab, 0xea, 0xa4, 0xbf, 0x3a,
    0x7e, 0xa4, 0x4a, 0xfb, 0xf4, 0x9a, 0x7f, 0xf,
    0xf0, 0x89, 0x10, 0xb0,

    /* U+5636 "嘶" */
    0xa, 0x3e, 0xbc, 0xbf, 0x8a, 0xa8, 0xaa, 0x9a,
    0xef, 0xaa, 0xaa, 0xea, 0xeb, 0xa9, 0xfa, 0x88,
    0xa1, 0xb2, 0x22, 0x20,

    /* U+5639 "嘹" */
    0x1, 0x1, 0x10, 0xbf, 0xff, 0x55, 0x2a, 0x46,
    0x53, 0xfa, 0xf0, 0x94, 0xfc, 0xe7, 0xe5, 0x29,
    0x21, 0x48, 0x12, 0x21, 0x70, 0x0, 0x0,

    /* U+563F "嘿" */
    0xf, 0xf7, 0x44, 0xaa, 0xad, 0x55, 0xaa, 0x89,
    0x57, 0xfa, 0x82, 0x15, 0xfe, 0xe0, 0x94, 0xff,
    0xc0, 0x8, 0x12, 0xa1, 0x94, 0x80, 0x0,

    /* U+5668 "器" */
    0x0, 0x0, 0xf3, 0xe2, 0x49, 0x9, 0x24, 0x3c,
    0xf0, 0x19, 0x27, 0xff, 0xc4, 0x8, 0x3e, 0xf9,
    0x92, 0x42, 0x49, 0xf, 0x3c, 0x24, 0x90,

    /* U+5669 "噩" */
    0x0, 0x33, 0xfe, 0x1f, 0x78, 0x9a, 0x44, 0xd2,
    0x3e, 0xfb, 0xff, 0xc0, 0x80, 0x7d, 0xe2, 0x69,
    0x1f, 0x78, 0x9a, 0x6f, 0xff, 0x80,

    /* U+566A "噪" */
    0x7, 0xc7, 0x22, 0x29, 0xf1, 0x5d, 0xeb, 0x29,
    0x57, 0x7a, 0x86, 0x5f, 0xff, 0x83, 0x80, 0x2a,
    0x2, 0x4c, 0x62, 0x0,

    /* U+568E "嚎" */
    0x1, 0x1, 0x0, 0xb9, 0xf9, 0x4f, 0xca, 0x42,
    0x57, 0xfa, 0xc0, 0x54, 0xfe, 0xa3, 0x37, 0x7a,
    0x29, 0x30, 0x17, 0x60, 0xd8, 0x80,

    /* U+56A3 "嚣" */
    0x3e, 0xf1, 0x24, 0x8f, 0x3c, 0x0, 0x13, 0xff,
    0xf, 0xf0, 0x8c, 0x84, 0xdc, 0x78, 0x19, 0xf7,
    0x89, 0x24, 0x49, 0x23, 0xcf, 0x0,

    /* U+56B7 "嚷" */
    0x1, 0x2, 0x2, 0xff, 0xfa, 0xee, 0xae, 0xea,
    0xaa, 0xaf, 0xfa, 0xfe, 0xff, 0xfa, 0x72, 0x9c,
    0xc0, 0x56, 0x6, 0x10,

    /* U+56BC "嚼" */
    0x21, 0xfe, 0xf2, 0xa5, 0x4a, 0xff, 0xaa, 0xaa,
    0xaa, 0xb5, 0x4a, 0xf2, 0xae, 0xfe, 0xea, 0x88,
    0xa0, 0xb2, 0xd, 0x60,

    /* U+56CA "囊" */
    0x2, 0x3, 0xff, 0xe3, 0xfe, 0xf, 0xf8, 0x42,
    0xa, 0xf7, 0xc2, 0x52, 0x1f, 0xfe, 0x7f, 0xf3,
    0xff, 0xe0, 0xd3, 0x3e, 0x30, 0x1c, 0x38,

    /* U+56DA "囚" */
    0x0, 0x2f, 0xfe, 0x80, 0x28, 0x42, 0x84, 0x28,
    0x42, 0x8a, 0x28, 0x92, 0x90, 0xaa, 0xa, 0x80,
    0x2f, 0xfe, 0x80, 0x20,

    /* U+56DB "四" */
    0x0, 0x2f, 0xfe, 0x89, 0x28, 0x92, 0x89, 0x28,
    0x92, 0x89, 0x29, 0x12, 0xa1, 0xe8, 0x2, 0xff,
    0xe8, 0x2, 0x80, 0x20,

    /* U+56DE "回" */
    0x0, 0x2f, 0xfe, 0x80, 0x28, 0x2, 0x9f, 0x29,
    0x12, 0x91, 0x29, 0x12, 0x9f, 0x29, 0x12, 0x80,
    0x2f, 0xfe, 0x80, 0x20,

    /* U+56E0 "因" */
    0x0, 0x2f, 0xfe, 0x80, 0x28, 0x42, 0x84, 0xab,
    0xfa, 0x84, 0x28, 0xa2, 0x89, 0x29, 0xa, 0x80,
    0xaf, 0xfe, 0x80, 0x20,

    /* U+56E2 "团" */
    0x0, 0x2f, 0xfe, 0x82, 0x28, 0x2a, 0xbf, 0xa8,
    0x62, 0x8a, 0x29, 0x22, 0xa2, 0x28, 0xe2, 0x80,
    0x2f, 0xfe, 0x80, 0x20,

    /* U+56E4 "囤" */
    0x0, 0x2f, 0xfe, 0x84, 0x2b, 0xfe, 0x84, 0x2a,
    0x4a, 0xa4, 0xab, 0xfa, 0x84, 0x28, 0x42, 0x83,
    0xaf, 0xfe, 0x80, 0x20,

    /* U+56ED "园" */
    0x0, 0x2f, 0xfe, 0x80, 0x2b, 0xfa, 0x80, 0xab,
    0xfe, 0x8a, 0x28, 0xa2, 0x92, 0x2a, 0x3e, 0x80,
    0x2f, 0xfe, 0x80, 0x20,

    /* U+56F0 "困" */
    0x0, 0x2f, 0xfe, 0x84, 0x28, 0x4a, 0xbf, 0xa8,
    0xc2, 0x8e, 0x29, 0x52, 0x94, 0xaa, 0x42, 0xc4,
    0x2f, 0xfe, 0x80, 0x20,

    /* U+56F1 "囱" */
    0xc, 0x0, 0x82, 0xff, 0xe8, 0x2, 0x8f, 0xa9,
    0x1a, 0xa1, 0x28, 0x62, 0x86, 0x28, 0x92, 0xb0,
    0x2f, 0xfe, 0x80, 0x20,

    /* U+56F4 "围" */
    0x0, 0x2f, 0xfe, 0x84, 0x2b, 0xfa, 0x84, 0x2b,
    0xfa, 0x84, 0x2b, 0xfa, 0x84, 0xa8, 0x4a, 0x85,
    0x2f, 0xfe, 0x80, 0x20,

    /* U+56FA "固" */
    0x0, 0x2f, 0xfe, 0x84, 0x28, 0x4a, 0xbf, 0xa8,
    0x42, 0x9f, 0x29, 0x12, 0x91, 0x29, 0xf2, 0x91,
    0x2f, 0xfe, 0x80, 0x20,

    /* U+56FD "国" */
    0x0, 0x2f, 0xfe, 0x80, 0xab, 0xfa, 0x84, 0x28,
    0x42, 0xbf, 0xa8, 0x52, 0x84, 0xab, 0xfe, 0x80,
    0x2f, 0xfe, 0x80, 0x20,

    /* U+56FE "图" */
    0x0, 0x2f, 0xfe, 0x88, 0x29, 0xfa, 0xb1, 0x28,
    0xe2, 0x9b, 0xea, 0x62, 0x80, 0x28, 0xf2, 0x80,
    0x2f, 0xfe, 0x80, 0x20,

    /* U+5703 "圃" */
    0x0, 0x2f, 0xfe, 0x84, 0x2f, 0xfe, 0x84, 0xab,
    0xfa, 0xbf, 0xaa, 0x4a, 0xbf, 0xaa, 0x4a, 0xa5,
    0xa8, 0x2, 0xff, 0xe0,

    /* U+5706 "圆" */
    0xff, 0xe8, 0x2, 0x9f, 0x29, 0x12, 0x9f, 0x28,
    0x2, 0xbf, 0xaa, 0x4a, 0xa4, 0xaa, 0xa2, 0xb1,
    0xaf, 0xfe, 0x80, 0x20,

    /* U+5708 "圈" */
    0x0, 0x2f, 0xfe, 0x94, 0x29, 0x52, 0xbf, 0xa8,
    0x8a, 0xb7, 0x2b, 0xf2, 0xd2, 0xa9, 0x22, 0x9e,
    0x2f, 0xfe, 0x80, 0x20,

    /* U+571F "土" */
    0x2, 0x0, 0x10, 0x0, 0x80, 0x4, 0x0, 0x20,
    0x3f, 0xf8, 0x8, 0x0, 0x40, 0x2, 0x0, 0x10,
    0x0, 0x80, 0x4, 0x2f, 0xff, 0x80,

    /* U+5723 "圣" */
    0x0, 0x1, 0xff, 0x4, 0x10, 0x11, 0x80, 0x58,
    0x1, 0x80, 0x33, 0xce, 0x40, 0x2, 0x23, 0xff,
    0x80, 0x80, 0x4, 0x2f, 0xff, 0x80,

    /* U+5728 "在" */
    0x2, 0x0, 0x30, 0x1, 0x0, 0xff, 0xf0, 0x80,
    0x4, 0x40, 0x42, 0x4e, 0xfe, 0x10, 0x80, 0x84,
    0x4, 0x20, 0x21, 0x11, 0xff, 0x80,

    /* U+5730 "地" */
    0x20, 0x80, 0x8a, 0x2, 0x29, 0xa, 0xbc, 0xfb,
    0x90, 0x8a, 0x42, 0xe9, 0x8, 0xa4, 0x22, 0x90,
    0xea, 0x86, 0x28, 0x20, 0x84, 0x3, 0xfc,

    /* U+573A "场" */
    0x20, 0x1, 0x3f, 0x8, 0x10, 0x53, 0x7, 0x21,
    0x13, 0xf8, 0x85, 0x44, 0x4a, 0x22, 0x91, 0xe4,
    0xb2, 0x44, 0x4, 0x40, 0x46, 0x0,

    /* U+573E "圾" */
    0x30, 0x0, 0x9f, 0xc2, 0x22, 0x8, 0x88, 0xfa,
    0x40, 0x89, 0xe2, 0x31, 0x8, 0xc4, 0x24, 0xa0,
    0xf2, 0x8c, 0x84, 0x2, 0x28, 0x11, 0x18, 0x8,
    0x20,

    /* U+5740 "址" */
    0x20, 0x81, 0x4, 0x8, 0x20, 0x49, 0x7, 0x49,
    0x12, 0x7c, 0x92, 0x4, 0x90, 0x24, 0x81, 0xe4,
    0x31, 0x20, 0x9, 0x21, 0xff, 0x80,

    /* U+5747 "均" */
    0x31, 0x0, 0x88, 0x2, 0x20, 0x89, 0x7e, 0xfc,
    0x8, 0x86, 0x22, 0x4, 0x88, 0x2, 0x20, 0xe8,
    0xec, 0x2c, 0x1, 0x0, 0x4, 0x0, 0x60,

    /* U+574A "坊" */
    0x1, 0x1, 0x6, 0x8, 0x12, 0x5f, 0xff, 0x90,
    0x10, 0xf8, 0x84, 0x44, 0x42, 0x22, 0x11, 0xd0,
    0xb1, 0x4, 0x10, 0x41, 0x6, 0x0,

    /* U+574E "坎" */
    0x23, 0x1, 0x10, 0x8, 0x80, 0x57, 0xff, 0xc9,
    0x14, 0x50, 0xa2, 0x4, 0x10, 0x21, 0x41, 0xea,
    0x38, 0x88, 0x4, 0x60, 0xc1, 0x80, 0x0,

    /* U+574F "坏" */
    0x20, 0x1, 0x3f, 0xc8, 0x30, 0x51, 0xf, 0x88,
    0x10, 0xc0, 0x87, 0x84, 0x52, 0x2c, 0x93, 0xc4,
    0x20, 0x20, 0x1, 0x0, 0x8, 0x0,

    /* U+5750 "坐" */
    0x2, 0x0, 0x93, 0x4, 0x90, 0x44, 0x83, 0x2a,
    0x25, 0x4a, 0xc, 0x0, 0x44, 0x7f, 0xf0, 0x10,
    0x0, 0x80, 0x4, 0x2f, 0xff, 0x80,

    /* U+5751 "坑" */
    0x1, 0x0, 0x82, 0x2, 0x0, 0x89, 0xfe, 0x38,
    0x1, 0x8f, 0x82, 0x22, 0x8, 0x88, 0x22, 0x20,
    0xe8, 0x8c, 0x62, 0x1, 0xa, 0x8, 0x38,

    /* U+5757 "块" */
    0x21, 0x1, 0x8, 0x8, 0x48, 0x47, 0xcf, 0x92,
    0x10, 0x90, 0x84, 0x85, 0xff, 0x21, 0x1, 0x14,
    0x3e, 0x91, 0x8, 0xc0, 0x83, 0x98, 0x0,

    /* U+575A "坚" */
    0x8, 0x2, 0x5f, 0x92, 0x84, 0x92, 0x44, 0x8c,
    0x24, 0x61, 0x24, 0xc1, 0x40, 0x2, 0x23, 0xff,
    0x80, 0x80, 0x4, 0x2f, 0xff, 0x80,

    /* U+575B "坛" */
    0x20, 0x0, 0x9f, 0xc2, 0x0, 0x1e, 0x0, 0x2f,
    0xf8, 0x82, 0x2, 0x10, 0x8, 0x50, 0x3a, 0x23,
    0x10, 0x40, 0xbf, 0x81, 0x2, 0x0, 0x0,

    /* U+575D "坝" */
    0x20, 0x11, 0x3f, 0x89, 0x4, 0x49, 0x2f, 0xc9,
    0x12, 0x48, 0x92, 0x44, 0x92, 0x24, 0x91, 0xce,
    0x38, 0x48, 0x4, 0x20, 0x41, 0x4, 0x0,

    /* U+575E "坞" */
    0x0, 0x1, 0x4, 0x88, 0xfc, 0x54, 0x2f, 0xa1,
    0x11, 0x8, 0x88, 0x84, 0x7f, 0x28, 0xb, 0xbf,
    0x70, 0x2, 0x0, 0x20, 0x3, 0x0,

    /* U+575F "坟" */
    0x21, 0x1, 0x4, 0x8, 0x12, 0x4f, 0x6f, 0xc2,
    0x11, 0x10, 0x88, 0x84, 0x68, 0x21, 0x41, 0x44,
    0x3c, 0x70, 0x4, 0xc0, 0xc3, 0x80,

    /* U+5760 "坠" */
    0x0, 0x83, 0xe4, 0x12, 0x20, 0xa1, 0x4, 0x8c,
    0x22, 0x91, 0x38, 0xc8, 0x81, 0x2, 0x21, 0xff,
    0x80, 0x80, 0x4, 0xf, 0xff, 0x80,

    /* U+5761 "坡" */
    0x20, 0x81, 0x4, 0x9, 0xfe, 0x49, 0x2f, 0xca,
    0x12, 0x40, 0x9f, 0xc4, 0xc4, 0x25, 0x21, 0xea,
    0x1a, 0x31, 0x11, 0x81, 0x33, 0x6, 0xc,

    /* U+5764 "坤" */
    0x20, 0x81, 0x4, 0x89, 0xfc, 0x49, 0x27, 0x49,
    0x13, 0xf8, 0x92, 0x44, 0x92, 0x2f, 0xf1, 0xa4,
    0xb0, 0x20, 0x1, 0x0, 0x8, 0x0,

    /* U+5766 "坦" */
    0x20, 0x10, 0x8f, 0xc2, 0x21, 0x8, 0x84, 0xfe,
    0x10, 0x8f, 0xc2, 0x21, 0x8, 0x84, 0x2b, 0xf1,
    0xc8, 0x4c, 0x0, 0x0, 0x2, 0xf, 0xf8,

    /* U+576A "坪" */
    0x20, 0x1, 0x7f, 0xc8, 0x20, 0x49, 0x2f, 0xaa,
    0x11, 0x50, 0x82, 0x5, 0xff, 0x20, 0x81, 0x84,
    0x30, 0x20, 0x1, 0x0, 0x8, 0x0,

    /* U+576F "坯" */
    0x20, 0x0, 0xbf, 0xe2, 0x4, 0x8, 0x20, 0xf9,
    0x80, 0x86, 0x42, 0x68, 0x8a, 0x22, 0x20, 0x80,
    0xe2, 0xc, 0x8, 0x0, 0x0, 0xf, 0xf8,

    /* U+5777 "坷" */
    0x20, 0x9, 0x7f, 0xc8, 0x4, 0x40, 0x2f, 0xfd,
    0x12, 0x48, 0x92, 0x44, 0x92, 0x27, 0x91, 0xa4,
    0xb0, 0x4, 0x0, 0x20, 0x7, 0x0,

    /* U+5782 "垂" */
    0x3, 0xe0, 0xf0, 0x0, 0x80, 0xff, 0xe1, 0x24,
    0x9, 0x2b, 0xff, 0xe2, 0x48, 0x12, 0x43, 0xff,
    0x80, 0x80, 0x4, 0x43, 0xfe, 0x0,

    /* U+5783 "垃" */
    0x21, 0x1, 0x4, 0x8, 0x14, 0x47, 0x4f, 0x80,
    0x12, 0x18, 0x88, 0x84, 0x44, 0x21, 0x21, 0xca,
    0x30, 0x50, 0x1, 0x0, 0xff, 0x80,

    /* U+5784 "垄" */
    0x4, 0x0, 0x26, 0x9f, 0xfe, 0xa, 0x0, 0x94,
    0x4, 0xc4, 0x4c, 0x2c, 0xbf, 0x82, 0x21, 0xff,
    0x80, 0x80, 0x4, 0x2f, 0xff, 0x80,

    /* U+578B "型" */
    0x2, 0x17, 0xf4, 0x89, 0x24, 0x49, 0x2f, 0xf9,
    0x12, 0x49, 0x10, 0x48, 0x86, 0x82, 0x23, 0xff,
    0x0, 0x80, 0x4, 0x2f, 0xff, 0x80,

    /* U+5792 "垒" */
    0x0, 0x0, 0x30, 0x2, 0x10, 0x60, 0x43, 0xfd,
    0x8, 0x40, 0xa4, 0x5b, 0xff, 0x64, 0x0, 0x11,
    0x1f, 0xfc, 0x4, 0x0, 0x21, 0x7f, 0xfc,

    /* U+579B "垛" */
    0x20, 0x0, 0x8f, 0x82, 0x22, 0x8, 0x88, 0x2a,
    0x21, 0xd0, 0xe2, 0x8, 0xb, 0xfe, 0x21, 0xc0,
    0xea, 0x8c, 0x49, 0x2, 0x23, 0x0, 0x80,

    /* U+57A2 "垢" */
    0x20, 0x71, 0x3c, 0x9, 0x0, 0x58, 0x27, 0x7f,
    0x92, 0x0, 0x90, 0x4, 0xfe, 0x3e, 0x13, 0x70,
    0xa2, 0x84, 0x17, 0xe1, 0x21, 0x0,

    /* U+57A6 "垦" */
    0x0, 0x1, 0xfe, 0x8, 0x10, 0x7f, 0x83, 0xfc,
    0x11, 0x18, 0x97, 0x7, 0x46, 0x2, 0x23, 0xff,
    0x0, 0x80, 0x4, 0x2f, 0xff, 0x80,

    /* U+57AB "垫" */
    0x11, 0x0, 0x88, 0x1f, 0xf8, 0x22, 0x41, 0xb2,
    0x39, 0x50, 0x49, 0x47, 0xc1, 0x2, 0x21, 0xff,
    0x80, 0x80, 0x4, 0x27, 0xff, 0x80,

    /* U+57AE "垮" */
    0x20, 0x81, 0x8, 0x9, 0xfe, 0x42, 0x8f, 0xa2,
    0x13, 0xf8, 0xa0, 0x64, 0xfe, 0x22, 0x1, 0x9f,
    0xb0, 0x8, 0x0, 0x40, 0xc, 0x0,

    /* U+57C2 "埂" */
    0x20, 0x11, 0x7f, 0xc8, 0x20, 0x4f, 0xef, 0xc9,
    0x13, 0xf8, 0x92, 0x44, 0xfe, 0x24, 0x91, 0xd4,
    0x10, 0x40, 0x5, 0x0, 0xc7, 0x80,

    /* U+57C3 "埃" */
    0x0, 0x0, 0x86, 0x2, 0x22, 0x9, 0x6, 0xff,
    0xe8, 0x88, 0x42, 0x7f, 0x8, 0x20, 0x27, 0xf8,
    0xe2, 0xc, 0x14, 0x0, 0x88, 0xc, 0x18,

    /* U+57CB "埋" */
    0x20, 0x1, 0x3f, 0x89, 0x24, 0x49, 0x2f, 0xff,
    0x12, 0x48, 0x9f, 0xc4, 0x90, 0x38, 0x93, 0x3f,
    0xe0, 0x20, 0x1, 0x20, 0xff, 0x80,

    /* U+57CE "城" */
    0x0, 0x41, 0x2, 0x88, 0x10, 0x4f, 0xff, 0xc4,
    0x13, 0xec, 0x95, 0x44, 0xaa, 0x2d, 0x23, 0xa9,
    0x22, 0xd8, 0x11, 0x31, 0x10, 0x80, 0x0,

    /* U+57DF "域" */
    0x20, 0x40, 0x81, 0x62, 0x7e, 0x3e, 0x10, 0x27,
    0x48, 0x95, 0x42, 0x55, 0x9, 0xd4, 0x25, 0x20,
    0xe6, 0x8c, 0xe5, 0x0, 0x26, 0x3, 0x8,

    /* U+57E0 "埠" */
    0x21, 0x80, 0x9f, 0xc2, 0x41, 0xd, 0xfc, 0x64,
    0x0, 0x9f, 0xe2, 0x41, 0x9, 0xfc, 0x2c, 0x81,
    0xc2, 0x2c, 0xff, 0xc0, 0x20, 0x0, 0x80,

    /* U+57F9 "培" */
    0x20, 0x81, 0x2, 0xb, 0xfe, 0x48, 0x6f, 0xa2,
    0x11, 0x24, 0xbf, 0xe4, 0x0, 0x27, 0xf1, 0xa0,
    0x91, 0x4, 0xf, 0xe0, 0x41, 0x0,

    /* U+57FA "基" */
    0x18, 0x40, 0x41, 0x4f, 0xff, 0x84, 0x10, 0x1f,
    0xc0, 0x7f, 0x1, 0x4, 0xbf, 0xfe, 0x10, 0x40,
    0x89, 0xc5, 0xfd, 0x80, 0x84, 0xff, 0xf8,

    /* U+5802 "堂" */
    0x2, 0x40, 0xd2, 0x2, 0xa4, 0x7f, 0xe4, 0x1,
    0x6f, 0xe0, 0x41, 0x3, 0xf8, 0x12, 0x41, 0xff,
    0x0, 0x80, 0x4, 0x27, 0xff, 0x80,

    /* U+5806 "堆" */
    0x21, 0x81, 0x12, 0x8, 0x82, 0x47, 0xef, 0xe4,
    0x13, 0x20, 0xaf, 0xe4, 0x48, 0x2b, 0xfb, 0x92,
    0x0, 0x92, 0x7, 0xf0, 0x20, 0x0,

    /* U+5815 "堕" */
    0x0, 0x3, 0xc8, 0x13, 0xfe, 0xa2, 0x6, 0x2f,
    0x29, 0xf9, 0x28, 0x49, 0x7e, 0x5a, 0x12, 0x1,
    0x0, 0x88, 0x7f, 0xe0, 0x20, 0x7f, 0xfc,

    /* U+5821 "堡" */
    0x10, 0x0, 0xbf, 0x9, 0x8, 0x4f, 0xc6, 0x9,
    0x57, 0xfc, 0x87, 0x4, 0xd6, 0x38, 0x80, 0x11,
    0xf, 0xf8, 0x4, 0x2f, 0xff, 0x80,

    /* U+5824 "堤" */
    0x0, 0x1, 0x1f, 0x88, 0x84, 0x47, 0xef, 0xa1,
    0x11, 0xf8, 0x9f, 0xe4, 0x10, 0x2a, 0x93, 0x97,
    0xe1, 0xa0, 0xd, 0x0, 0x9f, 0x80,

    /* U+582A "堪" */
    0x22, 0x21, 0x11, 0x9, 0xfe, 0x44, 0x4f, 0xbe,
    0x11, 0x10, 0x8f, 0x85, 0xff, 0x24, 0x1, 0xe9,
    0x31, 0x44, 0xc, 0x0, 0x7f, 0x80, 0x0,

    /* U+5830 "堰" */
    0x24, 0x19, 0x3f, 0x9, 0x7c, 0x4a, 0x27, 0x5f,
    0x12, 0xf8, 0x91, 0x4, 0xff, 0x2d, 0x27, 0xa7,
    0x1, 0x66, 0x1f, 0xf0, 0x0, 0x0,

    /* U+5835 "堵" */
    0x21, 0x1, 0xa, 0x89, 0xfc, 0x42, 0x4f, 0x94,
    0x17, 0xfc, 0x82, 0x4, 0x7e, 0x3a, 0x13, 0x7f,
    0x90, 0x84, 0x4, 0x20, 0x3f, 0x0,

    /* U+584C "塌" */
    0x20, 0x1, 0x1f, 0x88, 0x84, 0x57, 0xe7, 0xbf,
    0x10, 0x0, 0xbf, 0xe4, 0x99, 0x22, 0xa9, 0xc4,
    0x58, 0xee, 0x9, 0x90, 0x3b, 0x80, 0x0,

    /* U+5851 "塑" */
    0x4, 0x1, 0x47, 0xbf, 0xa4, 0x21, 0xe5, 0x49,
    0x3e, 0xb8, 0x44, 0x44, 0x46, 0xc2, 0x21, 0xff,
    0x0, 0x80, 0x4, 0x2f, 0xff, 0x80,

    /* U+5854 "塔" */
    0x2, 0x20, 0x88, 0xa2, 0xff, 0xc8, 0xa8, 0xf9,
    0x40, 0x88, 0xc2, 0x46, 0xc8, 0x60, 0x27, 0xf1,
    0x50, 0x40, 0x41, 0x1, 0xfc, 0x4, 0x10,

    /* U+5858 "塘" */
    0x0, 0x80, 0x81, 0x2, 0x7f, 0x89, 0x20, 0x75,
    0xf0, 0x9f, 0xf2, 0x49, 0x9, 0xfc, 0x24, 0x91,
    0xef, 0xc4, 0xa1, 0x4, 0x84, 0x13, 0xf0,

    /* U+585E "塞" */
    0x4, 0x2, 0x10, 0x9f, 0xff, 0x91, 0x27, 0xff,
    0x4, 0x50, 0x7f, 0x1f, 0xff, 0x12, 0x41, 0x11,
    0x97, 0xf6, 0x4, 0x27, 0xff, 0x80,

    /* U+586B "填" */
    0x0, 0x0, 0x41, 0x10, 0x9f, 0xe1, 0x54, 0x8f,
    0xb7, 0x4, 0x7e, 0x8, 0xfc, 0x11, 0x8, 0x3b,
    0xf9, 0xdf, 0xf8, 0x4, 0x0, 0x30, 0x80, 0x80,
    0x82, 0x0, 0x0,

    /* U+5883 "境" */
    0x0, 0x1, 0x4, 0x89, 0xfe, 0x42, 0x47, 0xff,
    0x93, 0xf8, 0x90, 0x44, 0xfe, 0x3f, 0xf3, 0x2a,
    0x10, 0x50, 0x4, 0x90, 0xc7, 0x80,

    /* U+5885 "墅" */
    0x0, 0x3, 0xff, 0x94, 0x88, 0xfc, 0x85, 0x3f,
    0xbf, 0x29, 0xf9, 0x2, 0x8, 0x6c, 0xc0, 0x1,
    0xf, 0xfc, 0x4, 0x2f, 0xff, 0x80,

    /* U+5893 "墓" */
    0x10, 0x8f, 0xff, 0x10, 0x82, 0xf4, 0x3f, 0xc2,
    0x4, 0x3f, 0xcf, 0xff, 0x10, 0x82, 0x47, 0xdf,
    0xf0, 0x42, 0xff, 0xe0,

    /* U+5899 "墙" */
    0x0, 0x81, 0x4, 0x89, 0xfe, 0x45, 0x6f, 0xac,
    0x17, 0xfc, 0x80, 0x4, 0xfe, 0x25, 0xd1, 0xaa,
    0x91, 0x74, 0xf, 0xe0, 0x41, 0x0,

    /* U+589E "增" */
    0x22, 0x31, 0x9, 0x9, 0xfe, 0x49, 0x5f, 0xda,
    0x92, 0xc4, 0x9f, 0xe4, 0x80, 0x23, 0xf1, 0xd0,
    0x98, 0xfc, 0x4, 0x20, 0x3f, 0x0,

    /* U+58A8 "墨" */
    0x3f, 0xe1, 0x93, 0xa, 0xa8, 0x6e, 0xc3, 0xff,
    0x1, 0xb, 0xff, 0xe9, 0x26, 0xc2, 0x33, 0xff,
    0x80, 0x85, 0xff, 0xf0,

    /* U+58A9 "墩" */
    0x24, 0x10, 0x88, 0x82, 0xfe, 0xd, 0x2b, 0x7f,
    0xb8, 0x92, 0xa2, 0x7e, 0x89, 0xea, 0x20, 0xa8,
    0xe7, 0x44, 0xf1, 0x0, 0x4a, 0x6, 0x4c, 0x0,
    0x0,

    /* U+58C1 "壁" */
    0x0, 0x43, 0xe2, 0x11, 0x2c, 0xf9, 0x44, 0x4,
    0xbe, 0xf9, 0x97, 0xf7, 0x88, 0x23, 0x40, 0x11,
    0xf, 0xfc, 0x4, 0xf, 0xff, 0x80,

    /* U+58D5 "壕" */
    0x0, 0x80, 0x80, 0x22, 0x7f, 0x8, 0xfc, 0x3a,
    0x11, 0x9f, 0xe2, 0x80, 0x88, 0xfe, 0x21, 0x90,
    0xfb, 0x8c, 0x7e, 0x0, 0xd6, 0x4, 0xc0,

    /* U+58E4 "壤" */
    0x0, 0x81, 0x0, 0x8b, 0xfe, 0x6e, 0xef, 0x77,
    0x12, 0xa8, 0xbf, 0xe5, 0xfe, 0x3f, 0xfe, 0x1c,
    0x83, 0x98, 0x7, 0x60, 0x20, 0x80,

    /* U+58EB "士" */
    0x2, 0x0, 0x10, 0x0, 0x80, 0x4, 0x0, 0x21,
    0x7f, 0xfc, 0x8, 0x0, 0x40, 0x2, 0x0, 0x10,
    0x0, 0x80, 0x4, 0x7, 0xff, 0x0,

    /* U+58EE "壮" */
    0x0, 0x0, 0x84, 0x4, 0x21, 0x21, 0x5, 0x8,
    0x1b, 0xfc, 0x42, 0x2, 0x10, 0x30, 0x86, 0x84,
    0x4, 0x20, 0x21, 0x21, 0x7f, 0x80,

    /* U+58F0 "声" */
    0x0, 0x0, 0x10, 0xbf, 0xfe, 0x4, 0x7, 0xff,
    0x0, 0x0, 0xff, 0x84, 0x44, 0x22, 0x21, 0xff,
    0x8, 0x8, 0x40, 0x4, 0x0, 0x40, 0x0,

    /* U+58F3 "壳" */
    0x2, 0x0, 0x10, 0x9f, 0xfc, 0x4, 0x3, 0xfe,
    0x0, 0x1, 0xff, 0xd1, 0xf0, 0x8, 0x80, 0x44,
    0x2, 0x20, 0x21, 0x22, 0xf, 0x80,

    /* U+58F6 "壶" */
    0x1, 0x0, 0x10, 0x1f, 0xfe, 0x4, 0x0, 0xde,
    0x1f, 0xfd, 0x12, 0x28, 0x92, 0x24, 0x80, 0xa5,
    0x85, 0x30, 0x9, 0x7, 0xff, 0x80,

    /* U+58F9 "壹" */
    0x2, 0x1, 0xff, 0xe0, 0x22, 0xf, 0xfc, 0x3f,
    0xf9, 0x0, 0x2d, 0xff, 0x4, 0x8, 0x1f, 0xe0,
    0x7f, 0x81, 0x88, 0x1, 0x62, 0x7f, 0xf8,

    /* U+5904 "处" */
    0x30, 0x81, 0x4, 0x8, 0x20, 0x7d, 0x4, 0x48,
    0x22, 0x72, 0x92, 0x55, 0x10, 0x28, 0x80, 0x84,
    0x6, 0x20, 0x4c, 0xc, 0x1f, 0x80,

    /* U+5907 "备" */
    0x8, 0x1, 0x84, 0x1f, 0xc3, 0xc, 0x4d, 0x0,
    0x78, 0x38, 0x77, 0xfc, 0x22, 0x43, 0xfc, 0x22,
    0x42, 0x24, 0x3f, 0xc0,

    /* U+590D "复" */
    0x18, 0x0, 0x7f, 0xe2, 0x0, 0x17, 0xf8, 0x90,
    0x20, 0x7f, 0x81, 0x2, 0x3, 0xf0, 0xf, 0xe0,
    0x61, 0x2, 0x48, 0x0, 0xe0, 0x3c, 0x78,

    /* U+590F "夏" */
    0xff, 0xf0, 0x20, 0xf, 0xf0, 0x40, 0x83, 0xfc,
    0x1f, 0xe0, 0x81, 0x7, 0xf8, 0x1f, 0xc0, 0x84,
    0x1a, 0x41, 0xe, 0x7, 0x8f, 0x0,

    /* U+5915 "夕" */
    0xc, 0x0, 0x82, 0xf, 0xe1, 0x2, 0x10, 0x63,
    0x4, 0x4c, 0xc8, 0x48, 0x1, 0x0, 0x20, 0x4,
    0x1, 0x80, 0x60, 0x0,

    /* U+5916 "外" */
    0x30, 0x81, 0x4, 0xf, 0xa0, 0x49, 0x4, 0x48,
    0x32, 0x72, 0x52, 0x43, 0x13, 0x8, 0x80, 0x84,
    0x8, 0x20, 0x81, 0x8, 0x8, 0x0,

    /* U+591A "多" */
    0x4, 0x0, 0x40, 0xf, 0xe3, 0x4, 0x48, 0x80,
    0x30, 0x5, 0x3, 0xbf, 0xcc, 0x21, 0x46, 0x22,
    0x80, 0x30, 0x1c, 0x6, 0x0,

    /* U+591C "夜" */
    0x4, 0x0, 0x10, 0xbf, 0xfe, 0x26, 0x1, 0x3f,
    0x12, 0x11, 0x94, 0x95, 0x48, 0x22, 0x41, 0xc,
    0x8, 0x60, 0x44, 0xe2, 0xc1, 0x80,

    /* U+591F "够" */
    0x20, 0x41, 0x24, 0x1f, 0xbc, 0x8b, 0x6f, 0x46,
    0x2a, 0x31, 0x57, 0x2a, 0x97, 0x74, 0x92, 0xab,
    0x1, 0x18, 0x9, 0x1, 0x90, 0x0,

    /* U+5927 "大" */
    0x2, 0x0, 0x10, 0x0, 0x80, 0x4, 0x2f, 0xff,
    0x81, 0x0, 0x8, 0x0, 0xa0, 0x5, 0x0, 0x44,
    0x4, 0x10, 0x40, 0x64, 0x1, 0x80,

    /* U+5929 "天" */
    0x0, 0x3, 0xff, 0x80, 0x80, 0x4, 0x0, 0x21,
    0x3f, 0xfc, 0x8, 0x0, 0xa0, 0x5, 0x0, 0x24,
    0x2, 0x10, 0x20, 0x66, 0x1, 0x80,

    /* U+592A "太" */
    0x2, 0x0, 0x10, 0x0, 0x80, 0x4, 0x2f, 0xff,
    0x81, 0x0, 0x8, 0x0, 0xa0, 0x5, 0x0, 0x44,
    0x3, 0x10, 0x24, 0xc2, 0x3, 0xe0, 0x0,

    /* U+592B "夫" */
    0x2, 0x0, 0x10, 0x0, 0x88, 0xff, 0xe0, 0x20,
    0x1, 0x3, 0xff, 0xe0, 0x40, 0x5, 0x0, 0x24,
    0x2, 0x10, 0x20, 0xc6, 0x1, 0x80,

    /* U+592D "夭" */
    0x0, 0xe0, 0xf8, 0x8, 0x80, 0x4, 0x0, 0x21,
    0x7f, 0xfc, 0x8, 0x0, 0xa0, 0x5, 0x0, 0x44,
    0x2, 0x10, 0x60, 0x64, 0x1, 0x80,

    /* U+592E "央" */
    0x2, 0x0, 0x10, 0x0, 0x88, 0x7f, 0xc2, 0x22,
    0x11, 0x10, 0x88, 0xbf, 0xff, 0x6, 0x0, 0x28,
    0x2, 0x20, 0x20, 0xc6, 0x1, 0x80,

    /* U+592F "夯" */
    0x0, 0x0, 0x20, 0x1, 0x5, 0xff, 0xf0, 0x90,
    0x4, 0x40, 0x51, 0x4, 0x8f, 0xff, 0xd0, 0x22,
    0x2, 0x10, 0x10, 0x81, 0x4, 0x30, 0xc0,

    /* U+5931 "失" */
    0x2, 0x0, 0x90, 0x8, 0x88, 0x7f, 0xe4, 0x20,
    0x1, 0xb, 0xff, 0xe0, 0x40, 0x5, 0x0, 0x24,
    0x2, 0x30, 0x20, 0xc6, 0x1, 0x80,

    /* U+5934 "头" */
    0x1, 0x0, 0x84, 0x1, 0x90, 0x2, 0x40, 0x41,
    0x0, 0xc4, 0x0, 0x91, 0x3f, 0xfe, 0x2, 0x0,
    0xe, 0x0, 0x46, 0x6, 0xc, 0x60, 0x8, 0x0,
    0x0,

    /* U+5937 "夷" */
    0x2, 0x0, 0x10, 0x9f, 0xfe, 0x4, 0x3, 0xfe,
    0x1, 0x10, 0xff, 0x8f, 0xfe, 0x2, 0x10, 0x28,
    0x81, 0x48, 0x11, 0x87, 0x3, 0x80,

    /* U+5938 "夸" */
    0x3, 0x0, 0x18, 0x27, 0xff, 0x83, 0x20, 0x8,
    0x40, 0xff, 0xc4, 0x0, 0x8f, 0xfc, 0x8, 0x0,
    0x7f, 0x80, 0x4, 0x0, 0x10, 0x1, 0x80,

    /* U+5939 "夹" */
    0x2, 0x0, 0x10, 0x9f, 0xfc, 0x44, 0x1, 0x26,
    0x9, 0x20, 0xa, 0x1f, 0xff, 0x7, 0x0, 0x28,
    0x2, 0x20, 0x20, 0xc6, 0x3, 0x80,

    /* U+593A "夺" */
    0x3, 0x0, 0x8, 0x7, 0xff, 0x81, 0x20, 0x8,
    0x60, 0x40, 0x66, 0x5, 0x1f, 0xfe, 0x10, 0x40,
    0x21, 0x0, 0x44, 0x0, 0x10, 0x1, 0xc0,

    /* U+5944 "奄" */
    0x6, 0x0, 0x20, 0xbf, 0xfe, 0x12, 0x1, 0x2c,
    0x1f, 0xfb, 0x89, 0x47, 0xf8, 0x22, 0x41, 0xfe,
    0x8, 0x94, 0x4, 0x20, 0x3f, 0x80,

    /* U+5947 "奇" */
    0x0, 0x0, 0x11, 0x1f, 0xfc, 0xc, 0x0, 0x9c,
    0x18, 0x29, 0x7f, 0x87, 0xc8, 0x22, 0x41, 0x12,
    0xf, 0x90, 0x40, 0x80, 0xc, 0x0,

    /* U+5948 "奈" */
    0x4, 0x0, 0x20, 0xbf, 0xfe, 0x12, 0x1, 0xc,
    0x17, 0xd1, 0x0, 0xef, 0xfe, 0x2, 0x0, 0xd2,
    0x8, 0x8c, 0x84, 0x20, 0x60, 0x0,

    /* U+5949 "奉" */
    0x2, 0x0, 0x30, 0x9f, 0xfe, 0x8, 0x43, 0xbd,
    0x7f, 0xfc, 0x49, 0x4, 0x44, 0x5f, 0xd8, 0x11,
    0xf, 0xfc, 0x4, 0x0, 0x20, 0x0,

    /* U+594B "奋" */
    0x2, 0x0, 0x20, 0xbf, 0xfe, 0x11, 0x1, 0x4,
    0x10, 0x1d, 0xff, 0x84, 0x44, 0x22, 0x21, 0xff,
    0x8, 0x88, 0x7f, 0xc2, 0x2, 0x0,

    /* U+594F "奏" */
    0x2, 0x0, 0x10, 0x9f, 0xfc, 0x8, 0x41, 0xfc,
    0x7f, 0xfc, 0x43, 0x3, 0xf4, 0x22, 0x1f, 0xff,
    0x0, 0x80, 0xb, 0x0, 0x86, 0x38, 0x0,

    /* U+5951 "契" */
    0x10, 0x10, 0xaf, 0x8e, 0x24, 0xf9, 0x21, 0x9,
    0xa, 0x89, 0xe9, 0x80, 0x40, 0x4, 0x17, 0xff,
    0xc1, 0x80, 0x13, 0x1, 0x6, 0x70, 0x8,

    /* U+5954 "奔" */
    0x3, 0x0, 0x4, 0x11, 0xff, 0xf0, 0x22, 0x0,
    0x93, 0x83, 0xff, 0x98, 0x40, 0x4, 0x90, 0x8,
    0x24, 0xff, 0xf8, 0x20, 0x80, 0x81, 0x2, 0x2,
    0x0,

    /* U+5955 "奕" */
    0x2, 0x0, 0x4, 0x47, 0xff, 0x81, 0x20, 0x34,
    0xb0, 0x92, 0x20, 0xb8, 0xc, 0xc0, 0x2, 0x1,
    0xff, 0xe0, 0x30, 0x1, 0x20, 0x18, 0x61, 0x80,
    0x60,

    /* U+5956 "奖" */
    0x8, 0x81, 0x24, 0x2, 0x9f, 0x82, 0x84, 0xd,
    0xa1, 0xe1, 0x0, 0x98, 0x0, 0xc2, 0x7f, 0xf8,
    0xc, 0x0, 0x48, 0x2, 0x18, 0x70, 0x18,

    /* U+5957 "套" */
    0x2, 0x0, 0x18, 0x27, 0xff, 0x82, 0x20, 0xf,
    0xe0, 0xe0, 0x64, 0xfc, 0x82, 0x0, 0xf, 0xe1,
    0xff, 0xe0, 0x44, 0x6, 0x8, 0x1f, 0xd0, 0x0,
    0x0,

    /* U+5960 "奠" */
    0x10, 0x87, 0xff, 0xc1, 0x40, 0x7f, 0xc2, 0x52,
    0x14, 0x70, 0xff, 0x84, 0x4, 0x3f, 0xf7, 0xff,
    0xc1, 0x80, 0x13, 0x7, 0x7, 0x80,

    /* U+5962 "奢" */
    0x0, 0x0, 0x40, 0xff, 0xf0, 0x90, 0x34, 0xe7,
    0xfb, 0x5, 0xf, 0xff, 0xc, 0x1, 0xfc, 0x70,
    0x41, 0xfc, 0x10, 0x41, 0xfc,

    /* U+5965 "奥" */
    0x4, 0x0, 0x10, 0x43, 0xff, 0x9, 0x84, 0x26,
    0xd0, 0xbf, 0x42, 0x71, 0xa, 0xa4, 0x30, 0x1b,
    0xff, 0xf0, 0x70, 0x3, 0x20, 0x10, 0x7f, 0x80,
    0x0,

    /* U+5973 "女" */
    0x4, 0x0, 0x40, 0x8, 0x0, 0x81, 0xff, 0xf1,
    0xc, 0x10, 0x82, 0x8, 0x21, 0x1, 0x90, 0x7,
    0x0, 0x4c, 0x18, 0x6e, 0x0,

    /* U+5974 "奴" */
    0x20, 0x1, 0x3f, 0x90, 0x85, 0xf4, 0x44, 0xa2,
    0x25, 0x12, 0x24, 0x92, 0x28, 0x51, 0x41, 0x84,
    0xe, 0x50, 0x94, 0xc8, 0xc1, 0x80,

    /* U+5976 "奶" */
    0x10, 0x0, 0x9f, 0xc2, 0x12, 0x3f, 0x48, 0x29,
    0x29, 0x24, 0xe4, 0x90, 0x92, 0x42, 0x32, 0x8,
    0x48, 0x22, 0xa0, 0x89, 0x4, 0x48, 0x30,

    /* U+5978 "奸" */
    0x20, 0x1, 0x3f, 0x90, 0x21, 0xf1, 0x4, 0x88,
    0x24, 0x4a, 0x5f, 0xf2, 0x10, 0x90, 0x83, 0x4,
    0xc, 0x20, 0x91, 0x8, 0x8, 0x0,

    /* U+5979 "她" */
    0x20, 0x41, 0x2, 0x8, 0x95, 0xf4, 0xf4, 0xad,
    0x2b, 0xa9, 0x49, 0x52, 0x4a, 0x72, 0x71, 0x92,
    0xe, 0x92, 0x94, 0x18, 0x3f, 0x80,

    /* U+597D "好" */
    0x10, 0x0, 0x4f, 0xe2, 0x1, 0x1f, 0x8, 0x24,
    0x40, 0x91, 0x24, 0xbf, 0xd2, 0x10, 0x48, 0x40,
    0xc1, 0x1, 0x84, 0x9, 0x10, 0x40, 0xc0,

    /* U+5982 "如" */
    0x30, 0x1, 0x0, 0x8, 0x7f, 0xfa, 0x22, 0x51,
    0x24, 0x89, 0x24, 0x49, 0x22, 0x69, 0x10, 0x88,
    0x8b, 0x7c, 0x4a, 0x2c, 0x10, 0x0,

    /* U+5984 "妄" */
    0x4, 0x0, 0x8, 0x4f, 0xff, 0x88, 0x0, 0x20,
    0x21, 0xff, 0x80, 0x41, 0x3f, 0xfe, 0x18, 0x40,
    0x42, 0x0, 0xf0, 0x1, 0xb8, 0x38, 0x11, 0x0,
    0x0,

    /* U+5986 "妆" */
    0x10, 0xc0, 0x42, 0x1, 0x10, 0x34, 0x40, 0x5f,
    0xf8, 0xc4, 0x81, 0x22, 0x4, 0x88, 0x34, 0x23,
    0x4f, 0x1, 0xe, 0x4, 0x4c, 0x16, 0x18, 0x0,
    0x0,

    /* U+5987 "妇" */
    0x20, 0x1, 0x0, 0x92, 0xfd, 0xf0, 0x24, 0x81,
    0x24, 0x9, 0x2f, 0xd2, 0x2, 0x50, 0x11, 0x80,
    0x8c, 0x4, 0x9f, 0xe8, 0x1, 0x0,

    /* U+5988 "妈" */
    0x10, 0x0, 0x8f, 0xc2, 0x1, 0x1f, 0x44, 0x29,
    0x20, 0xa4, 0x84, 0xa2, 0x92, 0xfe, 0x48, 0x8,
    0xdf, 0xa1, 0x80, 0x8b, 0x2, 0x44, 0x30,

    /* U+5992 "妒" */
    0x21, 0x1, 0x4, 0xa, 0xff, 0xf4, 0x24, 0xa1,
    0x25, 0x9, 0x2f, 0xca, 0x42, 0x52, 0x1, 0x90,
    0xf, 0x0, 0x98, 0x8, 0x80, 0x0,

    /* U+5993 "妓" */
    0x20, 0x81, 0x4, 0x19, 0xff, 0xf1, 0x4, 0x88,
    0x27, 0xfa, 0x48, 0xd2, 0x44, 0x51, 0x41, 0x86,
    0xe, 0x70, 0x94, 0x48, 0xc1, 0x0,

    /* U+5996 "妖" */
    0x20, 0x31, 0xe, 0x8, 0xa1, 0xf1, 0x4, 0x88,
    0x24, 0x49, 0x5f, 0xf2, 0x10, 0x90, 0x82, 0x8a,
    0xc, 0x50, 0x74, 0x44, 0x41, 0x44, 0x0,

    /* U+5999 "妙" */
    0x20, 0x81, 0x4, 0x10, 0xa1, 0xf5, 0x45, 0x49,
    0x2a, 0x4a, 0x62, 0x12, 0x12, 0x90, 0x23, 0x2,
    0xc, 0x20, 0x92, 0x8, 0xe0, 0x0,

    /* U+59A5 "妥" */
    0x0, 0xe0, 0xf8, 0x18, 0x8, 0x88, 0x82, 0x48,
    0x12, 0x40, 0x20, 0x5f, 0xff, 0x10, 0x80, 0x8c,
    0xe, 0x40, 0xf, 0x1, 0x86, 0x30, 0x0,

    /* U+59A8 "妨" */
    0x21, 0x1, 0x4, 0x10, 0x27, 0xf6, 0xc4, 0x90,
    0x24, 0xfa, 0x44, 0x52, 0x22, 0x52, 0x11, 0x90,
    0x8f, 0x84, 0x98, 0x48, 0x86, 0x0,

    /* U+59B9 "妹" */
    0x20, 0x81, 0x4, 0x10, 0x2d, 0xf7, 0x84, 0x88,
    0x28, 0x49, 0x5f, 0xf2, 0x30, 0x91, 0xc3, 0x15,
    0xd, 0x2c, 0x91, 0x38, 0x8, 0x0,

    /* U+59BB "妻" */
    0x2, 0x1, 0xff, 0xe0, 0x20, 0xf, 0xf8, 0x2,
    0x29, 0xff, 0xc3, 0xfe, 0x1, 0x0, 0xff, 0xf8,
    0x23, 0x1, 0x8, 0x3, 0xf0, 0x7c, 0x30,

    /* U+59C6 "姆" */
    0x20, 0x10, 0x8f, 0xc2, 0x29, 0x3e, 0x94, 0x4a,
    0x59, 0x5f, 0xf5, 0x21, 0x24, 0xa4, 0x54, 0x50,
    0x90, 0x63, 0x7f, 0x9e, 0x4, 0x8, 0x60,

    /* U+59CA "姊" */
    0x40, 0x82, 0x5, 0x11, 0x71, 0xed, 0x5, 0x48,
    0x4a, 0x4a, 0x7f, 0xd2, 0x32, 0x61, 0x91, 0x94,
    0x95, 0x29, 0x11, 0x0, 0x8, 0x0,

    /* U+59CB "始" */
    0x20, 0xc0, 0x82, 0x4, 0x14, 0x3e, 0x8c, 0x4c,
    0x19, 0x2f, 0xa5, 0x1, 0x24, 0xfc, 0x52, 0x10,
    0xc8, 0x43, 0xa1, 0x12, 0xfc, 0x82, 0x10,

    /* U+59D0 "姐" */
    0x20, 0x1, 0x1f, 0x8, 0x88, 0xb4, 0x44, 0xbe,
    0x25, 0x12, 0x48, 0x92, 0x44, 0x53, 0xe1, 0x11,
    0xe, 0x88, 0x94, 0x48, 0xff, 0x80, 0x0,

    /* U+59D1 "姑" */
    0x20, 0x40, 0x81, 0x2, 0x84, 0x3f, 0xff, 0x48,
    0x41, 0x21, 0x4, 0x84, 0x14, 0xfe, 0x52, 0x8,
    0xc8, 0x22, 0xa0, 0x92, 0xfe, 0x82, 0x8,

    /* U+59D3 "姓" */
    0x20, 0x82, 0x14, 0x10, 0xa0, 0xb9, 0x27, 0x7f,
    0x4a, 0x42, 0x62, 0x12, 0xfe, 0x60, 0x81, 0x4,
    0x14, 0x20, 0x81, 0x28, 0xff, 0x80, 0x0,

    /* U+59D4 "委" */
    0x0, 0xe3, 0x38, 0x0, 0x85, 0xff, 0xf0, 0xf0,
    0x9, 0x61, 0x80, 0x60, 0x82, 0xff, 0xf8, 0x46,
    0x4, 0x20, 0x1f, 0x3, 0xc7, 0x20, 0x0,

    /* U+59DA "姚" */
    0x21, 0x41, 0xa, 0x8, 0x51, 0xfa, 0xa5, 0x36,
    0x29, 0xa1, 0x45, 0x12, 0x6e, 0x5d, 0x59, 0xa,
    0xc, 0x90, 0x84, 0x98, 0x47, 0x80,

    /* U+59DC "姜" */
    0x8, 0xc0, 0x12, 0x7, 0xff, 0x0, 0x88, 0x3f,
    0xf0, 0x8, 0x4f, 0xff, 0x81, 0x4, 0xff, 0xf8,
    0x23, 0x1, 0x8, 0x3, 0xe0, 0xc, 0x73, 0xc0,
    0x40,

    /* U+59E5 "姥" */
    0x20, 0x80, 0x82, 0x22, 0x3f, 0x1e, 0x28, 0x28,
    0xa9, 0x3f, 0xf4, 0x84, 0x14, 0x64, 0x31, 0x30,
    0x5d, 0x2, 0x98, 0x8, 0x42, 0x41, 0xf8,

    /* U+59E8 "姨" */
    0x20, 0x81, 0x4, 0xb, 0xfe, 0x91, 0x7, 0xff,
    0x28, 0x49, 0x5f, 0xd2, 0x90, 0x57, 0xf9, 0x4,
    0x8e, 0x54, 0x94, 0x48, 0x41, 0x80,

    /* U+59FB "姻" */
    0x20, 0x12, 0x3f, 0x91, 0x25, 0xf9, 0x25, 0x49,
    0x2b, 0xfa, 0x52, 0x52, 0x92, 0x65, 0x51, 0x29,
    0x95, 0xd, 0xf, 0xe0, 0x41, 0x0,

    /* U+59FF "姿" */
    0x0, 0x2, 0x30, 0xd, 0xfc, 0x52, 0x44, 0x90,
    0x21, 0x61, 0x30, 0xc3, 0x82, 0xff, 0xf0, 0x84,
    0xc, 0x40, 0x1c, 0x0, 0xde, 0x38, 0x0,

    /* U+5A01 "威" */
    0x1, 0x0, 0x12, 0x7f, 0xf4, 0x10, 0x7f, 0x4,
    0x12, 0x59, 0x27, 0xec, 0x54, 0xc5, 0xc8, 0x8c,
    0xc9, 0x33, 0x24, 0x10,

    /* U+5A03 "娃" */
    0x20, 0x81, 0x4, 0x9, 0xfd, 0xf1, 0x4, 0x89,
    0x27, 0xfd, 0x42, 0x12, 0x12, 0x77, 0xf1, 0x84,
    0xa, 0x20, 0x91, 0x8, 0xff, 0x80, 0x0,

    /* U+5A04 "娄" */
    0x2, 0x0, 0xc9, 0x1, 0x29, 0x3f, 0xfe, 0xf,
    0x0, 0x6b, 0x82, 0x1, 0x11, 0x84, 0xff, 0xf8,
    0x21, 0x1, 0x8, 0x3, 0xe0, 0xc, 0x73, 0xc0,
    0x0,

    /* U+5A06 "娆" */
    0x21, 0x1, 0x8, 0xc9, 0xfd, 0xf1, 0x44, 0x8c,
    0x28, 0xb5, 0x48, 0x72, 0xff, 0x51, 0x41, 0x8a,
    0xe, 0x92, 0x94, 0x98, 0x47, 0x80,

    /* U+5A07 "娇" */
    0x20, 0x30, 0x8f, 0x2, 0x8, 0x1e, 0x22, 0x4f,
    0xf9, 0x24, 0x85, 0x21, 0x15, 0x4a, 0x51, 0x20,
    0xc4, 0x83, 0x92, 0x12, 0x88, 0x84, 0x20,

    /* U+5A18 "娘" */
    0x20, 0x81, 0x2, 0x8, 0xfd, 0xf4, 0x24, 0xbf,
    0x25, 0x9, 0x2f, 0xd2, 0x50, 0x72, 0x90, 0x93,
    0xa, 0x88, 0x86, 0x28, 0x0, 0x80,

    /* U+5A1C "娜" */
    0x20, 0x80, 0x9f, 0xf2, 0x2a, 0xde, 0xaa, 0x57,
    0xa9, 0x4a, 0xc5, 0x2a, 0x95, 0xe9, 0x32, 0xa4,
    0xd2, 0x92, 0x4a, 0xd2, 0x28, 0x1, 0x20,

    /* U+5A29 "娩" */
    0x21, 0x80, 0x87, 0xc2, 0x12, 0x3e, 0x90, 0x2b,
    0xf9, 0x39, 0x24, 0xa4, 0x94, 0xfe, 0x52, 0x68,
    0xc2, 0x82, 0x92, 0x12, 0x4a, 0x46, 0x3c,

    /* U+5A31 "娱" */
    0x30, 0x0, 0x8f, 0xc2, 0x21, 0x3e, 0x84, 0x4b,
    0xf1, 0x20, 0x44, 0xbf, 0xa4, 0x20, 0x77, 0xf8,
    0x42, 0x3, 0x94, 0x12, 0x8c, 0x84, 0x18,

    /* U+5A36 "娶" */
    0x6, 0x3, 0xef, 0xc9, 0x44, 0x79, 0x63, 0xc6,
    0x12, 0x33, 0xf6, 0x60, 0xc0, 0xff, 0xf8, 0x42,
    0x4, 0x20, 0x1f, 0x1, 0x87, 0x10, 0x0,

    /* U+5A46 "婆" */
    0x0, 0x0, 0x4, 0xd, 0xfe, 0x9, 0x3, 0x7f,
    0x12, 0x90, 0x93, 0x85, 0xe3, 0x22, 0x3, 0xff,
    0xc3, 0x10, 0x31, 0x0, 0x7c, 0x1e, 0x18,

    /* U+5A49 "婉" */
    0x20, 0x81, 0x24, 0x11, 0xdf, 0xfc, 0x25, 0x21,
    0x2b, 0xfa, 0x55, 0x52, 0xaa, 0x6b, 0x51, 0xa,
    0x94, 0x92, 0x88, 0x98, 0x87, 0x80,

    /* U+5A5A "婚" */
    0x20, 0xf1, 0x1a, 0xa, 0x91, 0xf7, 0xf4, 0xa2,
    0x25, 0x51, 0x6c, 0x6a, 0x7e, 0x32, 0x10, 0x9f,
    0x8a, 0x84, 0x94, 0x28, 0x3f, 0x0,

    /* U+5A74 "婴" */
    0x0, 0x13, 0xef, 0x95, 0x44, 0xaa, 0xa5, 0x55,
    0x2a, 0xa8, 0xb2, 0xd9, 0x82, 0xff, 0xf8, 0xc6,
    0x4, 0x20, 0x1f, 0x1, 0xc6, 0x30, 0x0,

    /* U+5A76 "婶" */
    0x61, 0x2, 0x4, 0x11, 0xfe, 0xa9, 0x27, 0x88,
    0x4b, 0xfa, 0x52, 0x52, 0xfe, 0xa4, 0x93, 0x3f,
    0x95, 0x20, 0x81, 0x8, 0x8, 0x0,

    /* U+5A7F "婿" */
    0x20, 0x1, 0x3f, 0xc8, 0x25, 0xf5, 0xc4, 0xa8,
    0x26, 0xfd, 0x48, 0x52, 0x7e, 0x53, 0xf1, 0x90,
    0x8a, 0xfc, 0x94, 0x28, 0x23, 0x0,

    /* U+5A92 "媒" */
    0x22, 0x62, 0x24, 0x4f, 0xf4, 0x24, 0x73, 0xc5,
    0x24, 0x93, 0xc9, 0x20, 0x5f, 0xf2, 0x18, 0x33,
    0x44, 0x53, 0x81, 0x0,

    /* U+5A9A "媚" */
    0x20, 0x1, 0x3f, 0xd1, 0x25, 0xf9, 0x25, 0x77,
    0x2a, 0xfa, 0x58, 0x52, 0xbe, 0x66, 0x11, 0x2f,
    0x96, 0x84, 0x93, 0xe9, 0x21, 0x0,

    /* U+5AB3 "媳" */
    0x20, 0x80, 0x8c, 0x42, 0xaf, 0x1e, 0x84, 0x2b,
    0xf1, 0x2f, 0xc4, 0xa1, 0x14, 0xfc, 0x52, 0x80,
    0xc5, 0x42, 0xd4, 0x89, 0x4a, 0x41, 0xf0,

    /* U+5AC1 "嫁" */
    0x20, 0x80, 0x89, 0x2, 0x3f, 0xcb, 0x82, 0x5f,
    0xf9, 0x22, 0x4, 0xb9, 0x94, 0x38, 0x51, 0x30,
    0xdb, 0xc3, 0x92, 0x91, 0x8b, 0x80, 0xc0,

    /* U+5AC2 "嫂" */
    0x21, 0x82, 0x37, 0x91, 0x24, 0xa9, 0x27, 0x7f,
    0x2a, 0x4a, 0x5f, 0xd2, 0x90, 0x9f, 0xf3, 0x11,
    0xc, 0x98, 0xa3, 0x88, 0x36, 0xe, 0x8,

    /* U+5AC9 "嫉" */
    0x20, 0x41, 0x1, 0xa, 0xfe, 0x8d, 0x27, 0x6f,
    0x29, 0xa1, 0x49, 0x53, 0xff, 0x6a, 0x41, 0x16,
    0xd, 0x28, 0x8a, 0x28, 0xa1, 0x80,

    /* U+5ACC "嫌" */
    0x22, 0x30, 0x85, 0x2, 0x7f, 0x8e, 0x50, 0x4f,
    0xf1, 0x25, 0x45, 0x7f, 0xd4, 0x54, 0x57, 0xf0,
    0xcd, 0x83, 0x56, 0x12, 0x56, 0x11, 0x40,

    /* U+5AE1 "嫡" */
    0x21, 0x1, 0x6, 0x91, 0xc9, 0xf2, 0x85, 0x4d,
    0x2b, 0xd9, 0x5f, 0xd2, 0x92, 0x55, 0xd1, 0x2a,
    0x95, 0x74, 0x88, 0x28, 0x41, 0x0,

    /* U+5AE9 "嫩" */
    0x44, 0x62, 0x2a, 0x17, 0xf0, 0xa8, 0xba, 0xfb,
    0x56, 0xca, 0xb5, 0x55, 0xea, 0xa4, 0x23, 0x39,
    0x1b, 0x59, 0x29, 0x28, 0x50, 0x80,

    /* U+5B09 "嬉" */
    0x20, 0x41, 0x3f, 0xca, 0x14, 0xf7, 0xe4, 0xa1,
    0x25, 0xf9, 0x2f, 0xca, 0x24, 0x32, 0xd8, 0x9f,
    0x8a, 0x84, 0x84, 0x28, 0x3f, 0x0,

    /* U+5B50 "子" */
    0x0, 0x21, 0xff, 0x0, 0x10, 0x3, 0x0, 0x20,
    0x1, 0xb, 0xff, 0xe0, 0x40, 0x2, 0x0, 0x10,
    0x0, 0x80, 0x4, 0x0, 0xe0, 0x0,

    /* U+5B54 "孔" */
    0x1, 0x7, 0xe8, 0x1, 0x40, 0x12, 0x1, 0x10,
    0x8, 0x80, 0x74, 0x1e, 0x20, 0x91, 0x0, 0x88,
    0x4, 0x44, 0x22, 0x23, 0x1f, 0x80, 0x0,

    /* U+5B55 "孕" */
    0x0, 0x3, 0xfe, 0x2, 0x20, 0x11, 0xf1, 0x1,
    0xf, 0xe8, 0x84, 0x48, 0x44, 0xff, 0xf8, 0x10,
    0x0, 0x80, 0x4, 0x0, 0x60, 0x0,

    /* U+5B57 "字" */
    0x4, 0x0, 0x10, 0xf, 0xfe, 0x80, 0x2d, 0xfc,
    0x0, 0x40, 0xc, 0x0, 0x42, 0xff, 0xf8, 0x10,
    0x0, 0x80, 0x4, 0x0, 0x20, 0x2, 0x0,

    /* U+5B58 "存" */
    0x4, 0x0, 0x20, 0x9f, 0xfe, 0x10, 0x0, 0xff,
    0x8, 0x10, 0x41, 0xe, 0x12, 0x17, 0xf8, 0x84,
    0x4, 0x20, 0x21, 0x1, 0x18, 0x0,

    /* U+5B59 "孙" */
    0x8, 0x87, 0xc4, 0x2, 0x20, 0x21, 0x2, 0x2c,
    0x11, 0x50, 0xf2, 0x4c, 0x92, 0xa4, 0x91, 0x44,
    0x48, 0x20, 0x41, 0x6, 0x38, 0x0,

    /* U+5B5D "孝" */
    0x2, 0x0, 0x9, 0x63, 0xfe, 0x0, 0x92, 0x7f,
    0xfc, 0xc, 0x1, 0xff, 0x4, 0x10, 0xe1, 0x89,
    0xff, 0xf0, 0x10, 0x0, 0x40, 0x7, 0x0, 0x0,
    0x0,

    /* U+5B5F "孟" */
    0x0, 0x1, 0xff, 0x0, 0x30, 0x6, 0x27, 0xff,
    0x81, 0x0, 0x78, 0x0, 0x0, 0x3f, 0xf1, 0x29,
    0x9, 0x48, 0x4a, 0x4f, 0xff, 0x80,

    /* U+5B63 "季" */
    0x0, 0xe3, 0xf8, 0x0, 0x85, 0xff, 0xf0, 0xe8,
    0xd, 0x38, 0xff, 0xf8, 0x18, 0x3, 0x17, 0xff,
    0xc0, 0x80, 0x4, 0x0, 0xe0, 0x2, 0x0,

    /* U+5B64 "孤" */
    0x0, 0x37, 0xff, 0x5, 0x28, 0x49, 0x42, 0x4a,
    0x12, 0x50, 0xf2, 0x9c, 0x92, 0xa4, 0x91, 0x24,
    0x8a, 0x2c, 0x51, 0xdf, 0x0, 0x80,

    /* U+5B66 "学" */
    0x4, 0x21, 0x12, 0x14, 0xa0, 0xff, 0xf4, 0x1,
    0x5f, 0xe0, 0x2, 0x0, 0x62, 0xff, 0xf8, 0x10,
    0x0, 0x80, 0x4, 0x0, 0xe0, 0x0,

    /* U+5B69 "孩" */
    0x9, 0x3, 0xc4, 0x85, 0xfe, 0x43, 0x2, 0x10,
    0x15, 0x30, 0xdf, 0x1c, 0x12, 0xa1, 0x21, 0x32,
    0x8, 0x28, 0x46, 0x26, 0x41, 0x84, 0x0,

    /* U+5B75 "孵" */
    0x60, 0x76, 0xfc, 0xad, 0xa5, 0x6a, 0xcb, 0x42,
    0x7e, 0xfb, 0xf0, 0x96, 0x8a, 0xf5, 0xfd, 0xe2,
    0x14, 0x11, 0x20, 0x81, 0xc, 0x0,

    /* U+5B7D "孽" */
    0x8, 0x87, 0xff, 0xc2, 0x34, 0xff, 0xe4, 0x8a,
    0x3a, 0xad, 0xf7, 0xcf, 0x88, 0x5f, 0xe0, 0x8,
    0x3f, 0xfe, 0x4, 0x0, 0xe0, 0x0,

    /* U+5B81 "宁" */
    0x4, 0x0, 0x10, 0x1f, 0xff, 0x80, 0x20, 0x1,
    0x7f, 0xfc, 0x8, 0x0, 0x40, 0x2, 0x0, 0x10,
    0x0, 0x80, 0x4, 0x0, 0x60, 0x0,

    /* U+5B83 "它" */
    0x4, 0x2, 0x10, 0x1f, 0xfc, 0x80, 0x2d, 0x2,
    0x8, 0x0, 0x43, 0x2, 0x20, 0x16, 0x0, 0xc0,
    0x4, 0x8, 0x20, 0x41, 0xff, 0x0,

    /* U+5B85 "宅" */
    0x4, 0x2, 0x10, 0x9f, 0xfd, 0x80, 0x28, 0x1e,
    0xf, 0x0, 0x90, 0x0, 0x86, 0x1f, 0xc3, 0x20,
    0x1, 0x0, 0x8, 0x20, 0x7f, 0x0,

    /* U+5B87 "宇" */
    0x4, 0x0, 0x10, 0x1f, 0xfe, 0x80, 0xab, 0xfe,
    0x1, 0x0, 0x8, 0x5f, 0xff, 0x2, 0x0, 0x10,
    0x0, 0x80, 0x4, 0x0, 0x60, 0x0,

    /* U+5B88 "守" */
    0x2, 0x0, 0x8, 0xf, 0xfe, 0x80, 0x2c, 0x8,
    0x0, 0x49, 0xff, 0xe2, 0x10, 0x8, 0x80, 0x24,
    0x0, 0x20, 0x1, 0x0, 0x78, 0x0, 0x80,

    /* U+5B89 "安" */
    0x4, 0x0, 0x10, 0x1f, 0xfc, 0x88, 0x68, 0x42,
    0x4, 0x3, 0xff, 0xc1, 0x10, 0x10, 0x81, 0x8,
    0x7, 0xc0, 0xf, 0x1, 0x86, 0x50, 0x10,

    /* U+5B8B "宋" */
    0x2, 0x0, 0x8, 0xf, 0xfe, 0x84, 0x2c, 0x20,
    0x1, 0x9, 0xff, 0xe0, 0xe0, 0x7, 0x0, 0x54,
    0x4, 0x98, 0xc4, 0x30, 0x20, 0x0,

    /* U+5B8C "完" */
    0x4, 0x0, 0x10, 0x1f, 0xfd, 0x80, 0x3, 0xfc,
    0x0, 0x0, 0x0, 0x1f, 0xfe, 0x9, 0x0, 0x48,
    0x4, 0x40, 0x62, 0x24, 0x1f, 0x80,

    /* U+5B8F "宏" */
    0x4, 0x0, 0x10, 0x1f, 0xfd, 0x0, 0x60, 0xc0,
    0x7f, 0xf8, 0x20, 0x2, 0x60, 0x12, 0x1, 0x24,
    0x12, 0x19, 0x27, 0xc1, 0xc1, 0x0, 0x0,

    /* U+5B97 "宗" */
    0x4, 0x0, 0x10, 0x1f, 0xfe, 0x80, 0xa1, 0xfc,
    0x0, 0x0, 0x0, 0x5f, 0xff, 0x2, 0x0, 0x92,
    0x8, 0x88, 0xc4, 0x28, 0xe0, 0x2, 0x0,

    /* U+5B98 "官" */
    0x2, 0x0, 0x8, 0xf, 0xfc, 0x80, 0x2d, 0xfc,
    0x8, 0x20, 0x7f, 0x2, 0x8, 0x10, 0x0, 0xff,
    0x4, 0x8, 0x3f, 0xc1, 0x2, 0x0,

    /* U+5B99 "宙" */
    0x4, 0x2, 0x10, 0x1f, 0xff, 0x84, 0x20, 0x20,
    0x1f, 0xf0, 0x88, 0x84, 0x44, 0x3f, 0xe1, 0x11,
    0x8, 0x88, 0x7f, 0xc2, 0x2, 0x0,

    /* U+5B9A "定" */
    0x2, 0x0, 0x8, 0x1f, 0xfe, 0x80, 0x2c, 0x0,
    0x1f, 0xf0, 0x8, 0x2, 0x40, 0x13, 0xe1, 0x10,
    0xc, 0x80, 0x94, 0x8, 0x7f, 0x80,

    /* U+5B9B "宛" */
    0x4, 0x2, 0x10, 0x9f, 0xfd, 0x80, 0x29, 0x2,
    0x1e, 0xf0, 0x94, 0x8c, 0xa4, 0x99, 0x20, 0x4b,
    0x4, 0x40, 0x42, 0x24, 0x1f, 0x80,

    /* U+5B9C "宜" */
    0x4, 0x0, 0x10, 0x1f, 0xfe, 0x80, 0x29, 0xfc,
    0x8, 0x20, 0x41, 0x3, 0xf8, 0x10, 0x40, 0xfe,
    0x4, 0x10, 0x20, 0xaf, 0xff, 0x80,

    /* U+5B9D "宝" */
    0x4, 0x0, 0x10, 0x1f, 0xfe, 0x80, 0x28, 0x2,
    0x1f, 0xf8, 0x8, 0x0, 0x40, 0x3f, 0xe0, 0x14,
    0x0, 0x90, 0x4, 0x2f, 0xff, 0x80,

    /* U+5B9E "实" */
    0x2, 0x0, 0x8, 0xf, 0xfe, 0x82, 0x34, 0xd0,
    0x2, 0x80, 0x64, 0x1, 0x20, 0x7f, 0xf8, 0x10,
    0x1, 0xf0, 0x10, 0x63, 0x1, 0x20, 0x0,

    /* U+5BA0 "宠" */
    0x4, 0x0, 0x20, 0x7f, 0xf8, 0x82, 0x9, 0xaf,
    0xff, 0xa, 0x0, 0xa4, 0x12, 0x81, 0x30, 0x22,
    0x12, 0x61, 0xc3, 0xf0,

    /* U+5BA1 "审" */
    0x4, 0x2, 0x10, 0x1f, 0xff, 0x84, 0x23, 0xfe,
    0x11, 0x10, 0x88, 0x87, 0xfc, 0x22, 0x21, 0xff,
    0x8, 0x88, 0x4, 0x0, 0x20, 0x0,

    /* U+5BA2 "客" */
    0x4, 0x2, 0x10, 0x1f, 0xfe, 0x98, 0x28, 0xfc,
    0xc, 0x40, 0x94, 0x0, 0xe0, 0x18, 0xfb, 0xfe,
    0x84, 0x10, 0x3f, 0x81, 0x4, 0x0,

    /* U+5BA3 "宣" */
    0x2, 0x0, 0x8, 0xf, 0xfc, 0x80, 0xad, 0xfe,
    0x0, 0x0, 0x7f, 0x2, 0x8, 0x1f, 0xc0, 0x82,
    0x7, 0xf0, 0x20, 0xaf, 0xff, 0x80,

    /* U+5BA4 "室" */
    0x4, 0x0, 0x10, 0x9f, 0xfe, 0x80, 0x2f, 0xfe,
    0x2, 0x40, 0xff, 0x84, 0x40, 0x2, 0x21, 0xff,
    0x0, 0x80, 0x4, 0x2f, 0xff, 0x80,

    /* U+5BA6 "宦" */
    0x4, 0x2, 0x10, 0x1f, 0xff, 0x80, 0x6b, 0xfe,
    0x11, 0x0, 0xff, 0x84, 0x4, 0x20, 0x21, 0xff,
    0x8, 0x88, 0x44, 0x23, 0xff, 0x80, 0x0,

    /* U+5BAA "宪" */
    0x4, 0x0, 0x20, 0x7f, 0xf4, 0x1, 0x92, 0x3,
    0xfe, 0x22, 0x4, 0x21, 0xff, 0xf0, 0x90, 0x9,
    0x1, 0x11, 0x60, 0xf0,

    /* U+5BAB "宫" */
    0x4, 0x2, 0x10, 0x1f, 0xfe, 0x80, 0x29, 0xfc,
    0x8, 0x20, 0x41, 0x3, 0xf8, 0x3f, 0xe1, 0x1,
    0x8, 0x8, 0x40, 0x43, 0xfe, 0x0,

    /* U+5BB0 "宰" */
    0x4, 0x0, 0x10, 0x1f, 0xff, 0x84, 0x63, 0xff,
    0x8, 0x20, 0x22, 0x5f, 0xff, 0x2, 0x3, 0xff,
    0x80, 0x80, 0x4, 0x0, 0x20, 0x0,

    /* U+5BB3 "害" */
    0x4, 0x0, 0x20, 0x7f, 0xf8, 0x26, 0xff, 0xe0,
    0x24, 0x1f, 0x8f, 0xff, 0x2, 0x3, 0xfc, 0x20,
    0x43, 0xfc, 0x20, 0x40,

    /* U+5BB4 "宴" */
    0x2, 0x1, 0xff, 0x90, 0x5, 0xbf, 0x81, 0x4,
    0xf, 0xe0, 0x41, 0x3, 0xfa, 0xff, 0xf8, 0x44,
    0x6, 0x60, 0xf, 0x83, 0xc3, 0x20, 0x0,

    /* U+5BB5 "宵" */
    0x4, 0x0, 0x20, 0x7f, 0xfa, 0x2e, 0x12, 0x3,
    0xfc, 0x20, 0x43, 0xfc, 0x20, 0x43, 0xfc, 0x20,
    0x42, 0x4, 0x20, 0xc0,

    /* U+5BB6 "家" */
    0x4, 0x0, 0x20, 0x7f, 0xf8, 0x4, 0xbf, 0xe0,
    0xc0, 0x18, 0x66, 0xd8, 0x13, 0x6, 0x68, 0x1a,
    0x46, 0x23, 0x6, 0x0,

    /* U+5BB9 "容" */
    0x2, 0x0, 0x8, 0x1f, 0xfe, 0x91, 0x28, 0x86,
    0x1b, 0x89, 0x22, 0x2, 0xc, 0x7f, 0xf8, 0x82,
    0x4, 0x10, 0x3f, 0x81, 0x4, 0x0,

    /* U+5BBD "宽" */
    0x4, 0x0, 0x21, 0xff, 0xf8, 0x12, 0xff, 0xf1,
    0x10, 0x3f, 0xc2, 0x4, 0x24, 0x42, 0x64, 0x2a,
    0x1, 0xa1, 0x63, 0xf0,

    /* U+5BBE "宾" */
    0x2, 0x0, 0x4, 0x27, 0xff, 0x90, 0x2, 0xc3,
    0xf0, 0x70, 0x1, 0xff, 0x4, 0x20, 0x10, 0x8b,
    0xff, 0xe0, 0x84, 0x6, 0xc, 0xe0, 0x8,

    /* U+5BBF "宿" */
    0x4, 0x2, 0x10, 0x1f, 0xfc, 0xa0, 0x49, 0xff,
    0x10, 0x80, 0x9f, 0x8c, 0x84, 0xa4, 0x21, 0x3f,
    0x9, 0x8, 0x4f, 0xc2, 0x42, 0x0,

    /* U+5BC2 "寂" */
    0x4, 0x2, 0x10, 0x1f, 0xff, 0xa8, 0x21, 0xff,
    0x8, 0x88, 0x44, 0x5f, 0xd4, 0x10, 0xa2, 0xa6,
    0x14, 0x91, 0x25, 0x41, 0x11, 0x91, 0x0,

    /* U+5BC4 "寄" */
    0x4, 0x0, 0x10, 0x9f, 0xfd, 0x4, 0xeb, 0xfe,
    0x3, 0x0, 0xe7, 0x4b, 0xec, 0x3e, 0x41, 0x12,
    0xf, 0x90, 0x44, 0x80, 0xc, 0x0,

    /* U+5BC6 "密" */
    0x2, 0x0, 0x4, 0x7, 0xff, 0x10, 0x94, 0x88,
    0xa0, 0xa4, 0x46, 0xe2, 0x87, 0xf0, 0xe2, 0x0,
    0x88, 0x82, 0x22, 0x8, 0x88, 0x7f, 0xe0,

    /* U+5BC7 "寇" */
    0x2, 0x0, 0x8, 0x1f, 0xff, 0x81, 0x27, 0xc8,
    0x2, 0x73, 0xff, 0xc5, 0x86, 0x29, 0x21, 0x46,
    0xa, 0x2a, 0x96, 0x18, 0xff, 0x80,

    /* U+5BCC "富" */
    0x2, 0x0, 0x8, 0x1f, 0xff, 0xbf, 0xc1, 0xfc,
    0x8, 0x20, 0x41, 0x3, 0xf8, 0x3f, 0xe1, 0x11,
    0xf, 0xf8, 0x44, 0x43, 0xfe, 0x0,

    /* U+5BD2 "寒" */
    0x4, 0x2, 0x10, 0x1f, 0xff, 0x91, 0x27, 0xff,
    0x4, 0x40, 0x7f, 0x9f, 0xff, 0x10, 0x41, 0x31,
    0x10, 0x46, 0x18, 0x0, 0x38, 0x0, 0x0,

    /* U+5BD3 "寓" */
    0x4, 0x0, 0x10, 0x1f, 0xff, 0x7f, 0xa2, 0x24,
    0x1f, 0xe0, 0x89, 0x7, 0xf8, 0x7f, 0xf2, 0x11,
    0x17, 0xe8, 0x80, 0x44, 0x6, 0x0,

    /* U+5BDD "寝" */
    0x2, 0x0, 0x8, 0x1f, 0xfe, 0xaf, 0xc1, 0x3e,
    0x28, 0x11, 0x5f, 0x86, 0x8, 0x3f, 0xf2, 0x93,
    0x4, 0x50, 0x23, 0x81, 0x63, 0x80,

    /* U+5BDE "寞" */
    0x2, 0x0, 0x4, 0x23, 0xff, 0x91, 0x22, 0x3f,
    0xf0, 0x7f, 0x1, 0x2, 0x7, 0xf8, 0x1f, 0xe0,
    0x8, 0x27, 0xff, 0x80, 0xc0, 0xc, 0xe1, 0xc0,
    0x60,

    /* U+5BDF "察" */
    0x2, 0x3, 0xff, 0xd4, 0x5, 0x7f, 0xc2, 0x52,
    0x2c, 0x60, 0xa1, 0x3, 0xf6, 0x60, 0x29, 0xff,
    0x84, 0x98, 0x24, 0x22, 0x20, 0x22, 0x0,

    /* U+5BE1 "寡" */
    0x2, 0x3, 0xff, 0xd0, 0x15, 0x3f, 0x1, 0xfc,
    0xf, 0xe0, 0x7f, 0x2, 0x9, 0x7f, 0xf1, 0xff,
    0x11, 0x16, 0x11, 0x3, 0x18, 0x0,

    /* U+5BE5 "寥" */
    0x2, 0x2, 0x10, 0x1f, 0x7f, 0x7b, 0xc1, 0x5a,
    0x6, 0x71, 0xdc, 0x80, 0x90, 0x1b, 0x7f, 0x64,
    0xc, 0xd0, 0x3b, 0x3, 0xe0, 0x0,

    /* U+5BE8 "寨" */
    0x44, 0x3, 0xff, 0xf2, 0x25, 0xff, 0xe0, 0x8a,
    0xf, 0xe3, 0xff, 0xe2, 0x48, 0x32, 0x21, 0xfe,
    0xb0, 0xa2, 0x24, 0xc6, 0x22, 0x3, 0x0,

    /* U+5BF8 "寸" */
    0x0, 0x80, 0x4, 0x0, 0x25, 0xff, 0xf0, 0x8,
    0x20, 0x40, 0xc2, 0x2, 0x10, 0x8, 0x80, 0x4,
    0x0, 0x20, 0x1, 0x0, 0x38, 0x0,

    /* U+5BF9 "对" */
    0x0, 0x27, 0xe1, 0x1, 0x8, 0x17, 0xf0, 0x82,
    0x14, 0x10, 0x64, 0x83, 0x14, 0x18, 0xa1, 0x21,
    0x11, 0x9, 0x0, 0x40, 0x6, 0x0,

    /* U+5BFA "寺" */
    0x2, 0x0, 0x8, 0x43, 0xff, 0x0, 0x82, 0xff,
    0xfc, 0x1, 0x0, 0x4, 0x1f, 0xfe, 0x18, 0x40,
    0x31, 0x0, 0x44, 0x0, 0x10, 0x3, 0xc0, 0x0,
    0x0,

    /* U+5BFB "寻" */
    0x0, 0x1, 0xff, 0x80, 0x8, 0x3f, 0xc0, 0x2,
    0x1f, 0xf0, 0x1, 0x3f, 0xff, 0x0, 0x40, 0x42,
    0x1, 0x10, 0x0, 0x80, 0xc, 0x0,

    /* U+5BFC "导" */
    0x0, 0x1, 0xff, 0x8, 0x10, 0x7f, 0x82, 0x2,
    0x1f, 0xf8, 0x2, 0x0, 0x12, 0xff, 0xf8, 0x84,
    0x2, 0x20, 0x1, 0x0, 0x78, 0x0, 0x80,

    /* U+5BFF "寿" */
    0x2, 0x0, 0x10, 0x9f, 0xfe, 0x8, 0x43, 0xff,
    0x2, 0x3, 0xff, 0xe1, 0x8, 0xf, 0xf8, 0xa2,
    0x8, 0x90, 0x80, 0x80, 0x3c, 0x0,

    /* U+5C01 "封" */
    0x10, 0x20, 0xa1, 0x1f, 0x8, 0x20, 0x71, 0x1e,
    0x7f, 0x10, 0x44, 0x82, 0x94, 0x7e, 0xa0, 0x81,
    0x4, 0x8, 0x38, 0x4c, 0xe, 0x0, 0x0,

    /* U+5C04 "射" */
    0x10, 0x30, 0x81, 0x1f, 0x8, 0x88, 0x47, 0xff,
    0xa3, 0x11, 0xf4, 0x9f, 0x94, 0xc, 0xa0, 0xa1,
    0x9, 0x8, 0x88, 0x40, 0xc6, 0x0,

    /* U+5C06 "将" */
    0x1, 0x0, 0x88, 0x4, 0xfe, 0xa4, 0x23, 0x56,
    0x8, 0x50, 0x5c, 0x86, 0xff, 0x52, 0x24, 0x89,
    0x4, 0x28, 0x20, 0x41, 0xe, 0x0,

    /* U+5C09 "尉" */
    0x0, 0x23, 0xf1, 0x10, 0x88, 0x84, 0x67, 0xff,
    0xa2, 0x91, 0x6a, 0x8f, 0xd4, 0x48, 0x23, 0x51,
    0x1a, 0x89, 0x10, 0x48, 0x86, 0x0,

    /* U+5C0A "尊" */
    0x8, 0x80, 0x48, 0xfd, 0xf8, 0x7f, 0xc2, 0x52,
    0x1c, 0x70, 0xff, 0x84, 0x4, 0x3f, 0xf7, 0xff,
    0xc2, 0x20, 0x9, 0x0, 0x18, 0x0,

    /* U+5C0F "小" */
    0x2, 0x0, 0x10, 0x0, 0x80, 0x4, 0x1, 0x28,
    0x11, 0x20, 0x88, 0x88, 0x42, 0x42, 0x14, 0x10,
    0x80, 0x80, 0x4, 0x0, 0xe0, 0x0,

    /* U+5C11 "少" */
    0x3, 0x0, 0x10, 0x4, 0x80, 0x24, 0x82, 0x22,
    0x11, 0x9, 0x8, 0x50, 0x4c, 0x2, 0xc0, 0x4,
    0x0, 0xc0, 0x8, 0x7, 0x80, 0x0,

    /* U+5C14 "尔" */
    0x0, 0x0, 0xc0, 0x4, 0x4, 0x7f, 0xe2, 0x1,
    0x21, 0x12, 0xa, 0x2, 0x48, 0x22, 0x21, 0x11,
    0x90, 0x85, 0x4, 0x0, 0xe0, 0x2, 0x0,

    /* U+5C16 "尖" */
    0x2, 0x0, 0x10, 0x4, 0x90, 0x44, 0x44, 0x21,
    0x41, 0x8, 0x8, 0x0, 0x42, 0xff, 0xf8, 0x30,
    0x1, 0x40, 0x11, 0x1, 0x7, 0x70, 0xc,

    /* U+5C18 "尘" */
    0x2, 0x0, 0x90, 0xc, 0xa0, 0x44, 0xc4, 0x21,
    0x41, 0x8, 0x8, 0x0, 0x44, 0x7f, 0xf0, 0x10,
    0x0, 0x80, 0x4, 0x2f, 0xff, 0x80,

    /* U+5C1A "尚" */
    0x4, 0x2, 0x4c, 0x34, 0x81, 0x50, 0xff, 0xe8,
    0x2, 0x9f, 0x29, 0x12, 0x91, 0x29, 0xf2, 0x91,
    0x28, 0x2, 0x80, 0x60,

    /* U+5C1D "尝" */
    0x2, 0x21, 0x12, 0x14, 0xa0, 0xff, 0xf4, 0x1,
    0x40, 0x20, 0xff, 0x0, 0x0, 0x7f, 0xf0, 0x30,
    0x2, 0x20, 0x20, 0xc7, 0xfa, 0x0, 0x0,

    /* U+5C24 "尤" */
    0x0, 0x0, 0x20, 0x1, 0x10, 0x8, 0x6f, 0xff,
    0x82, 0x80, 0x14, 0x0, 0xa0, 0x5, 0x0, 0x48,
    0x2, 0x40, 0x22, 0x2, 0x11, 0x20, 0xfc, 0x0,
    0x0,

    /* U+5C31 "就" */
    0x10, 0x80, 0x22, 0x4f, 0xe9, 0x0, 0x22, 0x7d,
    0xf9, 0x13, 0x7, 0xcc, 0x15, 0x30, 0x58, 0xc1,
    0x4d, 0x9, 0x34, 0x4, 0x92, 0x34, 0x7c,

    /* U+5C38 "尸" */
    0x0, 0x1, 0xff, 0x88, 0x4, 0x40, 0x23, 0xff,
    0x10, 0x8, 0x80, 0x4, 0x0, 0x20, 0x1, 0x0,
    0x10, 0x0, 0x80, 0x0, 0x0, 0x0,

    /* U+5C3A "尺" */
    0x0, 0x21, 0xff, 0x8, 0x8, 0x40, 0x42, 0x2,
    0x1f, 0xf0, 0x88, 0x84, 0x40, 0x21, 0x2, 0x8,
    0x10, 0x31, 0x0, 0xc8, 0x1, 0x80,

    /* U+5C3C "尼" */
    0x0, 0x1, 0xff, 0x88, 0x4, 0x40, 0x23, 0xff,
    0x10, 0x8, 0x90, 0x4, 0x8e, 0x25, 0x81, 0x30,
    0x11, 0x2, 0x88, 0x18, 0x7f, 0x80,

    /* U+5C3D "尽" */
    0x0, 0x0, 0x7f, 0xc1, 0x1, 0x4, 0x4, 0x1f,
    0xf0, 0x42, 0x41, 0x8, 0x8, 0xd0, 0x21, 0xa0,
    0x80, 0x64, 0xc0, 0x0, 0xe0, 0x0, 0x40,

    /* U+5C3E "尾" */
    0x0, 0x1, 0xff, 0xc8, 0x4, 0x7f, 0xe2, 0x4,
    0x11, 0xc0, 0xb4, 0x44, 0x3c, 0x2f, 0x9, 0xf,
    0x93, 0xc0, 0x82, 0x18, 0x1f, 0x80,

    /* U+5C3F "尿" */
    0x0, 0x1, 0xff, 0x88, 0x4, 0x7f, 0xe2, 0x10,
    0x10, 0x8c, 0xfc, 0xc4, 0xb8, 0x25, 0x41, 0x4a,
    0x16, 0x4c, 0xc2, 0x10, 0x30, 0x0,

    /* U+5C40 "局" */
    0x0, 0x1, 0xff, 0x8, 0x8, 0x7f, 0xc2, 0x2,
    0x1f, 0xf8, 0x80, 0x45, 0xf2, 0x28, 0x91, 0x44,
    0x93, 0xe4, 0x90, 0x28, 0x6, 0x0,

    /* U+5C41 "屁" */
    0x0, 0x10, 0xff, 0xe2, 0x1, 0xf, 0xfc, 0x20,
    0x0, 0xa1, 0x2, 0x85, 0x8b, 0xd4, 0x28, 0x60,
    0xa1, 0x4, 0x84, 0x52, 0x91, 0x4c, 0x7c, 0x0,
    0x0,

    /* U+5C42 "层" */
    0x0, 0x0, 0xff, 0xc2, 0x1, 0xf, 0xfc, 0x20,
    0x20, 0xbf, 0xc2, 0x0, 0x8, 0x0, 0x3f, 0xf8,
    0x8c, 0x2, 0x20, 0x11, 0xc, 0x5f, 0xea, 0x0,
    0x20,

    /* U+5C45 "居" */
    0x0, 0x0, 0xff, 0xe2, 0x1, 0xf, 0xfc, 0x21,
    0x10, 0x84, 0x23, 0xff, 0xc8, 0x40, 0x2f, 0xf1,
    0x20, 0x44, 0x81, 0x13, 0xfc, 0x8, 0x10,

    /* U+5C48 "屈" */
    0x0, 0x1, 0xff, 0xc8, 0x4, 0x7f, 0xe2, 0x18,
    0x14, 0x88, 0xa4, 0x45, 0xfe, 0x21, 0x11, 0x8,
    0x94, 0x44, 0xa2, 0x21, 0xff, 0x0,

    /* U+5C49 "屉" */
    0x0, 0x3, 0xff, 0x90, 0x8, 0xff, 0xc4, 0x0,
    0x29, 0x21, 0x49, 0x4f, 0xfe, 0x52, 0x42, 0x9e,
    0x14, 0x91, 0x20, 0x9, 0xff, 0x0, 0x0,

    /* U+5C4A "届" */
    0x0, 0x11, 0xff, 0x88, 0x4, 0x7f, 0xe2, 0x11,
    0x10, 0x88, 0xbf, 0xc6, 0x22, 0x31, 0x11, 0x7f,
    0x94, 0x44, 0x9f, 0xe1, 0x1, 0x0,

    /* U+5C4B "屋" */
    0x0, 0x1, 0xff, 0x88, 0x4, 0x7f, 0xe2, 0x1,
    0x1f, 0xfc, 0x88, 0x5, 0x86, 0x2f, 0xd1, 0x8,
    0x17, 0xfc, 0x82, 0xb, 0xff, 0x80, 0x0,

    /* U+5C4E "屎" */
    0x0, 0x1, 0xff, 0x88, 0x4, 0x7f, 0xe2, 0x1,
    0x14, 0x98, 0x94, 0x84, 0xa8, 0x3f, 0xfb, 0x1c,
    0x11, 0x50, 0x92, 0x70, 0x10, 0x0,

    /* U+5C4F "屏" */
    0x0, 0x1, 0xff, 0x88, 0x4, 0x7f, 0xe2, 0x42,
    0x11, 0x28, 0xbf, 0xc4, 0x48, 0x22, 0x41, 0xff,
    0xd0, 0x90, 0x88, 0x81, 0x4, 0x0,

    /* U+5C51 "屑" */
    0x0, 0x1, 0xff, 0xc8, 0x4, 0x7f, 0xe2, 0x49,
    0x11, 0x50, 0xbf, 0xc5, 0x2, 0x2f, 0xf1, 0x40,
    0x93, 0xfc, 0x90, 0x20, 0x83, 0x0,

    /* U+5C55 "展" */
    0x0, 0x1, 0xff, 0x88, 0x4, 0x7f, 0xe2, 0x24,
    0x1f, 0xf8, 0x89, 0x4, 0x48, 0x3f, 0xf9, 0x28,
    0x91, 0x28, 0x88, 0x88, 0x63, 0x42, 0x4,

    /* U+5C5E "属" */
    0x0, 0x3, 0xff, 0x20, 0x13, 0xff, 0x2f, 0xe2,
    0x12, 0x2f, 0xe2, 0xfe, 0x29, 0x3, 0xff, 0x51,
    0x55, 0x6b, 0x90, 0x30,

    /* U+5C60 "屠" */
    0x0, 0x0, 0xff, 0xe2, 0x0, 0x8f, 0xfe, 0x21,
    0x50, 0xbf, 0x82, 0x14, 0x8f, 0xff, 0x23, 0x11,
    0x33, 0xc5, 0x7f, 0x11, 0x4, 0x7, 0xf0,

    /* U+5C61 "屡" */
    0x0, 0x3, 0xff, 0x10, 0x8, 0xff, 0xc4, 0x94,
    0x2f, 0xf9, 0x1e, 0x9, 0x2e, 0x52, 0x3, 0xff,
    0xa1, 0x21, 0x1f, 0x8, 0x26, 0xe, 0x8,

    /* U+5C65 "履" */
    0x0, 0x3, 0xff, 0x90, 0x4, 0xff, 0xe5, 0xbf,
    0x32, 0x11, 0x3f, 0x8a, 0x7c, 0x73, 0xe2, 0x8f,
    0x24, 0x91, 0x2b, 0x1, 0x77, 0x0,

    /* U+5C6F "屯" */
    0x2, 0x0, 0x10, 0x0, 0x85, 0xff, 0xf0, 0x20,
    0x11, 0x10, 0x88, 0x84, 0x44, 0x3f, 0xe0, 0x11,
    0x0, 0x84, 0x4, 0x20, 0x3f, 0x80,

    /* U+5C71 "山" */
    0x2, 0x0, 0x10, 0x0, 0x80, 0x84, 0x24, 0x21,
    0x21, 0x9, 0x8, 0x48, 0x42, 0x42, 0x12, 0x10,
    0x90, 0x84, 0xff, 0xe0, 0x1, 0x0,

    /* U+5C79 "屹" */
    0x0, 0x1, 0x8, 0x8, 0x41, 0x57, 0xfa, 0xa0,
    0x56, 0x2, 0xbf, 0x95, 0x8, 0xa8, 0x45, 0x44,
    0x2e, 0x41, 0x94, 0x0, 0x21, 0x1, 0xfc,

    /* U+5C7F "屿" */
    0x0, 0x1, 0x8, 0x8, 0x85, 0x57, 0xfa, 0xa0,
    0x55, 0xa, 0xaf, 0xd5, 0xa, 0xaf, 0xd5, 0xc0,
    0xb2, 0x4, 0x0, 0x40, 0x6, 0x0,

    /* U+5C81 "岁" */
    0x2, 0x2, 0x22, 0x22, 0x22, 0x22, 0x7f, 0xe0,
    0x80, 0xf, 0xe1, 0x6, 0x28, 0x44, 0x48, 0x1,
    0x0, 0x20, 0x1c, 0xe, 0x0,

    /* U+5C82 "岂" */
    0x44, 0x24, 0x42, 0x44, 0x27, 0xbe, 0x0, 0x7,
    0xfc, 0x0, 0x40, 0x4, 0x7f, 0xc4, 0x0, 0x40,
    0x4, 0x2, 0x3f, 0xf0,

    /* U+5C94 "岔" */
    0x0, 0x0, 0x44, 0x4, 0x10, 0x40, 0xe5, 0xfd,
    0xc2, 0x20, 0x11, 0x1, 0x8, 0x10, 0x81, 0x10,
    0x8, 0x88, 0x44, 0x42, 0x22, 0x1f, 0xf0,

    /* U+5C96 "岖" */
    0x20, 0x11, 0x1f, 0xc8, 0x81, 0x54, 0x4a, 0xaa,
    0x55, 0x32, 0xa9, 0x15, 0x4c, 0xaa, 0xa5, 0x54,
    0xbe, 0xc4, 0x4, 0x0, 0x3f, 0x80, 0x0,

    /* U+5C97 "岗" */
    0x4, 0x10, 0x8a, 0x11, 0x7f, 0xe0, 0x1, 0xff,
    0xe0, 0x54, 0x8a, 0x8e, 0x50, 0xca, 0x25, 0x58,
    0xa8, 0xc,

    /* U+5C9B "岛" */
    0x4, 0x0, 0x40, 0xf, 0xf8, 0x48, 0x82, 0x44,
    0x10, 0xa0, 0x82, 0x47, 0xfe, 0x8, 0x12, 0x44,
    0x92, 0x24, 0xff, 0x20, 0xe, 0x0,

    /* U+5CA9 "岩" */
    0x2, 0x1, 0x11, 0x8, 0x88, 0x44, 0x47, 0xfe,
    0x0, 0xb, 0xff, 0xe1, 0x0, 0x1f, 0xe1, 0x81,
    0x34, 0x8, 0x3f, 0xc1, 0x2, 0x0,

    /* U+5CAD "岭" */
    0x20, 0x81, 0x4, 0x8, 0x51, 0x52, 0x8a, 0xb2,
    0x56, 0x4a, 0xa2, 0x15, 0x7c, 0xa8, 0x25, 0x42,
    0x36, 0x60, 0x1, 0x0, 0x4, 0x0, 0x0,

    /* U+5CB3 "岳" */
    0x0, 0x20, 0x4f, 0x41, 0xc0, 0x4, 0x4, 0x1f,
    0xf8, 0x42, 0x1, 0x8, 0x4, 0x22, 0xff, 0xfc,
    0x0, 0x2, 0x21, 0x8, 0x84, 0x7f, 0xf0, 0x0,
    0x40,

    /* U+5CB8 "岸" */
    0x2, 0x4, 0x22, 0x42, 0x27, 0xfe, 0x0, 0x17,
    0xfe, 0x5f, 0xe4, 0x10, 0x41, 0x7, 0xff, 0x81,
    0x8, 0x10, 0x1, 0x0,

    /* U+5CE1 "峡" */
    0x0, 0x82, 0x4, 0x10, 0x25, 0xbf, 0xfd, 0x48,
    0x69, 0x5b, 0x4a, 0x9b, 0xff, 0xd0, 0x86, 0x8a,
    0x3c, 0x90, 0x8, 0x40, 0x81, 0x80,

    /* U+5CE6 "峦" */
    0x4, 0x0, 0x10, 0xbf, 0xfc, 0x12, 0x2, 0x96,
    0x24, 0x8a, 0x24, 0x41, 0x20, 0x44, 0x22, 0x21,
    0x11, 0x8, 0x88, 0x4f, 0xfe, 0x0,

    /* U+5CED "峭" */
    0x20, 0x81, 0x24, 0xaa, 0xa9, 0x51, 0xa, 0xbf,
    0x55, 0xa, 0xa8, 0x55, 0x7e, 0xaa, 0x15, 0x5f,
    0xbe, 0x84, 0x4, 0x20, 0x23, 0x0,

    /* U+5CF0 "峰" */
    0x0, 0x1, 0x8, 0x8, 0x78, 0x44, 0x4a, 0xd4,
    0x54, 0x62, 0xa4, 0xd5, 0xd0, 0xab, 0xf5, 0x45,
    0x3e, 0x74, 0x1f, 0xf0, 0x8, 0x0, 0x40,

    /* U+5CFB "峻" */
    0x20, 0x81, 0x8, 0x8, 0x8d, 0x57, 0xea, 0x90,
    0x55, 0x1a, 0xb4, 0x55, 0x3e, 0xaa, 0x25, 0x6b,
    0x36, 0x30, 0x3, 0x80, 0x63, 0x4, 0x4,

    /* U+5D07 "崇" */
    0x4, 0x4, 0x42, 0x44, 0x2f, 0xfe, 0x4, 0x1f,
    0xff, 0x80, 0x81, 0xf0, 0xff, 0xf0, 0x40, 0x24,
    0x44, 0x42, 0x8c, 0x0,

    /* U+5D0E "崎" */
    0x0, 0x84, 0x8, 0x4f, 0xfd, 0x18, 0xd3, 0x6d,
    0xc1, 0xd7, 0xed, 0x7a, 0xd4, 0xad, 0x4a, 0xb7,
    0xa0, 0x2, 0x0, 0x60,

    /* U+5D14 "崔" */
    0x2, 0x1, 0x10, 0x88, 0x84, 0x7f, 0xe1, 0x11,
    0xf, 0xfc, 0xc4, 0xb, 0xfe, 0x11, 0x0, 0xff,
    0x84, 0x40, 0x3f, 0xf1, 0x0, 0x0,

    /* U+5D16 "崖" */
    0x1, 0x1, 0x8, 0x8f, 0xfc, 0x0, 0x3, 0xff,
    0x90, 0x40, 0xbf, 0xc4, 0x10, 0x3f, 0xf9, 0x4,
    0x8b, 0xfe, 0x81, 0x1b, 0xff, 0x80,

    /* U+5D29 "崩" */
    0x62, 0x12, 0x10, 0x9f, 0xfc, 0x0, 0x7, 0xdf,
    0xa2, 0x89, 0x14, 0x4f, 0xbe, 0x45, 0x13, 0xef,
    0x91, 0x45, 0xa, 0x29, 0x61, 0x4, 0x10,

    /* U+5D2D "崭" */
    0x3, 0x1, 0x10, 0x88, 0x84, 0x7f, 0xe1, 0x3,
    0x7f, 0xe0, 0xa4, 0xd, 0x23, 0x7f, 0xe0, 0x49,
    0x1f, 0x48, 0x14, 0x40, 0xc2, 0x0,

    /* U+5D4C "嵌" */
    0x44, 0x24, 0x42, 0xff, 0xe0, 0x0, 0x49, 0xf,
    0xff, 0x4a, 0x24, 0x8a, 0x78, 0x84, 0x9c, 0x49,
    0x47, 0xa2, 0x4c, 0x10,

    /* U+5DCD "巍" */
    0x42, 0x22, 0x11, 0x3f, 0xf8, 0x11, 0x7, 0x3f,
    0x7f, 0x50, 0xef, 0x8a, 0xd4, 0xb3, 0xe7, 0xe5,
    0x12, 0x78, 0x75, 0x6, 0x4f, 0x80,

    /* U+5DDD "川" */
    0x22, 0x12, 0x21, 0x22, 0x12, 0x21, 0x22, 0x12,
    0x21, 0x22, 0x12, 0x21, 0x22, 0x14, 0x21, 0x40,
    0x18, 0x1,

    /* U+5DDE "州" */
    0x11, 0x10, 0x88, 0x84, 0x44, 0x33, 0x25, 0x55,
    0x2a, 0xab, 0x44, 0x42, 0x22, 0x21, 0x11, 0x8,
    0x90, 0x45, 0x2, 0x20,

    /* U+5DE1 "巡" */
    0x4, 0x90, 0x92, 0x42, 0x4a, 0x2, 0x48, 0x29,
    0x43, 0xe9, 0x2, 0x96, 0x9, 0x28, 0x24, 0x90,
    0x8b, 0x62, 0x24, 0x96, 0x0, 0x87, 0xf8,

    /* U+5DE2 "巢" */
    0x12, 0x23, 0x26, 0x8, 0x98, 0x20, 0x43, 0xfe,
    0x11, 0x10, 0xff, 0x84, 0x44, 0x3f, 0xf7, 0xff,
    0xc3, 0xa0, 0x64, 0xcc, 0x21, 0x80,

    /* U+5DE5 "工" */
    0x0, 0x23, 0xff, 0x80, 0x80, 0x4, 0x0, 0x20,
    0x1, 0x0, 0x8, 0x0, 0x40, 0x2, 0x0, 0x10,
    0xbf, 0xfe,

    /* U+5DE6 "左" */
    0x4, 0x0, 0x20, 0x1, 0x5, 0xff, 0xf0, 0x80,
    0x4, 0x0, 0x60, 0x83, 0xfe, 0x11, 0x1, 0x8,
    0x10, 0x40, 0x82, 0x2b, 0xff, 0x80,

    /* U+5DE7 "巧" */
    0xf, 0xff, 0xc8, 0x8, 0x40, 0x42, 0x2, 0x20,
    0x11, 0xf8, 0x80, 0x44, 0x2, 0x78, 0x14, 0x1,
    0x0, 0x8, 0x1, 0x80,

    /* U+5DE8 "巨" */
    0x0, 0x5f, 0xfe, 0x0, 0x40, 0xf, 0xf9, 0x1,
    0x20, 0x24, 0x4, 0xff, 0x90, 0x12, 0x0, 0x40,
    0x1f, 0xfe, 0x0, 0x0,

    /* U+5DE9 "巩" */
    0x3, 0xe7, 0xd1, 0x8, 0x88, 0x44, 0x42, 0x32,
    0x11, 0x50, 0x8a, 0x85, 0x44, 0xf6, 0x24, 0x21,
    0x41, 0xa, 0x10, 0x70, 0x0, 0x0,

    /* U+5DEB "巫" */
    0x0, 0x13, 0xff, 0xc0, 0x80, 0x24, 0xc1, 0x24,
    0x11, 0x20, 0xc9, 0x5, 0x56, 0x4a, 0x90, 0x18,
    0x40, 0x80, 0x4, 0x2f, 0xff, 0x80,

    /* U+5DEE "差" */
    0x8, 0xc0, 0x24, 0x9f, 0xfe, 0x4, 0x43, 0xff,
    0x2, 0x3, 0xff, 0xe1, 0x4, 0xf, 0xf0, 0x88,
    0x8, 0x40, 0x82, 0x23, 0xff, 0x80,

    /* U+5DF1 "己" */
    0x0, 0x9f, 0xf8, 0x2, 0x0, 0x40, 0x9, 0xff,
    0x20, 0x24, 0x0, 0x80, 0x10, 0x6, 0x0, 0xc0,
    0x1f, 0xfe,

    /* U+5DF2 "已" */
    0x0, 0x4f, 0xfe, 0x0, 0x44, 0x4, 0x40, 0x47,
    0xfc, 0x40, 0x44, 0x0, 0x40, 0x4, 0x0, 0x40,
    0x24, 0x2, 0x7f, 0xf0,

    /* U+5DF4 "巴" */
    0x0, 0x4f, 0xfe, 0x84, 0x48, 0x44, 0x84, 0x48,
    0x44, 0xff, 0xc8, 0x4, 0x80, 0x8, 0x0, 0x80,
    0x28, 0x2, 0xff, 0xe0,

    /* U+5DF7 "巷" */
    0x8, 0x80, 0x45, 0x1f, 0xfc, 0x11, 0x0, 0x89,
    0x7f, 0xfc, 0x42, 0x7, 0xfc, 0x50, 0x58, 0xfe,
    0x4, 0x10, 0x20, 0x41, 0xff, 0x0,

    /* U+5DFE "巾" */
    0x4, 0x0, 0x80, 0x10, 0x7f, 0xe8, 0x45, 0x8,
    0xa1, 0x14, 0x22, 0x84, 0x50, 0x8a, 0x13, 0x2,
    0x0, 0x40,

    /* U+5E01 "币" */
    0x1, 0xe3, 0xe0, 0x44, 0x0, 0x40, 0x7f, 0xe4,
    0x42, 0x44, 0x24, 0x42, 0x44, 0x24, 0x42, 0x44,
    0xa4, 0x44, 0x4, 0x0,

    /* U+5E02 "市" */
    0x6, 0x0, 0x8, 0xbf, 0xfe, 0x4, 0x0, 0x20,
    0x1f, 0xf0, 0x88, 0x84, 0x44, 0x22, 0x21, 0x11,
    0x8, 0xb8, 0x4, 0x0, 0x20, 0x0,

    /* U+5E03 "布" */
    0x4, 0x0, 0x20, 0xbf, 0xfe, 0x10, 0x1, 0x10,
    0xf, 0xf0, 0xc4, 0x8a, 0x24, 0x11, 0x20, 0x89,
    0x4, 0x48, 0x22, 0xc0, 0x10, 0x0,

    /* U+5E05 "帅" */
    0x18, 0x80, 0x84, 0x14, 0x20, 0xa7, 0xe5, 0x29,
    0x29, 0x49, 0x4a, 0x4a, 0x52, 0x52, 0x92, 0x94,
    0x88, 0xac, 0x41, 0x8, 0x8, 0x0,

    /* U+5E06 "帆" */
    0x22, 0x21, 0x1f, 0x3e, 0x89, 0x54, 0x4a, 0xa2,
    0x55, 0x92, 0xaa, 0x95, 0x54, 0xaa, 0x25, 0x61,
    0x9, 0x8, 0x48, 0x52, 0x83, 0x80,

    /* U+5E08 "师" */
    0x20, 0x2, 0xff, 0xa1, 0xa, 0x10, 0xaf, 0xea,
    0x92, 0xa9, 0x2a, 0x92, 0xa9, 0x2a, 0x92, 0x49,
    0x68, 0x10, 0x81, 0x0,

    /* U+5E0C "希" */
    0x0, 0x40, 0xee, 0x1, 0xe0, 0xf8, 0x88, 0x81,
    0x7f, 0xfc, 0x48, 0x3, 0xfc, 0x72, 0x20, 0x91,
    0x4, 0x88, 0x24, 0x41, 0x26, 0x0,

    /* U+5E10 "帐" */
    0x23, 0x1, 0x10, 0x8, 0x99, 0xf4, 0x8a, 0xb8,
    0x55, 0x2, 0xbf, 0xd5, 0x50, 0xaa, 0x85, 0xd4,
    0x8, 0x90, 0x46, 0x62, 0x21, 0x0,

    /* U+5E15 "帕" */
    0x20, 0x41, 0x4, 0x8, 0x25, 0xff, 0xea, 0xa1,
    0x55, 0xa, 0xa8, 0x55, 0x7e, 0xaa, 0x15, 0xd0,
    0x88, 0x84, 0x47, 0xe2, 0x21, 0x0,

    /* U+5E16 "帖" */
    0x20, 0x82, 0x8, 0xf8, 0x8a, 0x8f, 0xa8, 0x8a,
    0x88, 0xa8, 0xaa, 0xbe, 0xaa, 0x2a, 0xa2, 0x22,
    0x22, 0x3e, 0x22, 0x20,

    /* U+5E18 "帘" */
    0x4, 0x2, 0x10, 0x1f, 0xfe, 0x91, 0x29, 0x86,
    0x11, 0x8, 0x8, 0x7, 0xfc, 0x22, 0x21, 0x11,
    0x8, 0x88, 0x44, 0xc0, 0x20, 0x0,

    /* U+5E1A "帚" */
    0x1f, 0xe0, 0x1, 0x7, 0xf8, 0x0, 0x41, 0xfe,
    0x0, 0x5, 0xff, 0xcb, 0xfe, 0x11, 0x20, 0x89,
    0x4, 0x48, 0x22, 0x40, 0x10, 0x0,

    /* U+5E1C "帜" */
    0x20, 0x11, 0x1f, 0x88, 0x85, 0xf4, 0x2a, 0xa1,
    0x55, 0xa, 0xa8, 0x55, 0x7e, 0xaa, 0x55, 0xc9,
    0x28, 0x44, 0x44, 0x22, 0x40, 0x0, 0x0,

    /* U+5E1D "帝" */
    0x4, 0x0, 0x10, 0xbf, 0xfe, 0x10, 0x80, 0x88,
    0x3f, 0xfe, 0x8, 0x57, 0xfc, 0x22, 0x21, 0x11,
    0x8, 0x88, 0x45, 0xc2, 0x24, 0x0,

    /* U+5E26 "带" */
    0x9, 0x20, 0x24, 0xa7, 0xff, 0xc2, 0x48, 0x1,
    0x0, 0xff, 0xe4, 0x10, 0x17, 0xfc, 0x11, 0x20,
    0x44, 0x81, 0x12, 0x4, 0x78, 0x1, 0x0,

    /* U+5E2D "席" */
    0x2, 0x0, 0x10, 0x9f, 0xfe, 0x90, 0xa7, 0xff,
    0x24, 0x21, 0x3f, 0x9, 0x8, 0x5f, 0xe2, 0x89,
    0x24, 0x49, 0x22, 0x48, 0x14, 0x0,

    /* U+5E2E "帮" */
    0x10, 0x0, 0x87, 0xdf, 0xa4, 0xfd, 0xc1, 0x2b,
    0x7f, 0x44, 0x42, 0x4c, 0x44, 0x3f, 0xe1, 0x11,
    0x8, 0x88, 0x44, 0x42, 0x26, 0x0,

    /* U+5E38 "常" */
    0x2, 0x60, 0xd2, 0xf, 0xfe, 0x80, 0x2d, 0xfc,
    0x8, 0x20, 0x41, 0x3, 0xf8, 0x3f, 0xe1, 0x11,
    0x8, 0x88, 0x44, 0xc0, 0x20, 0x0,

    /* U+5E3D "帽" */
    0x20, 0x1, 0x1f, 0xc8, 0x83, 0xff, 0xda, 0xa2,
    0xd5, 0xe2, 0xaf, 0xd5, 0x42, 0xab, 0xf5, 0x50,
    0x88, 0xfc, 0x47, 0xe2, 0x21, 0x0,

    /* U+5E45 "幅" */
    0x20, 0x2, 0x7f, 0x28, 0xf, 0xbe, 0xaa, 0x2a,
    0xbe, 0xaa, 0x2a, 0xbf, 0xac, 0x9b, 0xbf, 0x24,
    0x92, 0x49, 0x23, 0xf0,

    /* U+5E4C "幌" */
    0x0, 0x2, 0x3f, 0x91, 0x5, 0xef, 0xed, 0x7f,
    0x68, 0x43, 0x52, 0xda, 0x50, 0xdf, 0xf6, 0x9a,
    0x10, 0x90, 0x8c, 0xa4, 0x87, 0x0,

    /* U+5E54 "幔" */
    0x0, 0x2, 0x3f, 0xbd, 0x9, 0xa8, 0x4d, 0x7e,
    0x6f, 0xfb, 0x69, 0x5b, 0xb6, 0xdf, 0xf5, 0xa1,
    0x10, 0xd0, 0x83, 0x84, 0xe3, 0x0,

    /* U+5E55 "幕" */
    0x8, 0x97, 0xff, 0xc2, 0x20, 0x6e, 0x83, 0xfc,
    0x10, 0x20, 0xff, 0x5f, 0xff, 0x12, 0x41, 0xff,
    0x98, 0x90, 0x44, 0x82, 0x2c, 0x0,

    /* U+5E62 "幢" */
    0x1, 0x1, 0x4, 0x88, 0xfd, 0xf8, 0x4a, 0xb4,
    0xd7, 0x5a, 0xaf, 0xd5, 0x92, 0xab, 0xf5, 0x64,
    0xae, 0xf8, 0x4f, 0xe2, 0x8, 0x13, 0xfc,

    /* U+5E72 "干" */
    0x0, 0x3, 0xff, 0x80, 0x80, 0x4, 0x0, 0x20,
    0x1, 0xb, 0xff, 0xe0, 0x40, 0x2, 0x0, 0x10,
    0x0, 0x80, 0x4, 0x0, 0x20, 0x0,

    /* U+5E73 "平" */
    0x0, 0x3, 0xff, 0x80, 0x80, 0x44, 0x43, 0x24,
    0x9, 0x20, 0x4a, 0x5f, 0xff, 0x2, 0x0, 0x10,
    0x0, 0x80, 0x4, 0x0, 0x20, 0x0,

    /* U+5E74 "年" */
    0x8, 0x0, 0x80, 0x87, 0xfe, 0x62, 0x2, 0x11,
    0x2f, 0xf8, 0x44, 0x2, 0x20, 0x11, 0xb, 0xff,
    0xc0, 0x40, 0x2, 0x0, 0x10, 0x0,

    /* U+5E76 "并" */
    0x10, 0xc0, 0x44, 0x1, 0x40, 0xff, 0xe0, 0x88,
    0x4, 0x40, 0x22, 0x5f, 0xff, 0x8, 0x80, 0x44,
    0x4, 0x20, 0x41, 0x4, 0x8, 0x0,

    /* U+5E78 "幸" */
    0x2, 0x0, 0x11, 0x1f, 0xfc, 0x4, 0x2f, 0xff,
    0x84, 0x20, 0x22, 0x8f, 0xfe, 0x2, 0x0, 0x10,
    0xbf, 0xfe, 0x4, 0x0, 0x20, 0x0,

    /* U+5E7B "幻" */
    0x10, 0x11, 0x3f, 0x88, 0x4, 0x88, 0x24, 0x41,
    0x44, 0xb, 0xc0, 0x42, 0x2, 0x20, 0x12, 0x20,
    0xa1, 0x5, 0xf4, 0x40, 0x6, 0x0,

    /* U+5E7C "幼" */
    0x10, 0x81, 0x84, 0x9, 0x24, 0x97, 0xe4, 0x89,
    0x58, 0x49, 0x42, 0x44, 0x12, 0x49, 0x12, 0x28,
    0xbf, 0x84, 0x8, 0x40, 0x86, 0x0,

    /* U+5E7D "幽" */
    0x2, 0x0, 0x9, 0x5, 0xa4, 0x94, 0xa2, 0x56,
    0xb9, 0xac, 0xa7, 0xac, 0x94, 0x92, 0x52, 0xa9,
    0x9c, 0xa5, 0xed, 0x90, 0x82, 0xff, 0xf8,

    /* U+5E7F "广" */
    0x4, 0x0, 0x10, 0x9f, 0xfe, 0x80, 0x4, 0x0,
    0x20, 0x1, 0x0, 0x8, 0x0, 0x40, 0x2, 0x0,
    0x30, 0x1, 0x0, 0x8, 0x0, 0x0,

    /* U+5E84 "庄" */
    0x4, 0x0, 0x20, 0x7f, 0xf4, 0x20, 0x42, 0x4,
    0x20, 0x5f, 0xe4, 0x20, 0x42, 0x4, 0x20, 0x42,
    0x8, 0x20, 0xbf, 0xf0, 0x0,

    /* U+5E86 "庆" */
    0x2, 0x0, 0xc, 0xf, 0xfe, 0x43, 0x2, 0x10,
    0x10, 0x88, 0xbf, 0xe4, 0x20, 0x23, 0x1, 0x14,
    0x8, 0x90, 0x88, 0x44, 0x81, 0x98, 0x0,

    /* U+5E87 "庇" */
    0x4, 0x0, 0x10, 0x9f, 0xfe, 0x80, 0x5, 0x8,
    0x29, 0x49, 0x7a, 0x8a, 0x18, 0x50, 0x82, 0x84,
    0x14, 0x23, 0x29, 0x19, 0x8f, 0x80,

    /* U+5E8A "床" */
    0x4, 0x0, 0x10, 0x1f, 0xfe, 0x82, 0x4, 0x11,
    0x2f, 0xfd, 0xc, 0x8, 0x70, 0x45, 0x42, 0x49,
    0x24, 0x45, 0x42, 0x10, 0x10, 0x0,

    /* U+5E8F "序" */
    0x4, 0x0, 0x10, 0x1f, 0xfe, 0x80, 0x44, 0xfe,
    0x21, 0x41, 0x4, 0xb, 0xff, 0x41, 0x12, 0x9,
    0x10, 0x41, 0x2, 0x8, 0x50, 0x1, 0x0,

    /* U+5E90 "庐" */
    0x4, 0x0, 0x10, 0x9f, 0xfe, 0x86, 0x4, 0x10,
    0x27, 0xf1, 0x20, 0x89, 0x4, 0x4f, 0xe2, 0x40,
    0x12, 0x1, 0x20, 0xb, 0x0, 0x0, 0x0,

    /* U+5E93 "库" */
    0x4, 0x0, 0x10, 0x9f, 0xfe, 0x88, 0x5, 0xff,
    0x24, 0x81, 0x24, 0x8b, 0xfe, 0x41, 0x13, 0xff,
    0xe0, 0x41, 0x2, 0x0, 0x10, 0x0,

    /* U+5E94 "应" */
    0x2, 0x0, 0x8, 0x4f, 0xfe, 0x40, 0x2, 0x21,
    0x14, 0x88, 0xa4, 0x84, 0x94, 0x24, 0xa1, 0x22,
    0x8, 0x10, 0x81, 0x5, 0xff, 0x80, 0x0,

    /* U+5E95 "底" */
    0x4, 0x0, 0x20, 0x7f, 0xf4, 0x0, 0x53, 0xe5,
    0xd0, 0x51, 0x25, 0xff, 0x50, 0x85, 0x8, 0x50,
    0x89, 0xe4, 0x91, 0x30, 0x0,

    /* U+5E97 "店" */
    0x2, 0x0, 0x4, 0x23, 0xff, 0xc8, 0x40, 0x21,
    0x0, 0x87, 0xe2, 0x10, 0x8, 0x40, 0x2f, 0xf0,
    0xa0, 0x44, 0x81, 0x13, 0xfc, 0x88, 0x10,

    /* U+5E99 "庙" */
    0x4, 0x0, 0x10, 0x1f, 0xfe, 0x82, 0x4, 0x10,
    0x2f, 0xf9, 0x44, 0x4a, 0x22, 0x5f, 0xf2, 0x88,
    0xa4, 0x45, 0x3f, 0xe9, 0x1, 0x0,

    /* U+5E9C "府" */
    0x4, 0x0, 0x10, 0x1f, 0xfe, 0x88, 0x44, 0x82,
    0x25, 0xfd, 0x60, 0x8d, 0x44, 0x49, 0x22, 0x49,
    0x22, 0x9, 0x10, 0x48, 0x86, 0x0,

    /* U+5E9E "庞" */
    0x4, 0x0, 0x10, 0x9f, 0xfe, 0x89, 0x4, 0x44,
    0x2f, 0xf9, 0x14, 0x8, 0xa4, 0x45, 0x42, 0x2c,
    0x12, 0x41, 0x26, 0x2a, 0xdf, 0x20, 0x0,

    /* U+5E9F "废" */
    0x2, 0x0, 0x8, 0x9f, 0xfe, 0x84, 0x85, 0x25,
    0x2f, 0xf9, 0x10, 0x8, 0xfc, 0x4c, 0x42, 0x56,
    0x14, 0x61, 0x45, 0x8c, 0xc3, 0x80,

    /* U+5EA6 "度" */
    0x6, 0x0, 0x20, 0x7f, 0xf4, 0x88, 0x7f, 0xf4,
    0x88, 0x4f, 0x84, 0x88, 0x5f, 0xc4, 0x88, 0x45,
    0x8, 0x70, 0xb8, 0xf0,

    /* U+5EA7 "座" */
    0x4, 0x0, 0x10, 0x1f, 0xfe, 0x82, 0x4, 0x92,
    0x24, 0xa1, 0x55, 0xca, 0xb2, 0x41, 0x2, 0xff,
    0x90, 0x41, 0x2, 0xf, 0xff, 0x80, 0x0,

    /* U+5EAD "庭" */
    0x4, 0x0, 0x10, 0x1f, 0xfe, 0x80, 0x25, 0xcf,
    0x24, 0xa1, 0x41, 0x4b, 0xbe, 0x44, 0x42, 0x22,
    0x16, 0xff, 0x10, 0xb, 0x7f, 0x80,

    /* U+5EB5 "庵" */
    0x4, 0x0, 0x10, 0x9f, 0xfe, 0x86, 0x25, 0xff,
    0xa2, 0xc1, 0x3f, 0x8f, 0x2a, 0x4f, 0xc2, 0x4a,
    0x13, 0xf5, 0x12, 0x28, 0x1f, 0x80,

    /* U+5EB6 "庶" */
    0x4, 0x0, 0x10, 0x1f, 0xfe, 0x88, 0x84, 0x45,
    0x2f, 0xfd, 0x11, 0x8, 0x88, 0x47, 0xc2, 0x0,
    0x31, 0x29, 0x28, 0xaa, 0x45, 0x0, 0x0,

    /* U+5EB7 "康" */
    0x6, 0x0, 0x10, 0x1f, 0xfe, 0x84, 0x4, 0xfe,
    0x3f, 0xfd, 0x8, 0x8b, 0xfc, 0x53, 0x22, 0x59,
    0x91, 0xb1, 0x34, 0xca, 0xe1, 0x82, 0x0,

    /* U+5EB8 "庸" */
    0x4, 0x2, 0x10, 0xdf, 0xf8, 0xbf, 0xc4, 0x22,
    0x3f, 0xfd, 0x8, 0x8b, 0xfc, 0x52, 0x22, 0xff,
    0x27, 0xf9, 0x24, 0x41, 0x26, 0x0,

    /* U+5EC9 "廉" */
    0x2, 0x0, 0x10, 0x1f, 0xfe, 0x88, 0x85, 0xfb,
    0x2f, 0xf9, 0x12, 0xab, 0xfe, 0x5f, 0xe2, 0x66,
    0x27, 0x29, 0x49, 0x34, 0x48, 0x80,

    /* U+5ECA "廊" */
    0x2, 0x0, 0x20, 0x7f, 0xf4, 0x81, 0x5e, 0xe5,
    0x2a, 0x5e, 0xc5, 0xea, 0x52, 0x95, 0x9, 0x94,
    0x99, 0xab, 0x2, 0x80,

    /* U+5ED3 "廓" */
    0x2, 0x7, 0xff, 0x40, 0x4, 0xcf, 0x5a, 0xa5,
    0xea, 0x52, 0xc5, 0xca, 0x5e, 0xa4, 0x89, 0x9f,
    0x9a, 0x8b, 0x18, 0x80,

    /* U+5EF6 "延" */
    0x0, 0x3b, 0xc7, 0x81, 0x24, 0x8, 0x10, 0x22,
    0x59, 0xe9, 0x81, 0x24, 0x4, 0x90, 0x52, 0x49,
    0x4f, 0xf2, 0x0, 0xe, 0x0, 0x47, 0xf8,

    /* U+5EF7 "廷" */
    0x0, 0x77, 0x9c, 0x4, 0x20, 0x41, 0x4, 0xb,
    0x3d, 0xe0, 0x42, 0x2, 0x10, 0x90, 0x93, 0x3f,
    0xc8, 0x0, 0xb0, 0x8, 0x7f, 0x0,

    /* U+5EFA "建" */
    0x0, 0x0, 0x2, 0x7, 0xff, 0x4, 0x24, 0x2f,
    0xfc, 0x82, 0x47, 0xff, 0x2, 0x24, 0x4f, 0xf9,
    0x42, 0x25, 0x7f, 0x8c, 0x20, 0x38, 0x81, 0x1f,
    0xe0,

    /* U+5EFF "廿" */
    0x0, 0x0, 0x82, 0x4, 0x10, 0x20, 0x8f, 0xff,
    0x88, 0x20, 0x41, 0x2, 0x8, 0x10, 0x40, 0x82,
    0x4, 0x10, 0x3f, 0x81, 0x4, 0x0,

    /* U+5F00 "开" */
    0x0, 0x3, 0xff, 0x82, 0x20, 0x11, 0x0, 0x88,
    0x4, 0x4b, 0xff, 0xe1, 0x10, 0x8, 0x80, 0x44,
    0x4, 0x20, 0x41, 0x4, 0x8, 0x0,

    /* U+5F02 "异" */
    0x0, 0x1, 0xff, 0x88, 0x8, 0x7f, 0xc2, 0x2,
    0x10, 0x8, 0xff, 0xe1, 0x8, 0x8, 0x4f, 0xff,
    0xc2, 0x10, 0x20, 0x82, 0x4, 0x0,

    /* U+5F03 "弃" */
    0x2, 0x0, 0x8, 0xbf, 0xfe, 0xc, 0x1, 0x86,
    0x1e, 0xd0, 0x22, 0x1, 0x12, 0xff, 0xf8, 0x44,
    0x2, 0x20, 0x21, 0x6, 0x8, 0x0,

    /* U+5F04 "弄" */
    0x0, 0x3, 0xff, 0x80, 0x88, 0x7f, 0xe0, 0x21,
    0x3f, 0xfc, 0x22, 0x1, 0x12, 0xff, 0xf8, 0x44,
    0x2, 0x20, 0x21, 0x6, 0x8, 0x0,

    /* U+5F0A "弊" */
    0x0, 0x81, 0x54, 0xb, 0x3e, 0xfe, 0x44, 0xba,
    0x3f, 0x21, 0x3a, 0x89, 0xe3, 0x0, 0x93, 0xff,
    0xc2, 0x20, 0x21, 0x2, 0x8, 0x0,

    /* U+5F0F "式" */
    0x1, 0x0, 0xb, 0x0, 0x45, 0xff, 0xf0, 0x10,
    0x2, 0x83, 0xfc, 0x2, 0x10, 0x10, 0x80, 0x84,
    0x4, 0x10, 0x78, 0x6c, 0x3, 0x0, 0x0,

    /* U+5F13 "弓" */
    0x0, 0x4f, 0xf8, 0x1, 0x0, 0x27, 0xfc, 0x80,
    0x10, 0x7, 0xff, 0x0, 0x20, 0x8, 0x1, 0x0,
    0x20, 0x38,

    /* U+5F15 "引" */
    0x0, 0x2f, 0xc2, 0x4, 0x20, 0x42, 0x7c, 0x24,
    0x2, 0x40, 0x2f, 0xe2, 0x4, 0x20, 0x42, 0x4,
    0x20, 0xc2, 0x18, 0x20,

    /* U+5F1B "弛" */
    0x0, 0x87, 0x84, 0x5, 0x20, 0x29, 0x7f, 0x5d,
    0x43, 0x4a, 0x12, 0x5e, 0x92, 0x14, 0x90, 0xa5,
    0x5, 0x2, 0x28, 0x16, 0x7f, 0x0,

    /* U+5F1F "弟" */
    0x0, 0x1, 0x8, 0xd, 0x7, 0xfe, 0x2, 0x20,
    0x22, 0x3f, 0xe4, 0x20, 0x7f, 0xf0, 0x61, 0xa,
    0x11, 0x22, 0x42, 0x60, 0x20,

    /* U+5F20 "张" */
    0x1, 0x1, 0xe4, 0x0, 0x91, 0x82, 0x48, 0x79,
    0x41, 0x6, 0x24, 0x3f, 0x1e, 0x50, 0x9, 0x40,
    0x24, 0x80, 0x91, 0x2, 0x66, 0x31, 0x8,

    /* U+5F25 "弥" */
    0x1, 0x1, 0xe4, 0x0, 0xa0, 0x2, 0xfe, 0x7c,
    0x51, 0x11, 0x4, 0x16, 0x1e, 0x54, 0xa, 0x48,
    0x29, 0x20, 0xc4, 0x84, 0x10, 0x30, 0xc0,

    /* U+5F26 "弦" */
    0x0, 0x81, 0xe1, 0x0, 0x84, 0x82, 0xec, 0x78,
    0x81, 0x4, 0x4, 0x22, 0x1e, 0xf8, 0x8, 0x40,
    0x22, 0x80, 0x91, 0x6, 0x9e, 0x33, 0x88, 0x0,
    0x0,

    /* U+5F27 "弧" */
    0x0, 0x17, 0x87, 0x5, 0xe8, 0x29, 0x4f, 0x4a,
    0x42, 0x52, 0x12, 0x9e, 0x92, 0x14, 0x90, 0xa4,
    0x86, 0x2c, 0x33, 0xd6, 0x0, 0x80,

    /* U+5F2F "弯" */
    0x4, 0x0, 0x10, 0xbf, 0xfe, 0x52, 0x82, 0x93,
    0x64, 0x88, 0xff, 0x80, 0x4, 0x3f, 0xe3, 0xff,
    0x80, 0x8, 0x0, 0x40, 0x1c, 0x0,

    /* U+5F31 "弱" */
    0x0, 0xf, 0xbe, 0x8, 0x2f, 0x9e, 0x89, 0x28,
    0x20, 0xff, 0xf4, 0x92, 0x28, 0xa1, 0x86, 0xeb,
    0xa0, 0x82, 0x30, 0x60,

    /* U+5F39 "弹" */
    0x4, 0x37, 0x91, 0x4, 0x10, 0x2f, 0xe9, 0x49,
    0x73, 0xfa, 0x52, 0x5e, 0xfe, 0x10, 0x80, 0xff,
    0xc4, 0x20, 0x61, 0x6, 0x8, 0x0,

    /* U+5F3A "强" */
    0x0, 0x11, 0xef, 0xc0, 0xa1, 0x2, 0x84, 0x79,
    0xe1, 0xf, 0xe4, 0x25, 0x1e, 0x94, 0xb, 0xf0,
    0x29, 0x40, 0x85, 0x2, 0x3e, 0x37, 0x8, 0x0,
    0x0,

    /* U+5F52 "归" */
    0x8, 0x0, 0xbf, 0x48, 0x14, 0x81, 0x48, 0x14,
    0x81, 0x4b, 0xf4, 0x81, 0x48, 0x15, 0x1, 0x10,
    0x12, 0x7f, 0x40, 0x10,

    /* U+5F53 "当" */
    0x4, 0x10, 0x89, 0x12, 0x12, 0x82, 0x55, 0xff,
    0x80, 0x10, 0x2, 0x7f, 0xc0, 0x8, 0x1, 0x7f,
    0xe0, 0x4,

    /* U+5F55 "录" */
    0x0, 0x41, 0xfe, 0x0, 0x10, 0x7f, 0x80, 0x5,
    0x7f, 0xfc, 0x88, 0x3, 0x64, 0xb, 0x40, 0x74,
    0xc, 0x91, 0x84, 0x70, 0xe0, 0x0,

    /* U+5F62 "形" */
    0x0, 0x17, 0xf9, 0x89, 0x8, 0x49, 0x82, 0x51,
    0xff, 0x90, 0x91, 0x4, 0x90, 0x25, 0x19, 0x20,
    0x91, 0x8, 0x89, 0x88, 0x50, 0x0,

    /* U+5F64 "彤" */
    0x0, 0x11, 0xf1, 0x8, 0x90, 0x55, 0x2, 0xa1,
    0x91, 0x91, 0xff, 0x4, 0x50, 0x22, 0x9, 0x10,
    0x88, 0x88, 0x84, 0x88, 0x78, 0x0,

    /* U+5F69 "彩" */
    0xf, 0x18, 0xc4, 0xc4, 0x94, 0xa, 0xa2, 0x8,
    0x10, 0x20, 0x87, 0xf4, 0x6, 0x22, 0x1e, 0x8,
    0xa4, 0x44, 0x86, 0x2, 0x40,

    /* U+5F6A "彪" */
    0x8, 0x0, 0x59, 0x83, 0x8, 0xff, 0x84, 0x11,
    0x2f, 0x11, 0x45, 0x9, 0xd2, 0x5e, 0x22, 0xa1,
    0x15, 0x11, 0x28, 0x2a, 0x7f, 0x80,

    /* U+5F6C "彬" */
    0x22, 0x19, 0x10, 0x88, 0x89, 0xff, 0x82, 0x20,
    0x33, 0xd, 0xdc, 0x8d, 0xd8, 0xaa, 0x9, 0x10,
    0x88, 0x8c, 0x44, 0x82, 0x28, 0x0,

    /* U+5F6D "彭" */
    0x18, 0x0, 0x80, 0xbf, 0xc8, 0x24, 0x82, 0xc9,
    0xbf, 0x9, 0x8, 0x8f, 0xc8, 0x42, 0x88, 0x30,
    0x89, 0x8, 0x56, 0x87, 0x48, 0x1, 0x80,

    /* U+5F70 "彰" */
    0x10, 0x0, 0x50, 0xff, 0xc8, 0x48, 0x85, 0xb1,
    0xbf, 0x19, 0x9, 0xf, 0xd0, 0x7e, 0x8, 0x80,
    0xbf, 0xc8, 0x20, 0x81, 0x18, 0x0,

    /* U+5F71 "影" */
    0x0, 0x3, 0xf0, 0x9f, 0x88, 0x84, 0x83, 0xd1,
    0xff, 0x98, 0x9, 0xf, 0xd0, 0x7e, 0x1a, 0x80,
    0x95, 0x9, 0x21, 0x83, 0x10, 0x0,

    /* U+5F79 "役" */
    0x0, 0x1, 0x9e, 0x8, 0x91, 0xa4, 0x81, 0x24,
    0x12, 0x19, 0xbf, 0x94, 0x84, 0x22, 0x41, 0xc,
    0x8, 0x60, 0x44, 0xc2, 0xc1, 0x0,

    /* U+5F7B "彻" */
    0x34, 0x8, 0x97, 0xe4, 0x44, 0xa5, 0x12, 0x37,
    0x48, 0x91, 0x26, 0x44, 0xa9, 0x12, 0x25, 0x88,
    0x9a, 0x22, 0x50, 0x88, 0x44, 0x26, 0x70,

    /* U+5F7C "彼" */
    0x0, 0x0, 0x84, 0x8, 0x20, 0x8f, 0xf9, 0xc9,
    0xa, 0x48, 0x92, 0xc, 0xfe, 0x66, 0x21, 0x29,
    0x9, 0x50, 0x51, 0x82, 0x92, 0x13, 0xc,

    /* U+5F80 "往" */
    0x11, 0x1, 0x4, 0x10, 0x11, 0x2f, 0xf1, 0x8,
    0x10, 0x41, 0x82, 0x44, 0xff, 0x20, 0x81, 0x4,
    0x8, 0x20, 0x41, 0x12, 0xff, 0x80,

    /* U+5F81 "征" */
    0x30, 0x11, 0x7f, 0xd0, 0x21, 0x21, 0x2, 0x48,
    0x12, 0x49, 0x93, 0xf4, 0x90, 0x24, 0x81, 0x24,
    0x9, 0x20, 0x49, 0x2, 0xff, 0x80,

    /* U+5F84 "径" */
    0x18, 0x0, 0x9f, 0xc4, 0x2, 0x24, 0x10, 0x10,
    0xc0, 0x8c, 0xc6, 0xc0, 0xa9, 0xfc, 0x20, 0x80,
    0x82, 0x2, 0x8, 0x8, 0x20, 0x2f, 0xf8,

    /* U+5F85 "待" */
    0x18, 0x80, 0x82, 0x44, 0x7f, 0xa4, 0x20, 0x10,
    0x88, 0xbf, 0xf6, 0x2, 0x89, 0xfe, 0x24, 0x20,
    0x8c, 0x82, 0x12, 0x8, 0x8, 0x20, 0xe0,

    /* U+5F88 "很" */
    0x0, 0x1, 0xbf, 0x91, 0x5, 0x2f, 0xe1, 0x41,
    0x12, 0x9, 0x9f, 0xcc, 0xa0, 0xa4, 0x91, 0x23,
    0x9, 0x18, 0x4a, 0x62, 0x60, 0x80,

    /* U+5F8A "徊" */
    0x18, 0x0, 0x9f, 0xe4, 0x40, 0xa7, 0x12, 0x15,
    0xe8, 0x95, 0x26, 0x54, 0xa9, 0x52, 0x25, 0xc8,
    0x94, 0x22, 0x40, 0x89, 0xfe, 0x24, 0x8,

    /* U+5F8B "律" */
    0x0, 0x80, 0xc2, 0x2, 0x7f, 0x14, 0x24, 0x1f,
    0xfc, 0x82, 0x46, 0x7f, 0x28, 0x24, 0x2f, 0xf8,
    0x82, 0x22, 0xff, 0xc8, 0x20, 0x20, 0x80,

    /* U+5F90 "徐" */
    0x10, 0x80, 0x85, 0x5, 0x22, 0x5, 0x6, 0x2b,
    0xe8, 0x82, 0x6, 0x8, 0x2b, 0xfe, 0x20, 0x80,
    0x9a, 0x42, 0x48, 0x8a, 0x22, 0x21, 0x80,

    /* U+5F92 "徒" */
    0x10, 0x81, 0x4, 0x91, 0xfd, 0x21, 0x1, 0x8,
    0x17, 0xfd, 0x82, 0x14, 0x92, 0x24, 0xf1, 0x24,
    0x9, 0xa0, 0x53, 0x3, 0xf, 0x80,

    /* U+5F97 "得" */
    0x37, 0xf0, 0x90, 0x44, 0x7f, 0x25, 0x4, 0x27,
    0xf0, 0x80, 0x6, 0xff, 0xa8, 0xa, 0x2f, 0xfc,
    0x88, 0x82, 0x12, 0x8, 0x8, 0x20, 0x60,

    /* U+5F98 "徘" */
    0x11, 0x41, 0xa, 0x11, 0xdf, 0x32, 0x82, 0x15,
    0x13, 0xbd, 0x85, 0x14, 0x28, 0x21, 0x41, 0x7b,
    0xc8, 0x50, 0x42, 0x82, 0x14, 0x0,

    /* U+5FA1 "御" */
    0x14, 0x1, 0x25, 0xd3, 0xfb, 0x34, 0x51, 0x2a,
    0x97, 0xf4, 0x8a, 0xad, 0x7d, 0x2a, 0x29, 0x51,
    0x4a, 0xee, 0x58, 0x42, 0x2, 0x0,

    /* U+5FAA "循" */
    0x10, 0x71, 0x3e, 0x11, 0x15, 0x3f, 0xf2, 0x44,
    0x12, 0xf9, 0x94, 0x54, 0xbe, 0x25, 0x11, 0x2f,
    0x8a, 0x44, 0x53, 0xe2, 0x11, 0x0,

    /* U+5FAE "微" */
    0x12, 0x21, 0x56, 0x12, 0xb1, 0x35, 0xe2, 0xfd,
    0x10, 0x29, 0x9f, 0x55, 0xea, 0x29, 0x21, 0x49,
    0xa, 0x68, 0x53, 0xa3, 0x10, 0x80,

    /* U+5FB7 "德" */
    0x10, 0x80, 0xbf, 0xe4, 0x8, 0x25, 0xfc, 0x25,
    0x50, 0x95, 0x46, 0x7f, 0x28, 0x4, 0xaf, 0xf8,
    0x8a, 0x42, 0xa8, 0x8a, 0x8a, 0x23, 0xf0,

    /* U+5FBD "徽" */
    0x32, 0x20, 0xaa, 0x84, 0xaa, 0x67, 0xf6, 0x21,
    0x48, 0xbf, 0x26, 0x64, 0x9b, 0xea, 0x24, 0xb0,
    0xbe, 0x42, 0xb3, 0xc, 0xb2, 0x26, 0x84,

    /* U+5FC3 "心" */
    0x0, 0x0, 0xc, 0x0, 0x18, 0x2, 0x20, 0x8,
    0x0, 0x20, 0x42, 0x81, 0x92, 0x2, 0x48, 0x9,
    0x20, 0x0, 0x82, 0x2, 0x8, 0xf, 0xe0,

    /* U+5FC5 "必" */
    0x2, 0x0, 0x4, 0x80, 0x96, 0x2, 0x50, 0x28,
    0x80, 0xa2, 0x42, 0x90, 0x92, 0x82, 0x4c, 0x8,
    0x20, 0x81, 0x82, 0x1b, 0xf8,

    /* U+5FC6 "忆" */
    0x20, 0x1, 0x3f, 0x88, 0x8, 0x50, 0x8a, 0x88,
    0x50, 0x40, 0x84, 0x4, 0x40, 0x22, 0x1, 0x20,
    0x9, 0x0, 0x48, 0x22, 0x7f, 0x80,

    /* U+5FCC "忌" */
    0x0, 0x0, 0xff, 0x80, 0x2, 0xf, 0xf8, 0x20,
    0x0, 0x80, 0x43, 0xff, 0x0, 0x0, 0xa, 0x0,
    0x24, 0x44, 0x82, 0x92, 0xa, 0xf, 0xe0,

    /* U+5FCD "忍" */
    0x0, 0x3, 0xff, 0x81, 0x8, 0x48, 0x42, 0x42,
    0x24, 0x10, 0x63, 0x6, 0x80, 0xd2, 0x42, 0x89,
    0xa4, 0x14, 0x20, 0x81, 0xfc, 0x0,

    /* U+5FD7 "志" */
    0x2, 0x0, 0x10, 0x0, 0x81, 0xff, 0xe0, 0x20,
    0x1, 0x1, 0xff, 0x80, 0x80, 0x12, 0x22, 0x88,
    0x94, 0x15, 0x20, 0x81, 0xfc, 0x0,

    /* U+5FD8 "忘" */
    0x2, 0x0, 0x4, 0x27, 0xff, 0x84, 0x0, 0x10,
    0x0, 0x40, 0x1, 0xff, 0x0, 0x80, 0x9, 0x20,
    0xa2, 0x64, 0x82, 0x92, 0xa, 0xf, 0xe0,

    /* U+5FD9 "忙" */
    0x20, 0x81, 0x2, 0x8, 0x11, 0x6f, 0xfa, 0xa0,
    0x51, 0x0, 0x88, 0x4, 0x40, 0x22, 0x1, 0x10,
    0x8, 0x84, 0x47, 0xf2, 0x0, 0x0,

    /* U+5FE0 "忠" */
    0x4, 0x0, 0x20, 0x1f, 0xf8, 0x88, 0x44, 0x42,
    0x3f, 0xf1, 0x10, 0x80, 0x80, 0x12, 0x2, 0x89,
    0x14, 0x15, 0x20, 0xa1, 0xfc, 0x0,

    /* U+5FE7 "忧" */
    0x21, 0x1, 0xb, 0x8, 0x48, 0x62, 0x2a, 0xff,
    0xd4, 0xc0, 0x86, 0x4, 0x30, 0x21, 0x81, 0x14,
    0x8, 0xa0, 0x49, 0x22, 0x87, 0x0,

    /* U+5FEB "快" */
    0x21, 0x1, 0x8, 0x8, 0x40, 0x7f, 0xcb, 0x12,
    0x50, 0x90, 0x84, 0x87, 0xff, 0x21, 0x1, 0x14,
    0x8, 0x90, 0x48, 0x63, 0x80, 0x0,

    /* U+5FF1 "忱" */
    0x20, 0x81, 0x4, 0x8, 0x20, 0x67, 0xea, 0xc9,
    0x52, 0x42, 0x83, 0x4, 0x18, 0x21, 0x41, 0xa,
    0x8, 0x90, 0x48, 0xa2, 0x87, 0x80,

    /* U+5FF5 "念" */
    0x2, 0x0, 0x1c, 0x0, 0x4c, 0x2, 0x8c, 0x31,
    0x19, 0x7f, 0x80, 0x4, 0x0, 0x10, 0x9, 0x80,
    0xa4, 0x42, 0x82, 0x92, 0xa, 0xf, 0xe0,

    /* U+5FFD "忽" */
    0x10, 0x0, 0x81, 0xf, 0xf8, 0xc9, 0x44, 0x92,
    0x9, 0x11, 0x90, 0x83, 0x18, 0x12, 0x2, 0x91,
    0x14, 0x15, 0x20, 0xa1, 0xfc, 0x0,

    /* U+5FFF "忿" */
    0x0, 0x0, 0x31, 0x0, 0x82, 0x4, 0xc, 0x3f,
    0xf9, 0x8, 0x80, 0x42, 0x3, 0x8, 0x10, 0xc0,
    0x28, 0x2, 0x99, 0xa, 0x22, 0x48, 0x28, 0x3f,
    0x80,

    /* U+6000 "怀" */
    0x20, 0x1, 0x3f, 0xc8, 0x30, 0x51, 0xa, 0x98,
    0x50, 0xc2, 0x8b, 0x84, 0x92, 0x28, 0x91, 0x4,
    0x8, 0x20, 0x41, 0x2, 0x8, 0x0,

    /* U+6001 "态" */
    0x2, 0x0, 0x8, 0x7, 0xff, 0x81, 0x40, 0x4,
    0x80, 0x29, 0x1, 0x13, 0x18, 0x6, 0xa, 0x0,
    0xa4, 0x42, 0x80, 0x92, 0x12, 0xf, 0xe0,

    /* U+600E "怎" */
    0x10, 0x0, 0x80, 0x8f, 0xfc, 0x48, 0x4, 0x7e,
    0x42, 0x10, 0x1f, 0xc0, 0x80, 0x4, 0x2, 0x91,
    0x14, 0x15, 0x20, 0xa9, 0xfc, 0x0,

    /* U+6012 "怒" */
    0x30, 0x1, 0x1f, 0xbf, 0x88, 0x8a, 0x44, 0x94,
    0x1c, 0x60, 0x73, 0x84, 0x67, 0xd2, 0x2, 0x89,
    0x14, 0x15, 0xa0, 0xa1, 0xfc, 0x0,

    /* U+6014 "怔" */
    0x20, 0x11, 0x7f, 0xcc, 0x20, 0x61, 0xa, 0x48,
    0x52, 0x4a, 0x93, 0xe4, 0x90, 0x24, 0x81, 0x24,
    0x9, 0x20, 0x49, 0x2, 0xff, 0x80,

    /* U+6015 "怕" */
    0x20, 0x1, 0x4, 0x8, 0x44, 0x6f, 0xfb, 0x41,
    0x52, 0xa, 0x90, 0x44, 0xfe, 0x24, 0x11, 0x20,
    0x89, 0x4, 0x4f, 0xe2, 0x41, 0x0,

    /* U+6016 "怖" */
    0x21, 0x1, 0x10, 0x8f, 0xfe, 0x64, 0xa, 0x48,
    0x53, 0xf8, 0xb2, 0x46, 0x92, 0x24, 0x91, 0x24,
    0x89, 0x24, 0x49, 0x42, 0x8, 0x0,

    /* U+601C "怜" */
    0x21, 0x81, 0xc, 0xc, 0xa0, 0x54, 0x8a, 0xd2,
    0x54, 0x4c, 0xc2, 0x4, 0xfe, 0x20, 0x21, 0x2,
    0x8, 0xe0, 0x41, 0x2, 0x4, 0x0,

    /* U+601D "思" */
    0x0, 0x1, 0xff, 0x8, 0x88, 0x7f, 0xc2, 0x22,
    0x11, 0x10, 0xff, 0x84, 0x4, 0xa, 0x2, 0x91,
    0x94, 0x15, 0x20, 0xa0, 0xfc, 0x0,

    /* U+6020 "怠" */
    0x4, 0x0, 0x60, 0x4, 0x30, 0xff, 0xc0, 0x5,
    0x1f, 0xe0, 0x81, 0x7, 0xf8, 0x20, 0x40, 0x92,
    0x14, 0x9d, 0xa0, 0xa9, 0xfc, 0x0,

    /* U+6025 "急" */
    0x0, 0x0, 0xc4, 0x7, 0xe0, 0x42, 0x7, 0xfe,
    0x40, 0x10, 0xff, 0x80, 0x4, 0x7f, 0xe0, 0x1,
    0x14, 0x90, 0xa4, 0xe9, 0x5, 0xf, 0xe0,

    /* U+6027 "性" */
    0x20, 0x1, 0x4, 0x9, 0xa0, 0x69, 0x2a, 0xff,
    0xd4, 0x42, 0x82, 0x44, 0xfe, 0x20, 0x81, 0x4,
    0x8, 0x20, 0x41, 0x2, 0xff, 0x80,

    /* U+6028 "怨" */
    0x10, 0x0, 0x42, 0x43, 0xef, 0x8, 0xa4, 0x54,
    0xd0, 0x12, 0x80, 0x88, 0x84, 0x3f, 0x69, 0x20,
    0x22, 0x42, 0x82, 0x92, 0xa, 0xf, 0xe0,

    /* U+602A "怪" */
    0x20, 0x1, 0x7f, 0x89, 0xc, 0x54, 0x4a, 0x9c,
    0x50, 0xb2, 0xba, 0x64, 0x12, 0x27, 0xf9, 0x4,
    0x8, 0x20, 0x41, 0x12, 0xff, 0x80,

    /* U+602F "怯" */
    0x20, 0x80, 0x82, 0x2, 0x9, 0xb, 0xfe, 0xa8,
    0x82, 0x82, 0x2a, 0xff, 0x88, 0x20, 0x21, 0x0,
    0x8c, 0x82, 0x21, 0xb, 0xfa, 0x24, 0x8, 0x0,
    0x0,

    /* U+603B "总" */
    0x20, 0x80, 0xc4, 0x2, 0x40, 0x7f, 0xc2, 0x2,
    0x10, 0x10, 0x80, 0x87, 0xfc, 0x24, 0x2, 0x91,
    0x14, 0x5, 0x21, 0x21, 0xfc, 0x0,

    /* U+6043 "恃" */
    0x20, 0x81, 0x4, 0x8d, 0xfc, 0x51, 0x6, 0x88,
    0xd7, 0xfe, 0x80, 0x85, 0xff, 0x20, 0x21, 0x11,
    0x8, 0x48, 0x40, 0x42, 0xc, 0x0,

    /* U+604B "恋" */
    0x4, 0x0, 0x10, 0xbf, 0xfc, 0x12, 0x2, 0x96,
    0x24, 0x8a, 0x24, 0x41, 0x20, 0x2, 0x0, 0x91,
    0x14, 0x15, 0x20, 0xa1, 0xfc, 0x0,

    /* U+604D "恍" */
    0x20, 0x81, 0x64, 0x8d, 0x29, 0x69, 0xa, 0x9,
    0x57, 0xfc, 0x85, 0x4, 0x28, 0x21, 0x41, 0x12,
    0x8, 0x90, 0x48, 0xa3, 0x87, 0x0,

    /* U+6050 "恐" */
    0xa, 0x47, 0xfe, 0x8, 0x90, 0x46, 0x82, 0xac,
    0x7a, 0x2a, 0x21, 0xc2, 0x0, 0x1a, 0x2, 0x91,
    0x14, 0x15, 0x20, 0xa1, 0xfc, 0x0,

    /* U+6052 "恒" */
    0x20, 0x11, 0x7f, 0x88, 0x0, 0x6f, 0xca, 0xc2,
    0x52, 0x10, 0x9f, 0x84, 0x84, 0x24, 0x21, 0x3f,
    0x9, 0x8, 0x40, 0x22, 0xff, 0x80,

    /* U+6055 "恕" */
    0x10, 0x1, 0x2f, 0xbf, 0x44, 0x4a, 0x24, 0x91,
    0x34, 0x88, 0x67, 0xc4, 0xa2, 0xc2, 0x0, 0x91,
    0x14, 0x15, 0xa0, 0xa1, 0xfc, 0x0,

    /* U+6062 "恢" */
    0x21, 0x0, 0x84, 0x22, 0xff, 0xcc, 0x80, 0xaa,
    0x42, 0x89, 0x2, 0x55, 0x89, 0x58, 0x25, 0x60,
    0xa2, 0x82, 0x9, 0x8, 0x46, 0x26, 0x8,

    /* U+6064 "恤" */
    0x0, 0x0, 0x82, 0x2, 0x10, 0x9, 0xfc, 0x35,
    0x52, 0xb5, 0x4a, 0x55, 0x9, 0x54, 0x25, 0x50,
    0x95, 0x42, 0x55, 0x9, 0x54, 0x25, 0x58, 0xbf,
    0xf0,

    /* U+6068 "恨" */
    0x20, 0x11, 0x3f, 0x89, 0x4, 0x6f, 0xeb, 0x41,
    0x52, 0x8, 0x9f, 0xc4, 0xa0, 0x24, 0x99, 0x23,
    0x9, 0x18, 0x4a, 0x62, 0x60, 0x80,

    /* U+6069 "恩" */
    0x0, 0x0, 0xff, 0x82, 0x22, 0xb, 0xf8, 0x22,
    0x20, 0x96, 0x82, 0x8a, 0xf, 0xf8, 0x21, 0x20,
    0xa4, 0x42, 0x82, 0x92, 0xa, 0x8f, 0xe0,

    /* U+606C "恬" */
    0x20, 0x1, 0x7, 0x88, 0xe0, 0x51, 0xa, 0x88,
    0x57, 0xfe, 0x82, 0x4, 0x10, 0x27, 0xf1, 0x20,
    0x89, 0x4, 0x4f, 0xe2, 0x41, 0x0,

    /* U+606D "恭" */
    0x4, 0x40, 0x11, 0x27, 0xff, 0xc1, 0x10, 0x4,
    0x41, 0xff, 0xf0, 0x44, 0x2, 0xcc, 0x32, 0x4d,
    0xa, 0x90, 0xa5, 0x4, 0x94, 0xe, 0x0, 0x0,
    0x0,

    /* U+606F "息" */
    0x4, 0x0, 0x22, 0xf, 0xf0, 0x40, 0x83, 0xfc,
    0x10, 0x20, 0xff, 0x4, 0x8, 0x3f, 0xc1, 0x2,
    0x14, 0x90, 0xa0, 0xe9, 0x5, 0x4f, 0xe0,

    /* U+6070 "恰" */
    0x21, 0x81, 0xc, 0x8, 0x91, 0x64, 0x4a, 0x47,
    0x55, 0xf8, 0x80, 0x4, 0xfc, 0x24, 0x21, 0x21,
    0x9, 0x8, 0x4f, 0xc2, 0x42, 0x0,

    /* U+6073 "恳" */
    0x0, 0x1, 0xfe, 0x8, 0x10, 0x7f, 0x83, 0xfc,
    0x12, 0x10, 0x8b, 0x5, 0x38, 0x34, 0x32, 0x92,
    0x14, 0xd, 0xa1, 0x29, 0xfc, 0x0,

    /* U+6076 "恶" */
    0x0, 0x23, 0xff, 0xa2, 0x40, 0x92, 0x42, 0x94,
    0x14, 0xc0, 0x24, 0x5f, 0xff, 0x4, 0x2, 0x91,
    0x14, 0x15, 0x20, 0xa1, 0xfc, 0x0,

    /* U+607C "恼" */
    0x20, 0x81, 0x4, 0x8b, 0xfe, 0x60, 0x6, 0xc4,
    0x52, 0xaa, 0x92, 0x44, 0x92, 0x25, 0x51, 0x32,
    0x89, 0x94, 0x48, 0x22, 0x7f, 0x0,

    /* U+6084 "悄" */
    0x20, 0x91, 0x44, 0x89, 0x29, 0x65, 0xa, 0xff,
    0x52, 0x8, 0x90, 0x44, 0xfe, 0x24, 0x11, 0x3f,
    0x89, 0x4, 0x48, 0x22, 0x43, 0x0,

    /* U+6089 "悉" */
    0x3, 0xe7, 0xf0, 0x8, 0x90, 0x25, 0xf, 0xff,
    0x7, 0x80, 0x6a, 0x4, 0x4e, 0xd4, 0x12, 0x91,
    0x14, 0x55, 0x20, 0xa1, 0xfc, 0x0,

    /* U+608D "悍" */
    0x20, 0x1, 0x3f, 0x89, 0x4, 0x6f, 0xeb, 0x41,
    0x53, 0xfa, 0xbf, 0xe4, 0x10, 0x20, 0x89, 0x7f,
    0xc8, 0x20, 0x41, 0x2, 0x8, 0x0,

    /* U+6094 "悔" */
    0x23, 0x0, 0x88, 0x22, 0x3f, 0x8d, 0x0, 0xaf,
    0xf2, 0x8a, 0x4a, 0x25, 0xb, 0xff, 0x24, 0x90,
    0x91, 0x62, 0x7f, 0x88, 0x8, 0x20, 0x60,

    /* U+609F "悟" */
    0x20, 0x11, 0x3f, 0x88, 0x40, 0x6f, 0xca, 0xa2,
    0x51, 0x10, 0xbf, 0xe4, 0x0, 0x27, 0xf1, 0x20,
    0x89, 0x4, 0x4f, 0xe2, 0x41, 0x0,

    /* U+60A0 "悠" */
    0x18, 0x80, 0x44, 0x23, 0x5f, 0x8e, 0x44, 0x6b,
    0x22, 0xa2, 0x82, 0x84, 0x8, 0x6c, 0x26, 0x8,
    0x24, 0xc4, 0x92, 0x92, 0xa, 0x8f, 0xe0,

    /* U+60A3 "患" */
    0x2, 0x1, 0xfe, 0x8, 0x90, 0x7f, 0x80, 0x20,
    0x3f, 0xf1, 0x8, 0x8f, 0xfc, 0x42, 0x0, 0x92,
    0x14, 0x9c, 0xa0, 0xa9, 0xfc, 0x0,

    /* U+60A6 "悦" */
    0x24, 0x31, 0x11, 0x8, 0x90, 0x6f, 0xea, 0xc1,
    0x52, 0x8, 0x90, 0x44, 0xfe, 0x21, 0x41, 0xa,
    0x8, 0x92, 0x48, 0x92, 0x87, 0x80,

    /* U+60A8 "您" */
    0x12, 0x0, 0x48, 0x2, 0x7f, 0x8d, 0x22, 0x6a,
    0xa2, 0x8a, 0x42, 0x48, 0x8a, 0xe0, 0x21, 0x0,
    0x24, 0x44, 0x82, 0x92, 0xa, 0xf, 0xe0,

    /* U+60AC "悬" */
    0x3f, 0xc1, 0x2, 0xf, 0xf0, 0x40, 0x83, 0xfc,
    0x10, 0x2b, 0xff, 0xe1, 0x10, 0x7f, 0xe0, 0x92,
    0x14, 0x8c, 0xa1, 0x29, 0xfc, 0x0,

    /* U+60AF "悯" */
    0x24, 0x0, 0x8f, 0xe2, 0x10, 0x8d, 0x22, 0x6c,
    0xa, 0x9f, 0xea, 0x42, 0x89, 0x52, 0x24, 0xc8,
    0x93, 0x22, 0x52, 0x89, 0x2, 0x24, 0x18,

    /* U+60B2 "悲" */
    0x9, 0x0, 0x48, 0x3e, 0x7c, 0x12, 0x47, 0x9f,
    0x4, 0x83, 0xe7, 0xc1, 0x20, 0x3, 0x2, 0x91,
    0x14, 0x55, 0xa0, 0xa9, 0xfc, 0x0,

    /* U+60B4 "悴" */
    0x21, 0x1, 0x4, 0x89, 0xfe, 0x64, 0x4a, 0xa2,
    0x53, 0x32, 0x96, 0x45, 0x0, 0x20, 0x81, 0x7f,
    0xc8, 0x20, 0x41, 0x2, 0x8, 0x0,

    /* U+60BC "悼" */
    0x20, 0x81, 0x7, 0xcc, 0x21, 0x6f, 0xea, 0xc1,
    0x53, 0xf8, 0x90, 0x44, 0xfe, 0x24, 0x91, 0x4,
    0x4b, 0xfe, 0x41, 0x2, 0x8, 0x0,

    /* U+60C5 "情" */
    0x20, 0x81, 0x7f, 0xcc, 0x25, 0x5f, 0xfa, 0x88,
    0xd3, 0xb8, 0x9f, 0xc4, 0x82, 0x27, 0xf1, 0x3f,
    0x89, 0x4, 0x48, 0x22, 0x43, 0x0,

    /* U+60CA "惊" */
    0x21, 0x1, 0x4, 0xb, 0xfe, 0x60, 0xb, 0x7f,
    0x52, 0xa, 0x90, 0x44, 0xfe, 0x20, 0x81, 0x35,
    0x9, 0x24, 0x51, 0x22, 0x18, 0x0,

    /* U+60CB "惋" */
    0x20, 0x81, 0x22, 0x9, 0xfe, 0x68, 0x2a, 0xa0,
    0x53, 0xfe, 0x95, 0x44, 0xaa, 0x2b, 0x51, 0x12,
    0x88, 0x90, 0x48, 0x92, 0x87, 0x80,

    /* U+60D1 "惑" */
    0x1, 0x80, 0xa, 0xbf, 0xfc, 0x2, 0x47, 0xd2,
    0x22, 0x61, 0xf3, 0x0, 0xd8, 0xf8, 0x30, 0x92,
    0x14, 0x5d, 0xa0, 0xa9, 0xfc, 0x0,

    /* U+60D5 "惕" */
    0x20, 0x1, 0x3f, 0x89, 0x4, 0x6f, 0xeb, 0x41,
    0x53, 0xf8, 0x88, 0x4, 0x7f, 0x25, 0x29, 0x52,
    0x49, 0x22, 0x52, 0x22, 0x3, 0x0,

    /* U+60DC "惜" */
    0x22, 0x41, 0x12, 0x8b, 0xfc, 0x64, 0x8b, 0x25,
    0x57, 0xfc, 0x80, 0x4, 0xfc, 0x24, 0x21, 0x3f,
    0x9, 0x8, 0x4f, 0xc2, 0x42, 0x0,

    /* U+60E0 "惠" */
    0x2, 0x0, 0x8, 0x6f, 0xfe, 0xf, 0xf8, 0x22,
    0x20, 0xff, 0x83, 0xfe, 0x0, 0x90, 0x7f, 0xf0,
    0x10, 0x41, 0x22, 0x14, 0x24, 0x9f, 0xc0,

    /* U+60E6 "惦" */
    0x21, 0x1, 0x4, 0x4d, 0xfe, 0x58, 0x8a, 0xc4,
    0xd2, 0x3e, 0x91, 0x4, 0x88, 0x25, 0xf9, 0x30,
    0x4a, 0x82, 0x53, 0xf3, 0x20, 0x80,

    /* U+60E7 "惧" */
    0x20, 0x1, 0x3f, 0x9, 0x8, 0x6f, 0xcb, 0x42,
    0x53, 0xf0, 0x90, 0x84, 0xfc, 0x24, 0x21, 0xff,
    0xc8, 0x90, 0x4c, 0x63, 0x81, 0x0,

    /* U+60E8 "惨" */
    0x20, 0x81, 0x8, 0x8, 0x8c, 0x6f, 0xaa, 0x90,
    0x57, 0xfc, 0x89, 0x4, 0x96, 0x29, 0x49, 0x36,
    0x8, 0x4c, 0x4d, 0x82, 0x70, 0x0,

    /* U+60E9 "惩" */
    0x30, 0x1, 0x7f, 0x94, 0x20, 0x29, 0x42, 0x4f,
    0x72, 0x40, 0x92, 0x45, 0xfe, 0x24, 0x0, 0x92,
    0x14, 0xd, 0xa1, 0x21, 0xfc, 0x0,

    /* U+60EB "惫" */
    0x18, 0x40, 0xfe, 0xc, 0x20, 0x9e, 0x1, 0x8f,
    0x7f, 0xe0, 0x89, 0x7, 0xf8, 0x3f, 0xc1, 0x20,
    0x4, 0x88, 0xa1, 0x29, 0xfc, 0x0,

    /* U+60ED "惭" */
    0x24, 0x18, 0x91, 0x82, 0xfc, 0x1d, 0x10, 0x7a,
    0x4a, 0xa9, 0xc2, 0xfd, 0x8, 0x94, 0x22, 0x50,
    0xbf, 0x42, 0x29, 0x8, 0xa4, 0x22, 0x10,

    /* U+60EF "惯" */
    0x20, 0x1, 0x3f, 0x89, 0x24, 0x6f, 0xfa, 0xc9,
    0x53, 0xb8, 0x9f, 0xc4, 0x82, 0x24, 0x91, 0x24,
    0x89, 0x44, 0x4a, 0x62, 0x61, 0x80,

    /* U+60F0 "惰" */
    0x21, 0x1, 0x7f, 0xc8, 0x80, 0x67, 0xeb, 0x48,
    0x55, 0xfc, 0x80, 0x44, 0x7e, 0x23, 0xf1, 0x10,
    0x88, 0xfc, 0x44, 0x22, 0x23, 0x0,

    /* U+60F3 "想" */
    0x10, 0x0, 0x47, 0xc1, 0x51, 0xe, 0x7c, 0x31,
    0x10, 0xf7, 0xc5, 0x51, 0x4, 0x7c, 0x11, 0x10,
    0xa4, 0x42, 0x92, 0x9a, 0xa, 0x4f, 0xe0,

    /* U+60F6 "惶" */
    0x20, 0x81, 0x4, 0x9, 0xfc, 0x68, 0x2b, 0x7f,
    0x52, 0xa, 0x9f, 0xc5, 0xff, 0x20, 0x81, 0x4,
    0x9, 0xfc, 0x41, 0x12, 0xff, 0x80,

    /* U+60F9 "惹" */
    0x0, 0x0, 0x44, 0xbf, 0xfc, 0x19, 0x0, 0xc3,
    0x3d, 0xe0, 0x7f, 0x6, 0x8, 0xd0, 0x40, 0xfe,
    0x1, 0x0, 0xa4, 0x65, 0x9, 0x4f, 0xe0,

    /* U+6101 "愁" */
    0x2, 0x0, 0x70, 0x82, 0xaa, 0x9f, 0xec, 0x18,
    0xa0, 0x79, 0x82, 0xa5, 0x12, 0x22, 0xb, 0x8,
    0xa4, 0x42, 0x82, 0x9a, 0x12, 0xf, 0xe0,

    /* U+6108 "愈" */
    0x2, 0x0, 0x16, 0x0, 0x86, 0xd, 0xc6, 0xfe,
    0xa0, 0x8a, 0x83, 0xea, 0xf, 0xa8, 0x22, 0x20,
    0x99, 0x82, 0x91, 0xa, 0x12, 0x4f, 0xe0,

    /* U+6109 "愉" */
    0x21, 0x81, 0xc, 0x8, 0x90, 0x68, 0xea, 0xbd,
    0xd8, 0x0, 0xbd, 0x45, 0x2a, 0x2f, 0x51, 0x7a,
    0x8a, 0x54, 0x52, 0x22, 0x93, 0x0,

    /* U+610F "意" */
    0x6, 0x3, 0xff, 0x4, 0x20, 0x12, 0x27, 0x6e,
    0x1f, 0xe0, 0x81, 0x7, 0xf8, 0x3f, 0xc0, 0x20,
    0x14, 0x89, 0xa1, 0x29, 0xfc, 0x0,

    /* U+6115 "愕" */
    0x20, 0x1, 0x3b, 0x89, 0x54, 0x6e, 0xea, 0xd5,
    0x53, 0xf8, 0x80, 0x45, 0xff, 0x22, 0x1, 0x1f,
    0x88, 0x8, 0x40, 0x42, 0x4, 0x0,

    /* U+611A "愚" */
    0x3f, 0xe1, 0x11, 0xf, 0xf8, 0x44, 0x43, 0xfc,
    0x3f, 0xf9, 0x8, 0x4b, 0xf2, 0x50, 0x10, 0x91,
    0x14, 0x98, 0xa1, 0x29, 0xfc, 0x0,

    /* U+611F "感" */
    0x1, 0x80, 0xa, 0x9f, 0xfc, 0x86, 0x5, 0xca,
    0x2f, 0x61, 0x49, 0xb, 0xdc, 0x80, 0x10, 0x92,
    0x14, 0x88, 0xa1, 0x29, 0xfc, 0x0,

    /* U+6124 "愤" */
    0x20, 0x91, 0x3f, 0xc8, 0x20, 0x64, 0x5a, 0xff,
    0xd1, 0x0, 0x9f, 0xc4, 0x82, 0x24, 0x91, 0x24,
    0x89, 0x34, 0x42, 0x22, 0x60, 0x80,

    /* U+6127 "愧" */
    0x20, 0x0, 0x86, 0x42, 0x7f, 0x8d, 0x24, 0xaf,
    0xf2, 0x92, 0x4a, 0x7f, 0x9, 0x24, 0x21, 0xa0,
    0x86, 0xc2, 0x2a, 0x9, 0x22, 0x28, 0xfc,

    /* U+613F "愿" */
    0x0, 0x3, 0xff, 0x97, 0xf8, 0xa0, 0x45, 0xfe,
    0x2f, 0xf1, 0x4, 0x9, 0x2c, 0x73, 0x2, 0x70,
    0x2a, 0x49, 0x50, 0xa8, 0xfc, 0x0,

    /* U+6148 "慈" */
    0x10, 0x80, 0x48, 0xbf, 0xfe, 0x61, 0x86, 0xd2,
    0x7d, 0xe0, 0x82, 0x9, 0x22, 0x77, 0xf0, 0x90,
    0x4, 0x98, 0xa0, 0xa9, 0xfc, 0x0,

    /* U+614C "慌" */
    0x22, 0x20, 0x88, 0xa3, 0xff, 0x8a, 0xaa, 0xaf,
    0xfa, 0x90, 0xa, 0x41, 0x9, 0xfe, 0x24, 0x90,
    0x92, 0x42, 0x49, 0x9, 0x26, 0x38, 0x98,

    /* U+614E "慎" */
    0x21, 0x0, 0xbf, 0xc2, 0x12, 0x2d, 0xf8, 0xac,
    0x22, 0x9f, 0x82, 0x7e, 0x9, 0x8, 0x27, 0xe0,
    0xff, 0xe2, 0x20, 0x9, 0x18, 0x28, 0x10, 0x40,
    0x0,

    /* U+6155 "慕" */
    0x10, 0x87, 0xff, 0xc4, 0x20, 0x5e, 0xc3, 0xfe,
    0x10, 0x10, 0xff, 0x9f, 0xff, 0x10, 0x41, 0x25,
    0xb9, 0x52, 0x4a, 0x40, 0xc0, 0x0,

    /* U+6162 "慢" */
    0x20, 0x0, 0x8f, 0xc2, 0x3f, 0xa, 0x84, 0xa9,
    0xe2, 0x9f, 0xea, 0x54, 0x89, 0xae, 0x27, 0xf0,
    0x88, 0xc2, 0x14, 0x8, 0x78, 0x26, 0x18,

    /* U+6167 "慧" */
    0x14, 0x41, 0xff, 0xe1, 0x45, 0xf, 0x38, 0xff,
    0xf8, 0x41, 0x7, 0xff, 0xf, 0xf8, 0x7f, 0xe0,
    0x0, 0x81, 0x11, 0x14, 0x12, 0x9f, 0xe0,

    /* U+6168 "慨" */
    0x20, 0x11, 0x7f, 0xca, 0x48, 0x53, 0x4b, 0xfa,
    0x54, 0xde, 0xbd, 0x85, 0xc, 0x2a, 0x61, 0x4b,
    0xb, 0xea, 0x42, 0x52, 0x23, 0x80,

    /* U+6170 "慰" */
    0x7e, 0x21, 0x8, 0x87, 0xff, 0x91, 0x8, 0x48,
    0xa1, 0xf9, 0x86, 0xc2, 0x2a, 0xc8, 0x98, 0x60,
    0x44, 0x85, 0x15, 0x94, 0x12, 0x9f, 0xc0,

    /* U+6177 "慷" */
    0x20, 0x80, 0x81, 0x22, 0xff, 0x8e, 0x20, 0xb9,
    0xf2, 0xaf, 0xea, 0x89, 0xa, 0xfc, 0x29, 0x80,
    0xa7, 0x62, 0xba, 0xd, 0x26, 0x31, 0x80,

    /* U+618B "憋" */
    0x10, 0x82, 0xa4, 0x6, 0x45, 0xfb, 0xc9, 0x72,
    0x6b, 0x53, 0x71, 0x13, 0x94, 0x83, 0x10, 0x92,
    0x14, 0x9d, 0xa0, 0xa1, 0xfc, 0x0,

    /* U+618E "憎" */
    0x22, 0x21, 0xa, 0xd, 0xfe, 0x59, 0x1a, 0xda,
    0xd2, 0xc6, 0x9f, 0xe4, 0x80, 0x23, 0xf1, 0x10,
    0x88, 0xfc, 0x44, 0x22, 0x3f, 0x0,

    /* U+6194 "憔" */
    0x1, 0x0, 0x8a, 0x2, 0x49, 0xd, 0xf8, 0xb4,
    0x82, 0xbf, 0xcb, 0x48, 0x9, 0xfc, 0x24, 0x90,
    0x9f, 0xe2, 0x40, 0x8, 0x64, 0x29, 0x48, 0xe5,
    0x0,

    /* U+61A8 "憨" */
    0x1, 0x3, 0xc8, 0x5, 0x44, 0xd5, 0xc7, 0xb2,
    0x24, 0x61, 0xe3, 0x1f, 0x2c, 0xa, 0x12, 0x92,
    0x14, 0x4d, 0x21, 0x21, 0xfc, 0x0,

    /* U+61BE "憾" */
    0x30, 0x60, 0x81, 0x62, 0x7f, 0x8d, 0x30, 0x6d,
    0x51, 0x9e, 0xca, 0x6a, 0x9, 0xec, 0x28, 0x58,
    0x9a, 0xc2, 0x64, 0x8a, 0x82, 0x23, 0xf0,

    /* U+61C2 "懂" */
    0x22, 0x48, 0xbf, 0xe3, 0x20, 0xb, 0xfe, 0xaf,
    0xfa, 0x82, 0x4a, 0x7f, 0x9, 0xfc, 0x24, 0x90,
    0x9f, 0xc2, 0x7f, 0x88, 0x22, 0x2f, 0xfc,

    /* U+61C8 "懈" */
    0x24, 0xf8, 0x9d, 0x23, 0xa4, 0x8e, 0x52, 0x6f,
    0x92, 0xac, 0x82, 0xf6, 0x8a, 0xde, 0x2b, 0xa8,
    0xbf, 0xf2, 0xb2, 0xc, 0x48, 0x31, 0x20,

    /* U+61CA "懊" */
    0x0, 0x1, 0xc, 0x89, 0xfc, 0x6b, 0x2a, 0xdd,
    0x53, 0xfa, 0x97, 0x44, 0xd6, 0x26, 0x91, 0x7f,
    0xc8, 0x50, 0x44, 0x42, 0xc1, 0x80,

    /* U+61D2 "懒" */
    0x24, 0x40, 0x95, 0xe2, 0xf9, 0xd, 0x8, 0x6f,
    0x79, 0xb6, 0x22, 0xda, 0x8b, 0xea, 0x24, 0xa8,
    0x9a, 0xa2, 0xd2, 0xd, 0x16, 0x24, 0x88, 0x0,
    0x0,

    /* U+61E6 "懦" */
    0x20, 0x1, 0x7f, 0x8f, 0xff, 0x51, 0x2a, 0x28,
    0x57, 0xf8, 0x80, 0x44, 0xfc, 0x2f, 0xf1, 0x4a,
    0x8a, 0x54, 0x52, 0xa2, 0x83, 0x0,

    /* U+6208 "戈" */
    0x8, 0x0, 0x4c, 0x2, 0x20, 0x10, 0x6f, 0xfc,
    0x4, 0x30, 0x11, 0x0, 0x90, 0x3, 0x0, 0x10,
    0x1, 0x40, 0x31, 0xa6, 0x3, 0x0,

    /* U+620F "戏" */
    0x1, 0x0, 0xb, 0x3e, 0x48, 0x12, 0x0, 0x93,
    0xa5, 0xe0, 0xc4, 0x46, 0x14, 0x10, 0xa1, 0x46,
    0x12, 0x32, 0x92, 0x58, 0x61, 0x80, 0x0,

    /* U+6210 "成" */
    0x2, 0x0, 0x26, 0x2, 0x7, 0xff, 0x42, 0x7,
    0xa6, 0x4a, 0x44, 0x94, 0x49, 0x84, 0x98, 0x92,
    0xd8, 0x47, 0x0, 0x10,

    /* U+6211 "我" */
    0xd, 0x3, 0x8a, 0x4, 0x48, 0x22, 0x2f, 0xff,
    0x88, 0x80, 0x44, 0x83, 0x9c, 0xf0, 0xc0, 0x86,
    0x4, 0x50, 0x28, 0x63, 0x1, 0x80,

    /* U+6212 "戒" */
    0x1, 0x20, 0x8, 0xbf, 0xfe, 0x2, 0x2, 0x93,
    0x14, 0x93, 0xfc, 0x85, 0x18, 0x28, 0xc1, 0x46,
    0x12, 0x50, 0x8c, 0x68, 0x81, 0x80,

    /* U+6216 "或" */
    0x1, 0x80, 0xb, 0x0, 0x41, 0xff, 0xf0, 0x10,
    0x3e, 0x89, 0x14, 0x48, 0x94, 0x7c, 0xa2, 0x26,
    0x1, 0xb1, 0xf2, 0x90, 0x63, 0x80, 0x4,

    /* U+6218 "战" */
    0x21, 0x1, 0xa, 0x8, 0x48, 0x7a, 0x2, 0x1f,
    0x13, 0x9b, 0xf4, 0x91, 0x14, 0x88, 0xc4, 0x46,
    0x22, 0x31, 0xf2, 0x68, 0x61, 0x80,

    /* U+621A "戚" */
    0x1, 0x0, 0x14, 0x7f, 0xf4, 0x90, 0x49, 0x4,
    0xf3, 0x49, 0x27, 0xf2, 0x48, 0xc5, 0xac, 0x6a,
    0x8a, 0x94, 0x9a, 0x30, 0x1,

    /* U+622A "截" */
    0x8, 0x80, 0x55, 0x1f, 0xe4, 0x11, 0x7, 0xff,
    0x82, 0x40, 0xfe, 0x45, 0x14, 0x7e, 0x61, 0x52,
    0xf, 0x18, 0x7f, 0x32, 0x10, 0x80,

    /* U+6233 "戳" */
    0x0, 0x47, 0xfb, 0x26, 0x98, 0x24, 0x8f, 0xef,
    0x99, 0x25, 0xfd, 0x49, 0x4a, 0xfe, 0x62, 0x51,
    0x1f, 0x98, 0xff, 0x34, 0x0, 0x80,

    /* U+6234 "戴" */
    0xa, 0x83, 0xf5, 0x2, 0x2c, 0xef, 0x87, 0xe8,
    0x25, 0x49, 0xfa, 0x8f, 0xd4, 0x25, 0x61, 0xfa,
    0x3f, 0xda, 0x49, 0x76, 0x31, 0xc0, 0x0,

    /* U+6237 "户" */
    0x4, 0x0, 0x20, 0x3f, 0xe2, 0x2, 0x20, 0x22,
    0x2, 0x3f, 0xe2, 0x2, 0x20, 0x4, 0x0, 0x40,
    0x4, 0x0, 0x80, 0x0,

    /* U+623F "房" */
    0x2, 0x0, 0x8, 0xf, 0xfc, 0x40, 0x23, 0xff,
    0x10, 0x80, 0x82, 0x65, 0xec, 0x23, 0xf1, 0x11,
    0x11, 0x8, 0x90, 0x49, 0xc, 0x0,

    /* U+6240 "所" */
    0x4, 0x10, 0xcb, 0xd8, 0x60, 0x8a, 0x7, 0xd1,
    0x22, 0xfd, 0x14, 0x8f, 0xa4, 0x45, 0x22, 0x9,
    0x10, 0x89, 0x4, 0x48, 0x42, 0x0,

    /* U+6241 "扁" */
    0x2, 0x0, 0x8, 0xf, 0xfc, 0x40, 0x43, 0xfe,
    0x10, 0x0, 0xbf, 0xc6, 0x4a, 0x32, 0x51, 0x7f,
    0x94, 0x94, 0xa4, 0xa9, 0x3, 0x0,

    /* U+6247 "扇" */
    0x2, 0x0, 0x8, 0xf, 0xfc, 0x40, 0x23, 0xff,
    0x10, 0x0, 0xfb, 0xe5, 0x4a, 0x26, 0x51, 0x10,
    0x93, 0x9c, 0xa5, 0x24, 0x21, 0x2, 0x18,

    /* U+624B "手" */
    0x1, 0xe3, 0xf0, 0x0, 0x80, 0x4, 0x7, 0xff,
    0x1, 0x0, 0x8, 0x5f, 0xff, 0x2, 0x0, 0x10,
    0x0, 0x80, 0x4, 0x0, 0xc0, 0x0,

    /* U+624D "才" */
    0x0, 0x80, 0x4, 0x0, 0x22, 0xff, 0xf0, 0x18,
    0x1, 0xc0, 0xa, 0x0, 0x90, 0x8, 0x80, 0x84,
    0x8, 0x20, 0x81, 0x0, 0x38, 0x0,

    /* U+624E "扎" */
    0x10, 0x80, 0x42, 0x1, 0x48, 0x1f, 0xa0, 0x10,
    0x80, 0x42, 0x1, 0x68, 0xe, 0x20, 0xd0, 0x80,
    0x42, 0x1, 0x8, 0x4, 0x22, 0x70, 0xfc,

    /* U+6251 "扑" */
    0x10, 0x80, 0x42, 0x1, 0x48, 0x3f, 0xa0, 0x10,
    0x80, 0x43, 0x81, 0xc9, 0x1c, 0x22, 0x90, 0x80,
    0x42, 0x1, 0x8, 0x4, 0x20, 0x30, 0x80,

    /* U+6252 "扒" */
    0x20, 0x41, 0x12, 0x8, 0x91, 0xf4, 0x82, 0x24,
    0x11, 0x20, 0xf1, 0xc, 0x84, 0xa4, 0x21, 0x41,
    0xa, 0xc, 0x60, 0x26, 0x0, 0x0,

    /* U+6253 "打" */
    0x10, 0x0, 0x4f, 0xf1, 0x42, 0x1f, 0x88, 0x10,
    0x20, 0x40, 0x81, 0xe2, 0x1c, 0x8, 0x90, 0x20,
    0x40, 0x81, 0x2, 0x4, 0x8, 0x30, 0xe0,

    /* U+6254 "扔" */
    0x20, 0x1, 0x7f, 0x8, 0x91, 0xf4, 0x82, 0x25,
    0x11, 0x38, 0xe8, 0x5c, 0x42, 0x22, 0x11, 0x20,
    0x89, 0x4, 0x50, 0x47, 0x6, 0x0,

    /* U+6258 "托" */
    0x20, 0x31, 0xe, 0x8, 0xc1, 0xf2, 0x2, 0x10,
    0x10, 0x88, 0xe7, 0x8d, 0xe0, 0xa1, 0x1, 0x8,
    0x8, 0x40, 0x42, 0x26, 0x1f, 0x80,

    /* U+625B "扛" */
    0x20, 0x1, 0x0, 0x8a, 0xf9, 0xf1, 0x2, 0x8,
    0x10, 0x40, 0xa2, 0xe, 0x10, 0xa0, 0x81, 0x4,
    0x8, 0x20, 0x41, 0x2e, 0xff, 0xa0, 0x0,

    /* U+6263 "扣" */
    0x10, 0x0, 0x44, 0x21, 0x5f, 0x9f, 0xc2, 0x11,
    0x8, 0x44, 0x21, 0x90, 0xbc, 0x42, 0x11, 0x8,
    0x44, 0x21, 0x1f, 0x84, 0x42, 0x31, 0x0,

    /* U+6267 "执" */
    0x21, 0x1, 0x8, 0x8, 0x49, 0xff, 0xc2, 0x12,
    0x10, 0x90, 0xd4, 0x9c, 0x64, 0xa2, 0xa1, 0x15,
    0x9, 0x8, 0x48, 0x36, 0x80, 0x80,

    /* U+6269 "扩" */
    0x21, 0x2, 0x8, 0x27, 0xff, 0xc0, 0x24, 0x2,
    0x40, 0x24, 0x7, 0x40, 0xa4, 0x2, 0x40, 0x28,
    0x2, 0x80, 0x70, 0x0,

    /* U+626B "扫" */
    0x20, 0x1, 0x0, 0x8a, 0xfd, 0xf0, 0x22, 0x1,
    0x14, 0x8, 0xdf, 0xdc, 0x2, 0x20, 0x11, 0x0,
    0x88, 0x4, 0x4f, 0xe6, 0x1, 0x0,

    /* U+626C "扬" */
    0x20, 0x1, 0x3f, 0x8, 0x11, 0xf1, 0x2, 0x30,
    0x13, 0xf8, 0xe5, 0x5c, 0x2a, 0xa2, 0x91, 0x24,
    0x8a, 0x44, 0x44, 0x46, 0x46, 0x0,

    /* U+626D "扭" */
    0x20, 0x21, 0x3f, 0x8a, 0x49, 0xf2, 0x42, 0x12,
    0x14, 0x90, 0xdf, 0x9c, 0x24, 0xa1, 0x21, 0x9,
    0x8, 0x88, 0x44, 0x46, 0xff, 0xa0, 0x0,

    /* U+626E "扮" */
    0x22, 0x41, 0x12, 0x8, 0x91, 0xf8, 0x42, 0x43,
    0x14, 0xc, 0xdf, 0x8c, 0x24, 0xa2, 0x21, 0x11,
    0x8, 0x88, 0x48, 0x46, 0x8c, 0x0,

    /* U+626F "扯" */
    0x20, 0x81, 0x4, 0x8, 0x21, 0xf1, 0x2, 0x48,
    0x12, 0x78, 0xb2, 0x1e, 0x90, 0xa4, 0x81, 0x24,
    0x9, 0x20, 0x49, 0x26, 0xff, 0xa0, 0x0,

    /* U+6270 "扰" */
    0x21, 0x1, 0xa, 0x8, 0x49, 0xf2, 0x22, 0x7f,
    0x10, 0xc0, 0xa6, 0xe, 0x30, 0xa1, 0x81, 0x14,
    0x8, 0xa0, 0x49, 0x2e, 0x87, 0x0, 0x0,

    /* U+6273 "扳" */
    0x20, 0xf1, 0x38, 0xd, 0x0, 0xc8, 0x2, 0x7f,
    0x13, 0x10, 0xf4, 0x9c, 0xa4, 0x25, 0x41, 0x26,
    0xa, 0x30, 0x52, 0x46, 0x61, 0x0,

    /* U+6276 "扶" */
    0x20, 0x81, 0x4, 0xa, 0x25, 0xf7, 0xc2, 0x8,
    0x14, 0x40, 0xdf, 0xfc, 0x10, 0x20, 0xc1, 0xa,
    0x8, 0x48, 0x44, 0x66, 0xc1, 0x80,

    /* U+6279 "批" */
    0x24, 0x41, 0x22, 0x9, 0x11, 0xf8, 0xa2, 0x55,
    0x93, 0xf0, 0xb1, 0xe, 0x88, 0xa4, 0x41, 0x22,
    0x9, 0x12, 0x4e, 0x96, 0x47, 0x80,

    /* U+627C "扼" */
    0x20, 0x1, 0x3f, 0xc9, 0x1, 0xf8, 0x2, 0x5f,
    0x12, 0x88, 0xb4, 0x4e, 0xa2, 0xa5, 0x31, 0x28,
    0xa, 0x40, 0x52, 0x26, 0x9f, 0x80, 0x0,

    /* U+627E "找" */
    0x21, 0x1, 0x9, 0x8, 0x49, 0xf2, 0x2, 0x17,
    0x17, 0xc0, 0xa4, 0x8e, 0x14, 0xa0, 0xc1, 0x4,
    0x8, 0x50, 0x44, 0x66, 0xc3, 0x0, 0x0,

    /* U+627F "承" */
    0x0, 0x1, 0xff, 0x0, 0x10, 0x3, 0x1, 0x29,
    0xbf, 0xf0, 0x4b, 0x5, 0xf8, 0x22, 0x21, 0xff,
    0x90, 0x85, 0x4, 0x10, 0xe0, 0x0,

    /* U+6280 "技" */
    0x20, 0x81, 0x4, 0x9, 0xff, 0xf1, 0x2, 0x8,
    0x1f, 0xf8, 0x88, 0xdc, 0x44, 0x21, 0x61, 0x6,
    0x8, 0x70, 0x44, 0x66, 0xc1, 0x80,

    /* U+6284 "抄" */
    0x20, 0x81, 0x4, 0x8, 0xa1, 0xf5, 0x42, 0x49,
    0x12, 0x48, 0xe2, 0xc, 0x12, 0xa0, 0xa1, 0x3,
    0x8, 0x30, 0x43, 0x6, 0xe0, 0x0,

    /* U+628A "把" */
    0x20, 0x1, 0x3f, 0x89, 0x25, 0xf9, 0x22, 0x49,
    0x12, 0x48, 0xdf, 0xcc, 0x82, 0xa4, 0x1, 0x20,
    0x9, 0x0, 0x48, 0x26, 0x7f, 0x80,

    /* U+6291 "抑" */
    0x21, 0x81, 0x34, 0x89, 0x3d, 0xf9, 0x22, 0x49,
    0x12, 0x48, 0xf2, 0x5c, 0x92, 0xa5, 0x91, 0x35,
    0x88, 0x20, 0x41, 0x6, 0x8, 0x0,

    /* U+6292 "抒" */
    0x20, 0x1, 0x3f, 0x8a, 0x91, 0xf3, 0x2, 0x4,
    0x13, 0xfc, 0xa2, 0x4e, 0x14, 0xa0, 0x81, 0x4,
    0x8, 0x20, 0x41, 0xe, 0x38, 0x0,

    /* U+6293 "抓" */
    0x20, 0x31, 0x3f, 0x9, 0x29, 0xf9, 0x42, 0x4a,
    0x12, 0x50, 0xb2, 0x9e, 0x94, 0xa4, 0xb1, 0x25,
    0x8a, 0x24, 0x51, 0x36, 0x9, 0x0,

    /* U+6295 "投" */
    0x20, 0x1, 0x1f, 0x8, 0x89, 0xf4, 0x42, 0x22,
    0x1e, 0xd, 0xbf, 0xdc, 0x86, 0xa2, 0x21, 0xa,
    0x8, 0x20, 0x42, 0xc6, 0x61, 0x80,

    /* U+6296 "抖" */
    0x20, 0x21, 0x1, 0xa, 0xc9, 0xf2, 0x42, 0x2,
    0x13, 0x10, 0xa4, 0x9e, 0x5, 0x20, 0x31, 0x3f,
    0x8, 0x8, 0x40, 0x46, 0x2, 0x0,

    /* U+6297 "抗" */
    0x22, 0x1, 0x8, 0x8, 0x27, 0xf6, 0xc2, 0x0,
    0x11, 0xf0, 0xa8, 0x8e, 0x44, 0xa2, 0x21, 0x11,
    0x8, 0x88, 0x48, 0x56, 0x83, 0x80,

    /* U+6298 "折" */
    0x20, 0x21, 0x2e, 0x9, 0x81, 0xf8, 0x2, 0x41,
    0x13, 0xfc, 0xb1, 0xe, 0x88, 0xa4, 0x41, 0x22,
    0xa, 0x10, 0x50, 0x86, 0x4, 0x0,

    /* U+629A "抚" */
    0x20, 0x2, 0x7f, 0x28, 0x8f, 0x88, 0x20, 0x92,
    0x7f, 0x28, 0xc7, 0x14, 0xa1, 0x42, 0x14, 0x22,
    0x42, 0x45, 0x68, 0x70,

    /* U+629B "抛" */
    0x0, 0x1, 0x21, 0x9, 0x9, 0xe9, 0xf2, 0xf2,
    0x92, 0x94, 0x94, 0xa6, 0xa5, 0xe5, 0x49, 0x2a,
    0x49, 0x52, 0x53, 0x22, 0x90, 0xb8, 0xfc,

    /* U+62A0 "抠" */
    0x20, 0x11, 0x3f, 0xc9, 0x9, 0xf8, 0x42, 0x52,
    0x12, 0x60, 0xf1, 0x1c, 0x98, 0xa4, 0xa1, 0x29,
    0x9, 0x0, 0x48, 0x26, 0x7f, 0xa0, 0x0,

    /* U+62A1 "抡" */
    0x20, 0x81, 0xc, 0x8, 0x51, 0xf4, 0x42, 0x23,
    0x17, 0xc, 0xe8, 0x9c, 0x48, 0xa3, 0x81, 0x10,
    0x8, 0x80, 0x44, 0x26, 0x3f, 0x80,

    /* U+62A2 "抢" */
    0x20, 0x81, 0xc, 0x8, 0x91, 0xf4, 0x42, 0x41,
    0x97, 0xf0, 0xd0, 0x8c, 0x84, 0xa4, 0x21, 0x22,
    0x9, 0x0, 0x48, 0x26, 0x7f, 0x0,

    /* U+62A4 "护" */
    0x21, 0x1, 0x4, 0xa, 0xfd, 0xf4, 0x22, 0x21,
    0x11, 0x8, 0xaf, 0xce, 0x42, 0xa2, 0x1, 0x10,
    0x9, 0x0, 0x48, 0xe, 0x80, 0x0,

    /* U+62A5 "报" */
    0x20, 0x21, 0x3f, 0x9, 0x9, 0xf8, 0x42, 0x4e,
    0x12, 0x0, 0x9f, 0xc6, 0xc4, 0xe5, 0x21, 0x2a,
    0x9, 0x20, 0x49, 0xc6, 0x71, 0x0,

    /* U+62AB "披" */
    0x20, 0x81, 0x4, 0x9, 0xff, 0xf9, 0x22, 0x4a,
    0x12, 0x40, 0xbf, 0xc6, 0xc4, 0xe5, 0x21, 0x2a,
    0x9, 0x30, 0x51, 0x82, 0xb3, 0x2a, 0x0,

    /* U+62AC "抬" */
    0x20, 0xc0, 0x82, 0x2, 0x94, 0x3e, 0x8c, 0x24,
    0x18, 0xef, 0xa6, 0x1, 0x28, 0xfc, 0x22, 0x10,
    0x88, 0x42, 0x21, 0x8, 0xfc, 0x62, 0x10,

    /* U+62B1 "抱" */
    0x22, 0x1, 0x10, 0x88, 0xff, 0xf8, 0x22, 0x79,
    0x16, 0x48, 0xb2, 0x4e, 0x92, 0xa7, 0x91, 0x23,
    0x9, 0x0, 0x48, 0x26, 0x7f, 0x80,

    /* U+62B5 "抵" */
    0x20, 0x30, 0x9f, 0x2, 0x44, 0x3f, 0x10, 0x24,
    0x40, 0x9f, 0xe3, 0xc4, 0x19, 0x10, 0xa4, 0x20,
    0x90, 0x82, 0x52, 0x9, 0xa6, 0x64, 0x8,

    /* U+62B9 "抹" */
    0x20, 0x81, 0x4, 0x9, 0xff, 0xf1, 0x2, 0x8,
    0x10, 0x48, 0xff, 0xec, 0x30, 0xa1, 0xc1, 0x15,
    0x9, 0x24, 0x51, 0x16, 0x8, 0x0,

    /* U+62BC "押" */
    0x20, 0x1, 0x3f, 0x89, 0x25, 0xf9, 0x22, 0x7f,
    0x12, 0x48, 0xd2, 0x5c, 0xfe, 0x24, 0x91, 0x4,
    0x8, 0x20, 0x41, 0x6, 0x8, 0x0,

    /* U+62BD "抽" */
    0x20, 0x81, 0x4, 0x8, 0x21, 0xff, 0xe2, 0x49,
    0x12, 0x48, 0xd2, 0x5c, 0xfe, 0xa4, 0x91, 0x24,
    0x89, 0x24, 0x4f, 0xe6, 0x41, 0x0,

    /* U+62C2 "拂" */
    0x21, 0x41, 0xa, 0x9, 0xfd, 0xf2, 0xa2, 0x15,
    0x13, 0xf8, 0xf5, 0x1d, 0xff, 0xa1, 0x51, 0xa,
    0x88, 0x94, 0x4c, 0xa6, 0x84, 0x0,

    /* U+62C4 "拄" */
    0x22, 0x1, 0x8, 0x8, 0x25, 0xf7, 0xc2, 0x8,
    0x10, 0x40, 0xe2, 0xc, 0xfe, 0xa0, 0x81, 0x4,
    0x8, 0x20, 0x41, 0x26, 0xff, 0xa0, 0x0,

    /* U+62C5 "担" */
    0x20, 0x1, 0x3f, 0x89, 0x5, 0xf8, 0x22, 0x41,
    0x13, 0xf8, 0xb0, 0x4e, 0x82, 0xa4, 0x11, 0x3f,
    0x89, 0x4, 0x40, 0x1e, 0xff, 0xa0, 0x0,

    /* U+62C6 "拆" */
    0x20, 0x71, 0x3c, 0xd, 0x0, 0xc8, 0x22, 0x7f,
    0x92, 0x20, 0xf1, 0x1c, 0xb8, 0x24, 0x61, 0x22,
    0x8a, 0x10, 0x50, 0x86, 0x4, 0x0,

    /* U+62C7 "拇" */
    0x20, 0x10, 0x8f, 0xc2, 0xb1, 0x3f, 0xa4, 0x22,
    0x98, 0xff, 0xf2, 0x21, 0x39, 0x44, 0xa4, 0x90,
    0x90, 0x62, 0x7f, 0x88, 0x4, 0x60, 0x60,

    /* U+62C9 "拉" */
    0x22, 0x1, 0xc, 0x8, 0x25, 0xff, 0xf2, 0x40,
    0x11, 0x10, 0xe8, 0x9c, 0x24, 0x21, 0x41, 0xa,
    0x8, 0x25, 0xdf, 0xf6, 0x0, 0x0,

    /* U+62CC "拌" */
    0x20, 0x81, 0x44, 0x89, 0x29, 0xf5, 0x42, 0x9,
    0x13, 0xf8, 0xc2, 0x1c, 0x12, 0x2f, 0xf9, 0x4,
    0x8, 0x20, 0x41, 0x6, 0x8, 0x0,

    /* U+62CD "拍" */
    0x20, 0x81, 0x4, 0x9, 0x45, 0xfd, 0xe2, 0x41,
    0x12, 0x8, 0xd0, 0x4c, 0xfe, 0xa4, 0x11, 0x20,
    0x89, 0x4, 0x4f, 0xe6, 0x41, 0x0,

    /* U+62D0 "拐" */
    0x20, 0x1, 0x1f, 0x88, 0x85, 0xf4, 0x22, 0x3f,
    0x11, 0x40, 0xe2, 0x1c, 0xff, 0xa0, 0x91, 0x8,
    0x88, 0x44, 0x44, 0x26, 0x43, 0x0,

    /* U+62D2 "拒" */
    0x20, 0x1, 0x3f, 0xc9, 0x0, 0xe8, 0x2, 0x7f,
    0x12, 0x8, 0xf0, 0x5c, 0x82, 0xa7, 0xf1, 0x20,
    0x9, 0x0, 0x48, 0x1e, 0x7f, 0xa0, 0x0,

    /* U+62D3 "拓" */
    0x20, 0x1, 0x7f, 0xc8, 0x41, 0xf2, 0x2, 0x20,
    0x11, 0x0, 0xef, 0xcc, 0xc2, 0xaa, 0x11, 0x90,
    0x88, 0x84, 0x47, 0xe6, 0x21, 0x0,

    /* U+62D4 "拔" */
    0x21, 0x1, 0xa, 0x8, 0x43, 0xff, 0xf2, 0x10,
    0x10, 0x80, 0x87, 0xc7, 0x62, 0xe3, 0x21, 0x15,
    0x9, 0x10, 0x49, 0xc2, 0x91, 0xa9, 0x4,

    /* U+62D6 "拖" */
    0x23, 0x1, 0x10, 0x88, 0xff, 0xf8, 0x82, 0x88,
    0x11, 0x58, 0xeb, 0x5d, 0xf2, 0x22, 0x91, 0x15,
    0x88, 0x80, 0x44, 0x26, 0x3f, 0x80,

    /* U+62D7 "拗" */
    0x20, 0x40, 0x89, 0x2, 0x44, 0x3f, 0x52, 0x2a,
    0xf8, 0xa9, 0x22, 0x44, 0x9d, 0x92, 0x29, 0x48,
    0xbe, 0x22, 0x88, 0x88, 0x44, 0x62, 0x30,

    /* U+62D8 "拘" */
    0x22, 0x1, 0x10, 0x9, 0xff, 0xf8, 0x22, 0x81,
    0x13, 0xc8, 0xb2, 0x4e, 0x92, 0xa4, 0x91, 0x3c,
    0x88, 0x4, 0x40, 0x46, 0x6, 0x0,

    /* U+62D9 "拙" */
    0x20, 0x81, 0x14, 0x89, 0x25, 0xf9, 0x22, 0x49,
    0x13, 0xf8, 0xe2, 0x1c, 0x91, 0x24, 0x91, 0x24,
    0x89, 0x24, 0x4f, 0xe6, 0x1, 0x0,

    /* U+62DB "招" */
    0x20, 0x1, 0x3f, 0xc8, 0x25, 0xf2, 0x22, 0x11,
    0x15, 0x19, 0xc0, 0x54, 0x7e, 0x22, 0x11, 0x10,
    0x88, 0x84, 0x47, 0xe6, 0x21, 0x0,

    /* U+62DC "拜" */
    0xc, 0x1, 0xdf, 0xf4, 0x10, 0x20, 0x81, 0x3f,
    0x9e, 0x20, 0x4f, 0xe2, 0x88, 0x78, 0x48, 0x9f,
    0xc8, 0x10, 0x40, 0x84, 0x4, 0x0,

    /* U+62DF "拟" */
    0x20, 0x0, 0x88, 0x42, 0x51, 0x3f, 0x64, 0x24,
    0x90, 0x90, 0x43, 0xc1, 0x19, 0x8, 0xa4, 0xa0,
    0x9c, 0x82, 0x45, 0x8, 0x22, 0x61, 0x8, 0x0,
    0x0,

    /* U+62E2 "拢" */
    0x23, 0x1, 0x12, 0x8, 0x89, 0xf4, 0x22, 0x7f,
    0x91, 0x40, 0xaa, 0x4e, 0x54, 0xa2, 0xc1, 0x24,
    0x9, 0x60, 0x55, 0x27, 0xf, 0x80,

    /* U+62E3 "拣" */
    0x21, 0x1, 0x10, 0x8b, 0xfd, 0xf4, 0x2, 0xf8,
    0x12, 0x40, 0xf2, 0xc, 0xfe, 0xa0, 0x81, 0x15,
    0x9, 0x24, 0x51, 0x26, 0x18, 0x0,

    /* U+62E5 "拥" */
    0x20, 0x1, 0x3f, 0x89, 0x24, 0xe9, 0x22, 0x7f,
    0x12, 0x49, 0xf2, 0x54, 0xfe, 0x24, 0x91, 0x24,
    0x8a, 0x24, 0x51, 0x27, 0xb, 0x0,

    /* U+62E6 "拦" */
    0x20, 0x21, 0x21, 0x8, 0x91, 0xf4, 0xa2, 0x7f,
    0x90, 0x0, 0xe0, 0x1c, 0xfe, 0x20, 0x1, 0x0,
    0x8, 0x5, 0xdf, 0xf6, 0x0, 0x0,

    /* U+62E7 "拧" */
    0x0, 0x80, 0x81, 0x2, 0x3f, 0xbf, 0x2, 0x20,
    0x10, 0x80, 0x23, 0x7f, 0x88, 0x10, 0xe0, 0x40,
    0x81, 0x2, 0x4, 0x8, 0x10, 0x20, 0x41, 0x82,
    0x0,

    /* U+62E8 "拨" */
    0x20, 0x81, 0x39, 0x9, 0x49, 0xfa, 0x2, 0xff,
    0x90, 0x80, 0xe7, 0xc4, 0x44, 0xe3, 0x21, 0x2a,
    0x9, 0x30, 0x51, 0x8e, 0x13, 0x21, 0x0,

    /* U+62E9 "择" */
    0x20, 0x1, 0x3f, 0x88, 0x89, 0xf2, 0x82, 0x8,
    0x15, 0xbd, 0xd2, 0x14, 0xfe, 0xa0, 0x81, 0x4,
    0xb, 0xfe, 0x41, 0x6, 0x8, 0x0,

    /* U+62EC "括" */
    0x20, 0x71, 0x34, 0x8, 0x20, 0xe1, 0x22, 0xff,
    0x90, 0x40, 0xe2, 0x1c, 0xfe, 0x24, 0x11, 0x20,
    0x89, 0x4, 0x4f, 0xe6, 0x41, 0x0,

    /* U+62ED "拭" */
    0x20, 0x41, 0x3, 0x8a, 0x15, 0xef, 0xf2, 0x4,
    0x14, 0x20, 0xff, 0x1c, 0x48, 0x22, 0x41, 0x11,
    0x8, 0xa8, 0x5e, 0x36, 0x1, 0x80, 0x0,

    /* U+62EF "拯" */
    0x20, 0x1, 0x3f, 0x88, 0x19, 0xf1, 0x2, 0xf9,
    0x11, 0x70, 0xab, 0xe, 0x94, 0xa4, 0x91, 0x44,
    0x48, 0x60, 0x40, 0x26, 0xff, 0xa0, 0x0,

    /* U+62F1 "拱" */
    0x0, 0x1, 0x11, 0x8, 0x88, 0x64, 0x4e, 0xff,
    0x91, 0x10, 0x88, 0x86, 0x44, 0xe2, 0x2d, 0x7f,
    0xc8, 0x10, 0x44, 0x42, 0x61, 0x74, 0x8, 0x0,
    0x0,

    /* U+62F3 "拳" */
    0x2, 0x0, 0x92, 0x3, 0x20, 0xff, 0xe0, 0x80,
    0x7f, 0xfc, 0x42, 0xd, 0xfe, 0x3f, 0xe0, 0x10,
    0x9f, 0xfc, 0x4, 0x0, 0x20, 0x2, 0x0,

    /* U+62F4 "拴" */
    0x20, 0x81, 0xa, 0xa, 0x51, 0xf4, 0x42, 0x43,
    0x1d, 0xf5, 0x82, 0x14, 0x10, 0x27, 0xf1, 0x4,
    0x8, 0x20, 0x41, 0x6, 0xff, 0xa0, 0x0,

    /* U+62F7 "拷" */
    0x21, 0x1, 0x8, 0x89, 0xf9, 0xf2, 0x82, 0xff,
    0x90, 0x80, 0xef, 0xdc, 0xa0, 0x39, 0xf1, 0x0,
    0x88, 0x8, 0x40, 0x46, 0xe, 0x0,

    /* U+62FC "拼" */
    0x24, 0x61, 0x12, 0x8, 0x81, 0xff, 0xe2, 0x24,
    0x11, 0x20, 0xc9, 0x5d, 0xff, 0xa2, 0x41, 0x12,
    0x9, 0x10, 0x48, 0x86, 0x84, 0x0,

    /* U+62FE "拾" */
    0x20, 0x80, 0x85, 0x2, 0x14, 0x3e, 0x88, 0x24,
    0x38, 0xef, 0xa6, 0x0, 0x29, 0xfc, 0x24, 0x10,
    0x90, 0x42, 0x41, 0x9, 0xfc, 0x64, 0x10,

    /* U+62FF "拿" */
    0x6, 0x0, 0xd8, 0x10, 0x7e, 0x71, 0x3f, 0xc2,
    0x4, 0x3f, 0xc7, 0xf8, 0x2, 0x43, 0xfa, 0xff,
    0xf0, 0x20, 0xe, 0x0,

    /* U+6301 "持" */
    0x20, 0x81, 0x4, 0x9, 0xfd, 0xf1, 0x2, 0x8,
    0x17, 0xfc, 0xe0, 0x9c, 0xff, 0xa4, 0x21, 0x11,
    0x8, 0x48, 0x40, 0x46, 0xc, 0x0,

    /* U+6302 "挂" */
    0x20, 0x81, 0x4, 0x9, 0xfd, 0xf1, 0x2, 0x9,
    0x13, 0xfc, 0xe2, 0x1c, 0x12, 0x27, 0xf9, 0x4,
    0x8, 0x20, 0x41, 0x6, 0xff, 0x80, 0x0,

    /* U+6307 "指" */
    0x22, 0x1, 0x11, 0x8a, 0x91, 0xf7, 0x12, 0x20,
    0x91, 0xfc, 0xa0, 0xe, 0x7f, 0xa2, 0x11, 0x1f,
    0x88, 0x84, 0x47, 0xe6, 0x21, 0x0,

    /* U+6309 "按" */
    0x20, 0x80, 0x82, 0x2, 0x7f, 0xbf, 0x4, 0x20,
    0x80, 0x84, 0x43, 0xff, 0x98, 0x88, 0xa2, 0x20,
    0x89, 0x2, 0x1c, 0x8, 0x38, 0x63, 0x10, 0x10,
    0x0,

    /* U+630E "挎" */
    0x20, 0x81, 0x8, 0x88, 0xf9, 0xf4, 0x82, 0x26,
    0x16, 0xf8, 0xe0, 0x2c, 0xfe, 0xa2, 0x1, 0x1f,
    0x88, 0x8, 0x40, 0x46, 0xc, 0x0,

    /* U+6311 "挑" */
    0x21, 0x41, 0xa, 0x8, 0x51, 0xfa, 0xa2, 0x36,
    0x11, 0xa0, 0xe5, 0xc, 0x6e, 0xad, 0x51, 0xa,
    0x8, 0x90, 0x48, 0x96, 0x87, 0x80,

    /* U+6316 "挖" */
    0x0, 0x0, 0x82, 0x2, 0x44, 0x9, 0xee, 0xfc,
    0x10, 0x8c, 0xc2, 0xc0, 0x9d, 0xfa, 0xe0, 0x60,
    0x82, 0x2, 0x10, 0x8, 0x80, 0x24, 0x11, 0x9f,
    0xe0,

    /* U+631A "挚" */
    0x31, 0x81, 0x9, 0x3f, 0xf8, 0x42, 0x4f, 0x32,
    0x12, 0x4d, 0x23, 0x87, 0xe0, 0x7f, 0xe0, 0x10,
    0x3f, 0xfe, 0x4, 0x0, 0x20, 0x2, 0x0,

    /* U+631F "挟" */
    0x20, 0x81, 0x4, 0x89, 0xff, 0xf1, 0x2, 0x49,
    0x12, 0x50, 0xe2, 0x1d, 0xff, 0xa1, 0x81, 0xa,
    0x8, 0x48, 0x44, 0x66, 0xc1, 0x80,

    /* U+6320 "挠" */
    0x21, 0x1, 0x8, 0xc9, 0xfd, 0xf1, 0x62, 0xe,
    0x10, 0xf4, 0xe8, 0x7d, 0xff, 0xa3, 0x41, 0x12,
    0x8, 0x92, 0x4c, 0x96, 0x87, 0x80,

    /* U+6321 "挡" */
    0x20, 0x81, 0x84, 0xc9, 0x25, 0xf9, 0x42, 0x9,
    0x13, 0xf8, 0xe0, 0x5c, 0x2, 0x27, 0xf1, 0x0,
    0x88, 0x5, 0xdf, 0xe6, 0x1, 0x0,

    /* U+6323 "挣" */
    0x21, 0x0, 0x8f, 0x82, 0x24, 0x3f, 0x20, 0x27,
    0xf0, 0x82, 0x63, 0xff, 0xd8, 0x24, 0xa0, 0x90,
    0x9f, 0xc2, 0x9, 0x8, 0x20, 0x20, 0x81, 0x84,
    0x0,

    /* U+6324 "挤" */
    0x21, 0x1, 0x4, 0x49, 0xdd, 0xf4, 0x42, 0x14,
    0x10, 0x40, 0xed, 0xfd, 0xc4, 0xa2, 0x21, 0x11,
    0x8, 0x88, 0x48, 0x46, 0x82, 0x0,

    /* U+6325 "挥" */
    0x27, 0xf1, 0x28, 0x8e, 0x40, 0xcf, 0xe2, 0x20,
    0x1d, 0x41, 0x9f, 0xd4, 0x12, 0x2f, 0xf9, 0x4,
    0x8, 0x20, 0xc1, 0x0,

    /* U+6328 "挨" */
    0x20, 0xc1, 0x8, 0x8, 0x89, 0xf8, 0x22, 0x7e,
    0x11, 0x0, 0xbf, 0xde, 0x92, 0x2f, 0xf9, 0x4,
    0x8, 0x50, 0x44, 0x46, 0x41, 0x80,

    /* U+632A "挪" */
    0x21, 0x1, 0x7b, 0xc9, 0x57, 0xea, 0xa2, 0xf5,
    0x12, 0xb1, 0xd5, 0x55, 0xe9, 0x25, 0x49, 0x4a,
    0x4a, 0x56, 0x52, 0x86, 0x24, 0x0,

    /* U+632B "挫" */
    0x20, 0x80, 0x8a, 0x42, 0x2a, 0x3f, 0x28, 0x26,
    0xa0, 0x97, 0x63, 0x9c, 0xba, 0x24, 0x27, 0xf8,
    0x82, 0x2, 0x8, 0x8, 0x22, 0x6f, 0xf8, 0x0,
    0x0,

    /* U+632F "振" */
    0x20, 0x1, 0x3f, 0xc9, 0x5, 0xfb, 0xe2, 0x40,
    0x12, 0x0, 0xff, 0xe4, 0xa8, 0xe5, 0x59, 0x2b,
    0x9, 0x48, 0x52, 0x22, 0x99, 0xa0, 0x4,

    /* U+633A "挺" */
    0x20, 0x1, 0x71, 0xc8, 0xb9, 0xf8, 0x42, 0x42,
    0x9f, 0xfc, 0x84, 0x9d, 0x44, 0x2a, 0x29, 0x37,
    0xc9, 0x0, 0x4e, 0x6, 0x8f, 0x80,

    /* U+633D "挽" */
    0x20, 0x1, 0x18, 0x8, 0xf8, 0x78, 0x86, 0x7f,
    0x16, 0x48, 0xf2, 0x5c, 0xfe, 0xa4, 0xc1, 0xa,
    0x8, 0x50, 0x44, 0xa6, 0xc7, 0x80,

    /* U+6342 "捂" */
    0x20, 0x11, 0x7f, 0xc8, 0x41, 0xef, 0xc2, 0x22,
    0x1d, 0x10, 0xbf, 0xfc, 0x0, 0xa7, 0xf1, 0x20,
    0x89, 0x5, 0xcf, 0xe6, 0x41, 0x0,

    /* U+6345 "捅" */
    0x20, 0x1, 0x3f, 0x88, 0x9, 0xf1, 0x82, 0x7f,
    0x12, 0x48, 0x92, 0x4e, 0xfe, 0xa4, 0x91, 0x3f,
    0x89, 0x24, 0x49, 0x26, 0x4b, 0x0,

    /* U+6346 "捆" */
    0x20, 0x0, 0x9f, 0xe2, 0x48, 0x9f, 0x2a, 0x27,
    0xf8, 0x92, 0x23, 0x5c, 0xb9, 0x6a, 0xa6, 0xa8,
    0x9a, 0x22, 0x48, 0x89, 0xfe, 0x64, 0x8,

    /* U+6349 "捉" */
    0x20, 0x11, 0x1f, 0x8a, 0x85, 0xf4, 0x22, 0x21,
    0x11, 0xf8, 0xa2, 0xe, 0x52, 0xa2, 0x79, 0x14,
    0x9, 0xa0, 0x4b, 0x6, 0x8f, 0x80,

    /* U+634C "捌" */
    0x20, 0x8, 0x9e, 0x22, 0x4a, 0x9d, 0x2a, 0x27,
    0xa8, 0x92, 0xa3, 0xaa, 0x9b, 0xea, 0xe2, 0xa8,
    0x92, 0xa2, 0x48, 0x8a, 0x22, 0x73, 0x18,

    /* U+634D "捍" */
    0x20, 0x1, 0x3f, 0x89, 0x5, 0xff, 0xe2, 0x41,
    0x13, 0xf8, 0xa0, 0x4e, 0xfe, 0xa0, 0x81, 0x7f,
    0xc8, 0x20, 0x41, 0x6, 0x8, 0x0,

    /* U+634E "捎" */
    0x20, 0x91, 0x24, 0x88, 0xa8, 0xe5, 0x2, 0x7f,
    0x12, 0x8, 0xd0, 0x4c, 0xfe, 0xa4, 0x11, 0x3f,
    0x89, 0x4, 0x48, 0x26, 0x43, 0x0,

    /* U+634F "捏" */
    0x20, 0x1, 0x3f, 0x89, 0x5, 0xff, 0xe2, 0x41,
    0x13, 0xf8, 0xf2, 0x5c, 0x12, 0x27, 0xf1, 0x4,
    0x8, 0x20, 0x41, 0x26, 0xff, 0xa0, 0x0,

    /* U+6350 "捐" */
    0x20, 0x1, 0x1f, 0x89, 0x5, 0xf7, 0xe2, 0x0,
    0x13, 0xfc, 0xd0, 0x5c, 0xfe, 0x24, 0x11, 0x3f,
    0x89, 0x4, 0x48, 0x26, 0x43, 0x0,

    /* U+6355 "捕" */
    0x20, 0xa1, 0x4, 0xdc, 0xf8, 0x4f, 0xe2, 0x49,
    0x16, 0x49, 0xdf, 0xd4, 0x92, 0x27, 0xf1, 0x24,
    0x89, 0x24, 0xc9, 0x60,

    /* U+635E "捞" */
    0x21, 0x20, 0x84, 0xa2, 0x3f, 0x3e, 0x48, 0x24,
    0x8, 0x9f, 0xe3, 0xc9, 0x3b, 0xfe, 0x20, 0x90,
    0x84, 0x42, 0x11, 0x8, 0x84, 0x6c, 0x60,

    /* U+635F "损" */
    0x20, 0x1, 0x1f, 0x88, 0x85, 0xf7, 0xe2, 0x0,
    0x13, 0xfc, 0xb0, 0x4e, 0x92, 0xa4, 0x91, 0x24,
    0x89, 0x70, 0x42, 0x6e, 0x60, 0x80,

    /* U+6361 "捡" */
    0x20, 0x81, 0xc, 0x8, 0x51, 0xf4, 0x42, 0x41,
    0x1d, 0xf4, 0x80, 0x1c, 0xa4, 0xa2, 0xa1, 0x15,
    0x8, 0xb0, 0x40, 0x86, 0xff, 0x80, 0x0,

    /* U+6362 "换" */
    0x20, 0x0, 0x8c, 0x2, 0x3e, 0xf, 0x10, 0x67,
    0xf0, 0x92, 0x43, 0xc9, 0x39, 0x26, 0xaf, 0xfc,
    0x86, 0x2, 0x14, 0x8, 0x8c, 0x6c, 0x18,

    /* U+6363 "捣" */
    0x20, 0x80, 0x9f, 0xc3, 0x43, 0x3f, 0x2c, 0x24,
    0x20, 0x93, 0x83, 0xc0, 0x99, 0xfe, 0xe1, 0x8,
    0xa5, 0x22, 0x94, 0x8b, 0xf2, 0x60, 0x30,

    /* U+6367 "捧" */
    0x20, 0x80, 0x82, 0x62, 0x3e, 0x3e, 0x40, 0x23,
    0xf8, 0xff, 0xe2, 0x22, 0x39, 0x24, 0xab, 0xe8,
    0xc2, 0x42, 0x7f, 0x8, 0x20, 0x60, 0x80,

    /* U+636E "据" */
    0x20, 0x1, 0x3f, 0x89, 0x5, 0xff, 0xe2, 0x44,
    0x12, 0x28, 0xbf, 0xfe, 0x88, 0x27, 0xf1, 0x30,
    0x8a, 0x85, 0xd7, 0xe6, 0x21, 0x0,

    /* U+6376 "捶" */
    0x20, 0x71, 0x1c, 0x8, 0x25, 0xff, 0xf2, 0x2a,
    0x15, 0x50, 0xff, 0xfc, 0x54, 0x22, 0xa1, 0x3f,
    0xc8, 0x25, 0xcf, 0xe6, 0x0, 0x0,

    /* U+6377 "捷" */
    0x20, 0x81, 0x7f, 0xc8, 0x21, 0xff, 0xe2, 0x9,
    0x97, 0xfc, 0xa2, 0x4e, 0xfe, 0xa4, 0x91, 0x27,
    0x89, 0x20, 0x55, 0x6, 0x9f, 0x80,

    /* U+637A "捺" */
    0x20, 0x80, 0x84, 0x42, 0x3e, 0x3e, 0x50, 0x22,
    0x20, 0x90, 0x43, 0xbe, 0xb8, 0x4, 0xa7, 0xf0,
    0x82, 0x82, 0x69, 0x89, 0x22, 0x28, 0x81, 0x4,
    0x0,

    /* U+637B "捻" */
    0x20, 0x80, 0x85, 0x2, 0x32, 0x3f, 0xa4, 0x28,
    0x8, 0x9f, 0x83, 0x82, 0x18, 0x8, 0xa0, 0x80,
    0x89, 0x42, 0xa5, 0xa, 0x8a, 0x63, 0xe0, 0x0,
    0x0,

    /* U+6380 "掀" */
    0x21, 0xc0, 0x99, 0x2, 0x44, 0x9f, 0x1e, 0x27,
    0xa8, 0x96, 0x83, 0xd2, 0x39, 0x48, 0x25, 0x20,
    0x95, 0x42, 0x95, 0xa, 0x62, 0x70, 0x88,

    /* U+6382 "掂" */
    0x21, 0x1, 0x4, 0x89, 0xd9, 0xf9, 0x2, 0x49,
    0x12, 0x7c, 0xf2, 0x1c, 0x90, 0xa7, 0xf1, 0x30,
    0x8a, 0x84, 0x57, 0xe6, 0x21, 0x0,

    /* U+6388 "授" */
    0x20, 0x71, 0x2c, 0xa, 0x45, 0xf9, 0x42, 0x2,
    0x13, 0xfc, 0xf0, 0x4c, 0xfe, 0xa2, 0x21, 0x11,
    0x8, 0x50, 0x41, 0x82, 0x37, 0x22, 0x4,

    /* U+6389 "掉" */
    0x0, 0x1, 0x4, 0x88, 0x3e, 0x71, 0x2e, 0x7f,
    0x12, 0x8, 0x9f, 0xcf, 0x82, 0xa7, 0xf1, 0x24,
    0x88, 0x24, 0x5f, 0xf2, 0x8, 0x30, 0x40,

    /* U+638C "掌" */
    0x22, 0x60, 0xd2, 0x1f, 0xfe, 0x80, 0xad, 0xfe,
    0x8, 0x20, 0x7f, 0x7, 0xe0, 0x2, 0x20, 0xfe,
    0xbf, 0xfe, 0x4, 0x0, 0x20, 0x2, 0x0,

    /* U+638F "掏" */
    0x22, 0x1, 0x10, 0x89, 0xfd, 0xfc, 0x22, 0xbd,
    0x12, 0x88, 0xc5, 0x4d, 0xfe, 0xa5, 0x51, 0x2a,
    0x89, 0xf4, 0x40, 0x26, 0x6, 0x0,

    /* U+6390 "掐" */
    0x21, 0x1, 0x10, 0x8, 0xf9, 0xf8, 0x42, 0x44,
    0x14, 0x80, 0xd9, 0xdc, 0xa2, 0x27, 0xf1, 0x20,
    0x89, 0x4, 0x4f, 0xe6, 0x41, 0x0,

    /* U+6392 "排" */
    0x21, 0x41, 0xa, 0x8, 0x55, 0xfe, 0xc2, 0x14,
    0x14, 0xa8, 0xdd, 0xec, 0x28, 0xa1, 0x41, 0x7b,
    0xc8, 0x50, 0x42, 0x86, 0x14, 0x0,

    /* U+6396 "掖" */
    0x21, 0x1, 0x4, 0xb, 0xfe, 0x65, 0x6, 0x2f,
    0x12, 0x48, 0xd5, 0x5d, 0xbc, 0x24, 0xa1, 0x23,
    0x9, 0x18, 0x49, 0x66, 0x51, 0x80,

    /* U+6398 "掘" */
    0x20, 0x1, 0x3f, 0x89, 0x5, 0xff, 0xe2, 0x44,
    0x17, 0x29, 0xd9, 0x54, 0xfe, 0xa4, 0x51, 0x32,
    0x8a, 0x94, 0x54, 0xa6, 0x3f, 0x0,

    /* U+63A0 "掠" */
    0x20, 0x81, 0x4, 0xb, 0xff, 0xe0, 0x2, 0x7f,
    0x12, 0x8, 0xd0, 0x4c, 0xfe, 0xa0, 0x81, 0x15,
    0x9, 0x24, 0x51, 0x26, 0x18, 0x0,

    /* U+63A2 "探" */
    0x23, 0xf9, 0x28, 0xbe, 0x90, 0x45, 0x43, 0xc9,
    0x33, 0xff, 0x86, 0x14, 0x38, 0x22, 0xa1, 0x24,
    0x8a, 0x22, 0xc1, 0x0,

    /* U+63A5 "接" */
    0x20, 0x80, 0x81, 0x42, 0x3a, 0x3e, 0x88, 0x21,
    0x40, 0x9f, 0xe3, 0x90, 0x3b, 0xfe, 0xa2, 0x20,
    0x89, 0x2, 0x1c, 0x8, 0x78, 0x66, 0x10,

    /* U+63A7 "控" */
    0x21, 0x80, 0x91, 0x2, 0x7f, 0xbf, 0x4, 0x21,
    0x20, 0x88, 0x43, 0xc0, 0xb9, 0xfc, 0x20, 0x80,
    0x82, 0x2, 0x8, 0x8, 0x20, 0x6f, 0xf9, 0x0,
    0x0,

    /* U+63A8 "推" */
    0x23, 0x41, 0x12, 0x9, 0x7, 0xff, 0xc2, 0x44,
    0x1e, 0x20, 0xdf, 0xfc, 0x8a, 0x27, 0xf9, 0x22,
    0x9, 0x12, 0x4f, 0xf6, 0x40, 0x0,

    /* U+63A9 "掩" */
    0x20, 0x80, 0x84, 0x22, 0x7f, 0x3e, 0x88, 0x24,
    0x90, 0xff, 0xf6, 0xc9, 0x29, 0xfc, 0x24, 0x90,
    0x9f, 0xc2, 0x48, 0x8, 0x22, 0x60, 0xf8,

    /* U+63AA "措" */
    0x22, 0x41, 0x12, 0x9, 0xfd, 0xf4, 0x82, 0x25,
    0x17, 0xfc, 0x80, 0xe, 0xfc, 0xa4, 0x21, 0x3f,
    0x9, 0x8, 0x48, 0x4e, 0x7e, 0x0,

    /* U+63B0 "掰" */
    0x19, 0x3b, 0x33, 0x9, 0x48, 0x72, 0x46, 0x8f,
    0x90, 0xd0, 0x9c, 0x9f, 0xbf, 0x25, 0x21, 0x29,
    0x12, 0x48, 0x92, 0x49, 0x26, 0x0,

    /* U+63B7 "掷" */
    0x20, 0x1, 0x2b, 0xcd, 0x92, 0xdf, 0xa2, 0x26,
    0x15, 0x28, 0xff, 0x5c, 0x49, 0x22, 0x49, 0x2a,
    0x49, 0x36, 0x51, 0x86, 0x4, 0x0,

    /* U+63B8 "掸" */
    0x24, 0x31, 0x11, 0xd, 0xfd, 0xf9, 0x22, 0x49,
    0x13, 0xf8, 0xf2, 0x5c, 0xfe, 0xa4, 0x91, 0x4,
    0x8b, 0xfe, 0x41, 0x6, 0x8, 0x0,

    /* U+63BA "掺" */
    0x20, 0x81, 0x8, 0x8, 0x8d, 0xff, 0xe2, 0x18,
    0x17, 0xfc, 0x89, 0x7, 0x9e, 0xe9, 0x9, 0x36,
    0x8, 0x44, 0x4c, 0xce, 0x18, 0x21, 0x0,

    /* U+63C9 "揉" */
    0x30, 0x1, 0x1f, 0x88, 0x31, 0xff, 0xf2, 0x19,
    0x17, 0x43, 0xc2, 0x4, 0x10, 0x27, 0xf9, 0xe,
    0x8, 0xa8, 0x49, 0x36, 0x8, 0x0,

    /* U+63CD "揍" */
    0x20, 0x81, 0x4, 0xc8, 0xf9, 0xf2, 0x22, 0x3e,
    0x9f, 0xfc, 0x88, 0x9c, 0xfe, 0x20, 0x99, 0x3f,
    0x88, 0x30, 0x42, 0x66, 0x21, 0x2, 0x0,

    /* U+63CF "描" */
    0x21, 0x21, 0x12, 0x9, 0xff, 0xf4, 0x82, 0x0,
    0x13, 0xf8, 0xf2, 0x5c, 0x92, 0x27, 0xf1, 0x24,
    0x89, 0x24, 0x4f, 0xe6, 0x41, 0x0,

    /* U+63D0 "提" */
    0x20, 0x1, 0x1f, 0x88, 0x85, 0xf7, 0xe2, 0x21,
    0x11, 0xf0, 0xff, 0xfc, 0x10, 0x22, 0x91, 0x17,
    0xc8, 0xa0, 0x4b, 0x6, 0x8f, 0x80,

    /* U+63D2 "插" */
    0x20, 0x71, 0x3c, 0xa, 0x24, 0xef, 0xf2, 0x8,
    0x10, 0xc8, 0x9b, 0xde, 0x92, 0x27, 0xb1, 0x24,
    0x89, 0x24, 0x4f, 0xe6, 0x41, 0x0,

    /* U+63D6 "揖" */
    0x30, 0x0, 0x8f, 0xc2, 0x21, 0x1e, 0xfe, 0x27,
    0xf8, 0x88, 0x43, 0xbf, 0x38, 0x84, 0x23, 0xf0,
    0x88, 0x62, 0x23, 0x89, 0x74, 0x60, 0x10,

    /* U+63E1 "握" */
    0x20, 0x1, 0x3f, 0x89, 0x5, 0xff, 0xe2, 0x40,
    0x13, 0xf8, 0xf4, 0x9c, 0x9a, 0x24, 0x81, 0x3f,
    0x8a, 0x20, 0x51, 0x27, 0x7f, 0x88, 0x0,

    /* U+63E3 "揣" */
    0x20, 0x81, 0x24, 0x89, 0x25, 0xf9, 0x22, 0x36,
    0x13, 0xfc, 0xe4, 0x1c, 0xff, 0xa5, 0x51, 0x2a,
    0x89, 0x54, 0x4a, 0xa6, 0x53, 0x0,

    /* U+63E9 "揩" */
    0x24, 0x41, 0x22, 0xc9, 0xf9, 0xf8, 0x82, 0x54,
    0x93, 0x3c, 0x82, 0x1c, 0xfe, 0x24, 0x11, 0x3f,
    0x89, 0x4, 0x48, 0x26, 0x7f, 0x0,

    /* U+63EA "揪" */
    0x21, 0xa0, 0xa8, 0x82, 0xa2, 0x9c, 0xaa, 0x2f,
    0xb0, 0x8a, 0xc3, 0xf2, 0x39, 0xa8, 0x2a, 0x30,
    0xa9, 0x42, 0x25, 0x8, 0xa2, 0x63, 0x8,

    /* U+63ED "揭" */
    0x20, 0x1, 0x3f, 0x89, 0x5, 0xff, 0xe2, 0x41,
    0x15, 0xf0, 0xdf, 0xfc, 0x91, 0xac, 0x89, 0x2a,
    0x49, 0x84, 0x4f, 0xe6, 0x3, 0x0,

    /* U+63F4 "援" */
    0x20, 0x71, 0x1c, 0x9, 0x29, 0xf5, 0x42, 0x5,
    0x15, 0xd0, 0xff, 0xfc, 0x40, 0xa3, 0xf1, 0x19,
    0x9, 0x50, 0x49, 0x8e, 0x93, 0x23, 0x4,

    /* U+63FD "揽" */
    0x21, 0x40, 0x95, 0x22, 0x57, 0x3f, 0x68, 0x25,
    0x90, 0x84, 0x2, 0xff, 0xd, 0x4, 0xe4, 0x90,
    0x93, 0x42, 0x14, 0x8, 0x52, 0x6e, 0x78,

    /* U+6400 "搀" */
    0x22, 0x1, 0x1f, 0xd, 0x10, 0xcf, 0xf2, 0xc9,
    0x12, 0x48, 0x9f, 0xdf, 0x28, 0x22, 0x79, 0x2c,
    0x8, 0x18, 0x43, 0x86, 0x2, 0x0,

    /* U+6401 "搁" */
    0x24, 0x0, 0x8b, 0xe2, 0xc0, 0x9a, 0x7a, 0x29,
    0x48, 0xae, 0x22, 0x8c, 0xba, 0xca, 0xa9, 0xe8,
    0xa5, 0x22, 0x9c, 0x8a, 0x2, 0x68, 0x18,

    /* U+6402 "搂" */
    0x20, 0x80, 0x8a, 0xc3, 0x18, 0x3f, 0xfe, 0x21,
    0xc0, 0xaa, 0xc3, 0x48, 0xb8, 0x40, 0xaf, 0xf8,
    0x88, 0x82, 0x46, 0x8, 0xf0, 0xe3, 0x30, 0x30,
    0x0,

    /* U+6405 "搅" */
    0x21, 0x18, 0x8a, 0xc2, 0x26, 0x3f, 0x12, 0x27,
    0xb8, 0xbf, 0xc3, 0x42, 0x19, 0x28, 0x24, 0xa0,
    0x93, 0x82, 0x14, 0x8, 0xd2, 0x64, 0x78,

    /* U+640F "搏" */
    0x20, 0xa1, 0x7e, 0xbf, 0xfc, 0x49, 0x22, 0x7f,
    0x1f, 0xfb, 0x92, 0x54, 0x8, 0x2f, 0xf9, 0xa,
    0x8, 0x50, 0x40, 0x84, 0xc, 0x0,

    /* U+6413 "搓" */
    0x22, 0x30, 0x84, 0x82, 0xff, 0x9c, 0x20, 0x23,
    0xf8, 0xa2, 0x27, 0x7f, 0xe8, 0x40, 0x23, 0xf8,
    0x91, 0x2, 0x84, 0x8, 0x12, 0x67, 0xfd, 0x0,
    0x0,

    /* U+6414 "搔" */
    0x20, 0x0, 0x9f, 0xc2, 0x51, 0x3e, 0x88, 0x21,
    0xc0, 0xad, 0xe3, 0x48, 0x39, 0xfc, 0x24, 0x90,
    0x9f, 0xc2, 0x49, 0x8, 0x24, 0xef, 0xe9, 0x0,
    0x20,

    /* U+641C "搜" */
    0x21, 0x81, 0x37, 0x89, 0x24, 0x79, 0x26, 0x7f,
    0x12, 0x48, 0xff, 0xcc, 0x90, 0xa7, 0xf1, 0x11,
    0x88, 0x88, 0x43, 0x8a, 0x16, 0x27, 0x8,

    /* U+641E "搞" */
    0x20, 0x80, 0x82, 0x22, 0xf7, 0x3e, 0xfc, 0x22,
    0x10, 0x8f, 0xc3, 0x0, 0x3b, 0xfe, 0xa9, 0xe8,
    0xa4, 0xa2, 0x9e, 0x8a, 0x4a, 0x68, 0x18,

    /* U+642A "搪" */
    0x20, 0x81, 0x42, 0xcf, 0xe9, 0xf1, 0x22, 0x9f,
    0x97, 0xfc, 0xe2, 0x5d, 0x7e, 0xa8, 0x81, 0x5f,
    0x8c, 0x84, 0x64, 0x27, 0x3f, 0x0,

    /* U+642C "搬" */
    0x22, 0x1, 0x23, 0x89, 0xd4, 0xfa, 0xa2, 0x55,
    0x12, 0xc4, 0xdf, 0xfc, 0xaa, 0x25, 0x51, 0x3a,
    0x89, 0x48, 0x52, 0xa7, 0xb8, 0x80,

    /* U+642D "搭" */
    0x22, 0x41, 0x12, 0x8b, 0xf9, 0xf7, 0x82, 0x38,
    0x15, 0x21, 0xff, 0xf4, 0x0, 0x27, 0xe1, 0x21,
    0x9, 0x9, 0xcf, 0xc6, 0x42, 0x0,

    /* U+643A "携" */
    0x22, 0x81, 0x22, 0x8d, 0xe9, 0xf9, 0x2, 0x7e,
    0x13, 0xf8, 0xd2, 0x5c, 0xec, 0xaf, 0xc1, 0x12,
    0x8, 0xbc, 0x48, 0x26, 0x87, 0x0,

    /* U+6444 "摄" */
    0x20, 0x11, 0x7f, 0xc8, 0x89, 0xf7, 0xc2, 0x3f,
    0x97, 0xfc, 0xc0, 0x8d, 0xef, 0xa1, 0x91, 0x2a,
    0x88, 0x88, 0x4a, 0xce, 0x89, 0x80,

    /* U+6446 "摆" */
    0x20, 0x1, 0x3f, 0x89, 0x55, 0xfa, 0xa2, 0x7f,
    0x14, 0x40, 0xdf, 0xdc, 0x12, 0x2f, 0xf9, 0xc,
    0x8, 0xc8, 0x48, 0x26, 0x7f, 0x0, 0x0,

    /* U+6447 "摇" */
    0x20, 0xf1, 0x18, 0x89, 0x45, 0xf5, 0x42, 0x20,
    0x11, 0xf8, 0xf2, 0x1d, 0x10, 0xaf, 0xf9, 0x4,
    0x9, 0x24, 0x49, 0x26, 0x7f, 0x0,

    /* U+644A "摊" */
    0x20, 0x41, 0x5, 0xf, 0xe3, 0xf5, 0xe2, 0xba,
    0x15, 0xfc, 0xd2, 0x9c, 0xd4, 0x26, 0xf9, 0x55,
    0xa, 0x2a, 0x41, 0xf6, 0x8, 0x0,

    /* U+6454 "摔" */
    0x20, 0x80, 0x81, 0x22, 0x7b, 0x3f, 0x42, 0x23,
    0xd0, 0xeb, 0x6, 0x7f, 0x28, 0xa, 0x20, 0x88,
    0xbf, 0xe2, 0x8, 0x8, 0x20, 0x60, 0x80,

    /* U+6458 "摘" */
    0x21, 0x1, 0x4, 0x88, 0xd9, 0xf4, 0x82, 0x25,
    0x16, 0xd8, 0xdf, 0xdc, 0x92, 0xa5, 0xd1, 0x2a,
    0x89, 0x74, 0x48, 0x26, 0x41, 0x0,

    /* U+6467 "摧" */
    0x24, 0x91, 0x24, 0x89, 0x25, 0xfe, 0xe2, 0x64,
    0x13, 0xf8, 0xf2, 0x1d, 0xfe, 0x24, 0x81, 0x3f,
    0x89, 0x20, 0x49, 0x26, 0x7f, 0x80,

    /* U+6469 "摩" */
    0x2, 0x3, 0xff, 0xd2, 0x10, 0xfd, 0xf4, 0x86,
    0x2f, 0x69, 0xa5, 0x2b, 0xfc, 0x41, 0x22, 0x7e,
    0x2f, 0xff, 0x2, 0x8, 0x70, 0x0,

    /* U+6478 "摸" */
    0x23, 0x20, 0x8c, 0xe2, 0xfe, 0x3e, 0x4, 0x27,
    0xf0, 0x9f, 0xc3, 0x41, 0x39, 0xfc, 0xa0, 0x80,
    0xbf, 0xe2, 0x18, 0x8, 0x58, 0xee, 0x1c,

    /* U+6479 "摹" */
    0x9, 0x17, 0xff, 0x82, 0x0, 0x6f, 0x83, 0xfc,
    0x10, 0x20, 0xff, 0x5f, 0xfe, 0x11, 0x87, 0x37,
    0xdf, 0xf8, 0x4, 0x0, 0x60, 0x0,

    /* U+6487 "撇" */
    0x22, 0x20, 0xaa, 0x83, 0x72, 0x19, 0x8e, 0x2f,
    0xa8, 0xaa, 0xa2, 0xee, 0xbb, 0xea, 0x2f, 0x90,
    0xae, 0x42, 0xa9, 0xa, 0xaa, 0x28, 0xc4,

    /* U+6491 "撑" */
    0x20, 0x0, 0x8e, 0x62, 0xa, 0x3f, 0xd6, 0x2b,
    0xf0, 0x88, 0x42, 0xbe, 0x1c, 0x3c, 0xa5, 0x80,
    0x8f, 0xe2, 0xff, 0xc8, 0x20, 0xe2, 0x80, 0x4,
    0x0,

    /* U+6492 "撒" */
    0x25, 0x20, 0x96, 0x82, 0xf2, 0xbf, 0x4f, 0x25,
    0xc8, 0x89, 0x23, 0xfd, 0x19, 0x2c, 0x27, 0x90,
    0x9e, 0xc2, 0x4b, 0x9, 0x32, 0x65, 0x88,

    /* U+6495 "撕" */
    0x25, 0x19, 0x2f, 0x9, 0xd1, 0xfa, 0x82, 0x54,
    0x13, 0xbc, 0xb5, 0x4e, 0xea, 0xa5, 0xd1, 0x7e,
    0x89, 0x54, 0x49, 0x26, 0x89, 0x0,

    /* U+649E "撞" */
    0x20, 0x81, 0x3f, 0x88, 0x89, 0xf2, 0x82, 0xff,
    0x97, 0xf8, 0xd2, 0x4c, 0xfe, 0xa4, 0x91, 0x3f,
    0x89, 0xfe, 0x41, 0x6, 0xff, 0x80,

    /* U+64A4 "撤" */
    0x24, 0x21, 0x12, 0x9, 0x71, 0xfc, 0xf2, 0x75,
    0x10, 0x68, 0xdd, 0x5c, 0xaa, 0x27, 0x21, 0x39,
    0x9, 0x5c, 0x4a, 0xa6, 0x58, 0x80,

    /* U+64A9 "撩" */
    0x20, 0x80, 0xbf, 0xc2, 0x98, 0x3f, 0x9c, 0x22,
    0x20, 0xf7, 0xe6, 0x7e, 0x29, 0x8, 0x27, 0xe0,
    0x82, 0x2, 0x69, 0xa, 0x22, 0x61, 0x80,

    /* U+64AC "撬" */
    0x20, 0xe1, 0x69, 0x8, 0xf1, 0xf2, 0x62, 0xfc,
    0x10, 0xfc, 0xfc, 0xdc, 0x88, 0x2e, 0x71, 0x2a,
    0x8b, 0x98, 0x4a, 0x86, 0x67, 0x80,

    /* U+64AD "播" */
    0x20, 0x31, 0x6e, 0x9, 0x28, 0xf9, 0x12, 0xff,
    0x90, 0xe0, 0xea, 0xdd, 0x91, 0xa7, 0xf1, 0x24,
    0x89, 0xfc, 0x49, 0x26, 0x7f, 0x0,

    /* U+64AE "撮" */
    0x20, 0x0, 0x8f, 0xc2, 0xc1, 0x3f, 0xfc, 0x23,
    0xf8, 0xbf, 0xf3, 0x50, 0xb9, 0xfe, 0x27, 0x50,
    0x94, 0xc2, 0x72, 0xa, 0x56, 0x61, 0x88,

    /* U+64B0 "撰" */
    0x30, 0x1, 0x3f, 0xc9, 0x33, 0xff, 0xf2, 0x4c,
    0x93, 0xfc, 0xe4, 0x8c, 0xff, 0xa1, 0x29, 0x7f,
    0xc8, 0x60, 0x44, 0xc6, 0xc1, 0x0,

    /* U+64B5 "撵" */
    0x22, 0x20, 0x9f, 0xe3, 0x22, 0x99, 0xfe, 0x25,
    0x20, 0x91, 0x63, 0x81, 0x9b, 0xfe, 0x22, 0x90,
    0x97, 0xa2, 0xff, 0xc8, 0x20, 0x20, 0x80,

    /* U+64BC "撼" */
    0x20, 0x70, 0x81, 0x22, 0x7f, 0x3f, 0xa, 0x25,
    0xa8, 0x9e, 0xc3, 0xeb, 0x39, 0xec, 0x28, 0x48,
    0x82, 0x82, 0x64, 0x89, 0x82, 0x61, 0xf0,

    /* U+64C2 "擂" */
    0x20, 0x11, 0x3f, 0x88, 0x21, 0xff, 0xf2, 0xbe,
    0x10, 0x40, 0x9f, 0xde, 0xfe, 0x24, 0x91, 0x3f,
    0x89, 0x25, 0xcf, 0xe6, 0x41, 0x0,

    /* U+64C5 "擅" */
    0x21, 0x1, 0x4, 0xb, 0xfe, 0x7f, 0xe6, 0x5d,
    0x12, 0xa8, 0xdf, 0xcc, 0x82, 0xa3, 0xf1, 0x1f,
    0x8, 0x88, 0x47, 0xe6, 0xff, 0x80,

    /* U+64CD "操" */
    0x20, 0x1, 0x1f, 0x8, 0x89, 0xf7, 0xc2, 0xf7,
    0x14, 0xa9, 0xfd, 0xd4, 0x12, 0x2f, 0xf9, 0xe,
    0x8, 0xa8, 0x49, 0x36, 0x88, 0x0,

    /* U+64CE "擎" */
    0x48, 0x87, 0xf8, 0x12, 0x7c, 0xfa, 0x4f, 0x6c,
    0x3a, 0x71, 0x5c, 0x4f, 0xfc, 0x2, 0x21, 0xfe,
    0xbf, 0xfe, 0x4, 0x0, 0xe0, 0x0,

    /* U+64D2 "擒" */
    0x0, 0x0, 0x83, 0x2, 0x12, 0xe, 0xa6, 0x65,
    0xe8, 0xa0, 0x42, 0x2d, 0xe, 0xec, 0xe2, 0xd0,
    0x9f, 0xe2, 0x54, 0x89, 0xba, 0x25, 0x9, 0x90,
    0x60,

    /* U+64E6 "擦" */
    0x20, 0x80, 0x92, 0x42, 0x7f, 0x8f, 0x84, 0x63,
    0xf0, 0x95, 0x43, 0xe2, 0x18, 0x14, 0x27, 0xf0,
    0x82, 0x2, 0x29, 0x9, 0x22, 0x68, 0x80,

    /* U+6500 "攀" */
    0x21, 0x41, 0x32, 0xbe, 0xfe, 0xc8, 0x87, 0x2f,
    0x52, 0xab, 0xff, 0xe2, 0x30, 0x26, 0x72, 0xfd,
    0x1f, 0xfc, 0x4, 0x0, 0x60, 0x0,

    /* U+6512 "攒" */
    0x22, 0x20, 0xb9, 0x82, 0x7f, 0x8e, 0xaa, 0x6f,
    0xf8, 0x97, 0x42, 0x88, 0x99, 0xfc, 0x24, 0x10,
    0x92, 0x42, 0x49, 0x9, 0x4c, 0x22, 0x9, 0x30,
    0x0,

    /* U+6518 "攘" */
    0x1, 0x1, 0x4, 0x8b, 0xfe, 0x4a, 0xa7, 0x77,
    0x13, 0xb8, 0x89, 0x47, 0xff, 0xe7, 0xf1, 0x7f,
    0xc8, 0xe4, 0x4c, 0xc2, 0x3b, 0x31, 0xc,

    /* U+652F "支" */
    0x2, 0x0, 0x10, 0xbf, 0xfe, 0x4, 0x0, 0x20,
    0x3f, 0xf0, 0x41, 0x1, 0x18, 0x4, 0x80, 0x18,
    0x1, 0xc0, 0x11, 0xc7, 0x3, 0x80,

    /* U+6536 "收" */
    0x13, 0x4, 0x90, 0x24, 0x85, 0x27, 0xe9, 0x22,
    0x4b, 0x12, 0x69, 0x13, 0x48, 0xb1, 0x46, 0x84,
    0x4, 0x70, 0x24, 0xc1, 0xc1, 0x0,

    /* U+6539 "改" */
    0x0, 0x0, 0xc, 0x3e, 0x40, 0x12, 0x0, 0x9f,
    0x85, 0x13, 0xf8, 0x91, 0xa4, 0x81, 0x44, 0xa,
    0x22, 0x21, 0x62, 0x8c, 0x22, 0x6, 0xc,

    /* U+653B "攻" */
    0x1, 0x0, 0x48, 0x1c, 0x84, 0x47, 0xf2, 0x22,
    0x13, 0x10, 0xa8, 0x84, 0x28, 0x29, 0x43, 0x84,
    0x20, 0x50, 0x4, 0x40, 0xc1, 0x80,

    /* U+653E "放" */
    0x20, 0x80, 0x84, 0x2, 0xa2, 0xe9, 0xf2, 0x51,
    0x1e, 0xc8, 0x9a, 0x44, 0x94, 0x24, 0x62, 0x22,
    0x11, 0x28, 0x9a, 0x29, 0xa0, 0x80,

    /* U+653F "政" */
    0x0, 0x87, 0xf4, 0x4, 0x40, 0x23, 0xf5, 0x51,
    0x2f, 0x91, 0x44, 0x8a, 0x24, 0x50, 0xc2, 0x82,
    0x17, 0x31, 0xc2, 0x40, 0x61, 0x80,

    /* U+6545 "故" */
    0x10, 0x80, 0x42, 0x1, 0x48, 0xbf, 0xff, 0x11,
    0x10, 0x4c, 0x47, 0xca, 0x11, 0x28, 0x44, 0x41,
    0x11, 0x7, 0xca, 0x11, 0x44, 0x6, 0x8,

    /* U+6548 "效" */
    0x20, 0x40, 0x61, 0x7, 0xf8, 0x80, 0x3f, 0x34,
    0x90, 0x8e, 0x44, 0x59, 0xa, 0x14, 0x18, 0x60,
    0x30, 0x81, 0x46, 0x8, 0x24, 0x43, 0x8,

    /* U+654C "敌" */
    0xc, 0x87, 0x84, 0x4, 0x26, 0x2a, 0xef, 0xf1,
    0x9, 0x88, 0x4a, 0x8f, 0x94, 0x44, 0xa2, 0x22,
    0x11, 0x28, 0xfa, 0x64, 0x21, 0x80,

    /* U+654F "敏" */
    0x20, 0xc2, 0x4, 0x1f, 0xa0, 0x81, 0xff, 0xf1,
    0x2a, 0x99, 0x52, 0x9f, 0xf4, 0x64, 0xa4, 0xb2,
    0x3f, 0xe8, 0xa, 0x61, 0xa1, 0x80,

    /* U+6551 "救" */
    0x14, 0xc0, 0xa4, 0x4, 0xa0, 0xf9, 0xf1, 0x11,
    0x2b, 0x88, 0xec, 0x86, 0x14, 0x38, 0xa6, 0xa2,
    0x24, 0x28, 0x22, 0x63, 0x21, 0x80,

    /* U+6559 "教" */
    0x10, 0x40, 0x49, 0x7, 0xe4, 0x5, 0x3e, 0x7f,
    0x90, 0x22, 0x47, 0xf9, 0x9, 0x28, 0x48, 0x60,
    0x78, 0x86, 0x86, 0x2, 0x24, 0x3b, 0x8, 0x0,
    0x0,

    /* U+655B "敛" */
    0x18, 0xc0, 0x5a, 0x2, 0x38, 0x88, 0x3c, 0x7e,
    0x92, 0x6, 0x45, 0x39, 0xb, 0x28, 0x2c, 0x60,
    0x91, 0x0, 0xfa, 0x1c, 0x46, 0x2, 0x8,

    /* U+655E "敞" */
    0x10, 0x89, 0x48, 0x59, 0x11, 0x9e, 0xfd, 0x28,
    0x72, 0xbf, 0x2b, 0x4a, 0xb4, 0xcb, 0x4c, 0xa4,
    0xc8, 0x52, 0x86, 0x10,

    /* U+6562 "敢" */
    0x0, 0x81, 0xf2, 0x0, 0xa8, 0xbf, 0xfe, 0x45,
    0x11, 0xf6, 0x44, 0x49, 0x1f, 0x28, 0x44, 0x61,
    0x1d, 0xf, 0xc6, 0x21, 0x24, 0x7, 0x8,

    /* U+6563 "散" */
    0x28, 0xc1, 0x44, 0x3f, 0xa0, 0x51, 0xff, 0xf1,
    0x0, 0x91, 0xfa, 0x88, 0x94, 0x7c, 0x43, 0xe2,
    0x11, 0x28, 0x8a, 0x64, 0xa1, 0x80,

    /* U+6566 "敦" */
    0x10, 0x80, 0x54, 0x1d, 0x20, 0x89, 0xf7, 0xd1,
    0x3f, 0x88, 0x4, 0x8f, 0x94, 0x8, 0xa0, 0x82,
    0x3f, 0x10, 0x21, 0x41, 0x31, 0x92, 0x0,

    /* U+656C "敬" */
    0x28, 0x81, 0x54, 0x1f, 0x24, 0x51, 0xf4, 0x52,
    0x3e, 0x93, 0xd2, 0x8a, 0x94, 0x54, 0x43, 0xa2,
    0x11, 0x28, 0xa, 0x60, 0xa1, 0x80,

    /* U+6570 "数" */
    0x14, 0x84, 0xa4, 0x14, 0xa0, 0x79, 0xf3, 0x91,
    0x2a, 0x8a, 0x4c, 0x84, 0x14, 0xfe, 0xa1, 0x23,
    0x11, 0x10, 0x71, 0x41, 0x51, 0x73, 0x4,

    /* U+6572 "敲" */
    0x20, 0x40, 0x92, 0x1b, 0x1e, 0xf8, 0x84, 0x44,
    0x3e, 0xfc, 0x4, 0x5f, 0xd2, 0xba, 0xa5, 0x53,
    0x2e, 0x99, 0x5, 0x68, 0x71, 0x80,

    /* U+6574 "整" */
    0x10, 0x63, 0xfd, 0x1, 0x2f, 0xdf, 0xa4, 0x7e,
    0x50, 0xe0, 0x85, 0x49, 0xa4, 0x4, 0x7f, 0xf8,
    0x4, 0x1, 0x1f, 0x4, 0x42, 0xff, 0xfc,

    /* U+6577 "敷" */
    0x8, 0x40, 0x2d, 0x7, 0xc8, 0x9f, 0xff, 0x4a,
    0x91, 0xfe, 0x47, 0xf9, 0x12, 0x98, 0x34, 0x20,
    0xf9, 0x82, 0x47, 0x9, 0x26, 0xc7, 0x8,

    /* U+6587 "文" */
    0x8, 0x0, 0x30, 0x0, 0x85, 0xff, 0xe2, 0x4,
    0x10, 0x40, 0x42, 0x1, 0x20, 0x9, 0x0, 0x30,
    0x1, 0xc0, 0x33, 0x86, 0x7, 0x80,

    /* U+658B "斋" */
    0x2, 0x0, 0x4, 0x27, 0xff, 0x82, 0x10, 0x7,
    0x80, 0xf3, 0x67, 0xff, 0x1, 0x0, 0x3f, 0xf0,
    0x92, 0x42, 0x49, 0x9, 0x24, 0x24, 0x30,

    /* U+6591 "斑" */
    0x4, 0x7, 0xd7, 0xc8, 0x88, 0x5f, 0x42, 0x12,
    0x3e, 0x90, 0x8b, 0xe4, 0x44, 0x23, 0x21, 0x69,
    0x1d, 0x48, 0x10, 0x51, 0x1f, 0x80, 0x0,

    /* U+6597 "斗" */
    0x0, 0x80, 0x4, 0x3, 0x20, 0x5, 0x0, 0x8,
    0xc, 0x40, 0x12, 0x0, 0x13, 0x7, 0xe7, 0xc4,
    0x0, 0x20, 0x1, 0x0, 0x8, 0x0,

    /* U+6599 "料" */
    0x10, 0x24, 0xa1, 0x15, 0x28, 0xa0, 0xc1, 0x42,
    0x7f, 0x50, 0xc1, 0x87, 0x4, 0x54, 0x3a, 0x9f,
    0x24, 0x8, 0x20, 0x41, 0x2, 0x0,

    /* U+659C "斜" */
    0x30, 0x21, 0x61, 0x11, 0x68, 0x81, 0x4f, 0xc2,
    0xa, 0x93, 0xfa, 0x82, 0x4, 0x5c, 0x74, 0xad,
    0x25, 0x8, 0x20, 0x43, 0x2, 0x0,

    /* U+659F "斟" */
    0x24, 0x10, 0x98, 0x4f, 0xf5, 0x9, 0x14, 0x3c,
    0x10, 0x92, 0x43, 0xc5, 0x3f, 0xc4, 0x40, 0x1d,
    0x4f, 0xc6, 0x21, 0x10, 0x84, 0xff, 0x10,

    /* U+65A4 "斤" */
    0x0, 0xe2, 0xf0, 0x30, 0x2, 0x0, 0x20, 0x3,
    0xff, 0x21, 0x2, 0x10, 0x21, 0x2, 0x10, 0x41,
    0x4, 0x10, 0x81, 0x0,

    /* U+65A5 "斥" */
    0x0, 0x40, 0x38, 0x3c, 0x2, 0x0, 0x20, 0x13,
    0xff, 0x21, 0x2, 0x10, 0x27, 0x82, 0x16, 0x41,
    0x24, 0x10, 0x81, 0x0,

    /* U+65A7 "斧" */
    0xc, 0x80, 0x41, 0x82, 0x49, 0x0, 0xc0, 0xc,
    0xf9, 0xc3, 0x21, 0xd0, 0x4, 0x0, 0x1f, 0xf8,
    0x42, 0x2, 0x8, 0x8, 0x20, 0x40, 0x80,

    /* U+65A9 "斩" */
    0x20, 0x31, 0x2e, 0x3f, 0x40, 0x82, 0x5, 0x10,
    0x2a, 0xff, 0xf4, 0x82, 0x24, 0x11, 0x23, 0xe9,
    0x24, 0x88, 0x24, 0x41, 0x42, 0x0,

    /* U+65AD "断" */
    0x0, 0x14, 0x83, 0x35, 0x61, 0xb2, 0x9, 0xd1,
    0x7f, 0xfe, 0x44, 0x97, 0x24, 0xd5, 0x24, 0x89,
    0x20, 0x89, 0xfc, 0x40, 0x42, 0x0,

    /* U+65AF "斯" */
    0x48, 0x32, 0x6a, 0x3f, 0xc0, 0x92, 0x7, 0x91,
    0x24, 0xf1, 0xe4, 0x89, 0x24, 0xff, 0x20, 0x9,
    0x12, 0x89, 0xc, 0x40, 0x42, 0x0,

    /* U+65B0 "新" */
    0x10, 0x10, 0x6f, 0x3f, 0xc0, 0x8a, 0x4, 0xd1,
    0x7f, 0xfc, 0x54, 0x9f, 0xe4, 0x51, 0x22, 0xc9,
    0x25, 0x89, 0x24, 0x43, 0x42, 0x0,

    /* U+65B9 "方" */
    0x4, 0x0, 0x20, 0x2, 0x1f, 0xff, 0x8, 0x0,
    0x80, 0xf, 0xc0, 0x84, 0x10, 0x41, 0x4, 0x20,
    0x44, 0x8, 0x83, 0x80,

    /* U+65BD "施" */
    0x20, 0x0, 0x44, 0x1, 0x10, 0xbf, 0x7c, 0x2a,
    0x40, 0xf5, 0xe2, 0x9c, 0x8a, 0xd2, 0x49, 0x49,
    0x25, 0x64, 0x94, 0x22, 0x40, 0x91, 0xfc,

    /* U+65C1 "旁" */
    0x2, 0x0, 0x8, 0xbf, 0xfe, 0x10, 0x87, 0xff,
    0xe3, 0x8, 0x4, 0x5f, 0xff, 0x4, 0x0, 0x3f,
    0x2, 0x10, 0x20, 0x8e, 0xc, 0x0,

    /* U+65C5 "旅" */
    0x20, 0x0, 0x42, 0x1, 0x10, 0x9f, 0xff, 0x22,
    0x38, 0xff, 0x2, 0x94, 0x8a, 0x54, 0x29, 0x20,
    0xa4, 0x84, 0x91, 0x12, 0x76, 0x13, 0x8,

    /* U+65CB "旋" */
    0x21, 0x0, 0x44, 0x1, 0x10, 0xbf, 0xbc, 0x28,
    0x8, 0xf7, 0xc2, 0x85, 0xa, 0x50, 0x2a, 0x78,
    0xa9, 0x4, 0xb4, 0x13, 0x30, 0x98, 0x78,

    /* U+65CF "族" */
    0x21, 0x0, 0x44, 0x1, 0x90, 0xbf, 0xbc, 0x2d,
    0x10, 0xf7, 0x82, 0xa4, 0xa, 0x12, 0x2b, 0xfc,
    0xa1, 0x4, 0x8a, 0x12, 0x44, 0x92, 0xc,

    /* U+65D7 "旗" */
    0x21, 0x0, 0x44, 0x41, 0xbf, 0x98, 0xc8, 0x27,
    0xf8, 0xf4, 0x82, 0x9e, 0xa, 0x48, 0x29, 0xe0,
    0xa4, 0x84, 0xff, 0x92, 0x64, 0x96, 0x8,

    /* U+65E0 "无" */
    0x0, 0x27, 0xfe, 0x4, 0x0, 0x40, 0x4, 0x1f,
    0xff, 0x6, 0x0, 0xa0, 0xa, 0x0, 0xa0, 0x12,
    0x2, 0x21, 0x41, 0xf0, 0x0,

    /* U+65E2 "既" */
    0x0, 0x7, 0xff, 0xa2, 0x21, 0xf9, 0x8, 0xc8,
    0x46, 0x4b, 0xfd, 0x90, 0x20, 0x91, 0x84, 0x54,
    0x2e, 0xa1, 0x89, 0x20, 0x8f, 0x0,

    /* U+65E5 "日" */
    0x1, 0x7f, 0xa0, 0x50, 0x28, 0x14, 0xb, 0xfd,
    0x2, 0x81, 0x40, 0xa0, 0x5f, 0xe8, 0x10,

    /* U+65E6 "旦" */
    0x0, 0x3, 0xfc, 0x20, 0x42, 0x4, 0x20, 0x43,
    0xfc, 0x20, 0x42, 0x4, 0x3f, 0xc2, 0x4, 0x0,
    0x1f, 0xff,

    /* U+65E7 "旧" */
    0x80, 0x29, 0xfe, 0x90, 0x29, 0x2, 0x90, 0x29,
    0x2, 0x9f, 0xe9, 0x2, 0x90, 0x29, 0x2, 0x90,
    0x29, 0xfe, 0x90, 0x20,

    /* U+65E8 "旨" */
    0x81, 0xa3, 0x8f, 0x2, 0x1, 0xff, 0xc0, 0xf,
    0xfa, 0x2, 0xff, 0xa0, 0x2f, 0xfa, 0x2,

    /* U+65E9 "早" */
    0x0, 0x1, 0xff, 0x8, 0x8, 0x7f, 0xc2, 0x2,
    0x10, 0x10, 0xff, 0x84, 0x44, 0x2, 0x17, 0xff,
    0xc0, 0x80, 0x4, 0x0, 0x20, 0x0,

    /* U+65EC "旬" */
    0x8, 0x0, 0x80, 0x87, 0xfe, 0x60, 0x22, 0x11,
    0x2f, 0x88, 0x44, 0x43, 0xe2, 0x11, 0x10, 0xf8,
    0x84, 0x44, 0x0, 0x20, 0xe, 0x0,

    /* U+65ED "旭" */
    0x20, 0x1, 0xf, 0x88, 0x45, 0xf2, 0x22, 0x91,
    0x14, 0xf8, 0xa4, 0x45, 0x22, 0x29, 0x12, 0x4f,
    0x92, 0x40, 0x90, 0x28, 0xff, 0x80,

    /* U+65F1 "旱" */
    0x0, 0x3, 0xfc, 0x20, 0x43, 0xfc, 0x20, 0x43,
    0xfc, 0x0, 0x27, 0xfe, 0x2, 0xf, 0xff, 0x2,
    0x0, 0x20, 0x2, 0x0,

    /* U+65F6 "时" */
    0x10, 0x4f, 0x4, 0x90, 0x49, 0xff, 0x90, 0x4f,
    0x44, 0x92, 0x49, 0x24, 0x90, 0x4f, 0x4, 0x90,
    0x48, 0x4, 0x1, 0xc0,

    /* U+65F7 "旷" */
    0x1, 0xf, 0x8, 0x97, 0xf9, 0x40, 0x94, 0xf,
    0x40, 0x94, 0x9, 0x40, 0x94, 0x9, 0x40, 0xf4,
    0x9, 0x80, 0x8, 0x1, 0x0,

    /* U+65FA "旺" */
    0x0, 0x17, 0x9f, 0x24, 0x21, 0x21, 0xf, 0x9,
    0x4b, 0xfa, 0x42, 0x12, 0x10, 0xf0, 0x84, 0x84,
    0x20, 0x20, 0x3f, 0xf0,

    /* U+6602 "昂" */
    0x0, 0xf, 0xf9, 0x1, 0x3f, 0xe4, 0x4, 0xff,
    0x2d, 0xfe, 0x21, 0x84, 0x30, 0x87, 0x90, 0xc2,
    0x20, 0x40,

    /* U+6606 "昆" */
    0x0, 0x1f, 0xf2, 0x2, 0x7f, 0xc8, 0x9, 0xff,
    0x1, 0x4, 0xa2, 0xf5, 0x90, 0xc2, 0x10, 0xca,
    0x1e, 0x7e,

    /* U+660C "昌" */
    0x0, 0xf, 0xf1, 0x2, 0x3f, 0xc4, 0x8, 0xff,
    0x0, 0x17, 0xfe, 0x80, 0x5f, 0xfa, 0x1, 0x7f,
    0xe8, 0x4,

    /* U+660E "明" */
    0x2, 0x17, 0xdf, 0xa2, 0x85, 0x14, 0x28, 0xbf,
    0x7d, 0xa, 0x28, 0x51, 0x7e, 0xfa, 0x14, 0x60,
    0xa1, 0x4, 0x10, 0x21, 0x83, 0x0,

    /* U+660F "昏" */
    0x7, 0xc7, 0xc0, 0x44, 0x7, 0xfe, 0x42, 0x4,
    0x50, 0x78, 0xe7, 0xfc, 0x40, 0x87, 0xf8, 0x40,
    0x84, 0x8, 0x7f, 0x80,

    /* U+6613 "易" */
    0x0, 0x3, 0xfc, 0x20, 0x43, 0xfc, 0x20, 0x43,
    0xfc, 0x18, 0x41, 0xff, 0x25, 0x2c, 0x92, 0x12,
    0x26, 0x44, 0x19, 0xc0,

    /* U+6614 "昔" */
    0x10, 0x80, 0x85, 0x1f, 0xfc, 0x21, 0x1, 0x9,
    0x7f, 0xfc, 0x0, 0x7, 0xf8, 0x20, 0x41, 0xfe,
    0x8, 0x10, 0x7f, 0x82, 0x4, 0x0,

    /* U+6619 "昙" */
    0x0, 0x1, 0xff, 0x8, 0x8, 0x7f, 0xc2, 0x2,
    0x1f, 0xf0, 0x0, 0x83, 0xf8, 0xff, 0xf8, 0x30,
    0x2, 0x10, 0x60, 0x63, 0xfd, 0x0, 0x0,

    /* U+661F "星" */
    0x0, 0x1, 0xff, 0x8, 0x8, 0x7f, 0xc2, 0x2,
    0x1f, 0xf0, 0x48, 0x7, 0xfe, 0x42, 0x25, 0xff,
    0x80, 0x80, 0x4, 0xf, 0xff, 0x80,

    /* U+6620 "映" */
    0x1, 0x0, 0x88, 0x3c, 0x49, 0x2f, 0xc9, 0x52,
    0x4a, 0x93, 0xd4, 0x93, 0xff, 0x91, 0x7, 0x94,
    0x24, 0x90, 0x8, 0x41, 0x81, 0x0,

    /* U+6625 "春" */
    0x0, 0x0, 0x30, 0x9f, 0xfc, 0x8, 0x47, 0xff,
    0x4, 0x3, 0xff, 0xe2, 0x8, 0x3f, 0xe2, 0x82,
    0xc7, 0xf0, 0x20, 0x81, 0x4, 0xf, 0xe0,

    /* U+6627 "昧" */
    0x1, 0x9, 0x10, 0xf1, 0x9, 0x7e, 0x91, 0x9,
    0x10, 0xff, 0xf9, 0x10, 0x93, 0x89, 0x54, 0xf5,
    0x49, 0x93, 0x1, 0x0,

    /* U+6628 "昨" */
    0x2, 0xf, 0x40, 0x97, 0xf9, 0x50, 0x99, 0x2f,
    0x1f, 0x91, 0x9, 0x10, 0x91, 0xff, 0x10, 0x91,
    0x0, 0x10, 0x1, 0x0,

    /* U+662D "昭" */
    0x0, 0x3f, 0x3e, 0x91, 0x29, 0x22, 0x92, 0x29,
    0x4e, 0xf8, 0x9, 0x7e, 0x94, 0x29, 0x42, 0xf4,
    0x28, 0x7e, 0x4, 0x20,

    /* U+662F "是" */
    0x0, 0x0, 0x7f, 0x81, 0x2, 0x7, 0xf8, 0x10,
    0x20, 0x7f, 0xa7, 0xff, 0x80, 0x80, 0x12, 0x0,
    0x4f, 0xc1, 0x20, 0xa, 0x80, 0x47, 0xf8,

    /* U+6635 "昵" */
    0x0, 0x1f, 0x7f, 0x94, 0x19, 0x41, 0x97, 0xef,
    0x50, 0x95, 0x19, 0x56, 0x95, 0x8f, 0x50, 0x99,
    0x10, 0x9f, 0x10, 0x0,

    /* U+663C "昼" */
    0x0, 0x1, 0xff, 0x88, 0x8, 0x7f, 0xc2, 0xa,
    0x10, 0x21, 0x7f, 0x8a, 0xf, 0x9f, 0xc0, 0x82,
    0x7, 0xf0, 0x0, 0x2f, 0xff, 0x80,

    /* U+663E "显" */
    0x0, 0x1, 0xff, 0x8, 0x8, 0x7f, 0xc2, 0x2,
    0x1f, 0xf0, 0xa4, 0x11, 0x22, 0x49, 0x31, 0x49,
    0xa, 0x50, 0x12, 0xf, 0xff, 0x80,

    /* U+6643 "晃" */
    0x0, 0x43, 0xfc, 0x20, 0x43, 0xfc, 0x3f, 0xc0,
    0x20, 0x22, 0x41, 0x28, 0xff, 0xf0, 0x90, 0x9,
    0x1, 0x11, 0x61, 0xf0,

    /* U+664B "晋" */
    0x0, 0x2f, 0xff, 0x49, 0x2, 0x96, 0x29, 0x1f,
    0xff, 0x0, 0x3, 0xfc, 0x20, 0x43, 0xfc, 0x20,
    0x43, 0xfc, 0x20, 0x40,

    /* U+664C "晌" */
    0x0, 0x0, 0x8c, 0x3c, 0x45, 0x2f, 0xe9, 0x81,
    0x7d, 0xea, 0x69, 0x53, 0x4a, 0x9a, 0x57, 0xde,
    0xa6, 0x95, 0x10, 0x20, 0x83, 0x0,

    /* U+6652 "晒" */
    0x0, 0x10, 0xff, 0xfc, 0x51, 0x2f, 0xe9, 0x55,
    0x7a, 0xaa, 0x55, 0x52, 0xaa, 0x96, 0x37, 0xa0,
    0xa1, 0x4, 0xf, 0xe0, 0x41, 0x0,

    /* U+6653 "晓" */
    0x0, 0x0, 0x20, 0xf2, 0x39, 0x3c, 0x95, 0x69,
    0x19, 0xf2, 0x79, 0xc0, 0x9f, 0xe9, 0x68, 0xf4,
    0x89, 0x49, 0x84, 0x90, 0x8f,

    /* U+6655 "晕" */
    0x0, 0x43, 0xfc, 0x3f, 0xc3, 0xfc, 0x0, 0x1f,
    0xff, 0x88, 0x67, 0xfe, 0x12, 0x42, 0xf8, 0xff,
    0xf0, 0x20, 0x2, 0x0,

    /* U+665A "晚" */
    0x0, 0x0, 0x10, 0x3c, 0xf1, 0x28, 0x89, 0x7f,
    0x4a, 0x4b, 0xd2, 0x52, 0xfe, 0x90, 0xc7, 0x8a,
    0x24, 0xd0, 0x8, 0xa0, 0x87, 0x80,

    /* U+6664 "晤" */
    0x0, 0x14, 0x7f, 0xfc, 0x41, 0x2f, 0xc9, 0x22,
    0x79, 0x12, 0x7f, 0xf2, 0x0, 0x97, 0xf4, 0xa0,
    0xbd, 0x5, 0xf, 0xe0, 0x41, 0x0,

    /* U+6666 "晦" */
    0x2, 0x4, 0x90, 0xbd, 0xff, 0x28, 0x9, 0xbe,
    0x4a, 0x53, 0xd2, 0xd3, 0xff, 0x95, 0x24, 0xa5,
    0xbd, 0xff, 0x0, 0x40, 0xc, 0x0,

    /* U+6668 "晨" */
    0x1f, 0xe0, 0x81, 0x7, 0xf8, 0x20, 0x41, 0xfd,
    0x1f, 0xfc, 0x80, 0x85, 0xf8, 0x3f, 0xf9, 0x51,
    0xa, 0x50, 0x95, 0x88, 0xc3, 0x80,

    /* U+666E "普" */
    0x8, 0x60, 0x12, 0x7, 0xff, 0x89, 0x20, 0x14,
    0xb0, 0x52, 0x2f, 0xff, 0xc0, 0x8, 0x1f, 0xe0,
    0x7f, 0x81, 0x2, 0x4, 0x8, 0x1f, 0xe0,

    /* U+666F "景" */
    0x20, 0x61, 0xfe, 0xf, 0xf0, 0x40, 0x83, 0xfc,
    0x2, 0x9, 0xef, 0x87, 0xf8, 0x20, 0x41, 0xfe,
    0xd, 0x20, 0xc8, 0xc8, 0xc1, 0x0,

    /* U+6670 "晰" */
    0x4, 0x3e, 0x4c, 0xa4, 0x8b, 0xf8, 0xa4, 0x9e,
    0xee, 0xad, 0xaa, 0xca, 0xb4, 0xaf, 0x4a, 0xa5,
    0x20, 0x52, 0x6, 0x20,

    /* U+6674 "晴" */
    0x0, 0x89, 0xff, 0xf0, 0xa9, 0x7f, 0x90, 0x9f,
    0x76, 0x97, 0xe9, 0x42, 0x97, 0xe9, 0x42, 0xf7,
    0xe8, 0x42, 0x4, 0x60,

    /* U+6676 "晶" */
    0x0, 0x1, 0xfe, 0x8, 0x20, 0x7f, 0x2, 0x8,
    0x1f, 0xc0, 0x80, 0x1f, 0x7e, 0x8a, 0x17, 0xdf,
    0xa2, 0x85, 0xf7, 0xe8, 0xa1, 0x0,

    /* U+667A "智" */
    0x20, 0x1, 0xf7, 0xd2, 0x23, 0xfd, 0x11, 0x8,
    0x8f, 0x7c, 0x8a, 0xb, 0xfc, 0x10, 0x20, 0xff,
    0x4, 0x8, 0x20, 0x41, 0xfe, 0x0,

    /* U+667E "晾" */
    0x1, 0x7, 0x84, 0x27, 0xfd, 0x20, 0x9, 0x7e,
    0x4a, 0x13, 0xd0, 0x92, 0xfc, 0x90, 0x84, 0x95,
    0x3d, 0x25, 0x31, 0x21, 0x8, 0x0, 0x0,

    /* U+6682 "暂" */
    0x20, 0x2, 0x46, 0xff, 0x85, 0x10, 0x55, 0x1f,
    0xde, 0x11, 0x4f, 0xa4, 0x14, 0x3, 0xfc, 0x20,
    0x43, 0xfc, 0x20, 0x43, 0xfc,

    /* U+6687 "暇" */
    0x29, 0x17, 0x79, 0xaa, 0x45, 0x52, 0x2a, 0xf7,
    0x74, 0xa, 0xbf, 0xf5, 0x12, 0xa8, 0x95, 0x7b,
    0x3a, 0x19, 0x50, 0xc0, 0x99, 0x80,

    /* U+6691 "暑" */
    0x20, 0x21, 0xff, 0xf, 0xf8, 0x40, 0x43, 0xfd,
    0x3f, 0xf0, 0x13, 0x1f, 0xff, 0x4, 0x1, 0xdf,
    0x37, 0xf8, 0x20, 0x41, 0xfe, 0x0,

    /* U+6696 "暖" */
    0x10, 0xf7, 0x99, 0x25, 0x49, 0x25, 0x89, 0x7f,
    0x48, 0x83, 0xff, 0xf2, 0x40, 0x93, 0xe7, 0xaa,
    0x25, 0x30, 0x12, 0xc1, 0x61, 0x0,

    /* U+6697 "暗" */
    0x1, 0x4, 0x84, 0x3d, 0xfd, 0x28, 0x89, 0x24,
    0x48, 0x4b, 0xdd, 0x92, 0xfc, 0x94, 0x24, 0xbf,
    0x3d, 0x9, 0xf, 0xc0, 0x42, 0x0,

    /* U+66AE "暮" */
    0x8, 0x93, 0xff, 0xc2, 0x20, 0x2e, 0x81, 0xfc,
    0x8, 0x20, 0x7f, 0x4f, 0xff, 0x8, 0x41, 0xbf,
    0xd7, 0xf0, 0x20, 0x81, 0xfc, 0x0,

    /* U+66B4 "暴" */
    0x10, 0x20, 0x7f, 0x81, 0xfe, 0x4, 0x8, 0xf,
    0xc0, 0xff, 0xc0, 0x48, 0x1f, 0xfe, 0x9, 0x40,
    0x55, 0xc6, 0x58, 0x83, 0xd8, 0x17, 0x10, 0x0,
    0x0,

    /* U+66D9 "曙" */
    0xf, 0xf7, 0xd2, 0xa6, 0x95, 0x3f, 0xe9, 0x35,
    0x7f, 0xf2, 0x4d, 0x13, 0xff, 0x91, 0x7, 0xb7,
    0xa7, 0xfc, 0xf, 0xe0, 0x41, 0x0,

    /* U+66F2 "曲" */
    0x11, 0x1, 0x10, 0x11, 0x2f, 0xfe, 0x91, 0x29,
    0x12, 0x91, 0x2f, 0xfe, 0x91, 0x29, 0x12, 0x91,
    0x2f, 0xfe, 0x80, 0x20,

    /* U+66F4 "更" */
    0x0, 0x17, 0xff, 0xc0, 0x80, 0x7f, 0xc2, 0x22,
    0x1f, 0xf0, 0x88, 0x87, 0xfc, 0x22, 0x20, 0x20,
    0x3, 0x0, 0x14, 0x7, 0x1f, 0x80,

    /* U+66F9 "曹" */
    0x9, 0xf, 0xff, 0x9, 0x7, 0xfe, 0x49, 0x27,
    0xfe, 0x49, 0x27, 0x6c, 0x3f, 0xc2, 0x4, 0x3f,
    0xc2, 0x4, 0x3f, 0xc0,

    /* U+66FC "曼" */
    0x20, 0x41, 0xfe, 0xf, 0xf0, 0x40, 0x83, 0xf8,
    0x3f, 0xf9, 0x24, 0x8f, 0xfc, 0x0, 0x3, 0xfe,
    0x4, 0x30, 0x12, 0x0, 0xf8, 0x68, 0x38,

    /* U+66FE "曾" */
    0x21, 0x82, 0x23, 0xff, 0xe2, 0x2a, 0x55, 0x28,
    0xbf, 0xf4, 0x4, 0x7f, 0x87, 0xf1, 0x2, 0x20,
    0x43, 0xf8,

    /* U+66FF "替" */
    0x10, 0x43, 0xef, 0xc5, 0x10, 0xff, 0xf1, 0xc,
    0x16, 0x59, 0xc, 0x33, 0xfc, 0x10, 0x20, 0xff,
    0x4, 0x8, 0x3f, 0xc1, 0x2, 0x0,

    /* U+6700 "最" */
    0x0, 0x0, 0xff, 0x4, 0x8, 0x3f, 0xc1, 0xfe,
    0x0, 0x5, 0xff, 0xc7, 0xfe, 0x25, 0x11, 0xe5,
    0x9, 0x28, 0xfd, 0xc0, 0x51, 0x80,

    /* U+6708 "月" */
    0x0, 0x3, 0xf8, 0x41, 0x8, 0x21, 0xfc, 0x20,
    0x84, 0x10, 0xfe, 0x10, 0x44, 0x8, 0x81, 0x20,
    0x28, 0xc,

    /* U+6709 "有" */
    0x4, 0x0, 0x80, 0xff, 0xf0, 0x80, 0x10, 0x3,
    0xfc, 0x30, 0x4d, 0xfc, 0x10, 0x41, 0xfc, 0x10,
    0x41, 0x4, 0x10, 0xc0,

    /* U+670B "朋" */
    0x0, 0x3, 0xef, 0x92, 0x44, 0x92, 0x27, 0x9f,
    0x24, 0x89, 0x24, 0x4f, 0x3e, 0x49, 0x12, 0x48,
    0x92, 0x45, 0x14, 0x29, 0xc3, 0x0,

    /* U+670D "服" */
    0x0, 0x3, 0xdf, 0x92, 0x84, 0x94, 0x27, 0xa3,
    0x25, 0x9, 0x2f, 0xcf, 0x52, 0x4a, 0xa2, 0x53,
    0x22, 0x99, 0x15, 0x69, 0xb0, 0x80,

    /* U+6717 "朗" */
    0x20, 0x1, 0x3e, 0xfa, 0x28, 0xa2, 0xfb, 0xe8,
    0xa2, 0xfa, 0x28, 0x3e, 0xa2, 0x29, 0x22, 0xac,
    0x2c, 0x42, 0x8, 0x60,

    /* U+671B "望" */
    0x11, 0x10, 0xaf, 0xbf, 0xc4, 0x43, 0xe2, 0x5f,
    0x1d, 0x8, 0x88, 0xc0, 0x80, 0x7f, 0xf0, 0x11,
    0xf, 0xfc, 0x4, 0x27, 0xff, 0x80,

    /* U+671D "朝" */
    0x10, 0x0, 0x87, 0xbf, 0xa4, 0x29, 0x26, 0xcf,
    0x22, 0x49, 0xf2, 0x48, 0x9e, 0x7c, 0x97, 0xfc,
    0x84, 0x44, 0x24, 0x21, 0x43, 0x0,

    /* U+671F "期" */
    0x24, 0x88, 0x93, 0xe7, 0xf8, 0x89, 0x22, 0x3c,
    0xf8, 0x92, 0x23, 0xc8, 0x89, 0x3e, 0xff, 0x88,
    0x2, 0x22, 0x50, 0x98, 0xc2, 0x2, 0x18,

    /* U+6726 "朦" */
    0x1, 0x21, 0xc4, 0x85, 0x7f, 0x95, 0xfe, 0x74,
    0x9, 0x4f, 0x85, 0x7f, 0x9c, 0xac, 0x55, 0xe1,
    0x4b, 0x85, 0x55, 0x25, 0x92, 0xb1, 0x80,

    /* U+6728 "木" */
    0x2, 0x0, 0x10, 0x0, 0x85, 0xff, 0xf0, 0x60,
    0x3, 0x80, 0x2a, 0x1, 0x58, 0x12, 0x41, 0x11,
    0x90, 0x86, 0x4, 0x0, 0x20, 0x0,

    /* U+672A "未" */
    0x2, 0x0, 0x10, 0x0, 0x88, 0xff, 0xe0, 0x21,
    0x7f, 0xfc, 0x1c, 0x1, 0x60, 0xa, 0x80, 0x93,
    0x8, 0x8d, 0x84, 0x10, 0x20, 0x0,

    /* U+672B "末" */
    0x2, 0x0, 0x10, 0x0, 0x85, 0xff, 0xf0, 0x20,
    0x1, 0x1, 0xff, 0xc0, 0xe0, 0xa, 0x80, 0x92,
    0x8, 0x89, 0x4, 0x30, 0x20, 0x0,

    /* U+672C "本" */
    0x2, 0x0, 0x10, 0x0, 0x84, 0xff, 0xf0, 0x70,
    0x3, 0x80, 0x2a, 0x2, 0x48, 0x22, 0x22, 0xfe,
    0xe0, 0x80, 0x4, 0x0, 0x20, 0x0,

    /* U+672F "术" */
    0x2, 0x0, 0x13, 0x0, 0x8d, 0xff, 0xf0, 0x70,
    0x3, 0x80, 0x2c, 0x1, 0x50, 0x12, 0x41, 0x11,
    0x10, 0x8d, 0x4, 0x10, 0x20, 0x0,

    /* U+6731 "朱" */
    0x2, 0x0, 0x90, 0x8, 0x88, 0x7f, 0xe2, 0x20,
    0x21, 0xb, 0xff, 0xe0, 0xe0, 0xa, 0x80, 0x92,
    0x8, 0x88, 0x84, 0x30, 0x20, 0x0,

    /* U+6734 "朴" */
    0x10, 0x80, 0x42, 0x1, 0x8, 0x3f, 0xa0, 0x10,
    0x80, 0xc3, 0x3, 0xcb, 0x15, 0x22, 0x50, 0x82,
    0x42, 0x1, 0x8, 0x4, 0x20, 0x10, 0x80,

    /* U+6735 "朵" */
    0x0, 0x0, 0x3f, 0x0, 0x84, 0x2, 0x10, 0x18,
    0x40, 0x49, 0xe6, 0x20, 0x9f, 0xfe, 0x7, 0x0,
    0x2a, 0x1, 0x26, 0x8, 0x86, 0x42, 0x0,

    /* U+673A "机" */
    0x20, 0x42, 0x3c, 0x2a, 0x4f, 0xa4, 0x22, 0x46,
    0x24, 0x7a, 0x4a, 0xa4, 0xa2, 0x42, 0x24, 0x24,
    0x42, 0x45, 0x28, 0x70,

    /* U+673D "朽" */
    0x10, 0x8, 0x4f, 0xf1, 0x48, 0x1f, 0x20, 0x11,
    0x0, 0xc4, 0x3, 0xdf, 0x8d, 0x2, 0x50, 0xb,
    0x40, 0x41, 0x1, 0x4, 0x4, 0x10, 0x60,

    /* U+6740 "杀" */
    0x0, 0x1, 0x2, 0x7, 0xe0, 0x7, 0x0, 0xc6,
    0x39, 0x10, 0x8, 0x5f, 0xff, 0x2, 0x0, 0xd2,
    0xc, 0x8c, 0x44, 0x2c, 0x20, 0x2, 0x0,

    /* U+6742 "杂" */
    0x8, 0x0, 0x40, 0x3f, 0xe0, 0x11, 0x1, 0x8,
    0x13, 0x71, 0x10, 0x9f, 0xfe, 0x4, 0x1, 0xa4,
    0x9, 0x18, 0x88, 0x60, 0xc0, 0x0,

    /* U+6743 "权" */
    0x20, 0x1, 0x3f, 0x8b, 0xd, 0xf4, 0x42, 0x22,
    0x31, 0x11, 0xe5, 0x15, 0x28, 0xa0, 0x81, 0x6,
    0x8, 0x58, 0x44, 0x62, 0xc1, 0x0,

    /* U+6746 "杆" */
    0x10, 0x8, 0x4f, 0xe1, 0x44, 0x1f, 0x10, 0x10,
    0x40, 0xc1, 0x23, 0xbf, 0xcd, 0x10, 0x50, 0x42,
    0x41, 0x1, 0x4, 0x4, 0x10, 0x10, 0x40,

    /* U+6748 "杈" */
    0x10, 0x0, 0x4f, 0xe1, 0x60, 0x9f, 0xa2, 0x11,
    0x50, 0xc5, 0x43, 0xd1, 0x15, 0x28, 0x50, 0xa0,
    0x41, 0x1, 0xa, 0x4, 0x44, 0x16, 0x8,

    /* U+6749 "杉" */
    0x10, 0x10, 0x81, 0x5, 0x10, 0xff, 0x1, 0x1,
    0x18, 0x18, 0xf1, 0x8a, 0x90, 0x51, 0x8, 0x90,
    0xc4, 0x8, 0x21, 0x81, 0x30, 0x0,

    /* U+674E "李" */
    0x2, 0x0, 0x10, 0xbf, 0xfe, 0xe, 0x1, 0xac,
    0x11, 0x1f, 0x7f, 0x0, 0x18, 0x3, 0x17, 0xff,
    0xc0, 0x80, 0x4, 0x0, 0xe0, 0x0,

    /* U+674F "杏" */
    0x2, 0x0, 0x8, 0x7, 0xff, 0x81, 0xc0, 0xa,
    0x80, 0x49, 0x82, 0x21, 0x90, 0x2, 0x1f, 0xe0,
    0x40, 0x81, 0x2, 0x7, 0xf8, 0x10, 0x20,

    /* U+6750 "材" */
    0x10, 0x20, 0x81, 0x5, 0xa, 0xfb, 0xf1, 0x6,
    0x18, 0x30, 0xf2, 0x8a, 0x94, 0x51, 0x24, 0x91,
    0x5, 0x8, 0x20, 0x41, 0x6, 0x0,

    /* U+6751 "村" */
    0x10, 0x20, 0x81, 0x5, 0x8, 0xff, 0xf1, 0x2,
    0x19, 0x10, 0xe6, 0x8a, 0x94, 0x50, 0xa0, 0x81,
    0x4, 0x8, 0x20, 0x41, 0xe, 0x0,

    /* U+6756 "杖" */
    0x10, 0x20, 0x40, 0x81, 0x2, 0x1f, 0xff, 0x10,
    0x20, 0xc0, 0x83, 0xe2, 0x15, 0x48, 0x51, 0x40,
    0x43, 0x1, 0xc, 0x4, 0x4c, 0x16, 0x8,

    /* U+675C "杜" */
    0x10, 0x40, 0x41, 0x1, 0x44, 0x1f, 0x90, 0x10,
    0x48, 0xcf, 0xe3, 0x84, 0xd, 0x10, 0x50, 0x42,
    0x41, 0x1, 0x4, 0x4, 0x12, 0x17, 0xfc,

    /* U+675F "束" */
    0x2, 0x0, 0x10, 0xbf, 0xfe, 0x4, 0x3, 0xfe,
    0x11, 0x10, 0x88, 0x87, 0xfc, 0x27, 0x20, 0x54,
    0x4, 0x90, 0x44, 0x64, 0x20, 0x80,

    /* U+6760 "杠" */
    0x10, 0x0, 0x40, 0x21, 0x5f, 0x1f, 0x90, 0x10,
    0x40, 0xc1, 0x3, 0x84, 0x15, 0x10, 0x50, 0x40,
    0x41, 0x1, 0x4, 0x4, 0x12, 0x17, 0xfc,

    /* U+6761 "条" */
    0x8, 0x0, 0x7e, 0x4, 0x30, 0x51, 0x4, 0x70,
    0x6, 0xe0, 0xc8, 0xc8, 0x40, 0x7f, 0xf0, 0x18,
    0x4, 0x98, 0x44, 0x64, 0xa0, 0x2, 0x0,

    /* U+6765 "来" */
    0x2, 0x0, 0x10, 0x1f, 0xfc, 0x24, 0x81, 0x24,
    0x1, 0x4b, 0xff, 0xe0, 0xe0, 0xb, 0x80, 0x92,
    0x8, 0x88, 0x84, 0x30, 0x20, 0x0,

    /* U+6768 "杨" */
    0x20, 0x1, 0x3f, 0xa, 0x11, 0xf1, 0x2, 0x30,
    0x3b, 0xf9, 0xa5, 0x4c, 0x2a, 0xa2, 0x91, 0x24,
    0x8a, 0x44, 0x44, 0x42, 0x46, 0x0,

    /* U+676D "杭" */
    0x22, 0x2, 0x10, 0x27, 0xff, 0x80, 0x20, 0x6,
    0x3c, 0x72, 0x46, 0xa4, 0xa2, 0x42, 0x24, 0x22,
    0x42, 0x45, 0x28, 0x70,

    /* U+676F "杯" */
    0x10, 0x0, 0x5f, 0xe1, 0x4, 0x1f, 0x20, 0x10,
    0x80, 0xe6, 0x83, 0x69, 0x14, 0xa2, 0x5c, 0x80,
    0x42, 0x1, 0x8, 0x4, 0x20, 0x10, 0x80,

    /* U+6770 "杰" */
    0x0, 0x0, 0x8, 0x0, 0x21, 0x3f, 0xfe, 0x7,
    0x0, 0x3c, 0x0, 0xa8, 0x4, 0x98, 0x62, 0x3a,
    0x8, 0x0, 0x0, 0x12, 0x24, 0x44, 0x8b, 0x11,
    0x20, 0x0, 0x0,

    /* U+677E "松" */
    0x10, 0x20, 0x46, 0x81, 0x52, 0x1f, 0x44, 0x12,
    0x10, 0xc8, 0x23, 0x84, 0x15, 0x20, 0x50, 0xa0,
    0x44, 0x41, 0x20, 0x84, 0xbe, 0x13, 0x8, 0x0,
    0x0,

    /* U+677F "板" */
    0x20, 0xf2, 0x70, 0x24, 0x7, 0x40, 0x27, 0xe7,
    0x62, 0x6e, 0x2a, 0xd4, 0xa5, 0x42, 0x48, 0x28,
    0xc2, 0xb6, 0x24, 0x10,

    /* U+6781 "极" */
    0x10, 0x0, 0x5f, 0xc1, 0x51, 0x1f, 0x48, 0x11,
    0x20, 0xc4, 0xf3, 0x98, 0x8d, 0x62, 0x51, 0x52,
    0x49, 0x41, 0x22, 0x5, 0x36, 0x19, 0xc,

    /* U+6784 "构" */
    0x11, 0x0, 0x44, 0x1, 0x1f, 0xdf, 0x82, 0x12,
    0x88, 0xc2, 0x23, 0xd0, 0x95, 0x52, 0x52, 0x28,
    0x4f, 0xa1, 0x0, 0x84, 0x4, 0x10, 0x30,

    /* U+6789 "枉" */
    0x20, 0x11, 0x3f, 0xca, 0x21, 0xf1, 0x2, 0x8,
    0x38, 0x49, 0xbf, 0xd5, 0x10, 0xa0, 0x81, 0x4,
    0x8, 0x20, 0x41, 0x22, 0xff, 0x80,

    /* U+6790 "析" */
    0x20, 0x62, 0x38, 0x2a, 0xf, 0xe0, 0x22, 0x16,
    0x3f, 0x72, 0x46, 0xa4, 0xa2, 0x42, 0x24, 0x24,
    0x42, 0x44, 0x28, 0x40,

    /* U+6795 "枕" */
    0x20, 0x81, 0x4, 0x8, 0xfd, 0xf9, 0x22, 0x48,
    0x30, 0x61, 0xe3, 0xd, 0x28, 0xa1, 0x41, 0xa,
    0x8, 0x90, 0x48, 0xa2, 0x87, 0x80,

    /* U+6797 "林" */
    0x10, 0x40, 0x41, 0x1, 0x44, 0xbf, 0xfe, 0x10,
    0xc0, 0xe3, 0x83, 0x4e, 0xd, 0x54, 0x52, 0x52,
    0x49, 0x31, 0x44, 0x4, 0x10, 0x10, 0x40,

    /* U+679A "枚" */
    0x10, 0x80, 0x44, 0x1, 0x10, 0x9f, 0x7c, 0x13,
    0x10, 0xcc, 0x43, 0xd2, 0x15, 0x28, 0x50, 0xc0,
    0x41, 0x1, 0xa, 0x4, 0x44, 0x16, 0x8,

    /* U+679C "果" */
    0x0, 0x1, 0xff, 0x8, 0x88, 0x7f, 0xc2, 0x22,
    0x1f, 0xf0, 0x8, 0x5f, 0xff, 0x7, 0x0, 0x54,
    0x4, 0x90, 0xc4, 0x70, 0x20, 0x0,

    /* U+679D "枝" */
    0x20, 0x81, 0x4, 0x9, 0xff, 0xf1, 0x2, 0x8,
    0x3b, 0xf9, 0xa8, 0x95, 0x44, 0xa1, 0x41, 0x6,
    0x8, 0x70, 0x44, 0xe2, 0xc1, 0x80,

    /* U+67A2 "枢" */
    0x20, 0x11, 0x3f, 0x89, 0x9, 0xfa, 0x42, 0x52,
    0x32, 0x61, 0xf1, 0xd, 0x94, 0xa4, 0xa1, 0x29,
    0x9, 0x0, 0x48, 0x2, 0x7f, 0x80,

    /* U+67A3 "枣" */
    0x2, 0x17, 0xff, 0xc0, 0x80, 0x7f, 0xc2, 0x22,
    0x13, 0x90, 0xaa, 0x82, 0x4c, 0x64, 0x38, 0x18,
    0x6, 0x0, 0xe, 0x0, 0xc, 0x0,

    /* U+67AA "枪" */
    0x21, 0x81, 0xc, 0x8, 0x91, 0xf8, 0x42, 0x83,
    0x3b, 0xf9, 0xd0, 0x8d, 0x84, 0xa4, 0x21, 0x22,
    0x9, 0x0, 0x48, 0x22, 0x7f, 0x0,

    /* U+67AB "枫" */
    0x20, 0x10, 0x9f, 0xc2, 0x41, 0x3f, 0x14, 0x26,
    0x51, 0x95, 0x47, 0x49, 0x1b, 0x34, 0xa5, 0x50,
    0x95, 0x42, 0xa2, 0xca, 0x3, 0x30, 0xc,

    /* U+67AF "枯" */
    0x20, 0x81, 0x4, 0x8, 0x21, 0xff, 0xf2, 0x8,
    0x38, 0x41, 0xa2, 0x15, 0xfe, 0xa4, 0x11, 0x20,
    0x89, 0x4, 0x4f, 0xe2, 0x41, 0x0,

    /* U+67B6 "架" */
    0x30, 0x1, 0x2f, 0xbf, 0x44, 0x4a, 0x22, 0x51,
    0x22, 0x8a, 0x67, 0xc0, 0x42, 0xff, 0xf8, 0x70,
    0x4, 0xe0, 0x44, 0xec, 0x20, 0x80,

    /* U+67B7 "枷" */
    0x22, 0x0, 0x89, 0x23, 0x27, 0xbf, 0xd2, 0x23,
    0x48, 0x8d, 0x27, 0xb4, 0x9a, 0xd2, 0xa5, 0x4a,
    0x95, 0x22, 0x54, 0x8a, 0x5e, 0x32, 0x48,

    /* U+67C4 "柄" */
    0x20, 0x11, 0x3f, 0xc8, 0x20, 0x61, 0xe, 0x7f,
    0x12, 0x49, 0xd2, 0x4d, 0xaa, 0xad, 0x31, 0x31,
    0x89, 0x4, 0x48, 0x22, 0x43, 0x0,

    /* U+67CF "柏" */
    0x20, 0x81, 0x4, 0xa, 0xfd, 0xf4, 0x22, 0x21,
    0x31, 0x9, 0xe8, 0x55, 0x7e, 0xa2, 0x11, 0x10,
    0x88, 0x84, 0x47, 0xe2, 0x21, 0x0,

    /* U+67D0 "某" */
    0x10, 0x40, 0x41, 0xf, 0xff, 0x84, 0x10, 0x1f,
    0xc0, 0x41, 0x1, 0xfc, 0x0, 0x80, 0xff, 0xf8,
    0x3c, 0x1, 0xac, 0x8, 0x8c, 0x42, 0x8,

    /* U+67D1 "柑" */
    0x22, 0x21, 0x11, 0xa, 0x8d, 0xff, 0xf2, 0x22,
    0x31, 0x11, 0xc8, 0x95, 0x7c, 0xa2, 0x21, 0x11,
    0x8, 0x88, 0x47, 0xc2, 0x22, 0x0,

    /* U+67D2 "柒" */
    0x31, 0x0, 0x48, 0xdc, 0x78, 0x6e, 0x16, 0x10,
    0x90, 0xfc, 0x88, 0x1f, 0xff, 0x7, 0x0, 0xd6,
    0x8, 0x8f, 0x84, 0x0,

    /* U+67D3 "染" */
    0x30, 0x81, 0x9f, 0x81, 0x8a, 0x4, 0x48, 0x62,
    0x28, 0x90, 0xe2, 0x10, 0x9f, 0xfe, 0x3, 0x80,
    0x35, 0x1, 0x13, 0x98, 0x42,

    /* U+67D4 "柔" */
    0x0, 0x1, 0xff, 0x1, 0xc0, 0xff, 0xe0, 0x52,
    0x4, 0x80, 0xc8, 0x8, 0x42, 0x7f, 0xf8, 0x38,
    0x2, 0xb0, 0x64, 0x60, 0x20, 0x80,

    /* U+67DC "柜" */
    0x10, 0x10, 0x9f, 0xc4, 0x80, 0x74, 0x1, 0x3f,
    0x1d, 0x8, 0xd8, 0x4a, 0xc2, 0x53, 0xf0, 0x90,
    0x4, 0x80, 0x24, 0x1, 0x3f, 0x80,

    /* U+67E0 "柠" */
    0x21, 0x1, 0x4, 0x8, 0x25, 0xfe, 0xe2, 0x0,
    0x38, 0x9, 0xbf, 0xcd, 0x10, 0xa0, 0x85, 0x4,
    0x8, 0x20, 0x41, 0x2, 0x18, 0x0,

    /* U+67E5 "查" */
    0x2, 0x0, 0x10, 0x9f, 0xfe, 0xe, 0x0, 0xac,
    0x9, 0x19, 0xff, 0x12, 0x8, 0x1f, 0xc0, 0x82,
    0x7, 0xf0, 0x20, 0xaf, 0xff, 0x80,

    /* U+67EC "柬" */
    0x0, 0x0, 0x40, 0xff, 0xf0, 0x40, 0x7f, 0xc4,
    0x44, 0x55, 0x45, 0x44, 0x7f, 0xc0, 0xe0, 0x15,
    0x2, 0x48, 0x44, 0x70, 0x40,

    /* U+67F1 "柱" */
    0x22, 0x1, 0xc, 0x8, 0x25, 0xff, 0xc2, 0x8,
    0x38, 0x41, 0xa2, 0x15, 0xfe, 0xa0, 0x81, 0x4,
    0x8, 0x20, 0x41, 0x22, 0xff, 0x80,

    /* U+67F3 "柳" */
    0x21, 0x0, 0x99, 0xe2, 0x54, 0xbf, 0x52, 0x25,
    0x49, 0x95, 0x26, 0xd4, 0x99, 0x52, 0xa7, 0x48,
    0x85, 0x62, 0x24, 0x8, 0x90, 0x2c, 0x40,

    /* U+67F4 "柴" */
    0x0, 0x0, 0x88, 0x14, 0x4c, 0xbf, 0x5, 0x10,
    0x28, 0x89, 0xf7, 0xd0, 0x40, 0x2, 0x7, 0xff,
    0x83, 0xc0, 0x35, 0x86, 0x23, 0x1, 0x0,

    /* U+67FF "柿" */
    0x21, 0x1, 0x4, 0x89, 0xff, 0xf1, 0x2, 0x8,
    0x33, 0xf9, 0xd2, 0x4d, 0x92, 0xa4, 0x95, 0x24,
    0x89, 0x2c, 0x41, 0x2, 0x8, 0x0,

    /* U+6805 "栅" */
    0x20, 0x1, 0x3b, 0x89, 0x55, 0xfa, 0xa2, 0x55,
    0x12, 0xad, 0xff, 0xee, 0xaa, 0xa5, 0x55, 0x2a,
    0x89, 0x54, 0x53, 0x22, 0x3b, 0x0,

    /* U+6807 "标" */
    0x20, 0x1, 0x3f, 0x88, 0x1, 0xf0, 0x2, 0x1,
    0x33, 0xfd, 0xc2, 0xd, 0x58, 0xa4, 0xa5, 0x24,
    0x8a, 0x24, 0x41, 0x2, 0x18, 0x0,

    /* U+6808 "栈" */
    0x21, 0x1, 0xa, 0xa, 0x51, 0xf2, 0x62, 0x7c,
    0x30, 0x89, 0xc5, 0xdd, 0xd2, 0xa0, 0xa1, 0x6,
    0x8, 0x32, 0x46, 0x52, 0xc1, 0x80,

    /* U+680B "栋" */
    0x21, 0x1, 0x8, 0x88, 0xb9, 0xf4, 0x2, 0x28,
    0x3a, 0x41, 0xbf, 0xd4, 0x10, 0xa2, 0xc1, 0x25,
    0xa, 0x24, 0x51, 0x22, 0x18, 0x0,

    /* U+680F "栏" */
    0x20, 0x21, 0x11, 0x8, 0x91, 0xf0, 0xa2, 0x7f,
    0xb0, 0x1, 0xe0, 0x15, 0x7e, 0xa0, 0x1, 0x0,
    0x8, 0x0, 0x5f, 0xf2, 0x0, 0x0,

    /* U+6811 "树" */
    0x20, 0x21, 0x1, 0xd, 0xc9, 0xf5, 0xf2, 0xa2,
    0x3b, 0x51, 0xa9, 0x8c, 0x4c, 0xa6, 0x61, 0x29,
    0xa, 0x48, 0x40, 0x42, 0x6, 0x0,

    /* U+6813 "栓" */
    0x20, 0x81, 0xa, 0x8, 0x49, 0xf4, 0x22, 0x42,
    0xbb, 0xf9, 0xa2, 0x15, 0x10, 0xa7, 0xf1, 0x4,
    0x8, 0x20, 0x41, 0x2, 0xff, 0x80,

    /* U+6816 "栖" */
    0x20, 0x1, 0x3f, 0xc8, 0x51, 0xff, 0xf2, 0x55,
    0x32, 0xa9, 0xd5, 0x5d, 0xaa, 0xa6, 0x71, 0x30,
    0x89, 0x4, 0x4f, 0xe2, 0x41, 0x0,

    /* U+6817 "栗" */
    0x0, 0x1, 0xff, 0xe0, 0x48, 0xf, 0xfc, 0x24,
    0x90, 0x92, 0x43, 0xff, 0x8, 0x42, 0x7f, 0xfc,
    0x1c, 0x0, 0xac, 0xc, 0x8e, 0xc2, 0x8,

    /* U+6821 "校" */
    0x20, 0x81, 0x4, 0x9, 0xff, 0xf0, 0x2, 0x32,
    0x39, 0x9, 0xb8, 0xd4, 0x44, 0xa1, 0x41, 0xa,
    0x8, 0x30, 0x46, 0xc2, 0xc1, 0x0,

    /* U+682A "株" */
    0x20, 0x81, 0x14, 0x9, 0x25, 0xff, 0xc2, 0x8,
    0x30, 0x41, 0xdf, 0xed, 0x38, 0xa1, 0xc1, 0x15,
    0x9, 0x26, 0x41, 0x12, 0x8, 0x0,

    /* U+6837 "样" */
    0x12, 0x18, 0x44, 0x81, 0x12, 0x9f, 0x34, 0x10,
    0x40, 0xc1, 0x3, 0xdf, 0x8d, 0x10, 0x50, 0x41,
    0x4f, 0xf1, 0x4, 0x4, 0x10, 0x10, 0x40,

    /* U+6838 "核" */
    0x21, 0x0, 0x82, 0x2, 0x7f, 0xbe, 0x60, 0x21,
    0x21, 0x88, 0x87, 0x7d, 0x1a, 0x24, 0xa1, 0x20,
    0x99, 0x2, 0xa, 0x8, 0xc4, 0x2c, 0x8, 0x0,
    0x0,

    /* U+6839 "根" */
    0x20, 0x1, 0x1f, 0x8a, 0x85, 0xff, 0xe2, 0x21,
    0x39, 0x9, 0xaf, 0xcd, 0x50, 0xa2, 0x99, 0x13,
    0x8, 0x88, 0x45, 0x22, 0x30, 0x80,

    /* U+683C "格" */
    0x21, 0x1, 0xf, 0xa, 0x89, 0xfa, 0x82, 0x54,
    0x38, 0x41, 0xa5, 0x8d, 0x42, 0xaf, 0xe1, 0x11,
    0x8, 0x88, 0x47, 0xc2, 0x22, 0x0,

    /* U+683D "栽" */
    0x11, 0x0, 0xab, 0x1f, 0xc8, 0x22, 0x2f, 0xff,
    0x8, 0x80, 0x44, 0x9f, 0xd4, 0x30, 0xc1, 0xe6,
    0x14, 0xb1, 0x22, 0x61, 0x61, 0x0,

    /* U+6842 "桂" */
    0x20, 0x81, 0x4, 0x9, 0xfd, 0xf1, 0x2, 0x8,
    0x3b, 0xfd, 0xa3, 0x15, 0x10, 0xa0, 0x91, 0x3f,
    0x88, 0x20, 0x41, 0x2, 0xff, 0x80,

    /* U+6843 "桃" */
    0x21, 0x41, 0xa, 0x8, 0x55, 0xf2, 0xc2, 0x54,
    0x32, 0xa1, 0xc5, 0xd, 0x6c, 0xad, 0x55, 0xa,
    0x8, 0x90, 0x48, 0xa2, 0x87, 0x0,

    /* U+6845 "桅" */
    0x0, 0x1, 0x8, 0x8, 0xf8, 0x44, 0x8f, 0xc4,
    0x13, 0xf9, 0xb0, 0xe, 0xbe, 0x6d, 0x15, 0x68,
    0xa9, 0x4c, 0x4a, 0x2, 0x90, 0x14, 0xf8,

    /* U+6846 "框" */
    0x20, 0x1, 0x3f, 0xc9, 0x5, 0xfb, 0xe2, 0x44,
    0x3a, 0x29, 0xb7, 0xf4, 0x88, 0xa4, 0x41, 0x2f,
    0xc9, 0x0, 0x48, 0x12, 0x7f, 0x80,

    /* U+6848 "案" */
    0x2, 0x1, 0xff, 0x91, 0x4, 0x8, 0x27, 0xff,
    0x7, 0xc0, 0xf, 0x81, 0x86, 0xff, 0xf8, 0x38,
    0x2, 0xb0, 0x64, 0x6c, 0x20, 0x80,

    /* U+684C "桌" */
    0x2, 0x0, 0x1f, 0x80, 0x80, 0x7f, 0xc2, 0x2,
    0x1f, 0xf0, 0x80, 0x87, 0xfc, 0x2, 0x7, 0xff,
    0xc3, 0xc0, 0x25, 0xce, 0x21, 0x80,

    /* U+6850 "桐" */
    0x20, 0x11, 0x3f, 0x89, 0x15, 0xfb, 0xe2, 0x41,
    0x1a, 0xe9, 0xb5, 0x4c, 0xaa, 0xa5, 0x51, 0x2e,
    0x89, 0x14, 0x48, 0x22, 0x43, 0x0,

    /* U+6851 "桑" */
    0x0, 0x0, 0xfe, 0x2, 0x30, 0xf, 0x7, 0xde,
    0x6, 0x8, 0xa3, 0x87, 0x32, 0xc2, 0x17, 0xff,
    0xc3, 0xc0, 0x25, 0xce, 0x21, 0x80,

    /* U+6863 "档" */
    0x20, 0x81, 0x44, 0x89, 0x29, 0xf5, 0x42, 0x8,
    0x33, 0xf9, 0xc0, 0x55, 0x2, 0xa7, 0xf1, 0x0,
    0x88, 0x4, 0x4f, 0xe2, 0x1, 0x0,

    /* U+6865 "桥" */
    0x20, 0x61, 0x3c, 0x8, 0x41, 0xf2, 0x22, 0xff,
    0x31, 0x21, 0xd0, 0x8d, 0xca, 0xa2, 0x41, 0x12,
    0x8, 0x90, 0x48, 0x82, 0x84, 0x0,

    /* U+6866 "桦" */
    0x21, 0x41, 0x12, 0xc8, 0x9d, 0xfc, 0xc2, 0x2c,
    0x39, 0x25, 0xa9, 0xec, 0x10, 0xa0, 0x8d, 0x7f,
    0xc8, 0x20, 0x41, 0x2, 0x8, 0x0,

    /* U+6868 "桨" */
    0x0, 0x0, 0x48, 0x12, 0x7e, 0x54, 0x20, 0xd2,
    0xc, 0x21, 0xa2, 0x1, 0x60, 0x2, 0x13, 0xff,
    0xc1, 0xc0, 0x15, 0x3, 0x27, 0x61, 0x0,

    /* U+6869 "桩" */
    0x20, 0x81, 0x2, 0x9, 0xff, 0xf8, 0x82, 0x44,
    0x3a, 0x29, 0xb7, 0xf4, 0x88, 0xa4, 0x41, 0x22,
    0xa, 0x10, 0x50, 0x92, 0x7f, 0x80,

    /* U+6876 "桶" */
    0x20, 0x1, 0x3f, 0x88, 0x8, 0x71, 0x86, 0x7f,
    0x32, 0x49, 0xdf, 0xd5, 0x92, 0xa4, 0x95, 0x3f,
    0x89, 0x24, 0x49, 0x22, 0x4b, 0x0,

    /* U+6881 "梁" */
    0x60, 0x20, 0x1f, 0x81, 0x13, 0x3a, 0x4a, 0x69,
    0x29, 0x8, 0x84, 0xe4, 0x0, 0x80, 0xff, 0xf8,
    0x3c, 0x1, 0xac, 0x8, 0x8e, 0xc2, 0x0,

    /* U+6885 "梅" */
    0x21, 0x0, 0x84, 0x2, 0x3f, 0x8a, 0x80, 0x77,
    0xf1, 0x8a, 0x47, 0x29, 0xa9, 0xff, 0xa3, 0x10,
    0x8a, 0x62, 0x7f, 0x88, 0x4, 0x20, 0x60,

    /* U+6886 "梆" */
    0x22, 0x1, 0x13, 0xcb, 0xf5, 0xf4, 0xa2, 0x25,
    0x1b, 0xf1, 0xa9, 0x4d, 0x49, 0xaf, 0xcd, 0x12,
    0x49, 0x16, 0x48, 0x82, 0x84, 0x0,

    /* U+6897 "梗" */
    0x20, 0x11, 0x7f, 0xc8, 0x21, 0xff, 0xe2, 0x49,
    0x33, 0xf9, 0xd2, 0x4d, 0xfe, 0xa4, 0x91, 0x8,
    0x8, 0xc0, 0x45, 0x82, 0xc3, 0x0,

    /* U+68A2 "梢" */
    0x20, 0x91, 0x24, 0x88, 0xa8, 0xe5, 0x2, 0x7f,
    0x32, 0x9, 0xf0, 0x4d, 0xfe, 0xa4, 0x15, 0x3f,
    0x89, 0x4, 0x48, 0x22, 0x43, 0x0,

    /* U+68A6 "梦" */
    0x10, 0x40, 0x51, 0xf, 0xdf, 0x8c, 0x38, 0x3d,
    0x51, 0x49, 0x20, 0x40, 0x3, 0xf8, 0x18, 0x60,
    0xb3, 0x4, 0x58, 0x1, 0x80, 0x78, 0x0,

    /* U+68A7 "梧" */
    0x20, 0x1, 0x3f, 0x88, 0x41, 0xff, 0xc2, 0x22,
    0x31, 0x11, 0xff, 0xf6, 0x0, 0xa7, 0xf1, 0x20,
    0x89, 0x4, 0x4f, 0xe2, 0x41, 0x0,

    /* U+68A8 "梨" */
    0x4, 0x2f, 0x82, 0x11, 0x2f, 0xf2, 0x31, 0x25,
    0xc2, 0x90, 0x60, 0x22, 0xff, 0xf0, 0xf0, 0x1a,
    0x82, 0x27, 0xc2, 0x0,

    /* U+68AD "梭" */
    0x20, 0x80, 0x84, 0x82, 0x21, 0x3f, 0xfa, 0x21,
    0x21, 0xc8, 0x66, 0xd0, 0x98, 0x7c, 0xa2, 0x20,
    0x94, 0x82, 0xc, 0x8, 0x78, 0x26, 0x18,

    /* U+68AF "梯" */
    0x24, 0x21, 0x12, 0x9, 0xff, 0xf1, 0x22, 0x9,
    0x3b, 0xf9, 0xb2, 0xc, 0xff, 0xa1, 0x95, 0xc,
    0x88, 0xa4, 0x49, 0x62, 0x8, 0x0,

    /* U+68B0 "械" */
    0x20, 0x41, 0x3, 0x8, 0x13, 0xff, 0xf2, 0x4,
    0x3a, 0xa9, 0xb7, 0x4d, 0xfa, 0xa5, 0x65, 0x29,
    0x9, 0x58, 0x51, 0x32, 0x11, 0x80, 0x0,

    /* U+68B3 "梳" */
    0x21, 0x1, 0x4, 0x8a, 0xf9, 0xf2, 0x2, 0x23,
    0x33, 0x9, 0xdf, 0xcd, 0x54, 0xaa, 0xa1, 0x15,
    0x8, 0xaa, 0x49, 0x52, 0x8b, 0x80,

    /* U+68C0 "检" */
    0x21, 0x81, 0xc, 0xa, 0x91, 0xf4, 0x42, 0x41,
    0xbd, 0xf1, 0xa0, 0xc, 0xa4, 0xa4, 0xa1, 0x16,
    0x8, 0xb0, 0x40, 0xa2, 0xff, 0x80,

    /* U+68C9 "棉" */
    0x20, 0x81, 0x3f, 0x89, 0x5, 0xf8, 0x22, 0x7f,
    0x3b, 0xf9, 0xb2, 0x15, 0x10, 0xa7, 0xf9, 0x24,
    0x89, 0x24, 0x49, 0x62, 0x8, 0x0,

    /* U+68CB "棋" */
    0x22, 0x21, 0x11, 0x9, 0xff, 0xf4, 0x42, 0x3e,
    0x31, 0x11, 0xef, 0x95, 0x44, 0xa2, 0x21, 0x7f,
    0xc8, 0x50, 0x44, 0x62, 0x41, 0x4, 0x0,

    /* U+68CD "棍" */
    0x20, 0x1, 0x3f, 0x89, 0x5, 0xff, 0xe2, 0x41,
    0x3b, 0xf9, 0xa1, 0xd, 0xa9, 0xa7, 0xf1, 0x22,
    0x9, 0x12, 0x4a, 0x92, 0x67, 0x80,

    /* U+68D2 "棒" */
    0x20, 0x81, 0x3f, 0x88, 0x41, 0xf2, 0x62, 0x3c,
    0x3b, 0xfd, 0xa8, 0x8c, 0x92, 0xab, 0xf9, 0x4,
    0x89, 0xfe, 0x41, 0x2, 0x8, 0x0,

    /* U+68D5 "棕" */
    0x20, 0x81, 0x4, 0x9, 0xff, 0xf8, 0x22, 0x2,
    0x31, 0xf1, 0xc0, 0x4d, 0xff, 0xa0, 0xc1, 0x15,
    0x9, 0x24, 0x51, 0x22, 0x18, 0x0,

    /* U+68D8 "棘" */
    0x10, 0x40, 0x51, 0x27, 0xff, 0xc4, 0x10, 0x7d,
    0xf9, 0x55, 0x25, 0x54, 0x95, 0x56, 0x38, 0xe0,
    0xd5, 0x45, 0x24, 0x85, 0x10, 0x10, 0x40,

    /* U+68DA "棚" */
    0x20, 0x0, 0x9d, 0xe2, 0x54, 0xbf, 0x52, 0x27,
    0x79, 0x95, 0x27, 0x54, 0x9b, 0xde, 0xa9, 0x4a,
    0xa5, 0x22, 0x94, 0x8a, 0x62, 0x23, 0x98,

    /* U+68E0 "棠" */
    0x2, 0x61, 0x92, 0x1f, 0xfe, 0x80, 0x21, 0xfc,
    0x8, 0x20, 0x41, 0x3, 0xfa, 0xff, 0xf8, 0x78,
    0x6, 0xb0, 0x44, 0x74, 0x20, 0x0,

    /* U+68EE "森" */
    0x2, 0x0, 0x10, 0x9f, 0xfe, 0xe, 0x0, 0xae,
    0x19, 0x1, 0x51, 0x1f, 0xff, 0x30, 0xe1, 0xe7,
    0x14, 0x55, 0x2c, 0x91, 0x4, 0x0,

    /* U+68F1 "棱" */
    0x20, 0x81, 0x4, 0x9, 0xfc, 0x51, 0x7, 0x7f,
    0xb9, 0x91, 0xac, 0x55, 0xbc, 0xa2, 0x21, 0x2a,
    0x8, 0x20, 0x42, 0xc2, 0x61, 0x80,

    /* U+68F5 "棵" */
    0x20, 0x1, 0x3f, 0x89, 0x25, 0xff, 0xe2, 0x49,
    0x3b, 0xf9, 0xa2, 0x15, 0xff, 0xa1, 0x81, 0x16,
    0x8, 0xac, 0x59, 0x32, 0x8, 0x0,

    /* U+68FA "棺" */
    0x21, 0x1, 0x4, 0x89, 0xfd, 0xf8, 0x22, 0x3e,
    0x31, 0x11, 0xc8, 0x8d, 0x7c, 0xa2, 0x1, 0x1f,
    0x88, 0x88, 0x47, 0xc2, 0x22, 0x0,

    /* U+6905 "椅" */
    0x20, 0x81, 0x7f, 0x88, 0x61, 0xf4, 0xc2, 0x41,
    0x37, 0xfd, 0xc0, 0x95, 0xf4, 0xa4, 0xa1, 0x3d,
    0x9, 0x28, 0x40, 0x42, 0x6, 0x0,

    /* U+690D "植" */
    0x21, 0x81, 0x8, 0x8b, 0xfe, 0x62, 0x6, 0x7e,
    0x32, 0x11, 0xdf, 0x8d, 0x84, 0xa7, 0xe5, 0x21,
    0x9, 0xf8, 0x48, 0x62, 0xff, 0x80,

    /* U+690E "椎" */
    0x21, 0x41, 0x12, 0xa, 0xff, 0xfc, 0x82, 0x64,
    0x31, 0x21, 0xcf, 0xed, 0x48, 0xa3, 0xf9, 0x12,
    0x8, 0x92, 0x47, 0xf2, 0x20, 0x0,

    /* U+6912 "椒" */
    0x24, 0x1, 0x2f, 0xcd, 0xe5, 0xf9, 0x22, 0x49,
    0x3f, 0xc9, 0xd1, 0x8f, 0xcc, 0xad, 0x61, 0xab,
    0xd, 0x18, 0x49, 0x22, 0x51, 0x80,

    /* U+692D "椭" */
    0x20, 0x41, 0x3a, 0x9, 0x67, 0xfd, 0xc2, 0x68,
    0x13, 0x79, 0xda, 0x4d, 0xbe, 0xa5, 0x95, 0x2f,
    0x89, 0x64, 0x49, 0x22, 0x4b, 0x0,

    /* U+6930 "椰" */
    0x21, 0x1, 0x7f, 0xc9, 0x57, 0xfa, 0xa2, 0x76,
    0x12, 0xb1, 0xdd, 0x54, 0xa9, 0xa5, 0x4d, 0x2a,
    0x4b, 0xd6, 0x42, 0x82, 0x14, 0x0,

    /* U+693F "椿" */
    0x20, 0x81, 0x4, 0x88, 0xf9, 0xf2, 0x42, 0x3c,
    0x3b, 0xfd, 0xa8, 0x94, 0xff, 0xa2, 0x21, 0x1f,
    0x8, 0x88, 0x44, 0x42, 0x3e, 0x0,

    /* U+6954 "楔" */
    0x22, 0x8, 0x89, 0xe2, 0x7a, 0xbe, 0xaa, 0x27,
    0x29, 0xff, 0x26, 0xa1, 0x28, 0x22, 0xaf, 0xf8,
    0x82, 0x2, 0x14, 0x8, 0x8c, 0x28, 0x8,

    /* U+695A "楚" */
    0x10, 0x81, 0x48, 0xfd, 0xf3, 0x18, 0x3d, 0xe5,
    0x29, 0x94, 0x87, 0xff, 0x2, 0x61, 0x3c, 0x32,
    0x2, 0xa0, 0x47, 0xf0,

    /* U+695E "楞" */
    0x20, 0x1, 0x3f, 0x89, 0x55, 0xfa, 0xa2, 0x7f,
    0x30, 0x21, 0xe1, 0x4c, 0x74, 0xa1, 0xf1, 0x11,
    0x88, 0x8c, 0x48, 0x42, 0x8e, 0x0,

    /* U+6963 "楣" */
    0x20, 0x1, 0x3f, 0x89, 0x24, 0x59, 0x2f, 0x7f,
    0x12, 0x1, 0xdf, 0xd5, 0xbe, 0xa6, 0x11, 0x2f,
    0x89, 0x84, 0x53, 0xe3, 0x21, 0x0,

    /* U+6977 "楷" */
    0x24, 0x41, 0x2a, 0xc9, 0xd9, 0xf8, 0x82, 0x4c,
    0xbb, 0xbd, 0xa6, 0x15, 0xfe, 0xa4, 0x11, 0x3f,
    0x89, 0x4, 0x48, 0x22, 0x7f, 0x0,

    /* U+697C "楼" */
    0x20, 0x81, 0x25, 0x88, 0xa5, 0xff, 0xf2, 0x1c,
    0x39, 0x59, 0xb0, 0xd, 0x20, 0xaf, 0xf9, 0x11,
    0x9, 0x90, 0x43, 0xc2, 0x71, 0x0,

    /* U+6982 "概" */
    0x20, 0x1, 0x3b, 0xcd, 0x59, 0xff, 0x42, 0x5a,
    0x3a, 0xdd, 0xdd, 0xc, 0xa8, 0xa6, 0x61, 0x2b,
    0x9, 0xea, 0x42, 0x52, 0x23, 0x80,

    /* U+6984 "榄" */
    0x25, 0x40, 0x95, 0x22, 0x57, 0x3f, 0x68, 0x25,
    0x91, 0x84, 0x7, 0x7f, 0x1b, 0x24, 0xa4, 0x90,
    0x93, 0x42, 0x14, 0x8, 0x52, 0x26, 0x78,

    /* U+6986 "榆" */
    0x20, 0x81, 0xc, 0x8, 0x99, 0xf4, 0xe2, 0x7f,
    0xb0, 0x1, 0xdd, 0x4d, 0xaa, 0xa7, 0x51, 0x3a,
    0x89, 0x54, 0x4a, 0x22, 0x53, 0x0,

    /* U+6994 "榔" */
    0x22, 0x1, 0x9, 0xc9, 0xf4, 0x79, 0xa6, 0x7d,
    0x3a, 0x71, 0xbf, 0x4c, 0x99, 0xa4, 0x4d, 0x2a,
    0x49, 0x76, 0x4d, 0x82, 0x4, 0x0,

    /* U+6995 "榕" */
    0x20, 0x80, 0x81, 0x22, 0x7b, 0xbf, 0x6c, 0x22,
    0x11, 0x92, 0x27, 0x16, 0x2a, 0x86, 0xa7, 0xf8,
    0x88, 0x42, 0x21, 0x8, 0xfc, 0x22, 0x10,

    /* U+699B "榛" */
    0x20, 0x81, 0x3f, 0xc8, 0x41, 0xff, 0xe2, 0x10,
    0x3f, 0xfd, 0xa8, 0x8c, 0x9a, 0xa9, 0x8d, 0x3f,
    0x88, 0x70, 0x45, 0x62, 0xc9, 0x0,

    /* U+699C "榜" */
    0x21, 0x1, 0x4, 0x89, 0xfe, 0x54, 0x67, 0x7f,
    0x3a, 0x89, 0xa2, 0x54, 0x6c, 0xa1, 0xf1, 0x9,
    0x8, 0x88, 0x48, 0x42, 0x86, 0x0,

    /* U+69A8 "榨" */
    0x21, 0x1, 0x4, 0x49, 0xdf, 0xfb, 0x62, 0x21,
    0x3a, 0x81, 0xaf, 0xed, 0x52, 0xa4, 0xf1, 0x4,
    0x8, 0x3e, 0x41, 0x2, 0x8, 0x0,

    /* U+69B4 "榴" */
    0x21, 0x1, 0x37, 0xc9, 0x15, 0xfa, 0xa2, 0x55,
    0x3b, 0x59, 0xa4, 0xd, 0xfe, 0xa4, 0x95, 0x3f,
    0x89, 0x24, 0x4f, 0xe2, 0x41, 0x0,

    /* U+69D0 "槐" */
    0x20, 0x81, 0x4, 0x9, 0xfc, 0x79, 0x26, 0x7f,
    0x3a, 0x49, 0xdf, 0xd4, 0x92, 0xa1, 0xa1, 0xd,
    0x88, 0xac, 0x49, 0x22, 0x87, 0x80,

    /* U+69FD "槽" */
    0x21, 0x41, 0x3f, 0xc8, 0x51, 0xff, 0xf2, 0x54,
    0xb3, 0xfd, 0xd5, 0x2d, 0xd7, 0xa3, 0xf1, 0x20,
    0x88, 0xfc, 0x48, 0x22, 0x3f, 0x0,

    /* U+6A0A "樊" */
    0x23, 0x41, 0x32, 0xbf, 0xfe, 0x50, 0x87, 0xbe,
    0x52, 0xaa, 0xad, 0x6, 0xc8, 0x4, 0x17, 0xff,
    0x81, 0x80, 0x12, 0x1, 0xc, 0x70, 0x18,

    /* U+6A1F "樟" */
    0x21, 0x1, 0x4, 0x89, 0xfe, 0x74, 0x46, 0xff,
    0xb0, 0x9, 0xff, 0xcd, 0xfe, 0xa4, 0x11, 0x3f,
    0x8b, 0xfe, 0x41, 0x2, 0x8, 0x0,

    /* U+6A21 "模" */
    0x21, 0x20, 0xbf, 0xe2, 0x12, 0x3f, 0x4, 0x27,
    0xf0, 0xdf, 0xc6, 0xc1, 0x1b, 0xfc, 0xa0, 0x80,
    0xbf, 0xe2, 0x1c, 0x8, 0xc8, 0x2c, 0x18,

    /* U+6A2A "横" */
    0x21, 0x41, 0x3f, 0xc8, 0x51, 0xf2, 0xa2, 0x6a,
    0xbb, 0xf9, 0xb2, 0x4c, 0xfe, 0xa4, 0x91, 0x3f,
    0x89, 0x4, 0x46, 0x62, 0xc0, 0x80,

    /* U+6A31 "樱" */
    0x20, 0x0, 0x9f, 0xe2, 0x74, 0xbf, 0xda, 0x27,
    0x68, 0xd9, 0xc7, 0x54, 0x98, 0x42, 0xa7, 0xfe,
    0x88, 0x82, 0x26, 0x8, 0x78, 0x27, 0x18,

    /* U+6A44 "橄" */
    0x20, 0x1, 0x3b, 0x8, 0x91, 0xfc, 0xf2, 0x55,
    0x1b, 0xa9, 0x97, 0x4c, 0xaa, 0xa7, 0x65, 0x29,
    0x9, 0xe8, 0x52, 0xa2, 0x18, 0x80,

    /* U+6A58 "橘" */
    0x20, 0x10, 0x8f, 0xc2, 0x4, 0xbe, 0xfe, 0x23,
    0x50, 0xc1, 0x6, 0xff, 0x99, 0x2a, 0xa5, 0x1a,
    0x9f, 0xa2, 0x52, 0x89, 0x7a, 0x24, 0x18,

    /* U+6A59 "橙" */
    0x20, 0x1, 0x7d, 0xa, 0x77, 0xfc, 0xc2, 0x47,
    0x1c, 0xc5, 0xdf, 0x8c, 0x84, 0xa4, 0x25, 0x3f,
    0x8, 0x98, 0x45, 0x22, 0xff, 0x80,

    /* U+6A61 "橡" */
    0x23, 0x1, 0x1e, 0x9, 0x31, 0xff, 0x62, 0x49,
    0x3b, 0xf9, 0xa4, 0xc, 0xe4, 0xa9, 0xc1, 0x35,
    0x8, 0x64, 0x4d, 0x12, 0x18, 0x0,

    /* U+6A71 "橱" */
    0x20, 0x11, 0x7f, 0xce, 0x25, 0xf2, 0x22, 0x89,
    0x95, 0xfd, 0xea, 0x4f, 0x7a, 0xa8, 0xd5, 0x64,
    0x8a, 0xc4, 0x63, 0x22, 0x63, 0x0,

    /* U+6A80 "檀" */
    0x20, 0x0, 0x82, 0x22, 0xff, 0xcd, 0xfe, 0x65,
    0xe9, 0x95, 0x27, 0x7f, 0x9b, 0x2, 0xa3, 0xf0,
    0x8f, 0xc2, 0x21, 0x8, 0xfe, 0x2f, 0xfc,

    /* U+6A90 "檐" */
    0x21, 0x1, 0x1f, 0x9, 0x93, 0xfb, 0x62, 0xc9,
    0x1a, 0xa9, 0xd2, 0xac, 0xbe, 0xa4, 0x15, 0x27,
    0xa, 0x7c, 0x52, 0x22, 0x1f, 0x0,

    /* U+6AA9 "檩" */
    0x20, 0x80, 0x82, 0x2, 0xff, 0x8f, 0xfc, 0x65,
    0xd0, 0x95, 0x47, 0x7f, 0x39, 0x4, 0xa7, 0xf2,
    0xbf, 0xe2, 0x2a, 0x9, 0x26, 0x28, 0x80,

    /* U+6AAC "檬" */
    0x21, 0x20, 0x9f, 0xf2, 0x12, 0x3f, 0xfe, 0x24,
    0x29, 0xc7, 0x7, 0x7f, 0x98, 0x44, 0xa4, 0xa2,
    0x8f, 0x82, 0xd5, 0x9, 0x92, 0x21, 0x80,

    /* U+6B20 "欠" */
    0x10, 0x1, 0x0, 0x10, 0x3, 0xff, 0x20, 0x24,
    0x62, 0x46, 0x48, 0x60, 0x6, 0x0, 0x90, 0x8,
    0x81, 0xc, 0x40, 0x78, 0x0,

    /* U+6B21 "次" */
    0x2, 0x4, 0x10, 0x11, 0x0, 0xf, 0xe1, 0x41,
    0x14, 0xc8, 0xe4, 0x8a, 0x20, 0x41, 0x82, 0x14,
    0x10, 0x90, 0x88, 0x44, 0x83, 0x98, 0x0,

    /* U+6B22 "欢" */
    0x0, 0x80, 0x2, 0x7, 0xd0, 0x81, 0x7e, 0x5,
    0x9, 0x29, 0x42, 0xa4, 0x6, 0x30, 0x18, 0xc0,
    0x52, 0x82, 0x52, 0x8, 0x44, 0x42, 0xc, 0x0,
    0x0,

    /* U+6B23 "欣" */
    0xe, 0x81, 0xc2, 0x4, 0x10, 0x90, 0x7e, 0x7f,
    0x51, 0x29, 0x44, 0x84, 0x12, 0x10, 0x48, 0xa1,
    0x22, 0x88, 0x89, 0x22, 0x46, 0x8a, 0x8,

    /* U+6B27 "欧" */
    0x0, 0x82, 0x34, 0x1e, 0x22, 0x8b, 0xf6, 0x50,
    0xac, 0xa9, 0x29, 0x9, 0x8, 0x54, 0xc2, 0x25,
    0x11, 0x29, 0xfe, 0x20, 0x20, 0x82, 0x0,

    /* U+6B32 "欲" */
    0x0, 0x81, 0x24, 0x8, 0xc0, 0x83, 0xf1, 0x11,
    0x1e, 0x29, 0x9, 0x7, 0xd8, 0x24, 0xc1, 0x25,
    0x9, 0x28, 0x7a, 0x22, 0x61, 0x82, 0x0,

    /* U+6B3A "欺" */
    0x24, 0xc1, 0x34, 0x1f, 0xe0, 0x4a, 0xf3, 0xd1,
    0x12, 0x20, 0xf1, 0x4, 0x88, 0xff, 0xa0, 0x5,
    0x9, 0xa4, 0x86, 0x30, 0x20, 0x80,

    /* U+6B3E "款" */
    0x10, 0x0, 0x84, 0x3f, 0xa0, 0x21, 0x17, 0xf7,
    0x3, 0x20, 0xe1, 0x1f, 0xc8, 0x10, 0xa2, 0xa5,
    0x24, 0xc4, 0x22, 0x33, 0x0, 0x80,

    /* U+6B47 "歇" */
    0x0, 0xc3, 0xf4, 0x10, 0xa0, 0xfd, 0xf4, 0x31,
    0x3f, 0xa8, 0xfd, 0x9, 0x48, 0x5a, 0x43, 0x55,
    0x1f, 0xa8, 0x6, 0x20, 0x70, 0x80,

    /* U+6B49 "歉" */
    0x84, 0x82, 0x44, 0x3f, 0xe4, 0x52, 0xef, 0xe5,
    0x15, 0xa3, 0xfd, 0x5, 0x48, 0xfe, 0xc3, 0x65,
    0x1a, 0xa9, 0x52, 0x22, 0x91, 0x0,

    /* U+6B4C "歌" */
    0x0, 0xc7, 0xfc, 0x12, 0xa0, 0xf6, 0xf7, 0xb5,
    0x25, 0x2b, 0xfd, 0xf, 0x48, 0x4a, 0xc2, 0x55,
    0x1e, 0xa8, 0x6, 0x20, 0x60, 0x80,

    /* U+6B62 "止" */
    0x2, 0x0, 0x10, 0x0, 0x80, 0x44, 0x2, 0x22,
    0x11, 0xf8, 0x88, 0x4, 0x40, 0x22, 0x1, 0x10,
    0x8, 0x80, 0x44, 0x2f, 0xff, 0x80,

    /* U+6B63 "正" */
    0x0, 0x17, 0xff, 0x80, 0x80, 0x4, 0x0, 0x20,
    0x11, 0x10, 0x8f, 0xc4, 0x40, 0x22, 0x1, 0x10,
    0x8, 0x80, 0x44, 0x2f, 0xff, 0x80,

    /* U+6B64 "此" */
    0x9, 0x0, 0x90, 0x9, 0x4, 0x90, 0x49, 0x34,
    0xf4, 0x49, 0x84, 0x90, 0x49, 0x4, 0x90, 0x4b,
    0x17, 0x51, 0xc1, 0xf0,

    /* U+6B65 "步" */
    0x2, 0x0, 0x91, 0x4, 0xf8, 0x24, 0x1, 0x21,
    0x7f, 0xfc, 0xc, 0x3, 0x44, 0x12, 0x63, 0x16,
    0x0, 0xe0, 0x4, 0xf, 0xc0, 0x0,

    /* U+6B66 "武" */
    0x1, 0x7, 0xd6, 0x1, 0x20, 0x10, 0xff, 0xf1,
    0x10, 0x51, 0x5, 0xe8, 0x50, 0x85, 0x8, 0x50,
    0x45, 0xa7, 0xe0, 0x30, 0x0,

    /* U+6B67 "歧" */
    0x0, 0x80, 0x84, 0x4, 0x24, 0x2f, 0xf5, 0x8,
    0x2e, 0x41, 0x5f, 0xca, 0x46, 0x52, 0x22, 0x8a,
    0x14, 0x30, 0xb9, 0x8e, 0x33, 0x6, 0x8,

    /* U+6B6A "歪" */
    0x0, 0x11, 0xff, 0xe0, 0x30, 0x1, 0xa0, 0xa,
    0x70, 0xc8, 0x6c, 0x21, 0x1f, 0xfe, 0x12, 0x0,
    0x4f, 0x81, 0x20, 0x4, 0x84, 0xff, 0xf8,

    /* U+6B79 "歹" */
    0x0, 0xf, 0xff, 0xc, 0x0, 0x80, 0x1f, 0xc1,
    0x4, 0x28, 0x84, 0x48, 0x5, 0x0, 0x20, 0x4,
    0x0, 0x80, 0x70, 0x0,

    /* U+6B7B "死" */
    0x0, 0x17, 0xff, 0xc8, 0x40, 0x42, 0x3, 0xd3,
    0x22, 0x91, 0x15, 0x15, 0x30, 0x9, 0x0, 0x88,
    0x8, 0x44, 0x83, 0xf0, 0x0, 0x0,

    /* U+6B7C "歼" */
    0x4, 0x11, 0xf9, 0x82, 0x3c, 0x9, 0x10, 0x3c,
    0x40, 0x91, 0x26, 0x7f, 0xa6, 0x10, 0x88, 0x40,
    0x41, 0x1, 0x4, 0x8, 0x10, 0x40, 0x40,

    /* U+6B83 "殃" */
    0x4, 0x41, 0xfc, 0x80, 0x81, 0x1, 0x1f, 0xc3,
    0xa4, 0x89, 0x49, 0x1a, 0x92, 0x4f, 0xff, 0x90,
    0x40, 0x21, 0x40, 0x42, 0x81, 0x8, 0x84, 0x20,
    0xd1, 0x80, 0x80,

    /* U+6B89 "殉" */
    0x9, 0x3, 0x88, 0x88, 0x7e, 0x94, 0x27, 0xbd,
    0x27, 0x29, 0xc9, 0x56, 0x7a, 0x12, 0x51, 0x1e,
    0x88, 0x84, 0x80, 0x28, 0x6, 0x0,

    /* U+6B8A "殊" */
    0x8, 0x87, 0xfc, 0x10, 0xa0, 0x87, 0xe7, 0xc8,
    0x28, 0x4b, 0xdf, 0xe6, 0x30, 0x11, 0xc1, 0x15,
    0x9, 0x24, 0xb1, 0x8, 0x8, 0x0,

    /* U+6B8B "残" */
    0x9, 0x7, 0xea, 0x8, 0x40, 0x82, 0x67, 0xfc,
    0x24, 0x82, 0x24, 0x5e, 0x7c, 0x30, 0xa0, 0x87,
    0x8, 0x30, 0x42, 0x84, 0x63, 0x0, 0xc,

    /* U+6B96 "殖" */
    0x0, 0x87, 0xe4, 0x89, 0xfc, 0x41, 0x7, 0xbe,
    0x25, 0x11, 0x2f, 0x95, 0x44, 0x13, 0xe0, 0x91,
    0x8, 0xf8, 0x44, 0x64, 0xff, 0xc0, 0x0,

    /* U+6BB4 "殴" */
    0x5, 0xe3, 0xe9, 0x10, 0x48, 0xd2, 0x45, 0xa3,
    0xa6, 0x1, 0x2f, 0xcb, 0x42, 0x69, 0x23, 0x6,
    0x11, 0x11, 0xfd, 0xc0, 0x33, 0x2, 0x4,

    /* U+6BB5 "段" */
    0x8, 0x0, 0x9f, 0x18, 0x88, 0x84, 0x47, 0xa2,
    0x22, 0x9, 0xff, 0xc8, 0x44, 0x42, 0x63, 0xea,
    0x30, 0x70, 0x84, 0xe4, 0xc1, 0x80,

    /* U+6BB7 "殷" */
    0x4, 0x3, 0xcf, 0x11, 0x48, 0xfa, 0x47, 0xd2,
    0x23, 0x9, 0xff, 0xc8, 0x44, 0x7d, 0x22, 0x29,
    0x11, 0x31, 0x9, 0xc9, 0xb1, 0x80,

    /* U+6BBF "殿" */
    0x0, 0x3, 0xf7, 0x10, 0xa8, 0xfd, 0x45, 0x4a,
    0x2b, 0x89, 0x77, 0xca, 0xa2, 0x54, 0xa3, 0xfd,
    0x11, 0x31, 0x24, 0x8a, 0xb, 0x21, 0x80,

    /* U+6BC1 "毁" */
    0x30, 0x91, 0x3b, 0xc4, 0x29, 0x10, 0xa4, 0x67,
    0x11, 0x8, 0x77, 0xe0, 0x1f, 0xfe, 0x10, 0x90,
    0x41, 0x81, 0x66, 0x1e, 0x24, 0x3, 0xc,

    /* U+6BC5 "毅" */
    0x10, 0x0, 0x2b, 0xe7, 0xe9, 0x9, 0x24, 0xb,
    0x11, 0xd4, 0x23, 0x7f, 0x86, 0x44, 0x2c, 0x90,
    0x6b, 0x82, 0x86, 0x12, 0x3c, 0x19, 0xc,

    /* U+6BCD "母" */
    0x0, 0x20, 0xff, 0x5, 0x8, 0x26, 0x41, 0x12,
    0xff, 0xfc, 0x80, 0x84, 0x44, 0x21, 0x21, 0x9,
    0xf, 0xfe, 0x0, 0x80, 0x1c, 0x0,

    /* U+6BCF "每" */
    0x0, 0x0, 0x80, 0x87, 0xfe, 0x40, 0x5, 0xfe,
    0x8, 0x90, 0x40, 0x9f, 0xff, 0x32, 0x21, 0x9,
    0xf, 0xfe, 0x0, 0x80, 0xc, 0x0,

    /* U+6BD2 "毒" */
    0x2, 0x13, 0xff, 0x80, 0x88, 0x7f, 0xe0, 0x20,
    0x3e, 0xfc, 0x7f, 0x84, 0x25, 0xff, 0xf9, 0x11,
    0x9f, 0xfe, 0x0, 0x80, 0xc, 0x0,

    /* U+6BD4 "比" */
    0x41, 0x2, 0x8, 0x10, 0x40, 0x82, 0x24, 0x12,
    0x3e, 0xa1, 0x6, 0x8, 0x20, 0x41, 0x2, 0x8,
    0x10, 0x44, 0xb2, 0x26, 0x1f, 0x80,

    /* U+6BD5 "毕" */
    0x21, 0x1, 0x8, 0x89, 0x48, 0x7a, 0x82, 0x18,
    0x13, 0x84, 0xe7, 0xe0, 0x40, 0x2, 0x7, 0xff,
    0xc0, 0x80, 0x4, 0x0, 0x20, 0x0,

    /* U+6BD9 "毙" */
    0x21, 0x1, 0x29, 0x8f, 0x50, 0x43, 0x3, 0xdf,
    0x80, 0x1, 0xff, 0xe2, 0x20, 0x3f, 0x31, 0x2a,
    0x15, 0x60, 0x12, 0x13, 0x1f, 0xe0, 0x0,

    /* U+6BDB "毛" */
    0x0, 0xe0, 0x78, 0x1d, 0x0, 0x8, 0xc0, 0xf8,
    0x3a, 0x0, 0x10, 0x63, 0xfc, 0x64, 0x0, 0x20,
    0x1, 0x4, 0xf, 0xf0,

    /* U+6BE1 "毡" */
    0x0, 0x80, 0xc4, 0x18, 0x20, 0x41, 0xe2, 0x88,
    0x38, 0x40, 0x8f, 0x85, 0x44, 0xf2, 0x21, 0x1f,
    0x8, 0x8c, 0x40, 0x23, 0xff, 0x80,

    /* U+6BEB "毫" */
    0x3, 0x0, 0x0, 0x5f, 0xfc, 0x3f, 0xc1, 0x2,
    0x2f, 0xf5, 0xff, 0xf8, 0x19, 0x1f, 0x20, 0xfe,
    0x83, 0xfa, 0x64, 0x10, 0x3f, 0x80,

    /* U+6BEF "毯" */
    0x8, 0x81, 0xd4, 0x38, 0xa8, 0x49, 0x82, 0x92,
    0x79, 0x8, 0x9a, 0x5, 0x54, 0xf6, 0xc1, 0x9,
    0x8, 0x88, 0x40, 0x23, 0xff, 0x80,

    /* U+6C0F "氏" */
    0x3, 0xe3, 0xf0, 0x10, 0x80, 0x84, 0x4, 0x20,
    0x3f, 0xf9, 0x4, 0x8, 0x20, 0x41, 0x2, 0x4,
    0x11, 0x30, 0xf0, 0xe4, 0x1, 0x0,

    /* U+6C11 "民" */
    0x0, 0x9f, 0xf2, 0x2, 0x40, 0x4f, 0xf9, 0x8,
    0x21, 0x17, 0xff, 0x84, 0x10, 0x42, 0x8, 0x58,
    0x8c, 0xc, 0x0, 0x0,

    /* U+6C13 "氓" */
    0x0, 0x12, 0x3f, 0x89, 0x4, 0x28, 0x26, 0x7f,
    0x22, 0x21, 0x11, 0x48, 0xff, 0x44, 0x42, 0xa1,
    0x1f, 0xa, 0xa, 0x30, 0x60, 0x80,

    /* U+6C14 "气" */
    0x18, 0x0, 0x80, 0x87, 0xfe, 0x40, 0x43, 0xff,
    0x20, 0x2, 0xff, 0x0, 0x8, 0x0, 0x40, 0x2,
    0x0, 0x10, 0x0, 0x40, 0x3, 0x80, 0x4,

    /* U+6C1B "氛" */
    0x0, 0x1, 0x80, 0xf, 0xfc, 0x40, 0x84, 0xfa,
    0x7f, 0xe0, 0x49, 0x4, 0x48, 0x21, 0x43, 0xfe,
    0x4, 0x90, 0x24, 0x42, 0x23, 0x22, 0xc,

    /* U+6C22 "氢" */
    0x20, 0x1, 0xff, 0x90, 0x10, 0xbf, 0x4f, 0xfc,
    0x0, 0x21, 0xf9, 0x0, 0x88, 0x1b, 0x47, 0x16,
    0x1f, 0xd8, 0x10, 0x4f, 0xfb, 0x0, 0x8,

    /* U+6C27 "氧" */
    0x10, 0x21, 0xff, 0x88, 0x10, 0x9f, 0xf, 0xfc,
    0x11, 0x20, 0x55, 0xf, 0xf8, 0x9, 0x41, 0xf3,
    0x3f, 0xe8, 0x10, 0x60, 0x80, 0x80,

    /* U+6C28 "氨" */
    0x20, 0x1, 0xff, 0x90, 0x11, 0x3f, 0x4f, 0xfc,
    0x24, 0x21, 0xfd, 0x1a, 0x28, 0xff, 0xc1, 0x12,
    0x9, 0x8, 0x38, 0x67, 0x31, 0x0,

    /* U+6C2E "氮" */
    0x10, 0x0, 0x7f, 0xe2, 0x2, 0x13, 0xf4, 0xbf,
    0xe0, 0x10, 0x81, 0x52, 0xa, 0xc8, 0x14, 0xa1,
    0xd2, 0x82, 0x51, 0xa, 0xe6, 0x30, 0xc8,

    /* U+6C2F "氯" */
    0x30, 0x1, 0x1, 0x97, 0xf1, 0x7f, 0xc7, 0xfc,
    0x1f, 0x20, 0x9, 0x3, 0xc8, 0x7f, 0xc2, 0x4a,
    0xa, 0x88, 0x7c, 0x65, 0x91, 0x0, 0x0,

    /* U+6C34 "水" */
    0x2, 0x0, 0x10, 0x0, 0x80, 0x4, 0x2f, 0xb2,
    0x5, 0xa0, 0x4e, 0x2, 0x50, 0x12, 0x41, 0x11,
    0x10, 0x8d, 0x4, 0x10, 0xe0, 0x0,

    /* U+6C38 "永" */
    0x8, 0x0, 0x30, 0x0, 0x40, 0x7c, 0x0, 0x23,
    0x1, 0x13, 0xef, 0x2, 0x60, 0x12, 0x81, 0x12,
    0x10, 0x89, 0x4, 0x30, 0x60, 0x0,

    /* U+6C41 "汁" */
    0x0, 0x81, 0x84, 0x4, 0x20, 0x1, 0x6, 0x88,
    0xb, 0xfc, 0x42, 0x2, 0x10, 0x20, 0x83, 0x4,
    0x8, 0x20, 0x41, 0x2, 0x8, 0x0,

    /* U+6C42 "求" */
    0x2, 0x0, 0x12, 0x0, 0x8d, 0xff, 0xf0, 0x20,
    0x9, 0x18, 0x2d, 0x0, 0x70, 0x6, 0x80, 0xd2,
    0x18, 0x88, 0x84, 0x20, 0xe0, 0x0,

    /* U+6C47 "汇" */
    0x0, 0x13, 0x3f, 0xc1, 0x0, 0x28, 0xe, 0x40,
    0x12, 0x0, 0x90, 0x8, 0x80, 0x44, 0x2, 0x20,
    0x11, 0x0, 0x8f, 0xf4, 0x0, 0x0,

    /* U+6C49 "汉" */
    0x0, 0x3, 0x7f, 0x89, 0x4, 0x8, 0x4d, 0x42,
    0x31, 0x10, 0x89, 0x4, 0x28, 0x41, 0x86, 0xc,
    0x10, 0x90, 0x88, 0x65, 0x81, 0x80,

    /* U+6C57 "汗" */
    0x0, 0x6, 0xff, 0x1, 0x0, 0x10, 0xd1, 0x2,
    0x11, 0x3f, 0xf2, 0x10, 0x41, 0xc, 0x10, 0x41,
    0x4, 0x10, 0x41, 0x0,

    /* U+6C5B "汛" */
    0x0, 0x23, 0x7f, 0x8, 0x88, 0x4, 0x4d, 0x22,
    0x31, 0x50, 0xbf, 0x84, 0x44, 0x42, 0x22, 0x11,
    0x10, 0x8c, 0x84, 0x34, 0x21, 0x80, 0x0,

    /* U+6C5E "汞" */
    0x0, 0x21, 0xff, 0x0, 0x80, 0x4, 0x2f, 0xff,
    0x81, 0x11, 0xe8, 0x81, 0x68, 0x12, 0x80, 0x92,
    0x8, 0x88, 0x84, 0x30, 0x60, 0x0,

    /* U+6C5F "江" */
    0x0, 0x0, 0xdf, 0xe1, 0x8, 0x2, 0x20, 0x70,
    0x80, 0x42, 0x3, 0x8, 0x8, 0x20, 0x20, 0x80,
    0x82, 0x2, 0x8, 0x8b, 0xff, 0x20, 0x0,

    /* U+6C60 "池" */
    0x0, 0x83, 0x24, 0x9, 0x24, 0x69, 0x6e, 0x5d,
    0x37, 0x49, 0x12, 0x48, 0x92, 0x44, 0xa6, 0x24,
    0x11, 0x22, 0x88, 0x14, 0x7f, 0x80,

    /* U+6C61 "污" */
    0x0, 0x23, 0x3f, 0x88, 0x0, 0x20, 0x2d, 0xff,
    0x91, 0x0, 0x90, 0x4, 0xfe, 0x40, 0x26, 0x1,
    0x10, 0x8, 0x80, 0x44, 0xc, 0x0,

    /* U+6C64 "汤" */
    0x0, 0x0, 0xcf, 0xc0, 0x2, 0x2, 0x30, 0x6b,
    0x8, 0xcf, 0xe1, 0xa, 0x84, 0x4a, 0x22, 0x49,
    0x91, 0x22, 0x88, 0x88, 0xc4, 0x24, 0x30,

    /* U+6C6A "汪" */
    0x0, 0x3, 0x7f, 0x88, 0x40, 0x2, 0xd, 0x10,
    0x30, 0x80, 0xbf, 0xc4, 0x20, 0x41, 0x6, 0x8,
    0x10, 0x40, 0x82, 0x25, 0xff, 0x80,

    /* U+6C70 "汰" */
    0x1, 0x3, 0x8, 0x0, 0x40, 0x22, 0x2d, 0xff,
    0x10, 0x80, 0x86, 0x8, 0x50, 0x42, 0x86, 0x12,
    0x11, 0x88, 0x93, 0x65, 0x9, 0x0,

    /* U+6C79 "汹" */
    0x40, 0x20, 0xd0, 0xa0, 0x54, 0x83, 0x32, 0x74,
    0x48, 0xd1, 0x21, 0x4c, 0x89, 0x2a, 0x25, 0x28,
    0x90, 0xa2, 0x40, 0x89, 0xfe, 0x20, 0x8,

    /* U+6C7D "汽" */
    0x1, 0x0, 0xc4, 0x20, 0x3f, 0xc0, 0x84, 0x6f,
    0xf8, 0x40, 0x1, 0x7f, 0x4, 0x4, 0x20, 0x11,
    0x80, 0x42, 0x1, 0x8, 0x3, 0x20, 0xc,

    /* U+6C83 "沃" */
    0x40, 0x1, 0x87, 0x87, 0xc0, 0x2, 0x7, 0x10,
    0x18, 0x88, 0xff, 0xe4, 0x20, 0x41, 0x86, 0x14,
    0x10, 0x90, 0x88, 0x45, 0x81, 0x80,

    /* U+6C88 "沈" */
    0x0, 0x81, 0x84, 0x5, 0x20, 0xf, 0xf6, 0xc8,
    0x96, 0x40, 0x43, 0x2, 0x18, 0x21, 0x43, 0xa,
    0x8, 0x90, 0x48, 0x92, 0x87, 0x80,

    /* U+6C89 "沉" */
    0x0, 0x0, 0xcf, 0xe1, 0x20, 0x81, 0x80, 0x69,
    0xe0, 0xc4, 0x81, 0x12, 0x4, 0x48, 0x21, 0x21,
    0x84, 0x82, 0x22, 0x9, 0xa, 0x28, 0x3c,

    /* U+6C90 "沐" */
    0x0, 0x0, 0xc2, 0x1, 0x8, 0x0, 0x22, 0x6f,
    0xf8, 0xc6, 0x1, 0x1c, 0x4, 0xa8, 0x22, 0xb1,
    0x92, 0x62, 0x88, 0x88, 0x20, 0x20, 0x80,

    /* U+6C99 "沙" */
    0x30, 0x40, 0x41, 0x0, 0x55, 0x12, 0x92, 0x2a,
    0x48, 0x51, 0x1, 0x4, 0x88, 0x14, 0x60, 0x30,
    0x81, 0x82, 0x8, 0x9, 0xc0,

    /* U+6C9B "沛" */
    0x0, 0x80, 0xc2, 0x1, 0xff, 0xc0, 0x20, 0x68,
    0x80, 0xdf, 0xe1, 0x48, 0x85, 0x22, 0x24, 0x89,
    0x92, 0x22, 0x49, 0x88, 0x20, 0x20, 0x80,

    /* U+6C9F "沟" */
    0x0, 0x0, 0x30, 0x19, 0x4, 0xf, 0xe0, 0x41,
    0x6c, 0x88, 0xc8, 0x44, 0x42, 0x24, 0x92, 0x24,
    0xb3, 0xd4, 0x80, 0xa4, 0x2, 0x20, 0x30,

    /* U+6CA1 "没" */
    0x0, 0x3, 0x3e, 0x9, 0x10, 0x28, 0x8d, 0x47,
    0x34, 0x0, 0xff, 0x85, 0x4, 0x44, 0x46, 0x14,
    0x10, 0x40, 0x85, 0xc5, 0xc3, 0x0,

    /* U+6CA5 "沥" */
    0x0, 0x13, 0x3f, 0xc1, 0x0, 0x9, 0xd, 0x49,
    0x13, 0xf8, 0x92, 0x44, 0x92, 0x44, 0x92, 0x48,
    0x92, 0x44, 0x94, 0x25, 0x42, 0x0,

    /* U+6CA6 "沦" */
    0x1, 0x3, 0x8, 0x2, 0xa0, 0x24, 0x8d, 0x46,
    0x16, 0x18, 0xd1, 0x4, 0x90, 0x45, 0x6, 0x30,
    0x11, 0x0, 0x88, 0x44, 0x7f, 0x0,

    /* U+6CA7 "沧" */
    0x1, 0x83, 0xc, 0x2, 0x90, 0x28, 0x4d, 0x83,
    0x17, 0xfc, 0xd0, 0x84, 0x84, 0x44, 0x26, 0x22,
    0x11, 0x0, 0x88, 0x24, 0x7f, 0x0,

    /* U+6CAA "沪" */
    0x1, 0x3, 0x4, 0x9, 0xfc, 0x8, 0x2d, 0x41,
    0x32, 0x8, 0x9f, 0xc4, 0x82, 0x44, 0x6, 0x60,
    0x12, 0x0, 0x90, 0x5, 0x0, 0x0,

    /* U+6CAB "沫" */
    0x30, 0x80, 0x42, 0x0, 0x7f, 0x98, 0x20, 0x38,
    0x80, 0x5f, 0xe1, 0x1c, 0x8, 0x70, 0x62, 0xa0,
    0x92, 0x62, 0x88, 0x88, 0x20,

    /* U+6CAE "沮" */
    0x0, 0x23, 0x3f, 0x1, 0x8, 0x8, 0x4d, 0x7e,
    0x32, 0x10, 0x90, 0x84, 0x84, 0x47, 0xe6, 0x21,
    0x11, 0x8, 0x88, 0x45, 0xff, 0x80,

    /* U+6CB3 "河" */
    0x0, 0x13, 0xff, 0x88, 0x8, 0x20, 0x4e, 0xfa,
    0x14, 0x50, 0xa2, 0x89, 0x14, 0x4f, 0xa6, 0x41,
    0x10, 0x8, 0x80, 0x44, 0x6, 0x0,

    /* U+6CB8 "沸" */
    0x2, 0x43, 0x12, 0xb, 0xfc, 0x4, 0xad, 0x25,
    0x17, 0xf8, 0xc9, 0x47, 0xfe, 0x42, 0x56, 0x12,
    0x91, 0x14, 0x88, 0xe5, 0x84, 0x0,

    /* U+6CB9 "油" */
    0x0, 0x83, 0x4, 0x0, 0x24, 0x1f, 0xed, 0x89,
    0x14, 0x48, 0xa2, 0x45, 0xfe, 0x48, 0x96, 0x44,
    0x92, 0x24, 0x9f, 0xe4, 0x81, 0x0,

    /* U+6CBB "治" */
    0x1, 0x83, 0x8, 0xa, 0xa0, 0x28, 0xcd, 0x81,
    0x17, 0xf8, 0x80, 0x84, 0xfc, 0x44, 0x22, 0x21,
    0x11, 0x8, 0x8f, 0xc4, 0x42, 0x0,

    /* U+6CBC "沼" */
    0x0, 0x1, 0xbf, 0xc4, 0x22, 0x1, 0x26, 0x91,
    0x19, 0x18, 0x50, 0x2, 0x7e, 0x22, 0x11, 0x10,
    0x88, 0x84, 0x47, 0xe2, 0x21, 0x0,

    /* U+6CBD "沽" */
    0x0, 0x83, 0x4, 0x8, 0x20, 0x1f, 0xfd, 0x8,
    0x10, 0x40, 0x82, 0x4, 0xfe, 0x44, 0x16, 0x20,
    0x91, 0x4, 0x8f, 0xe4, 0x41, 0x0,

    /* U+6CBE "沾" */
    0x1, 0x6, 0x10, 0x21, 0x1, 0x9f, 0xd1, 0x1,
    0x10, 0x21, 0x2, 0xfe, 0x48, 0x2c, 0x82, 0x48,
    0x24, 0xfe, 0x48, 0x20,

    /* U+6CBF "沿" */
    0x0, 0x0, 0xcf, 0x81, 0xa2, 0x4, 0x88, 0x76,
    0x20, 0x90, 0xe2, 0x80, 0x9, 0xfc, 0x44, 0x11,
    0x10, 0x44, 0x41, 0x11, 0xfc, 0x44, 0x10,

    /* U+6CC4 "泄" */
    0x89, 0x23, 0x49, 0x6, 0x48, 0x52, 0x4d, 0xff,
    0x94, 0x90, 0xa4, 0x89, 0x24, 0x49, 0xe2, 0x49,
    0x12, 0x0, 0x9f, 0xf4, 0x0, 0x0,

    /* U+6CC9 "泉" */
    0x2, 0x0, 0x11, 0xf, 0xf8, 0x40, 0x43, 0xfe,
    0x10, 0x10, 0xff, 0x81, 0x43, 0xfb, 0x30, 0x5a,
    0x4, 0xb0, 0x44, 0x44, 0x21, 0x82, 0x0,

    /* U+6CCA "泊" */
    0x0, 0x83, 0x4, 0x0, 0x44, 0xf, 0xed, 0x41,
    0x12, 0x8, 0x90, 0x44, 0xfe, 0x44, 0x16, 0x20,
    0x91, 0x4, 0x8f, 0xe4, 0x41, 0x0,

    /* U+6CCC "泌" */
    0x0, 0x0, 0x63, 0x0, 0x43, 0x60, 0x8, 0x86,
    0x91, 0x2, 0xa6, 0x5, 0x4a, 0xa, 0xa4, 0x2d,
    0x80, 0xc2, 0x0, 0x84, 0x21, 0x38, 0x42, 0x9f,
    0x80,

    /* U+6CD5 "法" */
    0x1, 0x3, 0x8, 0x0, 0x48, 0x1f, 0xed, 0x10,
    0x10, 0x88, 0xff, 0xe4, 0x20, 0x42, 0x6, 0x22,
    0x13, 0x8, 0x9f, 0xa4, 0x1, 0x0, 0x0,

    /* U+6CDB "泛" */
    0x0, 0x3, 0x7, 0x89, 0xc0, 0x2, 0xd, 0x0,
    0x17, 0xf8, 0x80, 0x84, 0x8, 0x41, 0x86, 0x10,
    0x13, 0x80, 0xa3, 0xf4, 0x0, 0x0,

    /* U+6CDE "泞" */
    0x40, 0x80, 0xc1, 0x0, 0x3f, 0xc3, 0x2, 0x74,
    0x8, 0x5f, 0xf1, 0x4, 0x8, 0x10, 0x20, 0x40,
    0x81, 0x2, 0x4, 0x8, 0x10, 0x20, 0xc0,

    /* U+6CE1 "泡" */
    0x43, 0x1, 0x90, 0x40, 0xfe, 0x18, 0x17, 0x7c,
    0x8a, 0x24, 0x51, 0x24, 0xf9, 0x24, 0x4b, 0x21,
    0x89, 0x0, 0x48, 0x12, 0x7f, 0x80,

    /* U+6CE2 "波" */
    0x0, 0x83, 0x4, 0x3, 0xfe, 0x31, 0x2e, 0x88,
    0x17, 0xf8, 0xa8, 0x49, 0x44, 0x49, 0x22, 0x46,
    0x14, 0x30, 0xa6, 0x64, 0xc1, 0x80,

    /* U+6CE3 "泣" */
    0x2, 0x3, 0x8, 0x0, 0x44, 0x3f, 0xee, 0x0,
    0x14, 0x10, 0x90, 0x88, 0x88, 0x42, 0x42, 0x14,
    0x10, 0xa4, 0xbf, 0xf4, 0x0, 0x0,

    /* U+6CE5 "泥" */
    0x0, 0x3, 0x7f, 0xca, 0x4, 0x10, 0x2d, 0xff,
    0x14, 0x8, 0xa4, 0x5, 0x26, 0x49, 0x46, 0x4c,
    0x12, 0x40, 0xa2, 0x15, 0x1f, 0x80,

    /* U+6CE8 "注" */
    0x4, 0x6, 0x30, 0x21, 0x0, 0xff, 0xd1, 0x6,
    0x10, 0x21, 0x22, 0xff, 0x41, 0xc, 0x10, 0x41,
    0x4, 0x11, 0x5f, 0xf0,

    /* U+6CEA "泪" */
    0x0, 0x13, 0x3f, 0xc9, 0x4, 0x8, 0x2d, 0x7f,
    0xa, 0x8, 0x90, 0x44, 0x82, 0x47, 0xf6, 0x20,
    0x91, 0x4, 0x8f, 0xe4, 0x41, 0x0,

    /* U+6CF0 "泰" */
    0x2, 0x0, 0x10, 0x9f, 0xfe, 0x8, 0x43, 0xbc,
    0x7f, 0xfc, 0x41, 0x4, 0x44, 0x4a, 0xd8, 0x38,
    0x6, 0xb0, 0x44, 0x40, 0x60, 0x0,

    /* U+6CF3 "泳" */
    0x1, 0x83, 0x2, 0x0, 0x20, 0xf, 0xd, 0x8,
    0x10, 0x4c, 0xbb, 0x84, 0x58, 0x44, 0xc6, 0x25,
    0x12, 0x24, 0xa1, 0x14, 0x18, 0x0,

    /* U+6CF5 "泵" */
    0x0, 0x17, 0xff, 0x82, 0x0, 0x3f, 0xc3, 0x2,
    0x6f, 0xf0, 0x40, 0x81, 0x46, 0xfa, 0x60, 0x5c,
    0x4, 0x90, 0xc4, 0x68, 0x60, 0x80,

    /* U+6CFB "泻" */
    0x0, 0x3, 0x3f, 0xca, 0x2, 0x14, 0x29, 0x3f,
    0x31, 0x0, 0x9f, 0xc4, 0x2, 0x40, 0x56, 0x7f,
    0x90, 0x4, 0x80, 0x44, 0x6, 0x0,

    /* U+6CFC "泼" */
    0x1, 0x83, 0x2a, 0x1, 0x48, 0x12, 0xd, 0xff,
    0x90, 0x80, 0x8f, 0xc4, 0x44, 0x45, 0x26, 0x2a,
    0x12, 0x20, 0xa2, 0xc4, 0x61, 0x80,

    /* U+6CFD "泽" */
    0x0, 0x10, 0xdf, 0xc1, 0xa3, 0x4, 0x88, 0x70,
    0xc0, 0x4d, 0xf1, 0x48, 0x9, 0xfc, 0x20, 0x88,
    0xbf, 0xe2, 0x8, 0x8, 0x20, 0x20, 0x80,

    /* U+6D01 "洁" */
    0x0, 0x6, 0x10, 0x1, 0x10, 0xff, 0xd1, 0x2,
    0x12, 0x26, 0xc4, 0x7e, 0x44, 0x24, 0x42, 0x44,
    0x24, 0x7e, 0x44, 0x20,

    /* U+6D0B "洋" */
    0x4, 0x18, 0xcc, 0x41, 0x12, 0x3, 0xff, 0x50,
    0x40, 0xc1, 0x21, 0x3f, 0xc8, 0x10, 0x20, 0x41,
    0x9f, 0xf2, 0x4, 0x8, 0x10, 0x20, 0x40,

    /* U+6D12 "洒" */
    0x40, 0x8, 0xff, 0xf0, 0x14, 0x1, 0xfe, 0x6d,
    0x48, 0x55, 0x21, 0x54, 0x85, 0x52, 0x26, 0x79,
    0x98, 0x22, 0x40, 0x89, 0xfe, 0x24, 0x8,

    /* U+6D17 "洗" */
    0x0, 0x40, 0xc9, 0x0, 0x24, 0x21, 0xfe, 0x6c,
    0x40, 0x41, 0x21, 0xff, 0x84, 0xc8, 0x23, 0x21,
    0x8c, 0x82, 0x22, 0x9, 0xa, 0x28, 0x3c,

    /* U+6D1B "洛" */
    0x1, 0x0, 0xc4, 0x0, 0x1f, 0x0, 0xc4, 0x6d,
    0x20, 0x43, 0x1, 0xb, 0x4, 0xc2, 0x27, 0xf1,
    0x88, 0x42, 0x21, 0x8, 0xfc, 0x22, 0x10,

    /* U+6D1E "洞" */
    0x0, 0x0, 0xdf, 0xf0, 0x42, 0x83, 0x7e, 0x74,
    0x8, 0x57, 0xa1, 0x52, 0x85, 0x4a, 0x25, 0x29,
    0x97, 0xa2, 0x52, 0x89, 0x2, 0x24, 0x18,

    /* U+6D25 "津" */
    0x0, 0x80, 0xc2, 0x1, 0x7f, 0x2, 0x24, 0x77,
    0xfc, 0x42, 0x41, 0x7f, 0x4, 0x24, 0x27, 0xf9,
    0x82, 0x22, 0xff, 0xc8, 0x20, 0x20, 0x80,

    /* U+6D2A "洪" */
    0x2, 0x43, 0x12, 0x8, 0x94, 0x1f, 0xed, 0x24,
    0x11, 0x20, 0x89, 0x4, 0x4a, 0x5f, 0xfa, 0x4,
    0x10, 0x98, 0x88, 0x64, 0x81, 0x0, 0x0,

    /* U+6D32 "洲" */
    0x80, 0x3, 0x24, 0x81, 0x24, 0x9, 0x2e, 0x49,
    0x13, 0x69, 0x5a, 0xca, 0x92, 0x44, 0x96, 0x24,
    0x92, 0x24, 0xa1, 0x26, 0x1, 0x0,

    /* U+6D3B "活" */
    0x0, 0xe7, 0xf0, 0x21, 0x1, 0x10, 0xdf, 0xf2,
    0x10, 0x21, 0x4, 0xfe, 0x48, 0x24, 0x82, 0x48,
    0x24, 0xfe, 0x48, 0x20,

    /* U+6D3C "洼" */
    0x0, 0x81, 0x84, 0x85, 0xfc, 0x1, 0x4, 0x88,
    0x1b, 0xfc, 0x42, 0x2, 0x12, 0x27, 0xfb, 0x4,
    0x8, 0x20, 0x41, 0x12, 0xff, 0x80,

    /* U+6D3D "洽" */
    0x1, 0x83, 0xc, 0x8, 0x90, 0x28, 0x4e, 0x47,
    0xb5, 0xf8, 0x80, 0x8, 0xfc, 0x44, 0x22, 0x21,
    0x11, 0x8, 0x8f, 0xc4, 0x42, 0x0,

    /* U+6D3E "派" */
    0x0, 0x23, 0x5e, 0x3, 0x8, 0x17, 0x8d, 0xa8,
    0x15, 0x58, 0xab, 0x5, 0x50, 0x4a, 0x42, 0x52,
    0x14, 0x88, 0xa6, 0x64, 0x21, 0x0,

    /* U+6D41 "流" */
    0x2, 0x3, 0x8, 0xb, 0xfe, 0x3, 0xd, 0x22,
    0x17, 0xe8, 0x80, 0x4, 0xa4, 0x45, 0x26, 0x29,
    0x11, 0x48, 0x92, 0x55, 0x13, 0x80,

    /* U+6D45 "浅" */
    0x40, 0x80, 0xc3, 0x81, 0xa, 0x2, 0x2e, 0x6f,
    0xc0, 0xc2, 0x1, 0xb, 0xc5, 0xd3, 0x20, 0x59,
    0x81, 0xc2, 0x6, 0x8, 0x67, 0x26, 0xc,

    /* U+6D46 "浆" */
    0x9, 0x2, 0x48, 0xa, 0xfc, 0x14, 0x61, 0xd6,
    0x34, 0x40, 0x3c, 0x0, 0x46, 0x7b, 0x60, 0x54,
    0x4, 0xa0, 0x44, 0xc4, 0xe1, 0x80,

    /* U+6D47 "浇" */
    0x2, 0x0, 0x20, 0x62, 0x60, 0xfa, 0x11, 0xce,
    0x18, 0x2e, 0x72, 0x2, 0x5f, 0xf4, 0x28, 0xc2,
    0x84, 0x48, 0x44, 0x94, 0x8f,

    /* U+6D4A "浊" */
    0x1, 0x1, 0x84, 0x2, 0x11, 0x7, 0xfc, 0xe9,
    0x10, 0xa4, 0x42, 0x91, 0x13, 0xfc, 0x49, 0x3,
    0x4, 0x84, 0x11, 0x10, 0xfc, 0x5c, 0x8, 0x0,
    0x0,

    /* U+6D4B "测" */
    0x81, 0x16, 0xf1, 0x9, 0x51, 0x95, 0xad, 0x52,
    0xd5, 0x2d, 0x54, 0xd5, 0x4d, 0x5c, 0x45, 0x47,
    0x14, 0x91, 0x50, 0x30,

    /* U+6D4E "济" */
    0x1, 0x3, 0x4, 0x83, 0xfe, 0x4, 0x8d, 0x28,
    0x10, 0xc0, 0x8d, 0xe7, 0xc8, 0x42, 0x46, 0x12,
    0x10, 0x90, 0x88, 0x84, 0x84, 0x0,

    /* U+6D51 "浑" */
    0x0, 0x3, 0x3f, 0xc2, 0x44, 0x4, 0x2a, 0xff,
    0xb1, 0x1, 0x12, 0x9, 0xfe, 0x40, 0x82, 0xff,
    0xd0, 0x20, 0x81, 0x4, 0x8, 0x0,

    /* U+6D53 "浓" */
    0x0, 0x4, 0x4, 0x18, 0x20, 0xf, 0xf1, 0x91,
    0x74, 0xc0, 0x8a, 0x44, 0x56, 0x46, 0x42, 0x52,
    0x14, 0x88, 0x84, 0x64, 0x31, 0xa1, 0x0,

    /* U+6D59 "浙" */
    0x84, 0x33, 0x26, 0x1, 0x20, 0x3f, 0xa, 0x49,
    0x12, 0x7c, 0x96, 0x88, 0xd4, 0x5c, 0xa6, 0x25,
    0x11, 0x48, 0x8a, 0x44, 0xe2, 0x0,

    /* U+6D66 "浦" */
    0x80, 0x83, 0x7, 0x7, 0xfe, 0x1, 0xd, 0xff,
    0x14, 0x48, 0xa2, 0x45, 0xfe, 0x48, 0x96, 0x7f,
    0x92, 0x24, 0x91, 0x24, 0x8b, 0x0,

    /* U+6D69 "浩" */
    0x0, 0x83, 0x24, 0x9, 0x24, 0xf, 0xfd, 0x88,
    0x10, 0x44, 0xff, 0xe4, 0x0, 0x47, 0xf6, 0x20,
    0x91, 0x4, 0x8f, 0xe4, 0x41, 0x0,

    /* U+6D6A "浪" */
    0x2, 0x3, 0x9, 0xb, 0xf8, 0x10, 0x4d, 0xfe,
    0x34, 0x10, 0xbf, 0x85, 0x40, 0x49, 0x32, 0x46,
    0x12, 0x10, 0x9c, 0x44, 0x81, 0x0,

    /* U+6D6E "浮" */
    0x0, 0x31, 0xfe, 0x5, 0x44, 0x19, 0x47, 0x0,
    0xb, 0xf8, 0x40, 0x84, 0x19, 0x2f, 0xfb, 0x4,
    0x8, 0x20, 0x41, 0x2, 0x18, 0x0,

    /* U+6D74 "浴" */
    0x2, 0x3, 0x23, 0xa, 0x6c, 0x43, 0x2e, 0x24,
    0x12, 0x11, 0x20, 0xea, 0xfc, 0x44, 0x22, 0x21,
    0x11, 0x8, 0x8f, 0xc4, 0x42, 0x0,

    /* U+6D77 "海" */
    0x86, 0x3, 0x20, 0x81, 0xfe, 0x30, 0xe, 0xfe,
    0xa, 0x90, 0x90, 0x8b, 0xff, 0x49, 0x22, 0x49,
    0x93, 0xfc, 0x80, 0x84, 0xc, 0x0,

    /* U+6D78 "浸" */
    0x40, 0x0, 0xcf, 0xc0, 0x1, 0x0, 0x7c, 0x6b,
    0xf0, 0x40, 0x1, 0x7f, 0x85, 0x6, 0x2f, 0xf1,
    0x88, 0x82, 0x14, 0x8, 0x70, 0x26, 0x38,

    /* U+6D82 "涂" */
    0x0, 0x0, 0x6, 0x3, 0x14, 0x4, 0x88, 0x4,
    0x19, 0xaf, 0xa3, 0x8, 0x4, 0x20, 0x1f, 0xf8,
    0x82, 0x6, 0x2b, 0x9, 0x26, 0x28, 0x88, 0x86,
    0x0,

    /* U+6D88 "消" */
    0x1, 0x26, 0x92, 0x25, 0x41, 0x30, 0xdf, 0xe2,
    0x82, 0x28, 0x22, 0xfe, 0x48, 0x2c, 0xfe, 0x48,
    0x24, 0x82, 0x48, 0x60,

    /* U+6D89 "涉" */
    0x0, 0x83, 0x24, 0x81, 0x3c, 0x29, 0xd, 0x48,
    0xf, 0xfc, 0x82, 0x4, 0xd2, 0x48, 0x96, 0x85,
    0x10, 0x10, 0x81, 0x4, 0xf0, 0x0,

    /* U+6D8C "涌" */
    0x0, 0x0, 0xdf, 0xe0, 0x1, 0x2, 0x38, 0x6f,
    0xf8, 0x51, 0x21, 0x7f, 0x85, 0x12, 0x24, 0x49,
    0x9f, 0xe2, 0x44, 0x89, 0x12, 0x24, 0x58,

    /* U+6D8E "涎" */
    0x40, 0x10, 0xf1, 0xe0, 0x5c, 0x6, 0x10, 0x69,
    0x50, 0xbd, 0xe2, 0x54, 0x11, 0x50, 0x55, 0x41,
    0x37, 0xe4, 0x80, 0x13, 0x80, 0x51, 0xf8,

    /* U+6D95 "涕" */
    0x0, 0x1, 0x10, 0xc3, 0x22, 0x1, 0xfe, 0x0,
    0x89, 0xa2, 0x23, 0x7f, 0x85, 0x20, 0x17, 0xfc,
    0x86, 0x16, 0x18, 0x48, 0xa2, 0x24, 0x98, 0x82,
    0x0,

    /* U+6D9B "涛" */
    0x1, 0x3, 0x8, 0x8b, 0xfe, 0x4, 0xd, 0xff,
    0x11, 0x4, 0xff, 0xe4, 0x84, 0x47, 0xfa, 0x51,
    0x14, 0x48, 0x80, 0x44, 0xe, 0x0,

    /* U+6D9D "涝" */
    0x2, 0x43, 0x12, 0x83, 0xfe, 0x4, 0x8f, 0xff,
    0x14, 0x88, 0x84, 0x9, 0xfe, 0x41, 0x26, 0x11,
    0x10, 0x88, 0x88, 0x45, 0x8c, 0x0,

    /* U+6DA1 "涡" */
    0x0, 0x6, 0x7e, 0x24, 0x20, 0x42, 0xd7, 0xe2,
    0x8, 0x2f, 0xf2, 0x89, 0x49, 0x9c, 0x97, 0x4a,
    0x34, 0x81, 0x48, 0x30,

    /* U+6DA3 "涣" */
    0x0, 0x3, 0x30, 0x1, 0xf0, 0x31, 0xe, 0xfe,
    0x14, 0x90, 0xa4, 0x85, 0x26, 0x5f, 0xfe, 0x18,
    0x10, 0xa0, 0x88, 0xc5, 0x81, 0x0,

    /* U+6DA4 "涤" */
    0x0, 0x0, 0x10, 0x18, 0xfc, 0x1c, 0x41, 0x62,
    0x6c, 0xe0, 0x45, 0x84, 0xd3, 0x28, 0x92, 0x7f,
    0xd0, 0x30, 0x89, 0x64, 0x89, 0x20, 0xc0,

    /* U+6DA6 "润" */
    0x44, 0x0, 0xcf, 0xe1, 0x50, 0x81, 0xa, 0x77,
    0xf8, 0x92, 0xa2, 0x5e, 0x89, 0x22, 0x64, 0x88,
    0x9f, 0xe2, 0x40, 0x89, 0x2, 0x24, 0x18,

    /* U+6DA7 "涧" */
    0x4, 0x0, 0xcd, 0xe1, 0x50, 0x83, 0x2, 0x75,
    0xe8, 0x54, 0xa1, 0x5e, 0x85, 0x4a, 0x25, 0x29,
    0x97, 0xa2, 0x50, 0x89, 0x2, 0x24, 0x18,

    /* U+6DA8 "涨" */
    0x40, 0x60, 0xbd, 0x0, 0x14, 0x80, 0x54, 0x4f,
    0x60, 0x61, 0x2, 0x87, 0x8b, 0xd8, 0x21, 0x51,
    0x85, 0x42, 0x14, 0x88, 0x5b, 0x26, 0x44,

    /* U+6DA9 "涩" */
    0x0, 0x13, 0x3f, 0x88, 0x24, 0x2b, 0x2d, 0x51,
    0x31, 0x10, 0xb2, 0x8, 0x90, 0x44, 0xf6, 0x24,
    0x11, 0x20, 0x89, 0x5, 0xff, 0x80,

    /* U+6DAE "涮" */
    0x80, 0x12, 0x7c, 0x82, 0x24, 0x1f, 0xa8, 0x85,
    0x15, 0x28, 0xbf, 0x45, 0xda, 0x4e, 0xd6, 0x76,
    0x95, 0xa4, 0xad, 0x24, 0x23, 0x0,

    /* U+6DAF "涯" */
    0x40, 0x8, 0xdf, 0xf0, 0x44, 0x3, 0x10, 0x6d,
    0xf8, 0x51, 0x21, 0x7f, 0xc9, 0x10, 0x24, 0x49,
    0x9f, 0xf2, 0x84, 0xa, 0x12, 0x23, 0xfc,

    /* U+6DB2 "液" */
    0x41, 0x0, 0xc2, 0x20, 0xff, 0xc2, 0x90, 0x72,
    0xf8, 0x52, 0x21, 0x4d, 0xf, 0x64, 0x34, 0xa0,
    0x91, 0x82, 0x46, 0x9, 0x24, 0x25, 0x8,

    /* U+6DB5 "涵" */
    0x80, 0x3, 0x3f, 0x84, 0x8, 0x41, 0x8e, 0xeb,
    0x15, 0x68, 0xa3, 0x49, 0x76, 0x48, 0xb2, 0x44,
    0x92, 0x44, 0xbf, 0xe4, 0x1, 0x0,

    /* U+6DC0 "淀" */
    0x1, 0x3, 0x4, 0x9, 0xfc, 0x10, 0x2d, 0x80,
    0x37, 0xf8, 0x82, 0x4, 0x90, 0x44, 0xf2, 0x24,
    0x13, 0x20, 0x95, 0x5, 0x1f, 0x0,

    /* U+6DC6 "淆" */
    0x40, 0x0, 0xc5, 0x80, 0xe, 0x2, 0xc4, 0x71,
    0x8, 0xbf, 0xf1, 0x20, 0x8, 0xfc, 0x2f, 0xf1,
    0x88, 0x42, 0x3f, 0x8, 0x84, 0x22, 0x30,

    /* U+6DCB "淋" */
    0x44, 0x41, 0xa2, 0x5, 0x14, 0x3f, 0xf6, 0x44,
    0x16, 0x70, 0xbf, 0x89, 0xac, 0x55, 0x52, 0x22,
    0x51, 0x10, 0x88, 0x84, 0x44, 0x0,

    /* U+6DCC "淌" */
    0x1, 0x83, 0x4c, 0x8d, 0x68, 0x47, 0x8e, 0xc3,
    0x94, 0x9, 0x2f, 0x49, 0x4a, 0x4a, 0x52, 0x5e,
    0x92, 0x94, 0x90, 0x24, 0x83, 0x0,

    /* U+6DD1 "淑" */
    0x44, 0x0, 0xd3, 0xf0, 0x54, 0x85, 0xf2, 0x64,
    0x48, 0x7f, 0x22, 0x44, 0x89, 0x8c, 0x55, 0x33,
    0x54, 0xc4, 0x43, 0x11, 0x32, 0x4d, 0xc,

    /* U+6DD8 "淘" */
    0x41, 0x0, 0xc8, 0x20, 0x3f, 0x83, 0x42, 0x6a,
    0x28, 0x57, 0x21, 0xff, 0x88, 0x22, 0x24, 0xa8,
    0x92, 0xa2, 0x7e, 0x88, 0x2, 0x20, 0x30,

    /* U+6DE1 "淡" */
    0x0, 0x40, 0x60, 0x90, 0x9, 0x20, 0x12, 0x86,
    0x8b, 0x2, 0x21, 0x87, 0x91, 0x9, 0x26, 0x22,
    0x58, 0xc9, 0x40, 0x82, 0xc1, 0x8, 0xc2, 0x60,
    0x40,

    /* U+6DE4 "淤" */
    0x44, 0x18, 0xc8, 0x40, 0x21, 0x83, 0xfa, 0x4c,
    0x24, 0xde, 0x11, 0x4a, 0x5, 0x24, 0x24, 0x91,
    0x93, 0x2, 0x8a, 0xa, 0x24, 0x23, 0x10,

    /* U+6DEB "淫" */
    0x80, 0x13, 0xf, 0x1, 0x84, 0xa, 0x2d, 0x32,
    0x10, 0x8, 0x8f, 0x84, 0x90, 0x40, 0x8e, 0x7f,
    0xd0, 0x20, 0x81, 0x4, 0xff, 0x80,

    /* U+6DEE "淮" */
    0x1, 0x80, 0xc5, 0x1, 0x24, 0x82, 0xfe, 0x72,
    0x40, 0xd9, 0x1, 0xbf, 0x88, 0x90, 0x23, 0xf8,
    0x89, 0x2, 0x24, 0x88, 0xff, 0x22, 0x0,

    /* U+6DF1 "深" */
    0x0, 0x1, 0x9f, 0xe2, 0x81, 0x86, 0xd0, 0xe2,
    0xa0, 0xb2, 0x2, 0xff, 0x90, 0x70, 0x43, 0xc1,
    0xa, 0x84, 0x49, 0x96, 0x22, 0x40, 0x80,

    /* U+6DF3 "淳" */
    0x2, 0x3, 0x8, 0x81, 0xb8, 0x2f, 0xce, 0x42,
    0x33, 0xf0, 0x80, 0x9, 0xfc, 0x41, 0x92, 0xff,
    0xd0, 0x40, 0x82, 0x4, 0x30, 0x0,

    /* U+6DF7 "混" */
    0x0, 0x3, 0x3f, 0x9, 0x8, 0x2f, 0xcd, 0x42,
    0x13, 0xf0, 0x80, 0x4, 0x92, 0x47, 0xa6, 0x26,
    0x11, 0x20, 0x8f, 0x24, 0xcf, 0x80,

    /* U+6DF9 "淹" */
    0x41, 0x80, 0xc4, 0x20, 0xff, 0xc0, 0x90, 0x74,
    0xb0, 0x5f, 0xf2, 0x49, 0x9, 0xfc, 0x24, 0x90,
    0x9f, 0xc2, 0x49, 0x8, 0x22, 0x20, 0xf8,

    /* U+6DFB "添" */
    0x80, 0x13, 0x7f, 0x80, 0x40, 0x2, 0xd, 0xff,
    0x91, 0x20, 0x90, 0x85, 0x23, 0x41, 0x26, 0x4c,
    0x96, 0x54, 0x82, 0x4, 0x30, 0x0,

    /* U+6E05 "清" */
    0x0, 0x81, 0xbf, 0xc0, 0x24, 0x7, 0xf6, 0x88,
    0x99, 0xb8, 0x4f, 0xc2, 0x42, 0x23, 0xf3, 0x10,
    0x88, 0xfc, 0x44, 0x22, 0x23, 0x0,

    /* U+6E0A "渊" */
    0x88, 0x92, 0x65, 0x82, 0xb4, 0x33, 0xae, 0x89,
    0x17, 0xf8, 0xa2, 0x4d, 0x3a, 0x49, 0xb6, 0x55,
    0x95, 0x24, 0xb1, 0x24, 0x9, 0x0,

    /* U+6E10 "渐" */
    0x42, 0xc, 0x48, 0xe0, 0x3f, 0x0, 0x62, 0x5,
    0xa4, 0x43, 0x4f, 0x7, 0xf2, 0x11, 0x24, 0x22,
    0xc8, 0xde, 0x90, 0xaa, 0x21, 0x14, 0x42, 0x30,
    0x80,

    /* U+6E14 "渔" */
    0x0, 0x80, 0xc7, 0xc1, 0x92, 0x2, 0x90, 0x73,
    0xf8, 0xd9, 0x21, 0x24, 0x88, 0xfe, 0x22, 0x48,
    0x8f, 0xe2, 0x20, 0x88, 0x2, 0x27, 0xfc,

    /* U+6E17 "渗" */
    0x1, 0x83, 0x18, 0x1, 0xc, 0xf, 0xa9, 0x10,
    0x37, 0xfc, 0x89, 0x4, 0xb6, 0x5a, 0x4e, 0x24,
    0x12, 0xcc, 0x99, 0x84, 0xf0, 0x0,

    /* U+6E20 "渠" */
    0x0, 0x1, 0x3f, 0x87, 0x0, 0xaf, 0xc2, 0x7e,
    0x32, 0x18, 0x9f, 0xe4, 0x42, 0xff, 0xf8, 0x78,
    0x6, 0xa0, 0x44, 0xec, 0x20, 0x0,

    /* U+6E21 "渡" */
    0x40, 0x80, 0xc1, 0x10, 0x7f, 0xc1, 0x24, 0x6f,
    0xfc, 0x52, 0x41, 0x4f, 0x5, 0x26, 0x25, 0xf8,
    0x94, 0x42, 0x4b, 0xa, 0x18, 0x3b, 0x9c,

    /* U+6E23 "渣" */
    0x40, 0x80, 0xc2, 0x20, 0x7f, 0xc0, 0x70, 0x6a,
    0xb0, 0xd2, 0x21, 0x3f, 0x4, 0x84, 0x23, 0xf1,
    0x88, 0x42, 0x3f, 0x8, 0x84, 0x2f, 0xfc,

    /* U+6E24 "渤" */
    0x44, 0x20, 0x94, 0x81, 0xfa, 0x1, 0xa, 0x5f,
    0xb8, 0x44, 0xa3, 0xf2, 0x88, 0x8a, 0x44, 0x4b,
    0x7d, 0x24, 0x48, 0x91, 0x24, 0xcf, 0x30,

    /* U+6E29 "温" */
    0x40, 0x1, 0xbf, 0x2, 0x8, 0xf, 0xc7, 0x82,
    0x13, 0xf0, 0x80, 0x5, 0xfe, 0x4a, 0xa6, 0x55,
    0x12, 0xa8, 0x95, 0x45, 0xff, 0x80,

    /* U+6E2F "港" */
    0x41, 0x20, 0xc4, 0xa0, 0xff, 0xe0, 0x48, 0x69,
    0x28, 0x3f, 0xf1, 0x22, 0x4, 0xfc, 0x26, 0x2d,
    0x8f, 0x82, 0x20, 0x8, 0x84, 0x23, 0xf8,

    /* U+6E32 "渲" */
    0x82, 0x3, 0x8, 0x3, 0xfc, 0x30, 0x2e, 0xfe,
    0x10, 0x0, 0x9f, 0x84, 0x84, 0x47, 0xe2, 0x21,
    0x11, 0xf8, 0x80, 0x24, 0xff, 0x80,

    /* U+6E34 "渴" */
    0x40, 0x11, 0x9f, 0x81, 0x84, 0x17, 0xe6, 0xa1,
    0x9, 0xf0, 0x47, 0xe2, 0x49, 0x26, 0x8b, 0x17,
    0x48, 0xca, 0x47, 0xe2, 0x3, 0x0,

    /* U+6E38 "游" */
    0x90, 0x41, 0x21, 0x21, 0xf7, 0x82, 0x20, 0xc8,
    0x78, 0xbc, 0x42, 0xa2, 0x12, 0x8a, 0x4a, 0xf9,
    0x28, 0x85, 0x22, 0x14, 0x88, 0x46, 0x60,

    /* U+6E3A "渺" */
    0x40, 0x20, 0xbc, 0x80, 0x92, 0x2, 0x6a, 0x4f,
    0xa8, 0x66, 0xa1, 0x9a, 0xb, 0xc8, 0x29, 0x28,
    0xa4, 0x42, 0xf2, 0xa, 0x50, 0x21, 0x80,

    /* U+6E43 "湃" */
    0x41, 0x8, 0xdb, 0xf0, 0x22, 0x0, 0x8a, 0x72,
    0x78, 0x5c, 0xa2, 0x27, 0x88, 0x88, 0x27, 0x29,
    0x8b, 0xf2, 0x42, 0x9, 0x8, 0x28, 0x20,

    /* U+6E56 "湖" */
    0x42, 0x1, 0xa3, 0x81, 0x14, 0x2b, 0xa6, 0xe7,
    0x12, 0x28, 0xb5, 0x49, 0x6e, 0x49, 0x52, 0x4a,
    0x93, 0xf4, 0x91, 0x24, 0x13, 0x0,

    /* U+6E58 "湘" */
    0x44, 0x1, 0xa7, 0x81, 0x24, 0x3f, 0x26, 0x4f,
    0x16, 0x48, 0xbe, 0x45, 0xb2, 0x54, 0xf7, 0x24,
    0x91, 0x24, 0x89, 0xe4, 0x49, 0x0,

    /* U+6E7E "湾" */
    0x82, 0x3, 0x8, 0x7, 0xfc, 0x5, 0x4d, 0xa9,
    0x19, 0x40, 0xbf, 0x4, 0x4, 0x4f, 0xe2, 0x40,
    0x13, 0xfc, 0x80, 0x44, 0xe, 0x0,

    /* U+6E7F "湿" */
    0x40, 0x8, 0xdf, 0xe0, 0x40, 0x81, 0xfe, 0x6c,
    0x8, 0x5f, 0xe1, 0x40, 0x84, 0x48, 0x29, 0x2d,
    0x94, 0xa2, 0x53, 0x8, 0x49, 0x2f, 0xfc,

    /* U+6E83 "溃" */
    0x1, 0x3, 0x7f, 0x2, 0x48, 0x3f, 0xce, 0x11,
    0x17, 0x70, 0xbf, 0x89, 0x4, 0x49, 0x22, 0x49,
    0x12, 0xe8, 0x84, 0xc4, 0xc1, 0x0,

    /* U+6E85 "溅" */
    0x40, 0x20, 0xbe, 0xe0, 0x8a, 0x82, 0xaa, 0x5a,
    0xf0, 0x6a, 0xa2, 0xab, 0x8a, 0xaa, 0x2a, 0xa9,
    0x88, 0x42, 0x53, 0x9, 0x16, 0x38, 0x8,

    /* U+6E89 "溉" */
    0x0, 0x1, 0x9f, 0xf0, 0x55, 0x3, 0xd4, 0x55,
    0x50, 0x55, 0xf1, 0x72, 0x9, 0x8, 0x25, 0x31,
    0x95, 0x42, 0x6d, 0x49, 0x25, 0x21, 0x1c,

    /* U+6E90 "源" */
    0x80, 0x13, 0x7f, 0xc2, 0x20, 0x17, 0xee, 0xc1,
    0x15, 0xf8, 0xb0, 0x49, 0x7e, 0x48, 0x86, 0x95,
    0x15, 0x24, 0xa9, 0x26, 0x18, 0x0,

    /* U+6E9C "溜" */
    0x82, 0x6, 0xdf, 0x8, 0x90, 0xaa, 0xea, 0xa2,
    0xd6, 0x42, 0x24, 0xfe, 0x49, 0x2c, 0xfe, 0x49,
    0x24, 0xfe, 0x48, 0x20,

    /* U+6EA2 "溢" */
    0x8, 0x63, 0x22, 0x1, 0x20, 0x1f, 0xee, 0x8,
    0x13, 0x31, 0x60, 0x49, 0xfc, 0x4a, 0xa6, 0x55,
    0x12, 0xa8, 0x95, 0x65, 0xff, 0x80,

    /* U+6EAA "溪" */
    0x0, 0x23, 0x7e, 0x2, 0x48, 0x28, 0x8e, 0x30,
    0x17, 0xf1, 0x8, 0x89, 0xfa, 0x41, 0x16, 0xff,
    0xd0, 0xa0, 0x8c, 0x84, 0x81, 0x0,

    /* U+6EAF "溯" */
    0x41, 0x0, 0x99, 0xe0, 0x64, 0x83, 0xf2, 0x6d,
    0x78, 0xb5, 0x22, 0xd4, 0x93, 0x52, 0x4f, 0x79,
    0x11, 0x24, 0x48, 0x92, 0x42, 0x51, 0x18,

    /* U+6EB6 "溶" */
    0x1, 0x3, 0x8, 0xb, 0xfe, 0x11, 0x2e, 0x26,
    0x12, 0xd9, 0x2a, 0x8, 0x8e, 0x5f, 0xfe, 0x21,
    0x11, 0x8, 0x88, 0x44, 0x7e, 0x0,

    /* U+6EBA "溺" */
    0x40, 0x1, 0xff, 0x80, 0x44, 0x3f, 0xe6, 0x99,
    0x14, 0x48, 0xbf, 0xc5, 0x2a, 0x45, 0x36, 0x19,
    0x93, 0x74, 0x82, 0x24, 0x62, 0x0,

    /* U+6ECB "滋" */
    0x8, 0x3, 0x23, 0x8, 0x94, 0x1f, 0xfd, 0x42,
    0x32, 0x20, 0xa5, 0x45, 0x54, 0x46, 0xe6, 0x33,
    0x12, 0x94, 0x93, 0x24, 0x7f, 0x0, 0x0,

    /* U+6ED1 "滑" */
    0x7, 0xf3, 0x21, 0x1, 0xe8, 0x9, 0x4d, 0xff,
    0x88, 0x8, 0xdf, 0xc4, 0x84, 0x47, 0xe6, 0x21,
    0x11, 0xf8, 0x88, 0x44, 0x46, 0x0,

    /* U+6ED3 "滓" */
    0x81, 0x2, 0x8, 0x83, 0xfc, 0x32, 0x4c, 0xff,
    0x32, 0x20, 0x89, 0x4b, 0xfe, 0x41, 0x2, 0x7f,
    0x90, 0x40, 0x82, 0x4, 0x10, 0x0,

    /* U+6ED4 "滔" */
    0x0, 0x66, 0xf8, 0x29, 0x20, 0x54, 0xe4, 0x46,
    0x30, 0x4c, 0xe4, 0xa2, 0x4e, 0xec, 0x82, 0x48,
    0x24, 0xfe, 0x48, 0x20,

    /* U+6EDA "滚" */
    0x82, 0x1, 0x84, 0x20, 0xff, 0x80, 0x88, 0xd6,
    0x90, 0xb4, 0x42, 0x22, 0x9, 0xf4, 0x41, 0x81,
    0xa, 0x44, 0xe6, 0x10, 0x8c, 0x43, 0x8,

    /* U+6EDE "滞" */
    0x42, 0x90, 0x8a, 0x40, 0xff, 0xc0, 0xa4, 0x52,
    0x0, 0x5f, 0xf2, 0xc8, 0x8b, 0xfe, 0x26, 0x91,
    0x9a, 0x42, 0x69, 0x9, 0xac, 0x20, 0x80,

    /* U+6EE1 "满" */
    0x2, 0x43, 0x12, 0x83, 0xfe, 0x4, 0x8d, 0xff,
    0x91, 0x41, 0x3f, 0xc9, 0x52, 0x4a, 0xd6, 0x6e,
    0x93, 0x54, 0x90, 0x24, 0x83, 0x0,

    /* U+6EE4 "滤" */
    0x40, 0x40, 0xc1, 0xe1, 0x4, 0x1, 0xfe, 0x6c,
    0x40, 0xd1, 0xe1, 0x5c, 0x5, 0x1e, 0x24, 0x41,
    0x9a, 0xa2, 0x6a, 0x8b, 0x24, 0x30, 0xf8,

    /* U+6EE5 "滥" */
    0x41, 0x0, 0xd5, 0x0, 0x54, 0x83, 0x5f, 0x75,
    0x50, 0xd5, 0x42, 0x0, 0x9, 0xfc, 0x25, 0x51,
    0x95, 0x42, 0x55, 0x9, 0x56, 0x2f, 0xfc,

    /* U+6EE8 "滨" */
    0x41, 0x0, 0xc2, 0x0, 0x3f, 0xc3, 0x82, 0x76,
    0x70, 0x4e, 0x21, 0x3f, 0xc8, 0xc8, 0x23, 0x21,
    0xbf, 0xf2, 0x2, 0x8, 0xc4, 0x2c, 0x8,

    /* U+6EE9 "滩" */
    0x0, 0x40, 0x8a, 0x80, 0x68, 0x80, 0xbe, 0x72,
    0xa0, 0x6e, 0x82, 0x4f, 0x89, 0x28, 0x2a, 0xf9,
    0xaa, 0x82, 0xa, 0x88, 0x3f, 0x20, 0x80,

    /* U+6EF4 "滴" */
    0x41, 0x0, 0xc2, 0x20, 0x7f, 0xc0, 0x4c, 0x69,
    0x48, 0x5a, 0xe1, 0x7f, 0x85, 0x22, 0x25, 0xe9,
    0x98, 0xa2, 0x5e, 0x89, 0x2, 0x24, 0x8,

    /* U+6F02 "漂" */
    0x80, 0x13, 0xff, 0xc0, 0xa0, 0x1f, 0xee, 0xa9,
    0x17, 0xf9, 0x20, 0x48, 0xfe, 0x5f, 0xfe, 0x8,
    0x13, 0x48, 0x92, 0x25, 0x10, 0x0,

    /* U+6F06 "漆" */
    0x40, 0x80, 0xc2, 0x1, 0x7f, 0x80, 0x70, 0x6a,
    0xb0, 0x52, 0x61, 0x18, 0x4, 0x9c, 0x2c, 0x89,
    0x8a, 0x82, 0x1e, 0xb, 0xa4, 0x21, 0x80,

    /* U+6F0F "漏" */
    0x40, 0x1, 0xff, 0x82, 0x4, 0x3f, 0xe6, 0x81,
    0x17, 0xf0, 0xbf, 0xe5, 0x92, 0x4d, 0xb6, 0x64,
    0x95, 0x6c, 0xa9, 0x24, 0x49, 0x0,

    /* U+6F13 "漓" */
    0x81, 0x3, 0x8, 0x3, 0xfe, 0x8, 0x8d, 0x59,
    0x12, 0xe8, 0x9f, 0xc5, 0xff, 0x4a, 0x8e, 0x52,
    0x52, 0xe2, 0x90, 0x14, 0x83, 0x0,

    /* U+6F14 "演" */
    0x40, 0x80, 0x61, 0x0, 0x1f, 0xe0, 0x40, 0x85,
    0xbe, 0x2, 0xfe, 0x9, 0x24, 0x13, 0xf8, 0x24,
    0x90, 0x4f, 0xe0, 0x90, 0x41, 0x19, 0x82, 0x40,
    0x81, 0x0, 0x0,

    /* U+6F20 "漠" */
    0x40, 0x0, 0xc5, 0x20, 0xff, 0x82, 0x40, 0x76,
    0xf0, 0x5f, 0xc1, 0x41, 0x9, 0xfc, 0x24, 0x99,
    0xbf, 0xe2, 0x8, 0x8, 0x58, 0x2e, 0x18,

    /* U+6F29 "漩" */
    0x88, 0xc2, 0x24, 0x1, 0x26, 0x3e, 0xc8, 0xb0,
    0x37, 0x38, 0xa9, 0x9, 0x58, 0x4a, 0xbe, 0x96,
    0x14, 0xb0, 0xa6, 0x86, 0x43, 0x80,

    /* U+6F2B "漫" */
    0x42, 0x8, 0xcf, 0xe0, 0x3f, 0x82, 0x82, 0x6b,
    0xf0, 0x5f, 0xf1, 0x52, 0x85, 0xb4, 0x27, 0xf9,
    0x88, 0x42, 0x12, 0x8, 0x38, 0x27, 0x1c,

    /* U+6F31 "漱" */
    0x44, 0x60, 0x95, 0x1, 0xfc, 0x1, 0x1e, 0x5f,
    0x88, 0xd6, 0x83, 0x52, 0x17, 0xc8, 0x46, 0x23,
    0x35, 0x45, 0x55, 0x11, 0x22, 0x45, 0x8,

    /* U+6F3E "漾" */
    0x4, 0x21, 0x89, 0x0, 0xff, 0x80, 0x24, 0x93,
    0xe9, 0xbf, 0xe2, 0xc, 0x9, 0xe0, 0x40, 0x9b,
    0x3f, 0x44, 0x2e, 0x11, 0x2c, 0x49, 0x88,

    /* U+6F58 "潘" */
    0x80, 0x31, 0xbf, 0x0, 0x4a, 0x5, 0x32, 0xef,
    0xf8, 0x87, 0x2, 0x6b, 0x97, 0xfc, 0x44, 0x91,
    0x1f, 0xc4, 0x49, 0x11, 0x24, 0x47, 0xf0,

    /* U+6F5C "潜" */
    0x41, 0x20, 0xc8, 0xa0, 0x7f, 0x82, 0x8a, 0x77,
    0xfc, 0x4c, 0xc1, 0x4c, 0xca, 0xfe, 0x22, 0x10,
    0x8f, 0xc2, 0x21, 0x8, 0xfc, 0x22, 0x10,

    /* U+6F66 "潦" */
    0x0, 0x80, 0xc2, 0x40, 0xff, 0x82, 0x54, 0x76,
    0x20, 0x9f, 0xc3, 0xc2, 0x89, 0xf8, 0x47, 0xe1,
    0x12, 0x84, 0x69, 0x13, 0x22, 0x41, 0x80,

    /* U+6F6D "潭" */
    0x80, 0x1b, 0x3f, 0x3, 0xfe, 0x34, 0xae, 0xff,
    0x14, 0x8, 0xbf, 0xc4, 0xfe, 0x48, 0x16, 0x3f,
    0xd7, 0xfe, 0x83, 0x4, 0x18, 0x0,

    /* U+6F6E "潮" */
    0x40, 0x1, 0xab, 0xc3, 0xf4, 0x8, 0xa7, 0xb7,
    0x14, 0xa8, 0xbd, 0x45, 0xee, 0x4d, 0x56, 0x2a,
    0x97, 0xe4, 0x89, 0x24, 0x53, 0x0,

    /* U+6F7A "潺" */
    0xf, 0xf3, 0x40, 0x83, 0xfc, 0x10, 0x4d, 0x9d,
    0x17, 0xfc, 0xa2, 0x5, 0x20, 0x4f, 0x76, 0x51,
    0x15, 0xfe, 0xa4, 0x44, 0x66, 0x0,

    /* U+6F84 "澄" */
    0x80, 0x83, 0x7d, 0x0, 0x94, 0xc, 0x4e, 0x46,
    0x15, 0xcd, 0x5f, 0x88, 0x84, 0x47, 0xe6, 0x21,
    0x11, 0x18, 0x85, 0x5, 0xff, 0x80,

    /* U+6F88 "澈" */
    0x4, 0x21, 0x88, 0x80, 0xdc, 0x82, 0x5f, 0x5f,
    0x48, 0x83, 0x42, 0xfd, 0xa, 0x4c, 0x2f, 0x20,
    0xbc, 0x82, 0x93, 0xa, 0x56, 0x2b, 0x88,

    /* U+6F8E "澎" */
    0x42, 0x0, 0xc8, 0x21, 0xfd, 0x0, 0xa8, 0x65,
    0x48, 0xbe, 0x62, 0x89, 0x13, 0xe8, 0x40, 0xcb,
    0x24, 0x64, 0x51, 0x11, 0xf8, 0x48, 0x80,

    /* U+6F9C "澜" */
    0x48, 0x1, 0xb7, 0xc2, 0x22, 0x11, 0x56, 0xbc,
    0x95, 0xf4, 0xab, 0xa9, 0x75, 0x4b, 0xee, 0x4d,
    0x52, 0xa2, 0x91, 0x14, 0x81, 0x80,

    /* U+6FA1 "澡" */
    0x0, 0x3, 0x1f, 0x0, 0x88, 0x27, 0xcd, 0xf7,
    0xb4, 0xa4, 0xa5, 0x24, 0xd7, 0x5f, 0xfe, 0xe,
    0x10, 0xa8, 0x89, 0x35, 0x88, 0x0,

    /* U+6FB3 "澳" */
    0x40, 0x0, 0xc2, 0x20, 0x7f, 0x83, 0xa2, 0x75,
    0xe8, 0x5f, 0xe1, 0x4c, 0x89, 0xea, 0x26, 0x89,
    0xbf, 0xf2, 0x14, 0x8, 0x88, 0x24, 0x1c,

    /* U+6FC0 "激" */
    0x42, 0x61, 0xaa, 0x2, 0xd0, 0x12, 0xf6, 0xf9,
    0x17, 0xc8, 0x8d, 0x4b, 0xfa, 0x4c, 0x26, 0x79,
    0x12, 0x48, 0x92, 0xa5, 0x38, 0x80,

    /* U+6FD2 "濒" */
    0x4, 0x8, 0xb1, 0xc0, 0xb2, 0x3, 0x32, 0x6c,
    0xb8, 0xfe, 0xa2, 0xa, 0x93, 0x6a, 0x52, 0xab,
    0x4a, 0xa4, 0x45, 0x11, 0x12, 0x48, 0x88, 0x0,
    0x0,

    /* U+7011 "瀑" */
    0x44, 0x10, 0xdf, 0xc0, 0x7f, 0x3, 0x4, 0x6f,
    0xf0, 0x48, 0x41, 0x7e, 0x87, 0xff, 0x26, 0xa1,
    0xaa, 0xe2, 0x1c, 0xb, 0xac, 0x20, 0x88,

    /* U+704C "灌" */
    0x84, 0x43, 0xff, 0xc1, 0x10, 0x1d, 0xee, 0xa9,
    0x17, 0x79, 0x14, 0x9, 0xfe, 0x59, 0x2, 0x7f,
    0x13, 0xfc, 0x92, 0x24, 0xff, 0x80,

    /* U+706B "火" */
    0x3, 0x0, 0x10, 0x0, 0x80, 0x4, 0x21, 0x33,
    0x11, 0x90, 0x8f, 0x8, 0xe0, 0x4, 0x80, 0x66,
    0x2, 0x18, 0x20, 0x66, 0x1, 0x80,

    /* U+706D "灭" */
    0x0, 0x17, 0xff, 0xc0, 0x0, 0x4, 0x0, 0x22,
    0x11, 0x30, 0x89, 0xc, 0x70, 0x5, 0x0, 0x24,
    0x2, 0x10, 0x20, 0x66, 0x1, 0x80,

    /* U+706F "灯" */
    0x10, 0x0, 0x5f, 0xf1, 0x2, 0x5, 0x8, 0x54,
    0x21, 0x60, 0x8d, 0x2, 0x4, 0x8, 0x10, 0x20,
    0xa0, 0x82, 0x42, 0x10, 0x8, 0x80, 0x60,

    /* U+7070 "灰" */
    0x8, 0x0, 0x40, 0xbf, 0xfe, 0x20, 0x1, 0x10,
    0xa, 0x90, 0x54, 0x85, 0x28, 0x2a, 0x82, 0x14,
    0x11, 0x11, 0x10, 0x41, 0x1, 0x80,

    /* U+7075 "灵" */
    0x0, 0x21, 0xff, 0x0, 0x8, 0x7f, 0xc0, 0x2,
    0x1f, 0xf0, 0x8, 0x82, 0x40, 0x12, 0x31, 0x1a,
    0x1, 0x60, 0x11, 0x81, 0x7, 0x70, 0x4,

    /* U+7076 "灶" */
    0x10, 0x40, 0x41, 0x1, 0x4, 0x5, 0x90, 0x54,
    0x49, 0x6f, 0xf9, 0x4, 0x4, 0x10, 0x10, 0x40,
    0xa1, 0x2, 0x44, 0x8, 0x12, 0x47, 0xfe, 0x0,
    0x0,

    /* U+7078 "灸" */
    0x8, 0x0, 0xfc, 0x8, 0x40, 0x84, 0x8, 0x5c,
    0xf, 0x19, 0x90, 0x54, 0xcc, 0x26, 0x82, 0x28,
    0x2, 0x60, 0x61, 0x8c, 0x3, 0x0,

    /* U+707C "灼" */
    0x1, 0x0, 0x44, 0x1, 0x10, 0x84, 0x7e, 0x16,
    0x9, 0x68, 0x25, 0x58, 0x84, 0x32, 0x10, 0x48,
    0xa0, 0x22, 0x40, 0x91, 0x4, 0x0, 0x30,

    /* U+707E "灾" */
    0x2, 0x0, 0x10, 0x1f, 0xfe, 0x80, 0x2c, 0x22,
    0x9, 0x10, 0x49, 0x84, 0x68, 0x65, 0x80, 0x24,
    0x2, 0x30, 0x20, 0xc6, 0x1, 0x80,

    /* U+707F "灿" */
    0x20, 0x81, 0x4, 0x8, 0x20, 0x69, 0x2a, 0x49,
    0x52, 0x48, 0x92, 0x44, 0x92, 0x54, 0x92, 0x64,
    0x91, 0x25, 0xf, 0xe0, 0x1, 0x0,

    /* U+7089 "炉" */
    0x10, 0x80, 0x41, 0x1, 0x1f, 0x85, 0xc2, 0x59,
    0x9, 0x44, 0x25, 0x1f, 0x84, 0x42, 0x11, 0x0,
    0xa4, 0x2, 0xa0, 0x8, 0x80, 0x44, 0x0,

    /* U+708A "炊" */
    0x18, 0x80, 0x42, 0x1, 0x10, 0x4, 0x7e, 0x15,
    0x9, 0x69, 0x45, 0x4, 0x4, 0x10, 0x10, 0xc0,
    0xa2, 0x82, 0x52, 0x8, 0x44, 0x42, 0xc, 0x0,
    0x0,

    /* U+708E "炎" */
    0x2, 0x0, 0x48, 0xc1, 0x24, 0x8, 0xe0, 0x4,
    0x40, 0x20, 0xc7, 0x21, 0x4, 0x8c, 0x13, 0x40,
    0x96, 0x0, 0x48, 0x6, 0x18, 0x60, 0x18,

    /* U+7092 "炒" */
    0x10, 0x40, 0x41, 0x1, 0x4, 0x5, 0x54, 0x59,
    0x49, 0x49, 0x25, 0x24, 0x4, 0x16, 0x10, 0x10,
    0xb0, 0x82, 0x44, 0x10, 0x20, 0x47, 0x0,

    /* U+7095 "炕" */
    0x11, 0x0, 0x84, 0x4, 0x12, 0x27, 0xf1, 0x40,
    0x2c, 0xf1, 0x44, 0x82, 0x24, 0x11, 0x21, 0x49,
    0x9, 0x48, 0x44, 0x54, 0x43, 0x80,

    /* U+70AB "炫" */
    0x0, 0x80, 0x81, 0x2, 0x4, 0x9, 0xfe, 0x28,
    0x82, 0xc4, 0xa, 0x23, 0x29, 0x8, 0x27, 0xc0,
    0xc2, 0x5, 0x12, 0x12, 0x84, 0x87, 0xea, 0x0,
    0x20,

    /* U+70AC "炬" */
    0x10, 0x0, 0x4f, 0xe1, 0x20, 0x5, 0x80, 0x5b,
    0xf1, 0x48, 0x45, 0x21, 0x4, 0x84, 0x13, 0xf0,
    0xa8, 0x2, 0x60, 0x9, 0x82, 0x43, 0xfc, 0x0,
    0x0,

    /* U+70AD "炭" */
    0x2, 0x0, 0x88, 0x42, 0x21, 0xf, 0xfc, 0x8,
    0x9, 0xff, 0xe0, 0x90, 0x5, 0x44, 0x15, 0xb0,
    0x77, 0x2, 0x94, 0x10, 0x98, 0x4c, 0x1c,

    /* U+70AE "炮" */
    0x11, 0x0, 0x44, 0x21, 0x1f, 0x85, 0x82, 0x5b,
    0xe9, 0x59, 0x25, 0x24, 0x84, 0x92, 0x13, 0x88,
    0xa9, 0xd2, 0x60, 0x48, 0x81, 0x43, 0xf8,

    /* U+70B8 "炸" */
    0x0, 0x0, 0x88, 0x4, 0x40, 0x23, 0xf1, 0x68,
    0x2d, 0x49, 0x53, 0xc2, 0x12, 0x28, 0xf9, 0x24,
    0x9, 0x20, 0x81, 0x0, 0x8, 0x0,

    /* U+70B9 "点" */
    0x2, 0x0, 0x10, 0x80, 0xfc, 0x4, 0x0, 0x20,
    0x1f, 0xf0, 0x80, 0x84, 0x4, 0x3f, 0xe0, 0x0,
    0x2, 0x48, 0x92, 0x2c, 0x89, 0x0, 0x0,

    /* U+70BC "炼" */
    0x10, 0x80, 0x44, 0x21, 0x7f, 0x85, 0x40, 0x5f,
    0xc1, 0x49, 0x5, 0x24, 0x4, 0xfe, 0x10, 0x40,
    0x45, 0x42, 0xa4, 0x88, 0x92, 0x44, 0x40, 0x2,
    0x0,

    /* U+70C1 "烁" */
    0x10, 0x10, 0x4f, 0x81, 0x20, 0x5, 0x90, 0x5a,
    0x41, 0x49, 0x25, 0x3f, 0xc4, 0x10, 0x10, 0x50,
    0x6d, 0x22, 0x64, 0x89, 0x12, 0x41, 0xc0, 0x2,
    0x0,

    /* U+70C2 "烂" */
    0x10, 0x10, 0x48, 0x41, 0x12, 0x5, 0x4a, 0x5b,
    0xfd, 0x40, 0x1, 0x0, 0x4, 0xfe, 0x10, 0x0,
    0xb0, 0x2, 0x40, 0x8, 0x0, 0x47, 0xfc, 0x0,
    0x0,

    /* U+70C8 "烈" */
    0x2, 0x13, 0xfe, 0x41, 0x9, 0xf, 0xa4, 0x24,
    0x91, 0x92, 0x49, 0x89, 0x2, 0x4, 0x10, 0x11,
    0x80, 0x82, 0x51, 0x19, 0x22, 0xc4, 0x88, 0x0,
    0x0,

    /* U+70D8 "烘" */
    0x22, 0x20, 0x88, 0x82, 0xa2, 0xd, 0xfe, 0xb2,
    0x22, 0x88, 0x82, 0x22, 0x8, 0x8a, 0x2f, 0xfc,
    0x81, 0x5, 0x33, 0x13, 0x82, 0x88, 0x8, 0x40,
    0x0,

    /* U+70D9 "烙" */
    0x10, 0x80, 0x42, 0x1, 0x1f, 0x85, 0x44, 0x16,
    0xa1, 0x61, 0x5, 0xb, 0x4, 0x42, 0x17, 0xf0,
    0xa4, 0x42, 0x51, 0x10, 0x7c, 0x1, 0x10,

    /* U+70DB "烛" */
    0x10, 0x40, 0x20, 0x80, 0x41, 0x20, 0xbf, 0xe5,
    0xa4, 0x8a, 0x49, 0x4, 0x92, 0x9, 0xfc, 0x12,
    0x48, 0x50, 0xa0, 0x91, 0x21, 0x7, 0xc4, 0x30,
    0x40, 0x0, 0x0,

    /* U+70DF "烟" */
    0x10, 0x0, 0x4f, 0xe1, 0x24, 0x85, 0x92, 0x5b,
    0xf9, 0x49, 0x21, 0x24, 0x84, 0x9a, 0x12, 0xa8,
    0xac, 0xa2, 0x60, 0x90, 0xfe, 0x42, 0x8,

    /* U+70E4 "烤" */
    0x10, 0x80, 0x42, 0x21, 0x3f, 0x5, 0x28, 0x5f,
    0xfd, 0x42, 0x5, 0x1f, 0x85, 0xa0, 0x19, 0xf8,
    0xb0, 0x42, 0x41, 0x10, 0x4, 0x40, 0x60,

    /* U+70E6 "烦" */
    0x10, 0x0, 0x5f, 0xf1, 0x8, 0x6, 0xfe, 0x5a,
    0x9, 0x49, 0x21, 0x24, 0x84, 0x92, 0x12, 0x48,
    0xa9, 0x22, 0x4a, 0x9, 0x66, 0x42, 0x8, 0x0,
    0x0,

    /* U+70E7 "烧" */
    0x11, 0x0, 0x44, 0xe1, 0x2c, 0x7, 0x3c, 0x58,
    0x65, 0x4e, 0x71, 0x0, 0x5, 0xfe, 0x11, 0x20,
    0xa4, 0x82, 0x62, 0x50, 0x89, 0x44, 0x3c,

    /* U+70EB "烫" */
    0x40, 0x1, 0x7e, 0x20, 0x40, 0xcf, 0xe2, 0x29,
    0x62, 0x51, 0x64, 0x88, 0xc8, 0x4, 0x21, 0x32,
    0x11, 0x60, 0x31, 0x8e, 0x3, 0x0,

    /* U+70ED "热" */
    0x21, 0x1, 0x9, 0x3f, 0xf8, 0x42, 0x43, 0x92,
    0x71, 0x90, 0x8e, 0x84, 0x53, 0xec, 0x18, 0x0,
    0x2, 0x48, 0x92, 0x28, 0x9, 0x0, 0x0,

    /* U+70F9 "烹" */
    0x2, 0x0, 0x0, 0x27, 0xff, 0x7, 0xf8, 0x10,
    0x20, 0x7f, 0x7, 0xff, 0x0, 0x30, 0x3, 0x0,
    0x8, 0x2, 0xd1, 0xa, 0x22, 0x44, 0x8, 0x0,
    0x0,

    /* U+710A "焊" */
    0x10, 0x0, 0x4f, 0xe1, 0x20, 0x86, 0xfe, 0x1a,
    0x9, 0x4f, 0xe5, 0x0, 0x84, 0xff, 0x10, 0x48,
    0xbf, 0xf2, 0x44, 0x10, 0x10, 0x40, 0x40,

    /* U+7115 "焕" */
    0x1, 0x0, 0x22, 0x0, 0x47, 0xc0, 0xb1, 0x1,
    0xbf, 0x8a, 0xc9, 0x14, 0x92, 0x9, 0x26, 0x17,
    0xfc, 0x51, 0x80, 0x92, 0x81, 0x8, 0x84, 0x20,
    0xc0,

    /* U+7119 "焙" */
    0x10, 0x80, 0x41, 0x21, 0x3f, 0xc5, 0x44, 0x54,
    0x91, 0x62, 0x95, 0x3f, 0xc4, 0x0, 0x11, 0xf8,
    0xa4, 0x22, 0x50, 0x89, 0x7e, 0x41, 0x8,

    /* U+711A "焚" */
    0x10, 0x40, 0x51, 0xf, 0xff, 0x8c, 0x30, 0x3c,
    0xf1, 0x55, 0x29, 0x24, 0x4, 0x90, 0x12, 0x30,
    0x89, 0x6, 0x58, 0x2, 0x30, 0x70, 0x38,

    /* U+7126 "焦" */
    0x14, 0x1, 0x11, 0xf, 0xf0, 0xc4, 0xb, 0xfe,
    0x51, 0x0, 0xff, 0x84, 0x40, 0x3f, 0xf1, 0x0,
    0x2, 0x48, 0x92, 0x28, 0x89, 0x0, 0x0,

    /* U+7130 "焰" */
    0x10, 0x80, 0x42, 0x1, 0x1f, 0x85, 0x44, 0x1a,
    0x21, 0x42, 0x5, 0x33, 0x84, 0xa2, 0x13, 0xb8,
    0xa8, 0x22, 0x20, 0x90, 0xfe, 0x2, 0x8,

    /* U+7136 "然" */
    0x10, 0x81, 0x6, 0xf, 0xa8, 0x89, 0x27, 0x7f,
    0xc4, 0x41, 0xa5, 0x6, 0x28, 0x22, 0x22, 0x20,
    0xe2, 0x8, 0x92, 0x24, 0x89, 0x40, 0x40,

    /* U+714C "煌" */
    0x0, 0x0, 0x41, 0x1, 0x3b, 0x85, 0x82, 0x1b,
    0xf9, 0x48, 0x25, 0x3f, 0x84, 0x0, 0x17, 0xfc,
    0x41, 0x2, 0x84, 0x89, 0xff, 0x20, 0x45, 0x1f,
    0xf0,

    /* U+714E "煎" */
    0x10, 0x80, 0x48, 0xbf, 0xfc, 0x8, 0x7, 0xd2,
    0x3e, 0x91, 0x14, 0x8f, 0xa4, 0x44, 0x22, 0x63,
    0x2, 0x90, 0x92, 0x68, 0x1, 0x0, 0x0,

    /* U+715E "煞" */
    0x30, 0x81, 0x4, 0x1f, 0x64, 0x92, 0xef, 0xf2,
    0x3, 0x51, 0xf1, 0x0, 0x94, 0xfd, 0x38, 0x30,
    0x12, 0x48, 0x91, 0x68, 0x89, 0x0, 0x0,

    /* U+7164 "煤" */
    0x11, 0x10, 0x44, 0x41, 0x3f, 0xc5, 0x44, 0x19,
    0xf1, 0x44, 0x45, 0x1f, 0x4, 0x10, 0x17, 0xfc,
    0xa3, 0x82, 0x95, 0x8, 0x93, 0x40, 0x40,

    /* U+7167 "照" */
    0x0, 0x3, 0xdf, 0xd2, 0x24, 0x92, 0xa7, 0xa3,
    0x25, 0xf9, 0x28, 0x4f, 0x42, 0x4b, 0xf2, 0x0,
    0xa, 0x88, 0x92, 0x2c, 0x89, 0x0, 0x0,

    /* U+716E "煮" */
    0x4, 0x0, 0x23, 0xf, 0xf0, 0x9, 0xf, 0xff,
    0x2, 0x0, 0x7f, 0x6, 0x8, 0xdf, 0xc0, 0x82,
    0x7, 0xf0, 0x24, 0x84, 0x93, 0x64, 0x88, 0x0,
    0x0,

    /* U+7184 "熄" */
    0x10, 0x40, 0x21, 0x0, 0x4f, 0xe0, 0xb0, 0x41,
    0xbf, 0x8a, 0x7f, 0x14, 0x82, 0x9, 0xfc, 0x12,
    0x88, 0x32, 0x90, 0x95, 0x11, 0x28, 0xa4, 0x1f,
    0x0,

    /* U+718A "熊" */
    0x11, 0x1, 0x49, 0x1f, 0x70, 0x3, 0xe7, 0xcf,
    0x22, 0x81, 0xf5, 0x8f, 0xb0, 0x45, 0x12, 0x6f,
    0x82, 0x50, 0x91, 0x6c, 0x89, 0x0, 0x0,

    /* U+718F "熏" */
    0x1, 0xe1, 0xf8, 0x0, 0x21, 0x1f, 0xf8, 0x3f,
    0xe0, 0xaa, 0x82, 0x6a, 0xe, 0xd8, 0x3f, 0xf0,
    0x8, 0x4f, 0xff, 0x82, 0x24, 0x48, 0x8b, 0x0,
    0x0,

    /* U+7194 "熔" */
    0x10, 0x80, 0x41, 0x1, 0x1f, 0x84, 0x9a, 0x1c,
    0x91, 0x45, 0x25, 0x2a, 0x4, 0x46, 0x1b, 0xf8,
    0xa4, 0x42, 0x51, 0x10, 0x44, 0x41, 0xf0,

    /* U+7199 "熙" */
    0x2, 0x1, 0xff, 0xe4, 0x89, 0x1d, 0xa4, 0x62,
    0xf1, 0x8a, 0x45, 0xe8, 0x12, 0x22, 0x7f, 0xfc,
    0x0, 0x2, 0x49, 0x11, 0x32, 0x44, 0x48, 0x0,
    0x0,

    /* U+719F "熟" */
    0x20, 0x80, 0x84, 0x1b, 0x28, 0xfb, 0xc4, 0x4a,
    0x1e, 0xd1, 0xf2, 0x82, 0x2c, 0xf9, 0x63, 0x90,
    0xc2, 0x90, 0x92, 0x68, 0x11, 0x0, 0x0,

    /* U+71AC "熬" */
    0x10, 0x80, 0xb4, 0x1f, 0x3e, 0xfa, 0x21, 0x1a,
    0x37, 0x50, 0xf1, 0x84, 0x88, 0x44, 0xb4, 0x58,
    0xc2, 0x48, 0x91, 0x2c, 0x89, 0x0, 0x0,

    /* U+71C3 "燃" */
    0x22, 0x20, 0x88, 0xc2, 0x3a, 0x8b, 0x2a, 0xb6,
    0xfa, 0xa4, 0x8b, 0x53, 0x8, 0x94, 0x24, 0x88,
    0xa4, 0x35, 0x65, 0x11, 0x52, 0x89, 0x2a, 0x20,
    0x0,

    /* U+71CE "燎" */
    0x20, 0x80, 0x86, 0x42, 0xff, 0x88, 0x54, 0x36,
    0x22, 0x9f, 0xea, 0x7e, 0x9, 0x8, 0x37, 0xe0,
    0xd2, 0x84, 0xa9, 0x11, 0x22, 0x88, 0x80, 0x4,
    0x0,

    /* U+71D5 "燕" */
    0x4, 0x81, 0xff, 0xe0, 0x48, 0x7, 0xe8, 0x10,
    0x21, 0xde, 0xe1, 0x4a, 0x1d, 0x28, 0x57, 0xb8,
    0x0, 0x2, 0x51, 0x9, 0x22, 0xc4, 0x48, 0x0,
    0x0,

    /* U+71E5 "燥" */
    0x0, 0x0, 0x8f, 0xc2, 0x22, 0xa, 0xf8, 0xbf,
    0x7a, 0xa5, 0x2a, 0x94, 0x8b, 0xce, 0x2f, 0xfd,
    0x47, 0x4, 0xaa, 0x21, 0x26, 0x98, 0x80,

    /* U+7206 "爆" */
    0x27, 0xf1, 0x20, 0x89, 0xfc, 0x58, 0x2b, 0x7f,
    0x51, 0xa, 0x8f, 0xa7, 0xff, 0x32, 0xa2, 0x35,
    0xd6, 0x70, 0x9d, 0x68, 0x18, 0x0,

    /* U+722A "爪" */
    0x0, 0x0, 0xf, 0xc3, 0xe2, 0x8, 0x88, 0x22,
    0x20, 0x88, 0x82, 0x22, 0x8, 0x84, 0x22, 0x10,
    0x88, 0x44, 0x21, 0x90, 0x83, 0x82, 0xc,

    /* U+722C "爬" */
    0x1c, 0x7, 0x5f, 0x55, 0x55, 0x55, 0x55, 0x55,
    0x5f, 0x55, 0x5, 0x50, 0x53, 0x15, 0x3f, 0x93,
    0x9, 0x18, 0x90, 0x70,

    /* U+7231 "爱" */
    0x0, 0xf1, 0xf8, 0x4, 0x88, 0x24, 0x83, 0xff,
    0xa2, 0x5, 0x10, 0xc3, 0x78, 0xf, 0xe0, 0xc2,
    0x5, 0x20, 0x46, 0x1, 0xef, 0x80,

    /* U+7235 "爵" */
    0x1, 0xf7, 0xfa, 0x5, 0x20, 0xff, 0xe4, 0x91,
    0x24, 0x89, 0xfb, 0x88, 0xff, 0x7c, 0x23, 0xe9,
    0x14, 0x8, 0x98, 0x47, 0x4e, 0x0,

    /* U+7236 "父" */
    0x18, 0x80, 0x82, 0x8, 0x8, 0xa1, 0x21, 0x8,
    0x8, 0x80, 0x24, 0x0, 0xc0, 0x6, 0x0, 0x4c,
    0x4, 0x38, 0xc0, 0x60,

    /* U+7237 "爷" */
    0x1, 0x0, 0x86, 0x1c, 0x68, 0x16, 0x0, 0x60,
    0xc, 0xfb, 0x81, 0x4f, 0xf8, 0x4, 0x40, 0x22,
    0x1, 0x10, 0x9, 0x80, 0x40, 0x0,

    /* U+7238 "爸" */
    0x19, 0x1, 0x86, 0x12, 0x4c, 0xe, 0x0, 0xde,
    0x38, 0x18, 0xff, 0x4, 0x48, 0x22, 0x41, 0xfe,
    0x8, 0x4, 0x40, 0x23, 0xff, 0x0,

    /* U+7239 "爹" */
    0x8, 0x80, 0x41, 0xc6, 0x48, 0x80, 0xe0, 0x3e,
    0x79, 0x3f, 0x1, 0x88, 0x9, 0x60, 0x7, 0xf0,
    0x68, 0xc0, 0xd6, 0x0, 0x20, 0x1f, 0x0,

    /* U+723D "爽" */
    0x2, 0x0, 0x10, 0xbf, 0xfe, 0x14, 0x43, 0x2e,
    0xd, 0x31, 0x8a, 0x1, 0x56, 0x33, 0x61, 0x6d,
    0x11, 0x20, 0x10, 0x83, 0x3, 0x60, 0x4,

    /* U+7247 "片" */
    0x0, 0x80, 0x42, 0x1, 0x8, 0x4, 0x22, 0x1f,
    0xfc, 0x40, 0x1, 0x0, 0x7, 0xf0, 0x10, 0x40,
    0x41, 0x2, 0x4, 0x10, 0x10, 0x0, 0x40,

    /* U+7248 "版" */
    0x50, 0x72, 0x9c, 0x14, 0x80, 0xb4, 0x26, 0x3f,
    0x21, 0x89, 0xc, 0x4f, 0x54, 0x52, 0xa2, 0x92,
    0x15, 0x11, 0x29, 0x49, 0xb1, 0x80,

    /* U+724C "牌" */
    0x10, 0x42, 0x82, 0x14, 0xfc, 0xb4, 0xa7, 0xff,
    0x21, 0x29, 0x9, 0x4f, 0x76, 0x53, 0x52, 0xbf,
    0xd4, 0x11, 0x20, 0x89, 0x4, 0x0,

    /* U+724D "牍" */
    0x10, 0x41, 0x41, 0x5, 0x3f, 0x96, 0x10, 0x7d,
    0xb9, 0x4, 0xc4, 0xa, 0x1e, 0x48, 0x51, 0x49,
    0x5f, 0xf5, 0x6, 0x24, 0x26, 0x93, 0x8,

    /* U+7259 "牙" */
    0x0, 0x13, 0xff, 0x84, 0x20, 0x21, 0x2, 0x9,
    0x1f, 0xfc, 0x6, 0x0, 0x50, 0x4, 0x80, 0x44,
    0xc, 0x20, 0x81, 0x0, 0x38, 0x0,

    /* U+725B "牛" */
    0x12, 0x0, 0x90, 0x8, 0x88, 0x7f, 0xe6, 0x20,
    0x21, 0x0, 0x8, 0x5f, 0xff, 0x2, 0x0, 0x10,
    0x0, 0x80, 0x4, 0x0, 0x20, 0x0,

    /* U+7261 "牡" */
    0x0, 0x0, 0x41, 0x5, 0x4, 0x15, 0x10, 0x78,
    0x4a, 0x4f, 0xe1, 0x4, 0x7, 0x10, 0xf0, 0x40,
    0x41, 0x1, 0x4, 0x85, 0xff, 0x10, 0x0,

    /* U+7262 "牢" */
    0x2, 0x2, 0x8, 0x1f, 0xfe, 0x80, 0x2d, 0x22,
    0x1f, 0xf0, 0x88, 0x0, 0x42, 0xff, 0xf8, 0x10,
    0x0, 0x80, 0x4, 0x0, 0x20, 0x0,

    /* U+7267 "牧" */
    0x10, 0x81, 0x44, 0x5, 0x50, 0x9f, 0x7e, 0x52,
    0x10, 0x4c, 0x41, 0xd2, 0x1c, 0x28, 0x10, 0xc0,
    0x41, 0x1, 0xa, 0x4, 0x44, 0x16, 0x8,

    /* U+7269 "物" */
    0x22, 0x5, 0x10, 0x29, 0x5, 0xff, 0xea, 0x95,
    0x11, 0x28, 0x8a, 0x46, 0x92, 0xe8, 0x91, 0x8,
    0x88, 0x88, 0x48, 0x42, 0xc, 0x0,

    /* U+7272 "牲" */
    0x20, 0x5, 0x14, 0x28, 0xa1, 0x59, 0x2f, 0x7f,
    0x12, 0x40, 0xe2, 0x1c, 0xfe, 0x20, 0x81, 0x4,
    0x8, 0x20, 0x41, 0x22, 0xff, 0x80,

    /* U+7275 "牵" */
    0x2, 0x0, 0x11, 0x1f, 0xfc, 0xe, 0x1, 0x8c,
    0x3f, 0xfa, 0x68, 0x3, 0xfc, 0x22, 0x0, 0x10,
    0xbf, 0xfe, 0x4, 0x0, 0x20, 0x0,

    /* U+7279 "特" */
    0x20, 0x85, 0x4, 0xa9, 0xf9, 0xf1, 0xa, 0x8,
    0x17, 0xfc, 0xa0, 0x8f, 0xff, 0xa4, 0x21, 0x11,
    0x8, 0x8, 0x40, 0x42, 0xe, 0x0,

    /* U+727A "牺" */
    0x20, 0x11, 0x7f, 0xe8, 0x51, 0x72, 0x8e, 0x7f,
    0x52, 0xa8, 0x95, 0x4e, 0xaa, 0xa6, 0x71, 0x30,
    0x89, 0x4, 0x4f, 0xe2, 0x41, 0x0,

    /* U+7280 "犀" */
    0x0, 0x1, 0xff, 0x88, 0x4, 0x7f, 0xe2, 0x8,
    0x13, 0x50, 0x8f, 0x85, 0x92, 0x27, 0xf1, 0x44,
    0x17, 0xfe, 0x81, 0x8, 0x8, 0x0,

    /* U+7281 "犁" */
    0x4, 0x3, 0xc4, 0x84, 0xa5, 0xfd, 0x23, 0x9,
    0x2e, 0x4a, 0x48, 0xc4, 0x44, 0x3f, 0xf2, 0x10,
    0x3f, 0xfe, 0x4, 0x0, 0x20, 0x0,

    /* U+72AC "犬" */
    0x2, 0x0, 0x12, 0x0, 0x88, 0x4, 0x27, 0xff,
    0x81, 0x0, 0x8, 0x0, 0xa0, 0x5, 0x0, 0x44,
    0x2, 0x10, 0x20, 0x66, 0x1, 0x80,

    /* U+72AF "犯" */
    0x18, 0x9, 0x7e, 0x64, 0x26, 0x42, 0xa4, 0x21,
    0x42, 0x34, 0x25, 0x46, 0x94, 0x1, 0x40, 0x14,
    0x11, 0x41, 0x67, 0xf0,

    /* U+72B6 "状" */
    0x10, 0x80, 0x84, 0x84, 0x24, 0xa1, 0x13, 0x7f,
    0x88, 0x40, 0x42, 0x2, 0x18, 0x71, 0x44, 0x89,
    0x4, 0x8c, 0x24, 0x31, 0xc0, 0x80,

    /* U+72B9 "犹" */
    0x11, 0x2, 0x8a, 0x8, 0x48, 0xc2, 0x29, 0xff,
    0x8, 0xc0, 0xc6, 0x6, 0x30, 0x51, 0x84, 0x94,
    0x4, 0xa0, 0x29, 0x27, 0x87, 0x0,

    /* U+72C2 "狂" */
    0x98, 0x12, 0xbf, 0xc8, 0x20, 0xc1, 0xa, 0x8,
    0x18, 0x48, 0xdf, 0xca, 0x10, 0x90, 0x80, 0x84,
    0x4, 0x20, 0x61, 0x6, 0xff, 0x80,

    /* U+72C8 "狈" */
    0x90, 0x16, 0xbf, 0x89, 0x4, 0x49, 0x26, 0x49,
    0xa, 0x48, 0xd2, 0x46, 0x92, 0x54, 0x94, 0x8a,
    0x4, 0x48, 0x24, 0x26, 0xc1, 0x0, 0x0,

    /* U+72D0 "狐" */
    0x0, 0x12, 0xaf, 0xd, 0xa8, 0x49, 0x45, 0x4a,
    0xa, 0x50, 0xd2, 0x8a, 0x96, 0x94, 0x90, 0xa4,
    0x86, 0x2c, 0x33, 0xd2, 0x0, 0x80,

    /* U+72D7 "狗" */
    0x92, 0x3, 0xa0, 0x9, 0xfe, 0xc8, 0x19, 0x80,
    0x9f, 0xe4, 0xd1, 0x2a, 0x89, 0x97, 0xc8, 0xa2,
    0x84, 0x4, 0x20, 0x26, 0x7, 0x0,

    /* U+72DE "狞" */
    0x48, 0x40, 0xe1, 0x21, 0x3f, 0x8d, 0x2, 0x54,
    0x8, 0x6f, 0xe1, 0x84, 0xa, 0x10, 0x48, 0x42,
    0x21, 0x0, 0x84, 0x2, 0x10, 0x30, 0xc0,

    /* U+72E0 "狠" */
    0x10, 0x2, 0xbf, 0x9, 0x8, 0xcf, 0xc9, 0x42,
    0x1a, 0x10, 0xdf, 0x8e, 0xa0, 0x55, 0x24, 0xa6,
    0x5, 0x10, 0x2a, 0x46, 0x61, 0x0,

    /* U+72E1 "狡" */
    0x0, 0x4, 0x84, 0x14, 0x20, 0x5f, 0xf6, 0x20,
    0x49, 0x10, 0x50, 0x47, 0x46, 0x52, 0x24, 0x92,
    0x4, 0x70, 0x23, 0x1, 0x26, 0x36, 0xc,

    /* U+72EC "独" */
    0x0, 0x81, 0x42, 0x2, 0x8, 0x19, 0xfc, 0x74,
    0x92, 0x52, 0x43, 0x49, 0x15, 0xfc, 0x94, 0x90,
    0x42, 0x81, 0x9, 0xc, 0x7c, 0x6e, 0x8, 0x0,
    0x0,

    /* U+72ED "狭" */
    0x0, 0x4, 0xc4, 0x14, 0x20, 0x4f, 0xf6, 0x48,
    0x4a, 0x48, 0x4a, 0x86, 0x11, 0x5f, 0xfc, 0x84,
    0x4, 0x50, 0x22, 0x41, 0x21, 0x16, 0x4,

    /* U+72EE "狮" */
    0x34, 0x15, 0x2f, 0xd1, 0x11, 0xab, 0xeb, 0x55,
    0x1a, 0xa9, 0xd5, 0x4e, 0xaa, 0xb5, 0x51, 0xaa,
    0x89, 0x5c, 0x50, 0x85, 0x4, 0x0,

    /* U+72F0 "狰" */
    0x19, 0x1, 0x4f, 0x82, 0x24, 0x9, 0x30, 0x57,
    0xf0, 0x42, 0x63, 0xff, 0xcc, 0x24, 0x50, 0x90,
    0x5f, 0xc1, 0x8, 0x4, 0x20, 0x21, 0x80,

    /* U+72F1 "狱" */
    0x10, 0x42, 0xa3, 0x8, 0x94, 0x40, 0x9d, 0xdf,
    0xca, 0x20, 0xd1, 0x6, 0x88, 0x55, 0x64, 0xb5,
    0x5, 0x24, 0x22, 0x32, 0x60, 0x80,

    /* U+72F8 "狸" */
    0x10, 0x2, 0xbf, 0x89, 0x24, 0x49, 0x2e, 0x7f,
    0xa, 0x48, 0xdf, 0xca, 0x92, 0x90, 0x94, 0xbf,
    0xc4, 0x20, 0x61, 0x26, 0xff, 0x80,

    /* U+72FC "狼" */
    0x8, 0x41, 0xc1, 0x3, 0x3f, 0x8c, 0x82, 0x53,
    0xf8, 0x48, 0x22, 0xbf, 0x8a, 0xa0, 0x4a, 0x48,
    0x29, 0x41, 0x22, 0x4, 0xe6, 0x32, 0xc,

    /* U+730E "猎" */
    0xd, 0x21, 0xe4, 0x83, 0x7f, 0x8c, 0x48, 0x51,
    0x28, 0x7f, 0xe1, 0x80, 0xa, 0xfc, 0x4a, 0x10,
    0x2f, 0xc0, 0xa1, 0x4, 0xfc, 0x32, 0x10,

    /* U+7316 "猖" */
    0x0, 0x9, 0x37, 0xe3, 0x10, 0x8c, 0x7e, 0x71,
    0xa, 0x67, 0xe1, 0x80, 0xa, 0xff, 0x4a, 0x8,
    0x2f, 0xe0, 0xa0, 0x86, 0xfe, 0x32, 0x8,

    /* U+731B "猛" */
    0x0, 0x1, 0x6f, 0xc5, 0x2, 0x8, 0x30, 0x67,
    0xfa, 0x42, 0x3, 0x18, 0xc, 0x0, 0x57, 0xf0,
    0x55, 0x41, 0x55, 0x5, 0x56, 0x2f, 0xf8,

    /* U+731C "猜" */
    0x18, 0x82, 0xff, 0xc8, 0x24, 0xcf, 0xfb, 0x8,
    0x9b, 0xb8, 0xdf, 0xca, 0x82, 0x97, 0xf0, 0xa0,
    0x85, 0xfc, 0x28, 0x26, 0x43, 0x0,

    /* U+7329 "猩" */
    0x10, 0x4, 0xbf, 0x99, 0x4, 0xcf, 0xe7, 0x41,
    0x4b, 0xf8, 0xd2, 0x4e, 0xff, 0x58, 0x80, 0xc4,
    0x85, 0xfc, 0x61, 0x6, 0xff, 0x80,

    /* U+732A "猪" */
    0x81, 0x5, 0x11, 0x27, 0xe6, 0x15, 0x1f, 0xf1,
    0x8, 0x31, 0x25, 0x3e, 0x96, 0x21, 0x3e, 0x12,
    0x23, 0x3e, 0x62, 0x20,

    /* U+732B "猫" */
    0x19, 0x21, 0x44, 0xa2, 0xff, 0xd8, 0x48, 0x90,
    0x0, 0xdf, 0xe3, 0x48, 0x95, 0x22, 0x57, 0xf8,
    0x52, 0x21, 0x48, 0x85, 0xfe, 0x24, 0x8,

    /* U+732C "猬" */
    0x0, 0x2, 0xbf, 0xc9, 0x24, 0x4f, 0xe5, 0x49,
    0xb, 0xf8, 0xc0, 0x6, 0xfe, 0x57, 0xf0, 0xa0,
    0x85, 0xfc, 0x28, 0x22, 0x43, 0x0,

    /* U+732E "献" */
    0x10, 0x80, 0xa5, 0x3f, 0xa4, 0x21, 0xe, 0xff,
    0x62, 0x42, 0x52, 0x1f, 0x98, 0x95, 0x47, 0xea,
    0x25, 0x49, 0x2c, 0x49, 0xc1, 0x0,

    /* U+7334 "猴" */
    0x0, 0x2, 0x97, 0x89, 0xa, 0x4b, 0xfd, 0x40,
    0xa, 0x80, 0xf7, 0xe6, 0x89, 0x57, 0xfc, 0xa2,
    0x5, 0x28, 0x29, 0x26, 0x70, 0x80,

    /* U+733E "猾" */
    0x5b, 0xe2, 0x91, 0x8, 0xe8, 0x45, 0x4d, 0x7f,
    0xc, 0x8, 0xcf, 0x86, 0x44, 0x53, 0xe4, 0x91,
    0x4, 0xf8, 0x24, 0x42, 0x26, 0x0,

    /* U+733F "猿" */
    0x0, 0x81, 0x42, 0x45, 0x7f, 0x88, 0x22, 0x67,
    0x70, 0x5f, 0xc3, 0x41, 0x15, 0xfc, 0x91, 0x88,
    0x49, 0x41, 0xe2, 0x4, 0xa4, 0x23, 0x8,

    /* U+7384 "玄" */
    0x8, 0x0, 0x20, 0xbf, 0xfc, 0x8, 0x0, 0x80,
    0x8, 0x60, 0x84, 0xf, 0xc0, 0x4, 0x0, 0x42,
    0xc, 0x8, 0xff, 0xe4, 0x1, 0x0, 0x0,

    /* U+7387 "率" */
    0x0, 0x0, 0x8, 0x4f, 0xff, 0x89, 0xc, 0x1f,
    0x40, 0x4c, 0x6, 0xdb, 0x23, 0x82, 0x2, 0x13,
    0xff, 0xe0, 0x20, 0x0, 0x80, 0x2, 0x0,

    /* U+7389 "玉" */
    0x0, 0x3, 0xff, 0x80, 0x80, 0x4, 0x0, 0x20,
    0x1, 0x10, 0xff, 0xc0, 0x40, 0x2, 0x40, 0x11,
    0x0, 0x88, 0x4, 0x2f, 0xff, 0x80,

    /* U+738B "王" */
    0x0, 0x3, 0xff, 0x80, 0x80, 0x4, 0x0, 0x20,
    0x1, 0x11, 0xff, 0xc0, 0x40, 0x2, 0x0, 0x10,
    0x0, 0x80, 0x4, 0x2f, 0xff, 0x80,

    /* U+7396 "玖" */
    0x9, 0x3, 0x88, 0x8, 0x78, 0x44, 0x42, 0x24,
    0x7e, 0x20, 0xb1, 0x5, 0x18, 0x20, 0xa1, 0x49,
    0x3c, 0x84, 0x8, 0x20, 0x80, 0x80,

    /* U+739B "玛" */
    0x7, 0xe7, 0xc1, 0x8, 0x88, 0x44, 0x42, 0x22,
    0x7d, 0x10, 0x90, 0x84, 0xff, 0x20, 0x51, 0xff,
    0xb0, 0x4, 0x0, 0x20, 0x6, 0x0,

    /* U+73A9 "玩" */
    0x8, 0x7, 0xff, 0x88, 0x0, 0x40, 0x2, 0x81,
    0x7f, 0xf0, 0x85, 0x4, 0x28, 0x21, 0x41, 0xd2,
    0x30, 0x90, 0x8, 0xa0, 0x87, 0x0,

    /* U+73AB "玫" */
    0x1, 0x87, 0xc8, 0x8, 0x80, 0x47, 0xf2, 0x22,
    0x7f, 0x10, 0x88, 0x84, 0x28, 0x21, 0x41, 0xc4,
    0x38, 0x51, 0x4, 0x60, 0xc1, 0x80,

    /* U+73AF "环" */
    0x0, 0x17, 0xff, 0xc8, 0x20, 0x41, 0x2, 0x18,
    0x7c, 0xc0, 0x87, 0x84, 0x56, 0x24, 0x91, 0xc4,
    0xb0, 0x20, 0x1, 0x0, 0x8, 0x0,

    /* U+73B0 "现" */
    0xa, 0x13, 0xff, 0xc2, 0x21, 0x8, 0xa4, 0x2a,
    0x93, 0xea, 0x42, 0x29, 0x8, 0xa4, 0x23, 0x40,
    0xa5, 0xf, 0x24, 0xa0, 0x92, 0xc, 0x78,

    /* U+73B2 "玲" */
    0x0, 0x87, 0xc6, 0x8, 0x50, 0x44, 0x42, 0x29,
    0x7e, 0x24, 0xa1, 0x4, 0xfe, 0x20, 0x21, 0x1,
    0xc, 0x51, 0x81, 0x80, 0x6, 0x0, 0x0,

    /* U+73B7 "玷" */
    0x0, 0x87, 0xc4, 0x8, 0x20, 0x41, 0xf2, 0x8,
    0x10, 0x41, 0xc2, 0x44, 0xfe, 0x24, 0x11, 0x60,
    0xbd, 0x4, 0xf, 0xe0, 0x41, 0x0,

    /* U+73BB "玻" */
    0x0, 0x87, 0xc4, 0x9, 0xfe, 0x49, 0x22, 0x48,
    0x3b, 0xf8, 0x98, 0x84, 0xa4, 0x25, 0x41, 0xe6,
    0x32, 0x30, 0x12, 0x61, 0x61, 0x0,

    /* U+73CA "珊" */
    0x5, 0x57, 0xfb, 0x89, 0x54, 0x4a, 0xa2, 0x55,
    0x3a, 0xac, 0xbf, 0xe4, 0xaa, 0x25, 0x51, 0x6a,
    0x9d, 0x54, 0x13, 0x20, 0xbb, 0x0,

    /* U+73CD "珍" */
    0x8, 0x87, 0xca, 0x8, 0x48, 0x44, 0x62, 0x29,
    0xfe, 0x44, 0xa4, 0x84, 0xc8, 0x20, 0x91, 0x98,
    0xb1, 0x19, 0x1, 0x0, 0xf0, 0x0,

    /* U+73E0 "珠" */
    0x2, 0x87, 0xd4, 0x8, 0xa4, 0x4f, 0xe2, 0x48,
    0x7c, 0x48, 0x9f, 0xe4, 0x30, 0x21, 0xc1, 0xd5,
    0x31, 0x25, 0x11, 0x10, 0x8, 0x0,

    /* U+73ED "班" */
    0x1, 0xb, 0xe7, 0xf2, 0x12, 0x9, 0x48, 0x25,
    0x21, 0xf4, 0xa2, 0x5f, 0x88, 0x48, 0x21, 0x20,
    0xa4, 0x87, 0x22, 0x0, 0x88, 0x5, 0xfc, 0x0,
    0x0,

    /* U+7403 "球" */
    0x0, 0x80, 0xc5, 0x98, 0x24, 0x5f, 0xf2, 0x9,
    0x7d, 0x48, 0x8b, 0x84, 0x18, 0x21, 0xa1, 0xd4,
    0xb3, 0x26, 0x11, 0x10, 0x18, 0x0,

    /* U+7405 "琅" */
    0x0, 0x83, 0xf1, 0x2, 0x3f, 0x8, 0x84, 0x23,
    0xf3, 0xe8, 0x42, 0x3f, 0x8, 0xa0, 0x22, 0x98,
    0xa9, 0x8f, 0x22, 0x0, 0xc4, 0x2, 0x8,

    /* U+7406 "理" */
    0x4, 0x17, 0xff, 0x89, 0x24, 0x49, 0x22, 0x7f,
    0x7e, 0x48, 0x9f, 0xc4, 0x90, 0x20, 0x91, 0x7f,
    0x9c, 0x21, 0x1, 0x20, 0xff, 0x80,

    /* U+7409 "琉" */
    0x0, 0x83, 0xe1, 0x22, 0x7f, 0xc8, 0x60, 0x21,
    0x13, 0xff, 0xa2, 0x0, 0x8, 0xa4, 0x22, 0x90,
    0xea, 0x4e, 0x29, 0x41, 0x25, 0x8, 0x9c,

    /* U+7410 "琐" */
    0x0, 0x0, 0x4, 0xff, 0x24, 0x45, 0x42, 0x29,
    0x12, 0xbb, 0xf2, 0x44, 0x92, 0x24, 0x91, 0x24,
    0x8b, 0x25, 0xe2, 0x88, 0x33, 0x2, 0x8,

    /* U+7422 "琢" */
    0x0, 0x1f, 0xdf, 0x8, 0x40, 0x46, 0x32, 0x4a,
    0x7e, 0xf0, 0x8b, 0x84, 0xdc, 0x21, 0x51, 0x52,
    0x9d, 0x12, 0x10, 0x80, 0x18, 0x0,

    /* U+7433 "琳" */
    0x2, 0x23, 0xe8, 0x82, 0x22, 0xb, 0xfe, 0x22,
    0x23, 0xfd, 0xc2, 0x6f, 0x9, 0x9c, 0x2a, 0xa8,
    0xea, 0xad, 0x22, 0x0, 0x88, 0x2, 0x20,

    /* U+7434 "琴" */
    0x4, 0x3, 0xef, 0xc5, 0x14, 0xfb, 0xf1, 0x44,
    0x7f, 0xfc, 0x1c, 0x3, 0x5c, 0x21, 0x19, 0xff,
    0x0, 0x10, 0x1, 0x0, 0x10, 0x0,

    /* U+743C "琼" */
    0x0, 0x83, 0xf1, 0x22, 0x7f, 0x88, 0x0, 0x23,
    0xf0, 0xa8, 0x47, 0x21, 0x8, 0xfc, 0x20, 0x80,
    0xaa, 0x47, 0x48, 0xa2, 0x22, 0x1, 0x80,

    /* U+745E "瑞" */
    0x4, 0x97, 0xe4, 0x89, 0x24, 0x4f, 0xe2, 0x1,
    0x1b, 0xfd, 0x84, 0x4, 0xfe, 0x25, 0x51, 0x6a,
    0x8d, 0x55, 0x8a, 0xa0, 0x53, 0x0,

    /* U+745F "瑟" */
    0x8, 0x7, 0xdf, 0x8a, 0x29, 0xf7, 0xe2, 0x89,
    0x7f, 0xf8, 0x20, 0x2, 0xd0, 0x11, 0x42, 0x91,
    0xb7, 0x14, 0x20, 0x87, 0xfc, 0x0, 0x0,

    /* U+7470 "瑰" */
    0x0, 0x80, 0x44, 0x4f, 0x7f, 0x89, 0x24, 0x27,
    0xf0, 0x92, 0x47, 0x49, 0x9, 0xfc, 0x24, 0xa0,
    0xa7, 0x7, 0x2f, 0x1, 0x22, 0x8, 0xfc,

    /* U+7483 "璃" */
    0x0, 0x80, 0x82, 0x3f, 0xfe, 0x44, 0x2, 0x2d,
    0x11, 0x5b, 0xec, 0x44, 0xfe, 0x25, 0x59, 0x69,
    0x9d, 0x74, 0x8, 0x20, 0x41, 0x0,

    /* U+74A7 "璧" */
    0x0, 0x83, 0xe0, 0x11, 0xbc, 0xfa, 0x46, 0x4d,
    0x3e, 0xfe, 0x91, 0x7, 0xa, 0x7f, 0xf0, 0x11,
    0xf, 0xfc, 0x4, 0x8f, 0xff, 0x80,

    /* U+74DC "瓜" */
    0x0, 0x30, 0x1f, 0x83, 0xa2, 0x8, 0x88, 0x22,
    0x20, 0x88, 0x82, 0x22, 0x8, 0x84, 0x22, 0x10,
    0x8a, 0x44, 0x25, 0x90, 0xf3, 0x0, 0x8,

    /* U+74E2 "瓢" */
    0x2, 0x1b, 0xfd, 0xc2, 0x9d, 0x1f, 0xd4, 0x6b,
    0x51, 0xfd, 0x44, 0x35, 0xf, 0x54, 0xff, 0x58,
    0x45, 0xe5, 0x56, 0xa4, 0x96, 0x32, 0x4,

    /* U+74E3 "瓣" */
    0x41, 0xc1, 0x39, 0x1f, 0xfe, 0xbf, 0x25, 0x75,
    0x13, 0xb1, 0xff, 0xe6, 0xe4, 0x7f, 0xf9, 0x35,
    0xa, 0xa8, 0x97, 0x48, 0x2, 0x0,

    /* U+74E4 "瓤" */
    0x12, 0x3d, 0xff, 0xa4, 0xaa, 0x9b, 0xaa, 0x6e,
    0xa8, 0x1a, 0xa3, 0x8a, 0x9f, 0xaa, 0x28, 0xab,
    0xfe, 0xa3, 0x33, 0x9b, 0x4d, 0x32, 0x2c, 0x88,
    0x10,

    /* U+74E6 "瓦" */
    0x0, 0x17, 0xff, 0xc4, 0x0, 0x20, 0x1, 0xf8,
    0x8, 0x40, 0xa2, 0x4, 0x90, 0x24, 0x81, 0x4,
    0x8, 0x20, 0xb9, 0x26, 0xf, 0x80,

    /* U+74EE "瓮" */
    0x0, 0x0, 0x84, 0x9, 0x10, 0x92, 0x71, 0x8,
    0x1f, 0xa3, 0xff, 0xc2, 0x0, 0x1f, 0xc0, 0xc4,
    0x8, 0xa0, 0x41, 0x7, 0xcf, 0x80,

    /* U+74F6 "瓶" */
    0x44, 0x8, 0xaf, 0xf3, 0x50, 0x1f, 0x40, 0x29,
    0xf0, 0xa4, 0x42, 0x99, 0x3f, 0xd4, 0x29, 0x10,
    0xa4, 0x42, 0x91, 0x12, 0x66, 0x8a, 0x1c,

    /* U+74F7 "瓷" */
    0x6, 0x2, 0x20, 0xd, 0xfc, 0x52, 0x45, 0x28,
    0x26, 0x38, 0x0, 0xcf, 0xf8, 0x1f, 0xc1, 0x44,
    0x8, 0xa0, 0x4d, 0x27, 0x8f, 0x80,

    /* U+7518 "甘" */
    0x10, 0x40, 0x82, 0x4, 0x11, 0xff, 0xf1, 0x4,
    0x8, 0x20, 0x41, 0x3, 0xf8, 0x10, 0x40, 0x82,
    0x4, 0x10, 0x3f, 0x81, 0x4, 0x0,

    /* U+751A "甚" */
    0x18, 0x40, 0x82, 0xbf, 0xfe, 0x20, 0x81, 0xfc,
    0x8, 0x20, 0x7f, 0x1f, 0xff, 0x20, 0x1, 0x24,
    0xa, 0x10, 0x40, 0x23, 0xff, 0x80, 0x0,

    /* U+751C "甜" */
    0x1d, 0x12, 0xc4, 0x41, 0x11, 0x85, 0x7c, 0xfd,
    0x10, 0x44, 0x41, 0x11, 0x4, 0x7c, 0x7d, 0x11,
    0x14, 0x44, 0x51, 0x1f, 0x7c, 0x45, 0x10,

    /* U+751F "生" */
    0x12, 0x0, 0x90, 0x8, 0x80, 0x7f, 0xe4, 0x20,
    0x21, 0x2, 0x8, 0x87, 0xfe, 0x2, 0x0, 0x10,
    0x0, 0x80, 0x4, 0x2f, 0xff, 0x80,

    /* U+7525 "甥" */
    0x20, 0x5, 0x3f, 0xa9, 0x25, 0xff, 0xea, 0x49,
    0x13, 0xfb, 0xf2, 0x4, 0x12, 0x2f, 0xf1, 0x8,
    0x8f, 0x45, 0x84, 0x20, 0xc6, 0x0,

    /* U+7528 "用" */
    0x0, 0x11, 0xff, 0x88, 0x84, 0x44, 0x23, 0xff,
    0x11, 0x8, 0x88, 0x44, 0x42, 0x3f, 0xf1, 0x10,
    0x90, 0x84, 0x84, 0x28, 0x23, 0x0,

    /* U+7529 "甩" */
    0x0, 0x1, 0xff, 0x88, 0x84, 0x44, 0x23, 0xff,
    0x11, 0x8, 0x88, 0x47, 0xfe, 0x22, 0x11, 0x10,
    0x88, 0x88, 0x84, 0x24, 0x3f, 0x80, 0x0,

    /* U+752B "甫" */
    0x2, 0xd3, 0xff, 0xc0, 0x80, 0x7f, 0xc2, 0x22,
    0x1f, 0xf0, 0x88, 0x84, 0x44, 0x3f, 0xe1, 0x11,
    0x8, 0x88, 0x44, 0xc0,

    /* U+7530 "田" */
    0x0, 0x2f, 0xfe, 0x84, 0x28, 0x42, 0x84, 0x28,
    0x42, 0xff, 0xe8, 0x42, 0x84, 0x28, 0x42, 0x84,
    0x2f, 0xfe, 0x80, 0x20,

    /* U+7531 "由" */
    0x4, 0x0, 0x80, 0x11, 0x7f, 0xe8, 0x45, 0x8,
    0xa1, 0x17, 0xfe, 0x84, 0x50, 0x8a, 0x11, 0x7f,
    0xe8, 0x4,

    /* U+7532 "甲" */
    0x0, 0xf, 0xfe, 0x84, 0x28, 0x42, 0xff, 0xe8,
    0x42, 0x84, 0x2f, 0xfe, 0x84, 0x20, 0x40, 0x4,
    0x0, 0x40, 0x4, 0x0,

    /* U+7533 "申" */
    0x4, 0x0, 0x40, 0xff, 0xe8, 0x42, 0x84, 0x2f,
    0xfe, 0x84, 0x28, 0x42, 0xff, 0xe8, 0x42, 0x4,
    0x0, 0x40, 0x4, 0x0,

    /* U+7535 "电" */
    0x8, 0x0, 0x84, 0xff, 0xc8, 0x84, 0x88, 0x4f,
    0xfc, 0x88, 0x48, 0x84, 0xff, 0xc8, 0x84, 0x8,
    0x0, 0x82, 0xf, 0xe0,

    /* U+7537 "男" */
    0x0, 0x3, 0xfe, 0x22, 0x23, 0xfe, 0x22, 0x22,
    0x22, 0x3f, 0xe0, 0x60, 0x7f, 0xf0, 0x42, 0xc,
    0x21, 0x82, 0x60, 0xc0,

    /* U+7538 "甸" */
    0x10, 0x0, 0x80, 0x8b, 0xfc, 0x40, 0x27, 0xf9,
    0x52, 0x48, 0x92, 0x47, 0xf2, 0x24, 0x91, 0x24,
    0x8f, 0xe4, 0x40, 0x20, 0xe, 0x0,

    /* U+753B "画" */
    0x0, 0x17, 0xff, 0xc0, 0x0, 0x3f, 0x85, 0x25,
    0x29, 0x29, 0x7f, 0x4a, 0x4a, 0x52, 0x52, 0xfe,
    0x94, 0x15, 0xff, 0xe0, 0x1, 0x0,

    /* U+7545 "畅" */
    0x20, 0x1, 0x1f, 0x8, 0x11, 0xf1, 0xa, 0x91,
    0x7d, 0xfe, 0xa5, 0x55, 0x2a, 0xfa, 0x95, 0x64,
    0x8a, 0x44, 0x44, 0x42, 0x46, 0x0,

    /* U+754C "界" */
    0x0, 0x1, 0xff, 0x8, 0x88, 0x7f, 0xc2, 0x22,
    0x1f, 0xf0, 0x98, 0x81, 0x30, 0x38, 0xf2, 0x44,
    0x2, 0x20, 0x21, 0x2, 0x8, 0x0,

    /* U+754F "畏" */
    0x0, 0x1, 0xff, 0x8, 0x88, 0x7f, 0xc2, 0x22,
    0x1f, 0xf0, 0x0, 0x1f, 0xff, 0x22, 0x11, 0x11,
    0x8, 0x70, 0x49, 0x83, 0x83, 0x80,

    /* U+7554 "畔" */
    0x0, 0x87, 0xe4, 0xaa, 0xa9, 0x55, 0xca, 0x89,
    0x7d, 0xf2, 0xa2, 0x15, 0x12, 0xaf, 0xfd, 0x44,
    0x3e, 0x21, 0x1, 0x0, 0x8, 0x0,

    /* U+7559 "留" */
    0x18, 0xe, 0x7e, 0x83, 0x29, 0x22, 0x8a, 0x2f,
    0xde, 0x8, 0x7, 0xfc, 0x44, 0x47, 0xfc, 0x44,
    0x47, 0xfc, 0x40, 0x40,

    /* U+755C "畜" */
    0x4, 0x0, 0x10, 0x3f, 0xfe, 0x18, 0x87, 0xf8,
    0x6, 0x11, 0xff, 0xc0, 0x0, 0x3f, 0xe1, 0x11,
    0xf, 0xf8, 0x7f, 0xc2, 0x2, 0x0,

    /* U+7565 "略" */
    0x1, 0x4, 0x48, 0x3e, 0xf9, 0x54, 0x8a, 0xd8,
    0x7c, 0x62, 0xa4, 0xd5, 0x42, 0xaf, 0xe5, 0x51,
    0x36, 0x88, 0x7, 0xc0, 0x22, 0x0,

    /* U+7566 "畦" */
    0x88, 0x87, 0xc4, 0xab, 0xfd, 0x51, 0xa, 0x89,
    0x7f, 0xfe, 0xa2, 0x15, 0x10, 0xa8, 0x95, 0x5f,
    0x3e, 0x21, 0x1, 0x20, 0xff, 0x80,

    /* U+756A "番" */
    0x3, 0xc7, 0xe0, 0x12, 0xc0, 0xa8, 0xff, 0xf0,
    0xb0, 0x32, 0xe7, 0xff, 0x22, 0x43, 0xfc, 0x22,
    0x43, 0xfc, 0x20, 0x40,

    /* U+7574 "畴" */
    0x0, 0x87, 0xc4, 0xb5, 0xff, 0xa2, 0x2d, 0x7f,
    0x68, 0x83, 0xff, 0xfa, 0x44, 0xd2, 0xff, 0xa9,
    0x22, 0x28, 0x0, 0x40, 0x6, 0x0,

    /* U+7578 "畸" */
    0x0, 0x84, 0x44, 0xbf, 0xff, 0x51, 0xa, 0xb7,
    0x7f, 0xfe, 0xa0, 0x95, 0x74, 0xaa, 0xa7, 0xdd,
    0x22, 0xa9, 0x0, 0x40, 0x6, 0x0,

    /* U+7586 "疆" */
    0x0, 0x1, 0xef, 0xf0, 0xbf, 0x9e, 0xfe, 0x4a,
    0x49, 0xf, 0xe3, 0xff, 0xce, 0x2, 0x2b, 0xf8,
    0xaf, 0xef, 0xa4, 0x86, 0xfe, 0x17, 0xfc,

    /* U+758F "疏" */
    0x0, 0x81, 0xe1, 0x20, 0xff, 0x84, 0x30, 0x11,
    0x90, 0x68, 0x25, 0x9f, 0x94, 0x94, 0x52, 0x51,
    0x49, 0x45, 0xe5, 0x39, 0x16, 0x8, 0x58,

    /* U+7591 "疑" */
    0x40, 0x1, 0x2f, 0xe7, 0x1, 0x11, 0x38, 0x7c,
    0x21, 0x8f, 0xe7, 0xc5, 0x24, 0x52, 0xfd, 0x70,
    0x89, 0x3, 0xb4, 0x12, 0xb0, 0x84, 0x78,

    /* U+7597 "疗" */
    0x1, 0x0, 0x2, 0x1, 0xff, 0xd4, 0x0, 0x57,
    0xf8, 0xc0, 0x41, 0x2, 0xc, 0x10, 0x50, 0x40,
    0x41, 0x2, 0x4, 0x8, 0x10, 0x41, 0xc0,

    /* U+7599 "疙" */
    0x1, 0x0, 0x2, 0x21, 0xff, 0xd4, 0x80, 0x32,
    0x18, 0x57, 0x83, 0x7f, 0x16, 0x18, 0x50, 0xc0,
    0x46, 0x2, 0x20, 0x9, 0x2, 0x43, 0xf8,

    /* U+759A "疚" */
    0x1, 0x0, 0x2, 0x21, 0xff, 0xe4, 0x60, 0x51,
    0x20, 0xcf, 0x81, 0x22, 0xd, 0x10, 0x58, 0x40,
    0x42, 0x82, 0x12, 0x8, 0x84, 0x44, 0xc, 0x60,
    0x0,

    /* U+759F "疟" */
    0x2, 0x0, 0x8, 0xf, 0xff, 0x40, 0x6, 0x7f,
    0x12, 0x0, 0x90, 0xc, 0x80, 0xbf, 0xf9, 0x20,
    0x11, 0x0, 0x88, 0x28, 0x7f, 0xc0, 0x0,

    /* U+75A4 "疤" */
    0x1, 0x0, 0x4, 0x47, 0xfe, 0xa0, 0x5, 0x7f,
    0x1a, 0x48, 0x52, 0x4e, 0xfe, 0x54, 0x10, 0xa0,
    0x9, 0x2, 0x48, 0x14, 0x7f, 0x80, 0x0,

    /* U+75AB "疫" */
    0x2, 0x1, 0x8, 0xcf, 0xb9, 0x4f, 0x86, 0x44,
    0x12, 0x21, 0xa0, 0xd5, 0xfc, 0xa8, 0x22, 0x22,
    0x10, 0xe1, 0x7, 0x89, 0xc3, 0x80,

    /* U+75AE "疮" */
    0x1, 0x0, 0x2, 0x21, 0xff, 0xd4, 0x20, 0x31,
    0x40, 0x48, 0xf3, 0x7e, 0x14, 0x88, 0x52, 0x20,
    0x48, 0x82, 0x24, 0x8, 0x84, 0x43, 0xf8, 0x0,
    0x0,

    /* U+75AF "疯" */
    0x2, 0x0, 0x8, 0xf, 0xfe, 0x40, 0xa, 0xfe,
    0x34, 0x10, 0xa2, 0x85, 0x54, 0xe9, 0x25, 0x4d,
    0x12, 0xa8, 0xa8, 0xf9, 0x85, 0x90, 0x4,

    /* U+75B2 "疲" */
    0x2, 0x0, 0x8, 0xf, 0xff, 0x41, 0xa, 0xff,
    0xb4, 0x48, 0xa2, 0xd, 0xfe, 0xaa, 0x21, 0x51,
    0x16, 0x50, 0xa1, 0x8a, 0x33, 0x82, 0x4,

    /* U+75B9 "疹" */
    0x2, 0x0, 0x8, 0x8f, 0xff, 0x42, 0xa, 0x18,
    0x31, 0x20, 0x96, 0xcf, 0x60, 0xa4, 0x41, 0xc,
    0x10, 0x8c, 0x99, 0x88, 0x30, 0xe, 0x0,

    /* U+75BC "疼" */
    0x2, 0x0, 0x8, 0x8f, 0xff, 0x44, 0xa, 0x7e,
    0x32, 0x20, 0xab, 0xe, 0x20, 0xa2, 0xe1, 0x79,
    0x90, 0x20, 0x80, 0x8, 0x3c, 0x0, 0x0,

    /* U+75BE "疾" */
    0x2, 0x0, 0x8, 0x8f, 0xfd, 0x48, 0xa, 0x42,
    0x37, 0xf8, 0xa4, 0x1f, 0xfe, 0xa1, 0x3, 0x14,
    0x10, 0x91, 0x98, 0x69, 0x1, 0x0,

    /* U+75C5 "病" */
    0x2, 0x0, 0x8, 0x8f, 0xff, 0x40, 0x2a, 0xff,
    0xb0, 0x80, 0xbf, 0xcd, 0x22, 0xab, 0x11, 0x56,
    0x93, 0x14, 0x90, 0x28, 0x83, 0x0,

    /* U+75C7 "症" */
    0x1, 0x0, 0x4, 0x7, 0xfe, 0xa0, 0x3, 0x7f,
    0x98, 0x40, 0x52, 0x4e, 0x9f, 0x54, 0x80, 0xa4,
    0x9, 0x20, 0x49, 0x5, 0xff, 0x80, 0x0,

    /* U+75CA "痊" */
    0x2, 0x0, 0x8, 0x8f, 0xff, 0x42, 0x6, 0x28,
    0x12, 0x39, 0xbf, 0x94, 0x20, 0xa1, 0x21, 0x7f,
    0x10, 0x40, 0x82, 0x29, 0xff, 0x80, 0x0,

    /* U+75D2 "痒" */
    0x2, 0x0, 0x8, 0x8f, 0xfd, 0x48, 0x8a, 0x28,
    0x37, 0xf8, 0x84, 0x9d, 0xfe, 0x21, 0x3, 0xff,
    0x90, 0x40, 0x82, 0x8, 0x10, 0x0,

    /* U+75D5 "痕" */
    0x2, 0x0, 0x8, 0x8f, 0xff, 0x40, 0xa, 0xfe,
    0x34, 0x10, 0xbf, 0x9d, 0xfc, 0xaa, 0x21, 0x49,
    0x92, 0x30, 0x90, 0x88, 0xe3, 0x0, 0x0,

    /* U+75D8 "痘" */
    0x2, 0x0, 0x8, 0xaf, 0xff, 0x40, 0x26, 0xfe,
    0x17, 0xf0, 0xa0, 0x9d, 0x4, 0xaf, 0xe1, 0x42,
    0x11, 0x10, 0x81, 0x29, 0xff, 0x80, 0x0,

    /* U+75DB "痛" */
    0x2, 0x1, 0x8, 0xef, 0xb9, 0x5f, 0xe6, 0x18,
    0x17, 0xf8, 0xa4, 0x5d, 0xfe, 0x29, 0x12, 0x7f,
    0x92, 0x45, 0x12, 0x28, 0x83, 0x0,

    /* U+75E2 "痢" */
    0x2, 0x0, 0x8, 0xf, 0xff, 0x40, 0x6, 0xf5,
    0x32, 0xa8, 0xff, 0x4c, 0x8a, 0xae, 0x55, 0xaa,
    0x95, 0x14, 0xc8, 0x28, 0x43, 0x0,

    /* U+75EA "痪" */
    0x2, 0x0, 0x8, 0xaf, 0xff, 0x48, 0x6, 0x7c,
    0x17, 0xf0, 0xa4, 0x8d, 0x24, 0xa9, 0x35, 0xff,
    0xd0, 0xc0, 0x85, 0x8, 0x46, 0xc, 0x8,

    /* U+75F0 "痰" */
    0x2, 0x0, 0x8, 0xf, 0xff, 0x42, 0xa, 0x93,
    0x34, 0xa0, 0x8b, 0x8c, 0xa2, 0xa9, 0x5, 0x49,
    0x12, 0x70, 0x84, 0x88, 0xc3, 0x18, 0x4,

    /* U+75F4 "痴" */
    0x2, 0x0, 0x8, 0x8f, 0xff, 0x50, 0x6, 0xff,
    0x3a, 0x48, 0xd2, 0x5f, 0xf2, 0xa4, 0x91, 0x54,
    0x92, 0xbc, 0x91, 0x29, 0x8, 0x0,

    /* U+75F9 "痹" */
    0x2, 0x1, 0x8, 0x8f, 0xb9, 0x5f, 0xc6, 0x92,
    0x37, 0xf0, 0xa4, 0x8d, 0xfc, 0xbf, 0xf2, 0x22,
    0x11, 0x10, 0x88, 0x89, 0x84, 0x0,

    /* U+761F "瘟" */
    0x2, 0x1, 0x8, 0x8f, 0xb9, 0x5f, 0xca, 0x84,
    0x37, 0xe1, 0xa1, 0x1d, 0xf0, 0xbf, 0xe1, 0x95,
    0x14, 0xa8, 0xa5, 0x6b, 0xff, 0x80, 0x0,

    /* U+7624 "瘤" */
    0x2, 0x1, 0x8, 0x4f, 0xbd, 0x5f, 0xf6, 0x84,
    0xb5, 0x68, 0xba, 0x4e, 0x24, 0xaf, 0xf5, 0x48,
    0x93, 0xfc, 0x92, 0x28, 0xff, 0x0,

    /* U+7626 "瘦" */
    0x2, 0x0, 0x8, 0x2f, 0xff, 0x42, 0x6, 0xd3,
    0x17, 0xb8, 0xa4, 0x4d, 0xfe, 0xa9, 0x15, 0x7f,
    0x91, 0x18, 0x85, 0x8, 0x3c, 0x16, 0x1c,

    /* U+7629 "瘩" */
    0x2, 0x0, 0x8, 0x8f, 0xff, 0x44, 0xab, 0xff,
    0xb1, 0xa0, 0x8a, 0xc, 0x8f, 0xb9, 0x81, 0x3f,
    0x11, 0x8, 0x88, 0x48, 0x7e, 0x0,

    /* U+762A "瘪" */
    0x0, 0x0, 0x8, 0xf, 0xfe, 0x42, 0xa, 0xef,
    0x37, 0xf1, 0xa0, 0x8d, 0xfc, 0xef, 0xe5, 0x12,
    0x13, 0xe, 0x8b, 0x4, 0x61, 0x43, 0xf8,

    /* U+762B "瘫" */
    0x1, 0x0, 0x2, 0x23, 0xff, 0xe8, 0xa, 0x65,
    0xf8, 0xf4, 0x83, 0x7f, 0x9a, 0x48, 0xad, 0x20,
    0xb7, 0xe5, 0x52, 0x98, 0x7f, 0x81, 0x0,

    /* U+7638 "瘸" */
    0x2, 0x1, 0xff, 0xc9, 0x5, 0x7f, 0xe6, 0x69,
    0x35, 0x48, 0xcb, 0x8d, 0xfe, 0xa9, 0x92, 0x7a,
    0x92, 0xa4, 0x90, 0xa8, 0x83, 0x0,

    /* U+763E "瘾" */
    0x1, 0x80, 0xff, 0xfa, 0x29, 0x2f, 0xbc, 0x75,
    0x20, 0xe3, 0x63, 0x4f, 0x9c, 0x82, 0xb3, 0xf9,
    0x59, 0x5, 0xa, 0x94, 0xa2, 0x92, 0xf0,

    /* U+764C "癌" */
    0x2, 0x1, 0x8, 0x4f, 0xbd, 0x4f, 0xc6, 0x42,
    0x33, 0xf0, 0xbb, 0xee, 0x51, 0xae, 0xf9, 0x8,
    0x12, 0x44, 0x92, 0x29, 0xff, 0x0,

    /* U+765E "癞" */
    0x1, 0x0, 0x0, 0x2b, 0xff, 0x29, 0x5c, 0x6e,
    0x80, 0xbd, 0xe3, 0x58, 0x9d, 0x6a, 0xaf, 0xa9,
    0x3a, 0xa5, 0x52, 0x15, 0x16, 0x84, 0x88,

    /* U+7663 "癣" */
    0x1, 0x0, 0x4, 0xf, 0xff, 0x51, 0x36, 0xf5,
    0x9f, 0x90, 0xd4, 0xad, 0xee, 0xb5, 0x29, 0x7b,
    0x94, 0x48, 0x80, 0x49, 0xe2, 0x0,

    /* U+767B "登" */
    0x0, 0x1, 0xeb, 0x1, 0x54, 0x51, 0x61, 0x1c,
    0x13, 0x19, 0x7f, 0x42, 0x8, 0x10, 0x40, 0xfe,
    0x2, 0x20, 0xa, 0x27, 0xff, 0x80,

    /* U+767D "白" */
    0x8, 0x1, 0x0, 0x41, 0x7f, 0xe8, 0x5, 0x0,
    0xa0, 0x17, 0xfe, 0x80, 0x50, 0xa, 0x1, 0x7f,
    0xe8, 0x4,

    /* U+767E "百" */
    0x0, 0x17, 0xff, 0xc1, 0x80, 0x8, 0x3, 0xfe,
    0x10, 0x10, 0x80, 0x87, 0xfc, 0x20, 0x21, 0x1,
    0x8, 0x8, 0x7f, 0xc2, 0x2, 0x0,

    /* U+7682 "皂" */
    0x2, 0x0, 0x11, 0xf, 0xf8, 0x40, 0x43, 0xfe,
    0x10, 0x10, 0xff, 0x84, 0x84, 0x4, 0x19, 0xff,
    0x11, 0x0, 0x8, 0x20, 0x7f, 0x0,

    /* U+7684 "的" */
    0x21, 0x82, 0x48, 0xbe, 0x7d, 0x14, 0x28, 0xa1,
    0x46, 0xb, 0xe4, 0x51, 0x12, 0x88, 0x94, 0x40,
    0xbe, 0x5, 0x10, 0x48, 0x6, 0x0,

    /* U+7686 "皆" */
    0x84, 0x12, 0x9b, 0xf4, 0x43, 0x8, 0xc1, 0xef,
    0xc4, 0x3, 0xfc, 0x40, 0x8f, 0xf1, 0x2, 0x3f,
    0xc4, 0x8,

    /* U+7687 "皇" */
    0x2, 0x0, 0x21, 0xf, 0xf8, 0x40, 0x43, 0xfe,
    0x10, 0x10, 0xff, 0x80, 0x0, 0x7f, 0xf0, 0x11,
    0x1f, 0xfc, 0x4, 0xf, 0xff, 0x80,

    /* U+76AE "皮" */
    0x2, 0x0, 0x10, 0xf, 0xfc, 0x44, 0x42, 0x20,
    0x1f, 0xf0, 0xa1, 0x5, 0x8, 0x24, 0x81, 0x18,
    0x10, 0xc0, 0x99, 0x8b, 0x3, 0x0,

    /* U+76B1 "皱" */
    0x40, 0x43, 0xc2, 0x12, 0xff, 0x24, 0x9a, 0x25,
    0x7f, 0x20, 0x2f, 0xc1, 0x62, 0xfa, 0xa0, 0x53,
    0x3e, 0xa8, 0x1a, 0x20, 0xa0, 0x80,

    /* U+76BF "皿" */
    0x0, 0x0, 0xff, 0xc2, 0x49, 0x9, 0x24, 0x24,
    0x90, 0x92, 0x42, 0x49, 0x9, 0x24, 0x24, 0x90,
    0x92, 0x6f, 0xff, 0xc0,

    /* U+76C5 "盅" */
    0x3, 0x0, 0x18, 0xf, 0xfc, 0x46, 0x42, 0x32,
    0x1f, 0xf0, 0x8c, 0x80, 0x60, 0x3f, 0xe1, 0x25,
    0x9, 0x28, 0x49, 0x47, 0xff, 0x80,

    /* U+76C6 "盆" */
    0x0, 0x0, 0x64, 0x6, 0x10, 0x60, 0xc5, 0xfd,
    0x82, 0x20, 0x22, 0x6, 0x20, 0x7f, 0xe1, 0x29,
    0x9, 0x48, 0x4a, 0x4f, 0xff, 0x80,

    /* U+76C8 "盈" */
    0x0, 0x3, 0xfe, 0x2, 0x10, 0x3f, 0xe1, 0x11,
    0x13, 0x8, 0x94, 0x4b, 0x4, 0xbf, 0xe1, 0x25,
    0x9, 0x28, 0x49, 0x4f, 0xff, 0x80,

    /* U+76CA "益" */
    0x20, 0x60, 0x82, 0x2, 0x25, 0xff, 0xf0, 0x90,
    0xc, 0x20, 0x80, 0x88, 0x2, 0x3f, 0xe1, 0x29,
    0x9, 0x48, 0x4a, 0x5f, 0xff, 0x80,

    /* U+76CF "盏" */
    0x9, 0x0, 0x47, 0x1d, 0xc4, 0xf, 0xc7, 0xac,
    0x3, 0xc2, 0xe1, 0xef, 0xfc, 0x49, 0x22, 0x49,
    0x12, 0x4d, 0xff, 0xf0,

    /* U+76D0 "盐" */
    0x18, 0x80, 0x42, 0x1, 0x8, 0x1f, 0xbc, 0x10,
    0x98, 0x42, 0x27, 0xc8, 0x10, 0x20, 0x3f, 0xe0,
    0x92, 0x82, 0x4a, 0x9, 0x28, 0xff, 0xf8,

    /* U+76D1 "监" */
    0x9, 0x2, 0x48, 0x92, 0x7e, 0x94, 0x4, 0xa8,
    0x24, 0x21, 0x21, 0x0, 0x0, 0x7f, 0xe2, 0x49,
    0x12, 0x48, 0x92, 0x6f, 0xff, 0x80,

    /* U+76D2 "盒" */
    0x2, 0x0, 0x28, 0x6, 0x30, 0x5f, 0x7c, 0x0,
    0xf, 0xe0, 0x41, 0x3, 0xf8, 0x0, 0x1, 0xff,
    0x9, 0x48, 0x4a, 0x6f, 0xff, 0x80,

    /* U+76D4 "盔" */
    0x0, 0x0, 0x40, 0x9f, 0xfe, 0x1a, 0x41, 0x52,
    0xd, 0x60, 0x91, 0x8b, 0x2, 0x3f, 0xe1, 0x29,
    0x9, 0x48, 0x4a, 0x4f, 0xff, 0x80,

    /* U+76D6 "盖" */
    0x20, 0x80, 0xc4, 0xd, 0xdc, 0x4, 0x3, 0xfe,
    0x1, 0x1, 0xff, 0xe0, 0x0, 0x3f, 0xe1, 0x29,
    0x9, 0x48, 0x4a, 0x4f, 0xff, 0x80,

    /* U+76D7 "盗" */
    0x3, 0x1, 0x10, 0x86, 0xfc, 0x29, 0x22, 0x48,
    0x14, 0xa0, 0x88, 0xc0, 0x80, 0x3f, 0xe1, 0x25,
    0x9, 0x28, 0x49, 0x4f, 0xff, 0x80,

    /* U+76D8 "盘" */
    0x2, 0x0, 0x8, 0x1, 0xfe, 0x4, 0x8, 0x13,
    0x2b, 0xff, 0xf1, 0x42, 0x4, 0xc8, 0x20, 0xe1,
    0x0, 0x3, 0xff, 0x9, 0x24, 0x24, 0x9b, 0xff,
    0xf0,

    /* U+76DB "盛" */
    0x1, 0x31, 0xff, 0xc8, 0x28, 0x7d, 0x42, 0x44,
    0x12, 0x65, 0x2c, 0xf7, 0xfc, 0x24, 0xa1, 0x25,
    0x9, 0x29, 0xff, 0xf0,

    /* U+76DF "盟" */
    0x0, 0x13, 0xef, 0x92, 0x44, 0xf3, 0xe4, 0x9f,
    0x3c, 0x89, 0x29, 0x40, 0x84, 0x3f, 0xf1, 0x49,
    0xa, 0x48, 0x52, 0x4f, 0xff, 0x80,

    /* U+76EE "目" */
    0x0, 0xbf, 0xe8, 0xa, 0x2, 0xff, 0xa0, 0x28,
    0xa, 0x2, 0xff, 0xa0, 0x28, 0xb, 0xfe, 0x80,
    0x80,

    /* U+76EF "盯" */
    0x10, 0xf, 0xff, 0x90, 0x89, 0x8, 0xf0, 0x89,
    0x8, 0x90, 0x8f, 0x8, 0x90, 0x89, 0x8, 0xf0,
    0x89, 0x8, 0x83, 0x80,

    /* U+76F2 "盲" */
    0x4, 0x0, 0x10, 0x3f, 0xfe, 0x40, 0x3, 0xff,
    0x0, 0x0, 0xff, 0x84, 0x4, 0x3f, 0xe1, 0x1,
    0xf, 0xf8, 0x7f, 0xc2, 0x2, 0x0,

    /* U+76F4 "直" */
    0x4, 0x0, 0x20, 0x3f, 0xfc, 0x8, 0x3, 0xfc,
    0x10, 0x20, 0xff, 0x4, 0x8, 0x3f, 0xc1, 0x2,
    0xf, 0xf0, 0x40, 0xaf, 0xff, 0x80,

    /* U+76F8 "相" */
    0x10, 0x8, 0x47, 0xe1, 0x10, 0x9f, 0x42, 0x11,
    0xf8, 0xe4, 0x23, 0x50, 0x95, 0x42, 0x51, 0xf8,
    0x44, 0x21, 0x10, 0x84, 0x7e, 0x11, 0x8,

    /* U+76F9 "盹" */
    0x0, 0x87, 0x84, 0x24, 0x2d, 0x2f, 0x8f, 0x4b,
    0x4a, 0x52, 0x52, 0x9e, 0x94, 0x97, 0xe4, 0x85,
    0x3c, 0x23, 0x21, 0x18, 0xf, 0x80,

    /* U+76FC "盼" */
    0x12, 0x47, 0x92, 0x24, 0x91, 0x28, 0x4f, 0x42,
    0x4c, 0xa, 0x4f, 0x9e, 0x24, 0x92, 0x24, 0x91,
    0x3c, 0x89, 0x28, 0x40, 0x8c, 0x0,

    /* U+76FE "盾" */
    0x1, 0xe1, 0xb8, 0x8, 0x44, 0x7f, 0xf2, 0x10,
    0x17, 0xf0, 0xa0, 0x85, 0xfc, 0x28, 0x21, 0x7f,
    0x12, 0x8, 0x9f, 0xc8, 0x82, 0x0,

    /* U+7701 "省" */
    0x2, 0x0, 0x94, 0xc, 0x98, 0x45, 0xa4, 0x10,
    0x3, 0x0, 0x7f, 0x9e, 0x4, 0x1f, 0xe0, 0x81,
    0x7, 0xf8, 0x3f, 0xc1, 0x2, 0x0,

    /* U+7709 "眉" */
    0x0, 0x3, 0xff, 0x22, 0x22, 0x22, 0x3f, 0xe2,
    0x0, 0x2f, 0xe2, 0xfe, 0x28, 0x22, 0xfe, 0x48,
    0x24, 0xfe, 0x88, 0x20,

    /* U+770B "看" */
    0x3, 0xf7, 0xe0, 0x1, 0x8, 0xff, 0xe0, 0x81,
    0x7f, 0xfc, 0x40, 0x87, 0xfc, 0x5f, 0xe0, 0x81,
    0x7, 0xf8, 0x3f, 0xc1, 0x2, 0x0,

    /* U+771F "真" */
    0x4, 0x7, 0xff, 0x81, 0x0, 0x7f, 0x82, 0x4,
    0x1f, 0xe0, 0x81, 0x7, 0xf8, 0x3f, 0xc1, 0x2,
    0xbf, 0xfc, 0x20, 0xc3, 0x3, 0x60, 0x0,

    /* U+7720 "眠" */
    0x14, 0x17, 0xbf, 0xa5, 0x5, 0x28, 0x2f, 0x7f,
    0x4a, 0x42, 0x52, 0x5e, 0xfd, 0x94, 0x44, 0xa2,
    0x3d, 0x29, 0x2e, 0x78, 0x40, 0x80,

    /* U+7728 "眨" */
    0x10, 0x7, 0x87, 0xa5, 0x41, 0x22, 0xf, 0x8,
    0x4b, 0xfa, 0x40, 0x9e, 0x8, 0x90, 0x84, 0x88,
    0x3d, 0x81, 0x2c, 0x8, 0x9f, 0x80,

    /* U+772F "眯" */
    0x0, 0x87, 0x84, 0xa5, 0x25, 0x25, 0x4f, 0x2c,
    0x48, 0x4a, 0x4f, 0x9e, 0x38, 0x92, 0xa4, 0x95,
    0x3d, 0x25, 0x31, 0x10, 0x8, 0x0,

    /* U+7736 "眶" */
    0x10, 0xf, 0x7f, 0x94, 0x9, 0x7f, 0xf4, 0x89,
    0x48, 0x97, 0xef, 0x48, 0x94, 0x89, 0x4b, 0xf5,
    0x49, 0x41, 0x87, 0xf0, 0x0,

    /* U+7737 "眷" */
    0x2, 0x0, 0x92, 0x3, 0x20, 0xff, 0xe0, 0x81,
    0x7f, 0xfc, 0x41, 0xf, 0xff, 0x1f, 0xc0, 0x82,
    0x7, 0xf0, 0x20, 0x81, 0xfc, 0x0,

    /* U+773C "眼" */
    0x4, 0x2f, 0x7e, 0x94, 0x29, 0x7e, 0xf4, 0x29,
    0x42, 0x97, 0xef, 0x50, 0x94, 0xb9, 0x4c, 0xf4,
    0x49, 0x42, 0x86, 0x10,

    /* U+7740 "着" */
    0x10, 0x40, 0x64, 0x9f, 0xfe, 0x4, 0x1, 0xdf,
    0x3f, 0xfc, 0x20, 0x3, 0xfc, 0x2f, 0xe2, 0x41,
    0x3, 0xf8, 0x1f, 0xc0, 0x82, 0x0,

    /* U+7741 "睁" */
    0x0, 0x0, 0x92, 0x3c, 0xf1, 0x28, 0x89, 0x8a,
    0x7f, 0xf2, 0x44, 0x93, 0xff, 0xf1, 0x24, 0x89,
    0x24, 0xf9, 0xe2, 0x9, 0x10, 0x3, 0x80, 0x8,
    0x0,

    /* U+775B "睛" */
    0x0, 0x8f, 0x8, 0x9f, 0xf9, 0xa, 0xf3, 0xc9,
    0xff, 0x97, 0xef, 0x42, 0x97, 0xe9, 0x42, 0xf7,
    0xe9, 0x42, 0x4, 0x60,

    /* U+7761 "睡" */
    0x0, 0x37, 0x9e, 0x25, 0x41, 0x3f, 0xff, 0x52,
    0x4a, 0x92, 0x7f, 0xfe, 0xa4, 0x95, 0x24, 0xff,
    0xfc, 0x41, 0x22, 0x0, 0x7f, 0x0,

    /* U+7763 "督" */
    0x10, 0x1, 0x5f, 0x19, 0x2f, 0xf2, 0x58, 0xc5,
    0x4e, 0x93, 0x13, 0xfc, 0x20, 0x43, 0xfc, 0x3f,
    0xc2, 0x4, 0x3f, 0xc0,

    /* U+7766 "睦" */
    0x1, 0x7, 0x88, 0x25, 0xf9, 0x22, 0xf, 0xff,
    0x49, 0x22, 0x50, 0xdf, 0x22, 0x91, 0x24, 0x9e,
    0x3c, 0x41, 0x22, 0x8, 0xff, 0x0,

    /* U+776C "睬" */
    0x10, 0x37, 0x8e, 0x25, 0x85, 0x2b, 0x4f, 0x2a,
    0x48, 0x42, 0x42, 0x5e, 0x7c, 0x91, 0xc4, 0x95,
    0x3c, 0xa5, 0x39, 0x10, 0x8, 0x0,

    /* U+7779 "睹" */
    0x1, 0xf, 0x13, 0x97, 0xe9, 0x14, 0xf1, 0x59,
    0x7f, 0x91, 0xf, 0x7f, 0x9a, 0x29, 0x3e, 0xf2,
    0x28, 0x3e, 0x2, 0x20,

    /* U+7784 "瞄" */
    0x12, 0x47, 0x92, 0xa7, 0xff, 0x24, 0x8f, 0x20,
    0x4b, 0xfa, 0x54, 0x5e, 0xa2, 0x97, 0xf4, 0xa8,
    0xbd, 0x45, 0xf, 0xe0, 0x41, 0x0,

    /* U+778E "瞎" */
    0x1, 0x7, 0x84, 0x27, 0xfd, 0x31, 0x4f, 0x7f,
    0x48, 0x52, 0x4f, 0x5f, 0xfe, 0x90, 0x84, 0xbf,
    0x3d, 0x9, 0xf, 0xc0, 0x42, 0x0,

    /* U+7792 "瞒" */
    0x2, 0x47, 0x92, 0xab, 0xff, 0x44, 0xaf, 0xff,
    0xd1, 0x42, 0xbf, 0xdd, 0x52, 0xab, 0xd5, 0x6e,
    0xbb, 0x45, 0x52, 0x20, 0x83, 0x0,

    /* U+77A7 "瞧" */
    0x13, 0x7, 0xa4, 0x25, 0x25, 0x2f, 0xcf, 0x7f,
    0x4a, 0x42, 0x5f, 0xde, 0x90, 0x94, 0x94, 0xbb,
    0x3d, 0xa9, 0x34, 0xa8, 0x95, 0x0, 0x0,

    /* U+77AA "瞪" */
    0x11, 0x27, 0x95, 0x25, 0x95, 0x2c, 0x4f, 0x47,
    0x4c, 0xc2, 0x5f, 0x9e, 0x84, 0x97, 0xe4, 0xa1,
    0x3c, 0x91, 0x5, 0x20, 0xff, 0x80,

    /* U+77AC "瞬" */
    0x0, 0x77, 0x78, 0x2a, 0x4d, 0x4a, 0x4e, 0xff,
    0xd8, 0xa, 0xb0, 0x9d, 0xfe, 0xaa, 0xa5, 0x5f,
    0xf9, 0x9, 0x50, 0x41, 0x2, 0x0,

    /* U+77AD "瞭" */
    0x1, 0x7, 0x98, 0xaf, 0xff, 0x55, 0x6e, 0x46,
    0x5b, 0xde, 0x9f, 0x9c, 0x84, 0xa7, 0xe5, 0x29,
    0x3a, 0x49, 0x52, 0x21, 0x71, 0x0,

    /* U+77B3 "瞳" */
    0x2, 0xf, 0x12, 0x97, 0xf9, 0x24, 0xfd, 0xb9,
    0x7e, 0x95, 0x2f, 0x7e, 0x95, 0x29, 0x7e, 0xf7,
    0xf8, 0x11, 0xf, 0xf0,

    /* U+77BB "瞻" */
    0x12, 0xf, 0x7c, 0x94, 0x89, 0xb7, 0xf9, 0x49,
    0xaa, 0x99, 0x4f, 0xbe, 0x98, 0x29, 0xbe, 0xfb,
    0xe9, 0xa2, 0x83, 0xe0,

    /* U+77D7 "矗" */
    0x2, 0x3, 0xff, 0x87, 0xf0, 0x3f, 0x81, 0xfc,
    0xf, 0xe3, 0xff, 0xdf, 0xff, 0x7d, 0xf3, 0xef,
    0x11, 0x78, 0xfb, 0xcf, 0xbf, 0x80,

    /* U+77DB "矛" */
    0x0, 0x3, 0xff, 0x0, 0x30, 0xe, 0x0, 0x30,
    0x7f, 0xf8, 0x18, 0x41, 0x44, 0x1a, 0x41, 0x90,
    0x10, 0x81, 0x4, 0x0, 0xe0, 0x0,

    /* U+77E2 "矢" */
    0x10, 0x0, 0x81, 0xf, 0xfc, 0x44, 0x4, 0x20,
    0x1, 0xb, 0xff, 0xe0, 0x40, 0x5, 0x0, 0x24,
    0x2, 0x30, 0x20, 0xc6, 0x1, 0x80,

    /* U+77E5 "知" */
    0x20, 0x2, 0x2f, 0x9f, 0x44, 0xa2, 0x29, 0x11,
    0xa, 0x8b, 0xfc, 0x42, 0x22, 0x11, 0x11, 0x48,
    0x89, 0x44, 0x83, 0xe4, 0x11, 0x0, 0x0,

    /* U+77E9 "矩" */
    0x20, 0x1, 0x2f, 0xdf, 0x40, 0xa2, 0x9, 0x11,
    0xa, 0xfb, 0xfc, 0x42, 0x22, 0x11, 0xf0, 0xc8,
    0x9, 0x40, 0x4a, 0x14, 0x1f, 0xc0, 0x0,

    /* U+77EB "矫" */
    0x40, 0x62, 0x3c, 0x1c, 0x41, 0x42, 0x2a, 0xff,
    0x11, 0x23, 0xf0, 0x84, 0xce, 0x2a, 0x42, 0x92,
    0x14, 0x91, 0x8, 0x88, 0x84, 0x0,

    /* U+77ED "短" */
    0x40, 0x4, 0xff, 0x78, 0xa, 0x7e, 0xa4, 0x22,
    0x42, 0x74, 0x22, 0x7e, 0x24, 0x45, 0xa4, 0x4a,
    0x44, 0x9, 0x8f, 0xf0, 0x0,

    /* U+77EE "矮" */
    0x40, 0x21, 0x1f, 0x9, 0x89, 0x39, 0xfe, 0xa1,
    0xc0, 0x8a, 0xcf, 0xc9, 0x8, 0x44, 0x3f, 0xf9,
    0x48, 0x84, 0xa4, 0x10, 0x70, 0x81, 0x30, 0x38,
    0x40,

    /* U+77F3 "石" */
    0x0, 0x1f, 0xff, 0x8, 0x0, 0x80, 0x18, 0x1,
    0x2, 0x3f, 0xe3, 0x2, 0x50, 0x29, 0x2, 0x10,
    0x21, 0xfe, 0x10, 0x20,

    /* U+77FE "矾" */
    0xa, 0x27, 0xff, 0x88, 0x88, 0x44, 0x44, 0x22,
    0x3d, 0x91, 0x2a, 0x99, 0x54, 0x4a, 0x22, 0x51,
    0x1f, 0xa, 0x98, 0x50, 0x83, 0x80, 0x0,

    /* U+77FF "矿" */
    0x0, 0x83, 0xe2, 0x8, 0xfe, 0x84, 0x4, 0x20,
    0x3d, 0x1, 0x28, 0x19, 0x40, 0x4a, 0x2, 0x50,
    0x1e, 0x80, 0x98, 0x0, 0x40, 0x0,

    /* U+7801 "码" */
    0xb, 0xe7, 0xe1, 0x8, 0x48, 0x42, 0x44, 0x12,
    0x25, 0x11, 0xe8, 0x99, 0x7f, 0xc8, 0x12, 0x5e,
    0x9e, 0x4, 0x90, 0x20, 0x2, 0x0,

    /* U+7802 "砂" */
    0x0, 0x87, 0xe4, 0x8, 0x20, 0x45, 0x44, 0x29,
    0x25, 0x49, 0xf2, 0x19, 0x96, 0x48, 0x22, 0x42,
    0x1e, 0x30, 0x93, 0x0, 0x20, 0x6, 0x0,

    /* U+780C "砌" */
    0x1a, 0x7, 0xf7, 0xd0, 0x94, 0x84, 0xa4, 0xf5,
    0x3d, 0x29, 0x49, 0x5a, 0x4a, 0x53, 0xd2, 0xb4,
    0x9c, 0xa4, 0xa2, 0x20, 0x26, 0x0,

    /* U+780D "砍" */
    0x1, 0x0, 0x68, 0x1c, 0x80, 0x47, 0xf4, 0x21,
    0x21, 0x49, 0xe2, 0x99, 0x10, 0xc8, 0xc2, 0x4a,
    0x1e, 0x48, 0x94, 0x64, 0xc1, 0x0,

    /* U+7814 "研" */
    0x8, 0x17, 0xff, 0xc8, 0x48, 0x82, 0x44, 0x12,
    0x3e, 0x91, 0x3f, 0xf9, 0x24, 0x49, 0x22, 0x49,
    0x1e, 0x88, 0x94, 0x40, 0xc2, 0x0,

    /* U+7816 "砖" */
    0x0, 0x0, 0x44, 0x1c, 0x20, 0x47, 0xf2, 0x8,
    0x20, 0x45, 0x3f, 0xef, 0x20, 0xc9, 0xf2, 0x40,
    0x92, 0x8, 0xf3, 0x84, 0x86, 0x0, 0x10,

    /* U+781A "砚" */
    0xa, 0xb, 0xff, 0xe2, 0x20, 0x90, 0xb2, 0x42,
    0xc9, 0xeb, 0x24, 0xac, 0xb2, 0xba, 0x4a, 0xe1,
    0x23, 0x87, 0x9e, 0x12, 0x5a, 0x46, 0x7c,

    /* U+7830 "砰" */
    0x8, 0x17, 0xff, 0x88, 0x20, 0x85, 0x24, 0x2a,
    0x3d, 0x61, 0x22, 0x59, 0xff, 0x48, 0x82, 0x44,
    0x1e, 0x20, 0x91, 0x0, 0x8, 0x0,

    /* U+7834 "破" */
    0x8, 0x83, 0x84, 0x88, 0xfc, 0x85, 0x24, 0xa8,
    0x3d, 0xfb, 0x28, 0x89, 0x64, 0x4d, 0x42, 0x66,
    0x1f, 0x30, 0x8a, 0xc0, 0x23, 0x0,

    /* U+7838 "砸" */
    0x14, 0xf, 0xff, 0x91, 0x10, 0x88, 0xa4, 0x5f,
    0x3a, 0xa9, 0x55, 0x5a, 0xaa, 0x55, 0x52, 0xaa,
    0x9d, 0x10, 0xa8, 0x90, 0x7f, 0x80, 0x0,

    /* U+783E "砾" */
    0x0, 0x7b, 0xfe, 0x2, 0x20, 0x8, 0x90, 0x42,
    0x41, 0x29, 0x27, 0xbf, 0xb2, 0x10, 0x49, 0x51,
    0x29, 0x27, 0xa4, 0x93, 0x12, 0x40, 0xc0,

    /* U+7840 "础" */
    0x10, 0x87, 0xe4, 0x91, 0x24, 0x89, 0x24, 0x49,
    0x3b, 0xfb, 0x42, 0xa, 0x93, 0x54, 0x92, 0xa4,
    0x9d, 0x24, 0xaf, 0xe4, 0x1, 0x0,

    /* U+7845 "硅" */
    0x8, 0x83, 0x84, 0x8, 0xfc, 0x81, 0x27, 0xff,
    0xa4, 0x43, 0x22, 0x9, 0x12, 0x4b, 0xe3, 0xc4,
    0x12, 0x24, 0xf, 0xf0,

    /* U+7855 "硕" */
    0x8, 0x1f, 0xff, 0x8, 0x40, 0x86, 0x24, 0x2f,
    0x3d, 0x49, 0x2a, 0x59, 0x52, 0x4a, 0x92, 0x54,
    0x9e, 0x50, 0x94, 0x60, 0x41, 0x0, 0x0,

    /* U+785D "硝" */
    0x4, 0x49, 0xfd, 0x21, 0x15, 0x4, 0x10, 0x21,
    0xfc, 0xf8, 0x22, 0x60, 0x99, 0x7e, 0xa6, 0x8,
    0x97, 0xe2, 0x60, 0x8f, 0x82, 0x22, 0x38,

    /* U+786B "硫" */
    0x1, 0x7, 0xe4, 0x88, 0xfc, 0x81, 0x4, 0x12,
    0x3d, 0xe9, 0x2a, 0x99, 0x54, 0x4a, 0xa2, 0x55,
    0x1e, 0xa8, 0x99, 0x60, 0x8b, 0x80,

    /* U+786C "硬" */
    0x8, 0x17, 0xdf, 0xc8, 0x20, 0x87, 0xe4, 0x49,
    0x3d, 0xf9, 0x32, 0x59, 0x7e, 0x4c, 0x92, 0x54,
    0x1e, 0x40, 0x93, 0x80, 0x63, 0x80,

    /* U+786E "确" */
    0x8, 0x7, 0xff, 0x8, 0x90, 0x49, 0x4, 0x7f,
    0x25, 0x49, 0xef, 0xd9, 0x52, 0x4a, 0x92, 0x6f,
    0x9f, 0x24, 0x99, 0x20, 0x4b, 0x0, 0x0,

    /* U+787C "硼" */
    0x1, 0x4b, 0xfd, 0xe2, 0x54, 0x91, 0x52, 0x47,
    0x79, 0x55, 0x27, 0x54, 0xb5, 0xde, 0x55, 0x49,
    0x55, 0x27, 0x54, 0x96, 0x62, 0x13, 0x98,

    /* U+7889 "碉" */
    0x14, 0xf, 0xff, 0xd1, 0x22, 0x8b, 0xd4, 0x48,
    0xbb, 0xf5, 0x50, 0x3a, 0xbd, 0x55, 0x2a, 0xa9,
    0x5e, 0x7a, 0xb0, 0x11, 0x1, 0x80,

    /* U+788C "碌" */
    0xb, 0xe3, 0x81, 0x8, 0xf8, 0x80, 0x67, 0xbc,
    0x24, 0x4b, 0x3b, 0x89, 0x58, 0x4b, 0xa3, 0xf5,
    0x93, 0x26, 0x3, 0x0,

    /* U+788D "碍" */
    0xf, 0xf3, 0x90, 0x88, 0xfc, 0x84, 0x24, 0x3f,
    0x3c, 0x9, 0x2f, 0xf9, 0x4, 0x4f, 0xfa, 0x51,
    0x1e, 0x48, 0x90, 0x40, 0x6, 0x0,

    /* U+788E "碎" */
    0x0, 0x87, 0xe4, 0x89, 0xfe, 0x82, 0x44, 0x22,
    0x3d, 0xa9, 0x30, 0x59, 0x90, 0x48, 0x92, 0x5f,
    0x1e, 0x20, 0x91, 0x0, 0x8, 0x0,

    /* U+7891 "碑" */
    0x0, 0x80, 0x48, 0x3c, 0xfc, 0x49, 0x24, 0x3f,
    0x26, 0x49, 0xef, 0xd9, 0x28, 0x4a, 0x52, 0x7f,
    0xde, 0x10, 0x90, 0x80, 0x4, 0x0,

    /* U+7897 "碗" */
    0x0, 0x87, 0xe4, 0x9, 0xfe, 0x98, 0x24, 0xa1,
    0x3a, 0xf9, 0x55, 0x5a, 0xaa, 0x53, 0x52, 0x92,
    0x1c, 0x90, 0xa8, 0x90, 0x87, 0x80,

    /* U+7898 "碘" */
    0x11, 0x43, 0x4a, 0x11, 0xfc, 0x8a, 0xa4, 0x55,
    0x3b, 0xf9, 0x55, 0x5a, 0xaa, 0x55, 0x5a, 0x95,
    0x1c, 0x88, 0x88, 0x20, 0x81, 0x0, 0x0,

    /* U+789F "碟" */
    0x2, 0xa7, 0xd5, 0x13, 0xfe, 0x85, 0x44, 0x2a,
    0x3d, 0x29, 0x5f, 0xda, 0x12, 0x57, 0xfa, 0x86,
    0x1c, 0xe8, 0xa9, 0x20, 0x8, 0x0,

    /* U+78A7 "碧" */
    0x4, 0x43, 0xef, 0x85, 0x44, 0xfb, 0xe1, 0x11,
    0x1e, 0xf9, 0x4, 0x4f, 0xff, 0x8, 0x0, 0xff,
    0xa, 0x8, 0x90, 0x40, 0xfe, 0x0,

    /* U+78B0 "碰" */
    0x4, 0x37, 0xd1, 0x10, 0x90, 0x9f, 0xf4, 0x14,
    0x3a, 0xa9, 0x55, 0x5a, 0xac, 0x53, 0x62, 0x9a,
    0x1c, 0x50, 0xa2, 0x80, 0xff, 0x80,

    /* U+78B1 "碱" */
    0x10, 0x21, 0xa0, 0xa4, 0x7f, 0x91, 0x8, 0x47,
    0xe1, 0xd0, 0xa5, 0x7e, 0xb5, 0xac, 0x56, 0xb1,
    0x5e, 0xc7, 0xa5, 0x12, 0x26, 0x11, 0x8,

    /* U+78B3 "碳" */
    0x4, 0x97, 0xe4, 0x91, 0x24, 0x8f, 0xe4, 0x21,
    0x3b, 0xf1, 0x52, 0x1a, 0x93, 0x56, 0xe2, 0xb6,
    0x1e, 0x48, 0xb2, 0x60, 0x61, 0x80,

    /* U+78B4 "碴" */
    0x0, 0x87, 0xe4, 0x8, 0xfc, 0x83, 0x84, 0x2a,
    0x3c, 0x49, 0x2f, 0x99, 0x44, 0x4b, 0xe2, 0x51,
    0x1e, 0xf8, 0x94, 0x60, 0x7f, 0x80,

    /* U+78BE "碾" */
    0x17, 0xf9, 0x90, 0x24, 0x7f, 0x91, 0x48, 0x77,
    0xf9, 0x54, 0x8d, 0x52, 0x95, 0xfe, 0x55, 0x59,
    0xd4, 0x84, 0x97, 0x4, 0xe2,

    /* U+78C1 "磁" */
    0x2, 0x0, 0x49, 0x1c, 0x54, 0x9f, 0xf4, 0x22,
    0x3a, 0xed, 0x56, 0x5b, 0xdc, 0x52, 0x22, 0xb2,
    0x1d, 0x54, 0xb3, 0x14, 0x77, 0x80, 0x0,

    /* U+78C5 "磅" */
    0x1, 0x7, 0xc4, 0x91, 0xfc, 0x84, 0x44, 0x7f,
    0x2a, 0x89, 0xe2, 0x5a, 0xfe, 0x51, 0x2, 0x8f,
    0x1c, 0x88, 0xa8, 0x40, 0x84, 0x0,

    /* U+78D5 "磕" */
    0x0, 0x80, 0x44, 0x1c, 0xfc, 0x81, 0x4, 0x3f,
    0xbc, 0x93, 0x3f, 0xc9, 0x0, 0x4b, 0xfa, 0x6a,
    0x9f, 0x54, 0x9a, 0xb4, 0x7f, 0x80,

    /* U+78E8 "磨" */
    0x6, 0x0, 0x8, 0x9f, 0xfe, 0x90, 0xa7, 0xff,
    0x26, 0x71, 0x6d, 0x4d, 0x8, 0x7f, 0xf2, 0x7f,
    0x22, 0x9, 0x70, 0x40, 0xfe, 0x0,

    /* U+78F7 "磷" */
    0x0, 0x87, 0xe5, 0x8, 0xb4, 0x8f, 0xf4, 0x1c,
    0x21, 0x59, 0xf2, 0x5a, 0xff, 0x55, 0x62, 0xdd,
    0xdc, 0xb8, 0xa8, 0x40, 0x82, 0x0,

    /* U+78FA "磺" */
    0x1, 0x20, 0xd2, 0x99, 0xfe, 0x84, 0x84, 0xff,
    0xa0, 0x41, 0xdf, 0xda, 0x92, 0x57, 0xf2, 0xa4,
    0x9d, 0xdc, 0xa6, 0x40, 0xc1, 0x0,

    /* U+7901 "礁" */
    0x0, 0x80, 0x25, 0x7, 0x24, 0x8, 0xfe, 0x46,
    0x41, 0xef, 0xc4, 0xbf, 0xb2, 0x90, 0x4b, 0xf9,
    0x20, 0x7, 0xe5, 0x13, 0x4a, 0x9, 0x28, 0x0,
    0x0,

    /* U+793A "示" */
    0x0, 0x21, 0xff, 0x0, 0x0, 0x0, 0x0, 0x1,
    0x7f, 0xfc, 0x8, 0x0, 0x50, 0x32, 0x61, 0x11,
    0x90, 0x85, 0x4, 0x0, 0x20, 0x2, 0x0,

    /* U+793C "礼" */
    0x20, 0x80, 0x42, 0x0, 0x8, 0x3f, 0xa0, 0x4,
    0x80, 0x22, 0x1, 0x8, 0xe, 0x20, 0x54, 0x80,
    0x42, 0x1, 0x8, 0x44, 0x21, 0x10, 0xfc,

    /* U+793E "社" */
    0x20, 0x40, 0x41, 0x1, 0x4, 0x1f, 0x10, 0x8,
    0x48, 0x2f, 0xf1, 0x4, 0xe, 0x10, 0x54, 0x40,
    0x41, 0x1, 0x4, 0x4, 0x10, 0x17, 0xfc,

    /* U+7948 "祈" */
    0x40, 0x22, 0x2c, 0x23, 0xf, 0xa0, 0x1a, 0x11,
    0x3f, 0x22, 0x47, 0x24, 0xaa, 0x42, 0x24, 0x24,
    0x42, 0x44, 0x28, 0x40,

    /* U+7956 "祖" */
    0x40, 0x21, 0x1f, 0x8, 0x88, 0xb4, 0x41, 0x3e,
    0x11, 0x10, 0xc8, 0x8d, 0x44, 0xa3, 0xe1, 0x11,
    0x8, 0x88, 0x44, 0x42, 0xff, 0x80,

    /* U+795D "祝" */
    0x40, 0x1, 0x3f, 0x89, 0x5, 0xe8, 0x21, 0x41,
    0xa, 0x8, 0x9f, 0xce, 0xa8, 0xa9, 0x41, 0x12,
    0x8, 0x92, 0x48, 0x92, 0x87, 0x80,

    /* U+795E "神" */
    0x40, 0x81, 0x4, 0x0, 0x25, 0xef, 0xe1, 0x49,
    0x13, 0xf8, 0x92, 0x4f, 0x92, 0xaf, 0xf1, 0x24,
    0x88, 0x20, 0x41, 0x2, 0x8, 0x0,

    /* U+795F "祟" */
    0x22, 0x21, 0x11, 0x1f, 0xf8, 0x4, 0x4, 0x21,
    0x3f, 0xf8, 0x0, 0x87, 0xfe, 0x0, 0x7, 0xff,
    0xc0, 0x98, 0x64, 0x24, 0x20, 0x82, 0x0,

    /* U+7960 "祠" */
    0x20, 0x0, 0x4f, 0xe1, 0x0, 0x9e, 0x2, 0x9,
    0xe8, 0x4f, 0x21, 0x24, 0x8f, 0x92, 0x56, 0x48,
    0x4f, 0x21, 0x20, 0x84, 0x2, 0x10, 0x38,

    /* U+7965 "祥" */
    0x44, 0x21, 0x11, 0x8, 0x95, 0xff, 0xf1, 0x8,
    0x8, 0x40, 0x9f, 0xce, 0x10, 0xa8, 0x81, 0x3f,
    0xc8, 0x20, 0x41, 0x2, 0x8, 0x0,

    /* U+7968 "票" */
    0x0, 0xf, 0xff, 0x9, 0x7, 0xfe, 0x49, 0x27,
    0xfe, 0x40, 0x21, 0xfc, 0xff, 0xf0, 0x20, 0x32,
    0x44, 0x22, 0x4, 0x0,

    /* U+796D "祭" */
    0x10, 0x11, 0xff, 0x89, 0x44, 0xa9, 0x42, 0x84,
    0x8, 0x70, 0xbf, 0xd8, 0x1, 0x7f, 0xf0, 0x10,
    0x4, 0x88, 0x44, 0x24, 0xe0, 0x2, 0x0,

    /* U+7977 "祷" */
    0xc0, 0x81, 0x4, 0x89, 0xff, 0xf2, 0x21, 0x7f,
    0x8, 0x80, 0x9f, 0xee, 0x44, 0xab, 0xf9, 0x31,
    0x9, 0x48, 0x40, 0x42, 0x6, 0x0,

    /* U+7978 "祸" */
    0x40, 0x1, 0x1f, 0x88, 0x85, 0xf4, 0x21, 0x3f,
    0x10, 0x40, 0xdf, 0xed, 0x91, 0xa4, 0x89, 0x2a,
    0x49, 0x8a, 0x48, 0x12, 0x43, 0x80,

    /* U+7980 "禀" */
    0x2, 0x17, 0xff, 0xc0, 0x8, 0x7f, 0xc2, 0xfa,
    0x14, 0x50, 0xff, 0x80, 0x4, 0x1f, 0xd7, 0xff,
    0xc0, 0x80, 0x64, 0x64, 0xe0, 0x80,

    /* U+7981 "禁" */
    0x10, 0x40, 0x82, 0x3f, 0xfe, 0x61, 0xc5, 0xd5,
    0x4b, 0x24, 0x0, 0x87, 0xfa, 0xff, 0xf8, 0x10,
    0xc, 0x98, 0x84, 0x28, 0x60, 0x0,

    /* U+798F "福" */
    0x40, 0x2, 0x7f, 0x0, 0xf, 0xbf, 0x12, 0x21,
    0x3e, 0x20, 0x7, 0xff, 0x2c, 0x92, 0x7f, 0x24,
    0x92, 0x49, 0x27, 0xf0,

    /* U+79BB "离" */
    0x4, 0x0, 0x20, 0xff, 0xf2, 0x14, 0x26, 0x42,
    0xdc, 0x3f, 0xc0, 0x44, 0x7f, 0xe4, 0x82, 0x57,
    0xa4, 0x8a, 0x40, 0x60,

    /* U+79BD "禽" */
    0x6, 0x0, 0x98, 0x14, 0xf7, 0xfb, 0x21, 0x42,
    0x74, 0x28, 0x41, 0xf8, 0x7f, 0xe4, 0x92, 0x5f,
    0xa4, 0x2, 0x40, 0x60,

    /* U+79BE "禾" */
    0x0, 0x60, 0x3c, 0xe, 0x80, 0x4, 0x0, 0x21,
    0x7f, 0xfc, 0x1c, 0x1, 0x60, 0xa, 0x80, 0x93,
    0x8, 0x8d, 0x84, 0x10, 0x20, 0x0,

    /* U+79C0 "秀" */
    0x0, 0xe3, 0xf8, 0x0, 0x85, 0xff, 0xf0, 0xf0,
    0xd, 0x60, 0x88, 0xff, 0xf8, 0xc, 0x80, 0x47,
    0x82, 0x8, 0x20, 0x46, 0xe, 0x0,

    /* U+79C1 "私" */
    0xc, 0x41, 0xc1, 0x1, 0xc, 0x5, 0x20, 0xfe,
    0x80, 0x42, 0x3, 0x90, 0xd, 0x48, 0x52, 0x22,
    0x48, 0x41, 0x20, 0x84, 0xfe, 0x10, 0x8,

    /* U+79C3 "秃" */
    0x3, 0xe0, 0xe8, 0x0, 0x42, 0xff, 0xf0, 0x78,
    0xc, 0xb9, 0x84, 0x21, 0xf8, 0x8, 0x40, 0x42,
    0x6, 0x10, 0x20, 0x92, 0x7, 0x80,

    /* U+79C6 "秆" */
    0xc, 0x0, 0xcf, 0xe5, 0x4, 0x4, 0x10, 0x14,
    0x40, 0xe1, 0x23, 0x3f, 0xce, 0x10, 0x34, 0x41,
    0x41, 0x1, 0x4, 0x4, 0x10, 0x10, 0x40,

    /* U+79C9 "秉" */
    0x1, 0xe1, 0xf0, 0x0, 0x84, 0xff, 0xc3, 0xfe,
    0x1, 0x13, 0xff, 0xe0, 0x44, 0x7f, 0xe0, 0x38,
    0x6, 0xb0, 0x44, 0x7c, 0x20, 0x0,

    /* U+79CB "秋" */
    0xc, 0x40, 0xc1, 0x1, 0x4, 0x5, 0x11, 0x7e,
    0x48, 0x49, 0xc3, 0x87, 0xd, 0x38, 0x54, 0xe2,
    0x42, 0x41, 0x11, 0x4, 0x82, 0x14, 0x4,

    /* U+79CD "种" */
    0xc, 0x40, 0xc1, 0x5, 0x4, 0x84, 0xfe, 0x7e,
    0x48, 0x49, 0x23, 0x24, 0x8f, 0x92, 0x57, 0xf9,
    0x49, 0x29, 0x4, 0x4, 0x10, 0x10, 0x40,

    /* U+79D1 "科" */
    0xc, 0x23, 0x81, 0x4, 0x28, 0x29, 0xcf, 0xc2,
    0x8, 0x90, 0xe2, 0x86, 0x84, 0x50, 0x3c, 0x9f,
    0x4, 0x8, 0x20, 0x41, 0x2, 0x0,

    /* U+79D2 "秒" */
    0xc, 0x41, 0xc1, 0x1, 0x14, 0x5, 0x54, 0xfe,
    0x48, 0x49, 0x23, 0x84, 0xd, 0x16, 0x50, 0x12,
    0x40, 0x81, 0x6, 0x4, 0x20, 0x17, 0x0,

    /* U+79D5 "秕" */
    0x16, 0x43, 0x22, 0x9, 0x10, 0x48, 0x8f, 0xd5,
    0x93, 0xf1, 0x91, 0xf, 0x88, 0xac, 0x45, 0x22,
    0x9, 0x10, 0x4e, 0x92, 0x47, 0x80,

    /* U+79D8 "秘" */
    0x18, 0x1, 0xc3, 0x41, 0x15, 0x4, 0x48, 0x7d,
    0x20, 0x45, 0x43, 0xd4, 0x8d, 0x62, 0x55, 0x88,
    0x44, 0x1, 0x11, 0x5, 0xfc, 0x10, 0x0,

    /* U+79DF "租" */
    0xc, 0x10, 0xc7, 0xc5, 0x11, 0x4, 0x44, 0x15,
    0x10, 0xe7, 0xc3, 0x91, 0xd, 0x44, 0x51, 0xf2,
    0x44, 0x41, 0x11, 0x4, 0x44, 0x17, 0xfc,

    /* U+79E4 "秤" */
    0xc, 0x8, 0xcf, 0xe5, 0x4, 0x5, 0x92, 0x7d,
    0x50, 0x45, 0x43, 0x84, 0x8d, 0xff, 0x54, 0x42,
    0x41, 0x9, 0x4, 0x4, 0x10, 0x10, 0x40,

    /* U+79E6 "秦" */
    0x2, 0x0, 0x30, 0x9f, 0xfc, 0x8, 0x43, 0xbd,
    0x7f, 0xfc, 0x42, 0x5, 0xec, 0x42, 0x1d, 0xff,
    0x1, 0x80, 0x37, 0x86, 0x23, 0x0, 0x0,

    /* U+79E7 "秧" */
    0x8, 0x40, 0xc1, 0x1, 0x3f, 0x84, 0x92, 0x7e,
    0x48, 0x49, 0x23, 0x24, 0xcf, 0xff, 0x54, 0x41,
    0x42, 0x81, 0x9, 0x4, 0x42, 0x16, 0x4,

    /* U+79E9 "秩" */
    0x8, 0x40, 0xc5, 0x1, 0x24, 0x84, 0xfc, 0x7e,
    0x40, 0x41, 0x23, 0xbf, 0xcd, 0x10, 0x50, 0xa1,
    0x42, 0x81, 0x11, 0x4, 0x82, 0x14, 0x4,

    /* U+79EB "秫" */
    0xc, 0x41, 0xc1, 0x81, 0x5, 0x5, 0xff, 0x7c,
    0xc0, 0x43, 0x83, 0x8e, 0xd, 0x54, 0x51, 0x52,
    0x49, 0x21, 0x24, 0xc5, 0x10, 0x10, 0x40,

    /* U+79EF "积" */
    0x10, 0x13, 0x3f, 0xa9, 0x4, 0x48, 0x2f, 0xc1,
    0x12, 0x9, 0xd0, 0x4d, 0xfe, 0xa4, 0x11, 0x1a,
    0x8, 0x88, 0x48, 0x22, 0x81, 0x0, 0x0,

    /* U+79F0 "称" */
    0xd, 0x1, 0xc4, 0x1, 0x1f, 0x84, 0x82, 0x7c,
    0x50, 0x41, 0x43, 0x95, 0xd, 0x54, 0x52, 0x4a,
    0x49, 0x29, 0x4, 0x84, 0x10, 0x10, 0xc0,

    /* U+79F8 "秸" */
    0x1c, 0x41, 0xc1, 0x21, 0x7f, 0xc4, 0x10, 0x38,
    0x48, 0xcf, 0xf3, 0x0, 0xf, 0xfe, 0x56, 0x8,
    0x48, 0x21, 0x20, 0x84, 0xfe, 0x12, 0x8,

    /* U+79FB "移" */
    0x0, 0x40, 0x73, 0x7, 0x1f, 0x84, 0xe4, 0x7c,
    0x60, 0x41, 0x3, 0x9e, 0xd, 0x1f, 0x50, 0x8a,
    0x4d, 0x49, 0x3, 0x4, 0x10, 0x13, 0x80,

    /* U+79FD "秽" */
    0x10, 0x83, 0x24, 0x89, 0x24, 0x49, 0x22, 0x7f,
    0x38, 0x89, 0xcf, 0xcd, 0x46, 0xe6, 0x25, 0x4a,
    0x8, 0x20, 0x42, 0x2, 0x60, 0x0,

    /* U+7A00 "稀" */
    0x0, 0x10, 0x72, 0xc3, 0xf, 0x4, 0xe0, 0x7c,
    0x88, 0x4f, 0xf3, 0x94, 0xd, 0x7e, 0x53, 0x49,
    0x45, 0x21, 0x14, 0x84, 0x56, 0x11, 0x40,

    /* U+7A0B "程" */
    0x4, 0x0, 0x67, 0xe7, 0x10, 0x85, 0x42, 0x7d,
    0xf8, 0x40, 0x3, 0xbf, 0xcd, 0x10, 0x50, 0x49,
    0x47, 0xf1, 0x4, 0x4, 0x10, 0x17, 0xfc,

    /* U+7A0D "稍" */
    0xc, 0x41, 0xc9, 0x21, 0x15, 0x5, 0x50, 0x7d,
    0xf8, 0x44, 0x23, 0x90, 0x8d, 0x7e, 0x55, 0x9,
    0x47, 0xe1, 0x10, 0x84, 0x42, 0x11, 0x18,

    /* U+7A0E "税" */
    0x8, 0x18, 0xc4, 0x41, 0xa, 0x84, 0xd6, 0x7e,
    0x8, 0x48, 0x23, 0x20, 0x8f, 0xfe, 0x54, 0xa1,
    0x42, 0x81, 0x12, 0x44, 0x89, 0x14, 0x3c,

    /* U+7A1A "稚" */
    0x19, 0x47, 0x12, 0x8, 0xfe, 0x44, 0x8f, 0xa4,
    0x13, 0x21, 0xcf, 0xee, 0x48, 0xab, 0xfd, 0x12,
    0x8, 0x92, 0x47, 0xf2, 0x20, 0x0,

    /* U+7A20 "稠" */
    0x10, 0x3, 0xbf, 0xa9, 0x24, 0x4b, 0xaf, 0xc9,
    0x12, 0x69, 0xd4, 0x4d, 0xba, 0xa5, 0x55, 0x2a,
    0x89, 0x74, 0x50, 0x23, 0x3, 0x0,

    /* U+7A33 "稳" */
    0x0, 0x0, 0x6c, 0x6, 0x3e, 0x9, 0x10, 0xfb,
    0xb0, 0x80, 0x47, 0x7f, 0x1c, 0x4, 0x6f, 0xf2,
    0x82, 0x42, 0xa8, 0x8a, 0x8a, 0x2b, 0xe0,

    /* U+7A3B "稻" */
    0x8, 0x79, 0xce, 0x21, 0x48, 0x84, 0x94, 0x7d,
    0x40, 0x42, 0x3, 0xb3, 0x8d, 0xa2, 0x57, 0xba,
    0x48, 0x21, 0x20, 0x84, 0xfe, 0x12, 0x8,

    /* U+7A3C "稼" */
    0x11, 0x1, 0x24, 0x39, 0xfe, 0x58, 0x2f, 0xff,
    0x11, 0x89, 0xd2, 0x8d, 0x38, 0xa2, 0xe5, 0x6f,
    0x8, 0x94, 0x58, 0xb2, 0x18, 0x0,

    /* U+7A3D "稽" */
    0x11, 0x6, 0x13, 0x2f, 0xf2, 0x28, 0xf4, 0xf2,
    0xc6, 0x67, 0x97, 0xbe, 0xaf, 0xea, 0x42, 0x27,
    0xe2, 0x7e, 0x24, 0x20,

    /* U+7A3F "稿" */
    0x19, 0x3, 0x4, 0x89, 0xd8, 0x47, 0xcf, 0xa2,
    0x11, 0xf1, 0xc0, 0xd, 0xfe, 0xa5, 0xd1, 0x32,
    0x89, 0x74, 0x48, 0x22, 0x43, 0x0,

    /* U+7A46 "穆" */
    0x10, 0x83, 0x3f, 0x89, 0x4, 0x4f, 0xef, 0xff,
    0x10, 0x49, 0xca, 0xcd, 0x9e, 0xa0, 0x85, 0x3b,
    0x8, 0x66, 0x4c, 0xc2, 0x78, 0x0,

    /* U+7A57 "穗" */
    0x0, 0x81, 0x84, 0x9b, 0xfe, 0x4f, 0xef, 0xc9,
    0x13, 0xf9, 0xdf, 0xcd, 0x96, 0x6f, 0xd5, 0x15,
    0xa, 0x94, 0x54, 0x12, 0x3e, 0x0,

    /* U+7A74 "穴" */
    0x8, 0x0, 0x30, 0x10, 0x80, 0xff, 0xe4, 0x3,
    0x40, 0x10, 0x24, 0x1, 0x20, 0x11, 0x0, 0x84,
    0x8, 0x10, 0x40, 0xc4, 0x3, 0x40, 0x8,

    /* U+7A76 "究" */
    0x2, 0x2, 0x8, 0x1f, 0xfe, 0x81, 0x19, 0x86,
    0x12, 0x9, 0x10, 0xf, 0xf8, 0x4, 0x40, 0x42,
    0x2, 0x10, 0x20, 0x96, 0x7, 0x80,

    /* U+7A77 "穷" */
    0x2, 0x1, 0x8, 0xf, 0xfe, 0xc0, 0x30, 0xc6,
    0x19, 0x8, 0x8, 0x7, 0xfe, 0x2, 0x20, 0x21,
    0x1, 0x8, 0x30, 0x46, 0xc, 0x0,

    /* U+7A7A "空" */
    0x4, 0x0, 0x10, 0x1f, 0xfe, 0x80, 0x28, 0x84,
    0x8, 0x19, 0x80, 0xc7, 0xfe, 0x2, 0x0, 0x10,
    0x0, 0x80, 0x4, 0x2f, 0xff, 0x80,

    /* U+7A7F "穿" */
    0x2, 0x0, 0x8, 0x1f, 0xfe, 0x99, 0x21, 0x7,
    0x3f, 0xf8, 0x42, 0x4, 0x12, 0x3f, 0xf8, 0xc,
    0x1, 0xa0, 0x11, 0x7, 0x8, 0x0, 0x80,

    /* U+7A81 "突" */
    0x2, 0x0, 0x10, 0x9f, 0xff, 0x80, 0x20, 0x86,
    0x19, 0x49, 0x9, 0x4f, 0xff, 0x6, 0x0, 0x28,
    0x2, 0x20, 0x20, 0xc6, 0x1, 0x80,

    /* U+7A83 "窃" */
    0x4, 0x2, 0x10, 0x1f, 0xfe, 0x91, 0x21, 0x6,
    0x30, 0x8, 0x8f, 0xc4, 0x12, 0xfc, 0x91, 0x4,
    0x8b, 0x44, 0xe4, 0x60, 0x46, 0x0,

    /* U+7A84 "窄" */
    0x4, 0x0, 0x20, 0x7f, 0xf8, 0x92, 0x30, 0xed,
    0x2, 0x3f, 0xf2, 0x40, 0x47, 0xe8, 0x42, 0x7,
    0xf0, 0x40, 0x4, 0x0,

    /* U+7A8D "窍" */
    0x2, 0x0, 0x4, 0x3, 0xff, 0x91, 0x12, 0x18,
    0x31, 0x8f, 0xe7, 0xd0, 0x4, 0x40, 0x11, 0xf0,
    0x40, 0x41, 0x1, 0x1e, 0x4, 0x0, 0x60,

    /* U+7A91 "窑" */
    0x2, 0x2, 0x8, 0x1f, 0xfe, 0x81, 0xa9, 0x83,
    0x3c, 0x0, 0x7f, 0x84, 0x42, 0xff, 0xf8, 0x10,
    0x8, 0x88, 0x44, 0x43, 0xfe, 0x0,

    /* U+7A92 "窒" */
    0x4, 0x2, 0x10, 0x1f, 0xff, 0x99, 0xa3, 0x3,
    0x3f, 0xf8, 0x12, 0x3, 0xc, 0x3f, 0xd0, 0x11,
    0xf, 0xfc, 0x4, 0x2f, 0xff, 0x80,

    /* U+7A96 "窖" */
    0x4, 0x0, 0x20, 0x7f, 0xf8, 0xce, 0x72, 0x23,
    0xfc, 0x22, 0x0, 0x23, 0x7d, 0xc3, 0xfc, 0x20,
    0x42, 0x4, 0x3f, 0xc0,

    /* U+7A97 "窗" */
    0x2, 0x0, 0x4, 0x3, 0xff, 0x90, 0x1a, 0x7f,
    0x10, 0xff, 0xc2, 0x41, 0x9, 0xf4, 0x2c, 0x90,
    0x8e, 0x42, 0xa9, 0xf, 0xfc, 0x20, 0x10,

    /* U+7A98 "窘" */
    0x4, 0x2, 0x10, 0x9f, 0xfd, 0x9b, 0x23, 0x7,
    0x2f, 0xeb, 0xff, 0xc1, 0x8, 0x10, 0x41, 0xfe,
    0x1c, 0x10, 0x20, 0x81, 0xfc, 0x0,

    /* U+7A9C "窜" */
    0x4, 0x0, 0x20, 0x7f, 0xf9, 0x9a, 0x64, 0x63,
    0xfc, 0x44, 0x44, 0x44, 0x7f, 0xc4, 0x42, 0x7f,
    0xe4, 0x42, 0x4, 0x0,

    /* U+7A9D "窝" */
    0x4, 0x3, 0xff, 0xa2, 0x5, 0x61, 0x8f, 0xff,
    0x10, 0x20, 0x81, 0x7, 0xf0, 0x7f, 0xf2, 0x21,
    0x12, 0xe8, 0xa1, 0x44, 0x6, 0x0,

    /* U+7A9F "窟" */
    0x4, 0x2, 0x10, 0x1f, 0xfd, 0x10, 0xcf, 0xff,
    0x10, 0x10, 0xff, 0x84, 0x4, 0x29, 0x21, 0xff,
    0x10, 0x48, 0xa2, 0x49, 0xfe, 0x0,

    /* U+7AA5 "窥" */
    0x4, 0x0, 0x10, 0x9f, 0xfd, 0x13, 0x2b, 0x7,
    0x31, 0xf3, 0xea, 0x85, 0x64, 0xff, 0x21, 0x1d,
    0xc, 0xe0, 0x95, 0x28, 0x4f, 0x0,

    /* U+7ABF "窿" */
    0x2, 0x3, 0xff, 0xf3, 0x34, 0xe2, 0x67, 0xbe,
    0x27, 0x21, 0x47, 0xc, 0xee, 0x5b, 0x82, 0x5f,
    0x97, 0x28, 0x83, 0x84, 0x7f, 0x80,

    /* U+7ACB "立" */
    0x8, 0x0, 0x40, 0x2, 0x2f, 0xff, 0x20, 0x2,
    0x4, 0x10, 0x81, 0x8, 0x11, 0x0, 0x90, 0x2,
    0x1f, 0xff,

    /* U+7AD6 "竖" */
    0x10, 0x25, 0x7e, 0x54, 0x25, 0x24, 0x51, 0x85,
    0x26, 0x14, 0x10, 0x20, 0x7f, 0xe1, 0x8, 0x8,
    0x80, 0x90, 0xff, 0xf0,

    /* U+7AD9 "站" */
    0x20, 0x80, 0x84, 0x5, 0x21, 0xf9, 0xf0, 0x8,
    0x44, 0x41, 0x22, 0x4a, 0x7e, 0x52, 0x10, 0x90,
    0x86, 0x85, 0xc7, 0xe0, 0x21, 0x0,

    /* U+7ADE "竞" */
    0x4, 0x0, 0x11, 0x1f, 0xfc, 0x21, 0x2f, 0xff,
    0x80, 0x0, 0xff, 0x84, 0x8, 0x3f, 0xc1, 0x4a,
    0x2, 0x40, 0x22, 0x26, 0x1f, 0x80,

    /* U+7ADF "竟" */
    0x4, 0x23, 0xff, 0x84, 0x20, 0x12, 0x2f, 0xff,
    0x80, 0x20, 0xff, 0x7, 0xf8, 0x20, 0x41, 0xfe,
    0x2, 0x40, 0x12, 0x27, 0x1f, 0x80,

    /* U+7AE0 "章" */
    0x4, 0x13, 0xff, 0xc4, 0x10, 0x11, 0x17, 0x77,
    0x1f, 0xf0, 0x80, 0x87, 0xfc, 0x20, 0x21, 0xfe,
    0x3f, 0xfe, 0x4, 0x0, 0x20, 0x0,

    /* U+7AE3 "竣" */
    0x20, 0x40, 0x42, 0x1, 0x11, 0x1f, 0xfa, 0x8,
    0x21, 0x24, 0x64, 0xa8, 0x8d, 0x7c, 0x31, 0x10,
    0x5c, 0x83, 0x8c, 0x10, 0x38, 0x3, 0x18, 0x10,
    0x0,

    /* U+7AE5 "童" */
    0x4, 0x0, 0x10, 0x1f, 0xfc, 0x11, 0xaf, 0xff,
    0x80, 0x10, 0xff, 0x87, 0xfc, 0x22, 0x21, 0xff,
    0x1f, 0xfc, 0x4, 0xf, 0xff, 0x80,

    /* U+7AED "竭" */
    0x20, 0x10, 0x9f, 0x86, 0x85, 0xff, 0xe0, 0xa1,
    0x25, 0xf1, 0x47, 0xea, 0x49, 0x56, 0x88, 0xbb,
    0x9e, 0x84, 0x87, 0xe0, 0x3, 0x0,

    /* U+7AEF "端" */
    0x20, 0x81, 0x24, 0x81, 0x25, 0xf9, 0x29, 0xb7,
    0x4b, 0xfd, 0x44, 0xa, 0xff, 0x55, 0x51, 0x6a,
    0xbd, 0x55, 0xa, 0xa0, 0x51, 0x0,

    /* U+7AF9 "竹" */
    0x21, 0x1, 0x8, 0x9, 0x44, 0xff, 0xf5, 0x24,
    0x4a, 0x20, 0x51, 0x2, 0x8, 0x10, 0x40, 0x82,
    0x4, 0x10, 0x20, 0x81, 0xc, 0x0,

    /* U+7AFF "竿" */
    0x30, 0x81, 0x28, 0x1f, 0xfe, 0xa4, 0x88, 0x44,
    0x3f, 0xf8, 0x8, 0x0, 0x42, 0xff, 0xf8, 0x10,
    0x0, 0x80, 0x4, 0x0, 0x20, 0x0,

    /* U+7B06 "笆" */
    0x0, 0x81, 0x28, 0x4f, 0xfe, 0xa4, 0x88, 0xa2,
    0x1f, 0xf8, 0x88, 0x44, 0x42, 0x3f, 0xf1, 0x0,
    0x88, 0x2, 0x40, 0x13, 0xff, 0x80,

    /* U+7B0B "笋" */
    0x20, 0x1, 0x28, 0x9f, 0xfe, 0xa4, 0x83, 0xfe,
    0x1, 0x13, 0xff, 0xe0, 0x44, 0x2, 0x21, 0xff,
    0x1, 0x8, 0x8, 0x1, 0x80, 0x30, 0x0,

    /* U+7B11 "笑" */
    0x20, 0x81, 0x8, 0xf, 0xfe, 0xa4, 0x88, 0xa4,
    0x0, 0xf0, 0xf8, 0x5f, 0xff, 0x2, 0x0, 0x28,
    0x2, 0x20, 0x20, 0xc6, 0x1, 0x80,

    /* U+7B14 "笔" */
    0x21, 0x81, 0x28, 0x9f, 0xfe, 0xa4, 0x88, 0xa4,
    0x0, 0xf3, 0xf8, 0x0, 0x8c, 0x7f, 0x80, 0x2f,
    0xbf, 0x80, 0x8, 0x20, 0x7f, 0x0,

    /* U+7B19 "笙" */
    0x20, 0x81, 0x8, 0x1f, 0xfe, 0xa4, 0x88, 0xc4,
    0x19, 0x10, 0xff, 0xc8, 0x40, 0x2, 0x21, 0xff,
    0x0, 0x80, 0x4, 0x2f, 0xff, 0x80,

    /* U+7B1B "笛" */
    0x0, 0x80, 0x94, 0x23, 0xff, 0xd4, 0x90, 0x8a,
    0x20, 0xff, 0xc2, 0x21, 0x8, 0x84, 0x3f, 0xf0,
    0x88, 0x42, 0x21, 0xf, 0xfc, 0x20, 0x10,

    /* U+7B24 "笤" */
    0x0, 0x3, 0x28, 0x1f, 0xff, 0x24, 0x80, 0x0,
    0x3f, 0xf8, 0x10, 0x81, 0x4, 0x11, 0xe3, 0x0,
    0xf, 0xf8, 0x40, 0x43, 0xfe, 0x10, 0x10,

    /* U+7B26 "符" */
    0x21, 0x1, 0x8, 0x9f, 0xfd, 0xa5, 0x1, 0x44,
    0x10, 0x28, 0xbf, 0xec, 0x8, 0xa4, 0x41, 0x12,
    0x8, 0x10, 0x40, 0x82, 0xc, 0x0,

    /* U+7B28 "笨" */
    0x20, 0x1, 0x28, 0x1f, 0xfe, 0xa4, 0x88, 0xa1,
    0x7f, 0xfc, 0x1c, 0x1, 0x50, 0x12, 0x41, 0x13,
    0x17, 0xf6, 0x4, 0x0, 0x20, 0x0,

    /* U+7B2C "第" */
    0x20, 0x1, 0x8, 0x9f, 0xfe, 0xa4, 0x87, 0xfe,
    0x1, 0x10, 0xff, 0x84, 0x44, 0x7f, 0xf0, 0x30,
    0x82, 0x88, 0x64, 0xcc, 0x20, 0x0,

    /* U+7B3C "笼" */
    0x10, 0x81, 0x8, 0xf, 0xfe, 0x94, 0x88, 0xea,
    0x2, 0x29, 0xff, 0xe0, 0xa0, 0x5, 0x20, 0x4a,
    0x2, 0x62, 0x26, 0x16, 0x5f, 0x80,

    /* U+7B49 "等" */
    0x21, 0x1, 0x28, 0x9f, 0xfd, 0x5, 0x43, 0xfe,
    0x1, 0x3, 0xff, 0xc0, 0x10, 0x7f, 0xf0, 0x84,
    0x3, 0x20, 0x9, 0x0, 0x18, 0x0,

    /* U+7B4B "筋" */
    0x1, 0x3, 0x8, 0x9f, 0xff, 0x24, 0x87, 0x8c,
    0x24, 0x49, 0x27, 0xcf, 0x12, 0x48, 0x93, 0xc4,
    0x92, 0x45, 0x14, 0x29, 0xc2, 0x0,

    /* U+7B4F "筏" */
    0x21, 0x1, 0x8, 0x9f, 0xfc, 0xa5, 0x8, 0x64,
    0x9, 0x60, 0x88, 0x4d, 0xfc, 0xa1, 0x21, 0xa,
    0x8, 0x20, 0x46, 0xa2, 0xc3, 0x0,

    /* U+7B50 "筐" */
    0x0, 0x81, 0x84, 0x4f, 0xfe, 0x92, 0x63, 0xff,
    0x90, 0x10, 0xbf, 0xc4, 0x20, 0x2f, 0xe1, 0x8,
    0xb, 0xfc, 0x40, 0x3, 0xff, 0x80,

    /* U+7B51 "筑" */
    0x21, 0x2, 0x28, 0x1f, 0xff, 0x24, 0x81, 0xc6,
    0x7d, 0xd0, 0x88, 0x84, 0x64, 0x22, 0xa1, 0xd5,
    0x31, 0xa, 0x10, 0x51, 0x3, 0x80,

    /* U+7B52 "筒" */
    0x0, 0x6, 0x60, 0x7f, 0xf9, 0x8, 0x7f, 0xe4,
    0x2, 0x4f, 0xa4, 0xf2, 0x49, 0x24, 0x92, 0x4f,
    0x24, 0x82, 0x40, 0x60,

    /* U+7B54 "答" */
    0x10, 0x80, 0x82, 0x23, 0xff, 0xd4, 0x50, 0x8b,
    0x20, 0x13, 0x1, 0x8f, 0x9, 0xc2, 0x5f, 0xe0,
    0x40, 0x81, 0x2, 0x7, 0xf8, 0x10, 0x20,

    /* U+7B56 "策" */
    0x0, 0x1, 0x8, 0x8f, 0xfe, 0xa4, 0x88, 0xa4,
    0x3f, 0xf8, 0x8, 0x7, 0xfc, 0x22, 0x21, 0x31,
    0x9, 0xd8, 0x15, 0x83, 0x23, 0x61, 0x0,

    /* U+7B5B "筛" */
    0x0, 0x1, 0x14, 0x8f, 0xfe, 0x92, 0x84, 0xa1,
    0x45, 0xfd, 0x22, 0x9, 0x7e, 0x4a, 0x92, 0x94,
    0x94, 0xa4, 0x25, 0x22, 0x28, 0x20, 0x40,

    /* U+7B5D "筝" */
    0x21, 0x81, 0xff, 0xd4, 0x91, 0x10, 0x81, 0xf8,
    0x19, 0x11, 0xff, 0x80, 0x45, 0x7f, 0xf1, 0xff,
    0x0, 0x88, 0x4, 0x0, 0x60, 0x0,

    /* U+7B77 "筷" */
    0x25, 0x13, 0xff, 0xd4, 0xa1, 0x6a, 0x82, 0x10,
    0x1b, 0xf0, 0xa4, 0x94, 0x26, 0xaf, 0xf9, 0x8,
    0x8, 0xa0, 0x48, 0xc2, 0x81, 0x0,

    /* U+7B79 "筹" */
    0x20, 0x1, 0x4, 0xf, 0xfe, 0x94, 0xa7, 0xff,
    0x2, 0x10, 0x7f, 0x5f, 0xff, 0x8, 0x50, 0xff,
    0xc8, 0x90, 0x84, 0x88, 0x4, 0x0, 0x40,

    /* U+7B7E "签" */
    0x10, 0x80, 0x4a, 0x23, 0xef, 0x8c, 0x48, 0x4b,
    0x20, 0x12, 0x0, 0x87, 0x8f, 0xf6, 0x22, 0x20,
    0x48, 0x80, 0x94, 0x2, 0x24, 0x7f, 0xf8,

    /* U+7B80 "简" */
    0x20, 0x3, 0x28, 0x9f, 0xfc, 0x80, 0x8a, 0x7e,
    0x20, 0x11, 0x3c, 0x89, 0x24, 0x4f, 0x22, 0x49,
    0x13, 0xc8, 0x92, 0x44, 0x6, 0x0,

    /* U+7B8D "箍" */
    0x24, 0x93, 0xff, 0x94, 0x51, 0x40, 0x2, 0x7f,
    0x7e, 0x20, 0x97, 0x84, 0xac, 0x7d, 0x65, 0x2b,
    0x9, 0x50, 0x48, 0xa6, 0x7f, 0x0, 0x0,

    /* U+7B95 "箕" */
    0x0, 0x80, 0x4a, 0x3, 0xef, 0x9a, 0x48, 0xa,
    0x70, 0x77, 0x0, 0xfc, 0x2, 0x10, 0xf, 0xc9,
    0xff, 0xe0, 0x40, 0x2, 0x18, 0x30, 0x11, 0x0,
    0x0,

    /* U+7B97 "算" */
    0x0, 0x1, 0xc, 0x9f, 0xfe, 0x94, 0x8a, 0x6,
    0x1f, 0xd0, 0xff, 0x84, 0x4, 0x3f, 0xe1, 0xff,
    0x2, 0x21, 0xff, 0xf0, 0x88, 0x38, 0x40,

    /* U+7BA1 "管" */
    0x25, 0x13, 0xff, 0xd2, 0x91, 0x6, 0x3, 0xff,
    0x20, 0x9, 0x7f, 0x2, 0x8, 0x1f, 0xc0, 0xff,
    0x4, 0x8, 0x3f, 0xc1, 0x2, 0x0,

    /* U+7BA9 "箩" */
    0x0, 0x1, 0x4, 0x4f, 0xfe, 0x92, 0x44, 0xa3,
    0x5f, 0xf8, 0x92, 0x47, 0xfe, 0x4, 0x0, 0x7f,
    0x86, 0x8, 0xc9, 0x80, 0x30, 0x3e, 0x0,

    /* U+7BAB "箫" */
    0x0, 0x0, 0x84, 0xf, 0xfe, 0xe2, 0x8c, 0x24,
    0x1f, 0xf0, 0x8, 0xa7, 0xfe, 0x3f, 0xe1, 0x11,
    0xa, 0xa8, 0x54, 0xc5, 0x26, 0x41, 0x10,

    /* U+7BAD "箭" */
    0x25, 0x7, 0xff, 0x52, 0x89, 0x58, 0xa, 0x17,
    0x5e, 0x7d, 0x24, 0x52, 0x7d, 0x24, 0x52, 0x7d,
    0x24, 0x42, 0x4c, 0x60,

    /* U+7BB1 "箱" */
    0x20, 0x81, 0x4, 0x9f, 0xfe, 0x94, 0x81, 0x1f,
    0xa, 0x89, 0xf4, 0x46, 0x3e, 0x39, 0x12, 0xaf,
    0xa4, 0x44, 0x23, 0xe1, 0x11, 0x0,

    /* U+7BC7 "篇" */
    0x20, 0x81, 0xff, 0xd2, 0x51, 0x6, 0x3, 0xff,
    0x10, 0x8, 0xff, 0xc4, 0x2, 0x2f, 0xf1, 0x92,
    0x93, 0xfc, 0xa4, 0xa1, 0x25, 0x0,

    /* U+7BD3 "篓" */
    0x24, 0x83, 0xff, 0xd4, 0x91, 0x44, 0x81, 0xa9,
    0x3f, 0xf8, 0x3a, 0x6, 0x4f, 0xc4, 0x13, 0xff,
    0xc6, 0x30, 0x1e, 0x1, 0xcf, 0x30, 0x0,

    /* U+7BD9 "篙" */
    0x20, 0x7, 0xff, 0xc8, 0x40, 0x22, 0x7d, 0xc1,
    0xfc, 0x10, 0x81, 0xf8, 0x60, 0x64, 0xfa, 0x48,
    0xa4, 0xfa, 0x40, 0x20,

    /* U+7BE1 "篡" */
    0x24, 0x83, 0xff, 0xd0, 0x90, 0x7f, 0xc3, 0xfe,
    0x1f, 0xf0, 0x80, 0x87, 0xfe, 0xff, 0xf8, 0x84,
    0x19, 0x9c, 0x31, 0x13, 0xe6, 0x0, 0x0,

    /* U+7BEE "篮" */
    0x1, 0x1, 0x28, 0x9f, 0x7e, 0xa4, 0x88, 0x14,
    0x34, 0x89, 0x2f, 0xc9, 0x48, 0x4c, 0x30, 0x0,
    0x1f, 0xf8, 0x92, 0x44, 0x92, 0x7f, 0xfc,

    /* U+7BF1 "篱" */
    0x65, 0x7, 0xff, 0x8c, 0x80, 0x20, 0xff, 0xf3,
    0x54, 0x27, 0x43, 0xfc, 0x6, 0x47, 0xfe, 0x49,
    0x24, 0xea, 0x40, 0x60,

    /* U+7BF7 "篷" */
    0x61, 0x17, 0xff, 0x52, 0x49, 0x60, 0x27, 0xe2,
    0x98, 0x27, 0x76, 0x7e, 0x21, 0x2, 0x3c, 0x2f,
    0xf6, 0x10, 0x9f, 0xf0,

    /* U+7C07 "簇" */
    0x0, 0x1, 0x24, 0x1f, 0xfe, 0xa2, 0x8a, 0x3a,
    0xc, 0xff, 0xfc, 0x5, 0x22, 0x3a, 0xe1, 0x52,
    0xa, 0xfe, 0x90, 0x84, 0x8a, 0x49, 0x8c,

    /* U+7C38 "簸" */
    0x0, 0x0, 0x8c, 0x8f, 0xfe, 0x52, 0x84, 0xa4,
    0x12, 0x21, 0xff, 0xe4, 0xaa, 0x3d, 0xf1, 0xec,
    0xbf, 0xe8, 0x52, 0xc2, 0x67, 0x20, 0xcc,

    /* U+7C3F "簿" */
    0x20, 0x88, 0xff, 0xe4, 0x94, 0x20, 0xa4, 0x15,
    0xe8, 0x3f, 0xc7, 0x49, 0x5, 0xfc, 0x17, 0xf0,
    0x90, 0xa6, 0xff, 0x88, 0x48, 0x20, 0x60,

    /* U+7C4D "籍" */
    0x20, 0x81, 0xff, 0xd2, 0x50, 0x25, 0x41, 0x4a,
    0x9c, 0xf9, 0xf2, 0x82, 0xab, 0x79, 0xf1, 0x88,
    0x8f, 0x7c, 0xa2, 0x29, 0x1f, 0x0,

    /* U+7C73 "米" */
    0x2, 0x1, 0x11, 0x4, 0x90, 0x15, 0x0, 0xa1,
    0x7f, 0xfc, 0x1c, 0x1, 0x60, 0xa, 0x80, 0x93,
    0x18, 0x8d, 0x4, 0x10, 0x20, 0x0,

    /* U+7C7B "类" */
    0x2, 0x0, 0x93, 0x2, 0xa5, 0xff, 0xf0, 0x70,
    0xd, 0x70, 0x88, 0xd8, 0x42, 0xff, 0xf8, 0x30,
    0x1, 0x40, 0x31, 0xc6, 0x3, 0x80,

    /* U+7C7D "籽" */
    0x10, 0x2, 0x57, 0xe5, 0x41, 0x16, 0x8, 0x10,
    0x40, 0xf1, 0x23, 0x3f, 0xcf, 0x10, 0x34, 0x41,
    0x41, 0x1, 0x4, 0x4, 0x10, 0x10, 0xc0,

    /* U+7C89 "粉" */
    0x20, 0x45, 0x52, 0x2a, 0x91, 0x64, 0x42, 0x42,
    0x7c, 0x1d, 0x8f, 0xce, 0x24, 0x69, 0x25, 0x51,
    0x28, 0x88, 0x48, 0x42, 0x84, 0x0,

    /* U+7C92 "粒" */
    0x11, 0x2, 0x53, 0x5, 0x44, 0x96, 0xfe, 0x1e,
    0x1, 0xfc, 0x41, 0x11, 0xe, 0x28, 0x54, 0xa1,
    0x42, 0x81, 0x4, 0x85, 0xff, 0x10, 0x0,

    /* U+7C97 "粗" */
    0x10, 0x2, 0x5f, 0xc5, 0x51, 0x16, 0x44, 0x15,
    0x11, 0xf7, 0xc1, 0x11, 0xe, 0x44, 0x55, 0xf1,
    0x44, 0x41, 0x11, 0x4, 0x46, 0x17, 0xfc,

    /* U+7C98 "粘" */
    0x10, 0x42, 0x51, 0x5, 0x84, 0x16, 0x1f, 0x10,
    0x41, 0xf1, 0x3, 0x4, 0xe, 0xfe, 0x56, 0x9,
    0x48, 0x29, 0x20, 0x84, 0xfe, 0x12, 0x8,

    /* U+7C9F "粟" */
    0x0, 0x1, 0xff, 0xe0, 0x48, 0xf, 0xfc, 0x24,
    0x90, 0xff, 0xc2, 0x1, 0x2, 0x52, 0x7f, 0xfc,
    0x1e, 0x0, 0x94, 0x4, 0x4e, 0x61, 0x8,

    /* U+7CA4 "粤" */
    0x4, 0x1, 0xff, 0xc, 0xa8, 0x56, 0x43, 0xfe,
    0x13, 0xd0, 0xff, 0x84, 0x2, 0x5f, 0xe0, 0xff,
    0x0, 0x10, 0x0, 0x80, 0x1c, 0x0,

    /* U+7CA5 "粥" */
    0x2, 0x3, 0xc9, 0xe1, 0xac, 0x86, 0xa2, 0x77,
    0x39, 0xb, 0x8, 0x74, 0xbd, 0xdf, 0x16, 0x88,
    0x6a, 0x21, 0xa0, 0x84, 0x82, 0x62, 0x10,

    /* U+7CAA "粪" */
    0x2, 0x0, 0x69, 0x0, 0xa9, 0x3f, 0xfe, 0xf,
    0x0, 0xcb, 0xc4, 0x88, 0x1f, 0xfc, 0x8, 0x93,
    0xff, 0xe0, 0x80, 0x4, 0x18, 0x60, 0x18, 0x0,
    0x0,

    /* U+7CAE "粮" */
    0x21, 0x5, 0x64, 0xaa, 0xfd, 0x64, 0x22, 0x3f,
    0x3d, 0x9, 0xcf, 0xcd, 0x50, 0x62, 0x5d, 0x13,
    0x8, 0x88, 0x46, 0x32, 0x20, 0x80,

    /* U+7CB1 "粱" */
    0x30, 0x20, 0x2f, 0x87, 0xa, 0x5, 0x4a, 0x29,
    0x28, 0x88, 0x82, 0x44, 0x2, 0x48, 0x9, 0x49,
    0xff, 0xe0, 0x78, 0x6, 0x5c, 0x61, 0x8,

    /* U+7CB9 "粹" */
    0x20, 0x85, 0x44, 0xab, 0xff, 0x66, 0x42, 0x24,
    0x7e, 0xb8, 0x90, 0x4e, 0x0, 0x68, 0x95, 0x3f,
    0xe8, 0x20, 0x41, 0x2, 0x8, 0x0,

    /* U+7CBE "精" */
    0x20, 0x81, 0x7f, 0xea, 0x25, 0x67, 0xf3, 0x8,
    0xb7, 0xb9, 0x8f, 0xce, 0x42, 0x6b, 0xf5, 0x1f,
    0x88, 0x84, 0x44, 0x22, 0x23, 0x0,

    /* U+7CCA "糊" */
    0x22, 0x2, 0xa9, 0xea, 0xb4, 0xad, 0xf2, 0x22,
    0x7b, 0xe9, 0x22, 0x74, 0x9d, 0x5e, 0x65, 0x4a,
    0x95, 0x2a, 0x78, 0x89, 0x22, 0x21, 0x18,

    /* U+7CD5 "糕" */
    0x0, 0x0, 0x88, 0x8a, 0x95, 0x2d, 0xfe, 0xb0,
    0x80, 0xa2, 0x4f, 0xff, 0x18, 0x20, 0x70, 0x91,
    0xbf, 0xea, 0x2, 0x9, 0x54, 0x25, 0x48, 0xa4,
    0x20, 0x0, 0x0,

    /* U+7CD6 "糖" */
    0x20, 0x82, 0xa1, 0x2b, 0x7f, 0xad, 0x20, 0x25,
    0xf1, 0xdf, 0xf6, 0x49, 0x1d, 0x7c, 0x6c, 0x92,
    0x9f, 0xca, 0xa1, 0xa, 0x84, 0x23, 0xf0,

    /* U+7CD9 "糙" */
    0x20, 0x1, 0x66, 0x2a, 0xb5, 0x65, 0xe3, 0x94,
    0x7d, 0xfc, 0x88, 0xe, 0x5e, 0x6a, 0x95, 0x14,
    0xa8, 0xbc, 0x4c, 0x2, 0x5f, 0x80,

    /* U+7CDC "糜" */
    0x2, 0x3, 0xff, 0xd2, 0x14, 0xfd, 0xf4, 0x86,
    0x2f, 0x69, 0xa5, 0x9, 0x20, 0x49, 0x63, 0xff,
    0xe0, 0xe1, 0x1a, 0xe3, 0x10, 0x80,

    /* U+7CDF "糟" */
    0x21, 0x61, 0x4a, 0x6d, 0xfd, 0x6f, 0xf2, 0x54,
    0xff, 0xfc, 0x95, 0x2e, 0xd7, 0x6b, 0xf5, 0x10,
    0xa8, 0xfc, 0x44, 0x22, 0x3f, 0x0,

    /* U+7CE0 "糠" */
    0x20, 0x82, 0xa1, 0x2b, 0x7f, 0xad, 0x10, 0x24,
    0xf3, 0xff, 0xf2, 0x45, 0x1d, 0x7c, 0x6d, 0x42,
    0x91, 0xea, 0x8e, 0xa, 0xd6, 0x20, 0xc0,

    /* U+7CEF "糯" */
    0x20, 0x5, 0x5f, 0xac, 0xfc, 0xe9, 0x22, 0x8,
    0x7d, 0xf0, 0x80, 0x4e, 0x7c, 0x6f, 0xf5, 0x2a,
    0xa9, 0x54, 0x4a, 0xa2, 0x43, 0x0,

    /* U+7CFB "系" */
    0x0, 0x20, 0x3f, 0x3, 0x40, 0x2, 0x18, 0x3f,
    0x80, 0x18, 0x0, 0x84, 0x1f, 0xfc, 0x2, 0x10,
    0x69, 0x2, 0x23, 0x10, 0x86, 0x86, 0x0,

    /* U+7D0A "紊" */
    0x2, 0x0, 0x0, 0xbf, 0xfe, 0x21, 0x0, 0xd0,
    0x3, 0xc0, 0xf9, 0xeb, 0x18, 0x2f, 0x0, 0xc3,
    0xf, 0xf4, 0x34, 0xe2, 0x21, 0x21, 0x0,

    /* U+7D20 "素" */
    0x2, 0x3, 0xff, 0x80, 0x88, 0xff, 0xe0, 0x21,
    0x7f, 0xfc, 0x18, 0x5, 0xf8, 0x1e, 0x41, 0xc1,
    0x9f, 0xf4, 0x34, 0x62, 0x21, 0x63, 0x0,

    /* U+7D22 "索" */
    0x1, 0x0, 0x4, 0x41, 0xff, 0x80, 0x40, 0x3f,
    0xfc, 0x8c, 0x24, 0x46, 0x7, 0xe0, 0x4, 0x20,
    0xff, 0xe0, 0x12, 0x82, 0x46, 0x31, 0x0, 0x4,
    0x0,

    /* U+7D27 "紧" */
    0x8, 0x6, 0xbf, 0x4a, 0x24, 0x94, 0x48, 0xc4,
    0xb3, 0x4, 0x43, 0xf8, 0x24, 0x43, 0xfe, 0x2,
    0x91, 0xa6, 0x62, 0x10, 0x60,

    /* U+7D2B "紫" */
    0x11, 0x2, 0x89, 0x97, 0xd0, 0xa3, 0x5, 0x31,
    0x77, 0xf8, 0x62, 0x7, 0xe0, 0x8, 0x43, 0xff,
    0x0, 0xa4, 0x64, 0xc4, 0x22, 0x2, 0x0,

    /* U+7D2F "累" */
    0x0, 0x1, 0xff, 0x8, 0x88, 0x7f, 0xc3, 0xfe,
    0x13, 0x10, 0xe7, 0x5, 0xc0, 0x38, 0x63, 0xfe,
    0x84, 0x90, 0x44, 0x6c, 0x60, 0x0,

    /* U+7D6E "絮" */
    0x10, 0x0, 0x88, 0xbf, 0xfc, 0xca, 0x21, 0xdf,
    0x10, 0x8b, 0x31, 0x7, 0xf0, 0x8, 0x23, 0xfe,
    0x84, 0x90, 0x44, 0x6c, 0x60, 0x0,

    /* U+7E41 "繁" */
    0x45, 0xb, 0x9f, 0xf9, 0x25, 0x94, 0x6c, 0xcf,
    0xf6, 0xe, 0x37, 0x18, 0x1e, 0x87, 0xfe, 0x4,
    0x22, 0x46, 0xcc, 0x10,

    /* U+7EA0 "纠" */
    0x10, 0x10, 0x80, 0x88, 0x44, 0x8a, 0x27, 0x91,
    0x8, 0x88, 0x84, 0x48, 0x26, 0x79, 0xd0, 0x8,
    0x86, 0x4, 0xc0, 0x20, 0x1, 0x0,

    /* U+7EA2 "红" */
    0x20, 0x1, 0x0, 0x89, 0xfe, 0x91, 0x8, 0x88,
    0x78, 0x40, 0x82, 0x8, 0x10, 0xf0, 0x84, 0x4,
    0x6, 0x21, 0xc1, 0x28, 0xff, 0x80,

    /* U+7EA4 "纤" */
    0x20, 0x21, 0xe, 0x10, 0xa1, 0x11, 0xf, 0x8,
    0x18, 0x48, 0x9f, 0xe8, 0x10, 0xf0, 0x80, 0x4,
    0x4, 0x21, 0xc1, 0x0, 0x8, 0x0,

    /* U+7EA6 "约" */
    0x1, 0x1, 0x8, 0x8, 0x84, 0x97, 0xe9, 0xa1,
    0x7a, 0x8, 0xa4, 0x48, 0x12, 0xb8, 0x96, 0x0,
    0x82, 0x5, 0xe0, 0x48, 0x6, 0x0,

    /* U+7EA7 "级" */
    0x20, 0x1, 0x7f, 0x90, 0x89, 0x14, 0x4f, 0x24,
    0x59, 0xbc, 0x8c, 0x48, 0x62, 0xf2, 0xa4, 0x25,
    0x5, 0x11, 0xd1, 0x48, 0x91, 0x8b, 0x0,

    /* U+7EAA "纪" */
    0x10, 0x11, 0x1f, 0xd0, 0x5, 0x18, 0x2f, 0x81,
    0x9, 0xf8, 0x88, 0x48, 0x40, 0xf2, 0x0, 0x10,
    0x6, 0x83, 0xc4, 0x10, 0x3f, 0x80,

    /* U+7EAB "纫" */
    0x30, 0x11, 0x3f, 0x90, 0x24, 0x99, 0x2f, 0x29,
    0x49, 0x48, 0x8a, 0x49, 0x92, 0xf1, 0x10, 0x8,
    0x86, 0x85, 0xc8, 0x40, 0x86, 0x0,

    /* U+7EAC "纬" */
    0x30, 0x80, 0x82, 0x22, 0x7f, 0xd2, 0x20, 0x98,
    0x83, 0xcf, 0xe2, 0x8, 0x11, 0xfe, 0xf0, 0x88,
    0x2, 0x20, 0x88, 0xbc, 0x24, 0x0, 0x80,

    /* U+7EAF "纯" */
    0x20, 0x82, 0x4, 0x97, 0xff, 0x21, 0xe, 0x49,
    0x12, 0x49, 0x12, 0x5c, 0x92, 0x87, 0xf0, 0x4,
    0xc, 0x21, 0x81, 0x20, 0xf, 0x80,

    /* U+7EB1 "纱" */
    0x20, 0x81, 0x4, 0x10, 0x20, 0x95, 0x4f, 0x29,
    0x52, 0x48, 0x92, 0x18, 0x16, 0xe0, 0x20, 0x2,
    0xe, 0x21, 0x86, 0x0, 0xc0, 0x0,

    /* U+7EB2 "纲" */
    0x20, 0x3, 0x3f, 0x91, 0x5, 0x28, 0xa9, 0x45,
    0x72, 0xa9, 0x12, 0x50, 0x9a, 0xe5, 0x50, 0x3a,
    0x8d, 0x85, 0x88, 0x20, 0x43, 0x0,

    /* U+7EB3 "纳" */
    0x0, 0x81, 0x4, 0x10, 0x20, 0xaf, 0xe9, 0x49,
    0x72, 0x49, 0x12, 0x50, 0xaa, 0xe5, 0x30, 0x30,
    0x8d, 0x5, 0x88, 0x20, 0x43, 0x0,

    /* U+7EB5 "纵" */
    0x0, 0x0, 0xc8, 0x82, 0x22, 0x12, 0x88, 0xf2,
    0x20, 0x88, 0x82, 0x32, 0x13, 0x38, 0x74, 0xd0,
    0x11, 0x43, 0x89, 0x32, 0x42, 0x32, 0x8,

    /* U+7EB7 "纷" */
    0x20, 0x41, 0x12, 0x10, 0x91, 0x38, 0x4f, 0x41,
    0x14, 0x1d, 0x1f, 0x90, 0x24, 0xf2, 0x20, 0x11,
    0xe, 0x89, 0x88, 0x40, 0x8c, 0x0,

    /* U+7EB8 "纸" */
    0x0, 0x10, 0x41, 0x82, 0x3c, 0x13, 0x90, 0x7a,
    0x40, 0x49, 0x22, 0x3f, 0x88, 0x90, 0x7a, 0x21,
    0x8, 0x80, 0x22, 0x1e, 0xa4, 0x3, 0x18, 0x0,
    0x20,

    /* U+7EB9 "纹" */
    0x22, 0x1, 0x8, 0x10, 0x24, 0xaf, 0xf9, 0x42,
    0x72, 0x20, 0x91, 0x8, 0x48, 0xf2, 0x84, 0xc,
    0x2, 0x61, 0xe4, 0x88, 0x43, 0xc, 0x8,

    /* U+7EBA "纺" */
    0x20, 0x81, 0x2, 0x18, 0x12, 0x9f, 0xff, 0x90,
    0x18, 0xf8, 0x84, 0x49, 0x22, 0xf2, 0x10, 0x10,
    0x86, 0x85, 0xc8, 0x40, 0x86, 0x0,

    /* U+7EBD "纽" */
    0x30, 0x21, 0x3f, 0x90, 0x49, 0x12, 0x4f, 0x12,
    0x10, 0x90, 0x9f, 0x88, 0x24, 0xf1, 0x20, 0x11,
    0xe, 0x89, 0x84, 0x60, 0xff, 0x80,

    /* U+7EBF "线" */
    0x21, 0x1, 0xa, 0x10, 0x40, 0x92, 0x29, 0x7e,
    0x70, 0x81, 0x5, 0xf0, 0x56, 0xf0, 0xa0, 0x2,
    0xe, 0x31, 0x86, 0x50, 0xc1, 0x80,

    /* U+7EC3 "练" */
    0x0, 0x80, 0xc4, 0x2, 0x7f, 0x92, 0x40, 0xf7,
    0xc0, 0x49, 0x2, 0x24, 0x11, 0xfe, 0x98, 0x41,
    0x85, 0x40, 0xa4, 0x9d, 0x12, 0x48, 0x40, 0x2,
    0x0,

    /* U+7EC4 "组" */
    0x10, 0x10, 0x8f, 0xc4, 0x21, 0x22, 0x84, 0xf3,
    0xf0, 0x88, 0x44, 0x21, 0x2e, 0x84, 0x43, 0xf0,
    0x8, 0x41, 0xa1, 0x18, 0x84, 0xf, 0xfc,

    /* U+7EC5 "绅" */
    0x20, 0x82, 0x4, 0x15, 0xfd, 0x29, 0x2e, 0x49,
    0x13, 0xf9, 0x12, 0x5e, 0x92, 0x87, 0xf0, 0x24,
    0x98, 0x21, 0x1, 0x0, 0x8, 0x0,

    /* U+7EC6 "细" */
    0x20, 0x13, 0x3f, 0x91, 0x25, 0x39, 0x2f, 0x49,
    0x12, 0x49, 0x1f, 0xd0, 0x92, 0xc4, 0x90, 0x24,
    0x8d, 0x25, 0x8f, 0xe0, 0x41, 0x0,

    /* U+7EC7 "织" */
    0x10, 0x10, 0x8f, 0xc2, 0x21, 0x13, 0x84, 0x8a,
    0x11, 0xc8, 0x42, 0x21, 0x10, 0xfc, 0xba, 0x11,
    0x4, 0xc0, 0x11, 0x9e, 0x82, 0x44, 0x8, 0x20,
    0x0,

    /* U+7EC8 "终" */
    0x1, 0x80, 0xc4, 0x2, 0x1f, 0x92, 0x84, 0x8b,
    0x21, 0xd3, 0x82, 0x4, 0x10, 0x6c, 0x72, 0xc8,
    0x0, 0x80, 0x98, 0x1c, 0x18, 0x0, 0x10,

    /* U+7ECA "绊" */
    0x30, 0x81, 0x4, 0x91, 0x29, 0x35, 0x4f, 0x29,
    0x53, 0xf9, 0x2, 0x13, 0x10, 0xef, 0xf8, 0x4,
    0xc, 0x21, 0x81, 0x0, 0x8, 0x0,

    /* U+7ECD "绍" */
    0x10, 0x1, 0x3f, 0xc8, 0x24, 0x99, 0x2f, 0x91,
    0x8, 0xb8, 0x98, 0x1a, 0x7e, 0x22, 0x10, 0x10,
    0xbc, 0x84, 0x7, 0xe0, 0x21, 0x0,

    /* U+7ECE "绎" */
    0x0, 0x1, 0x3f, 0x88, 0x88, 0x92, 0xcf, 0x8,
    0x19, 0xbd, 0x92, 0x1a, 0xfe, 0x20, 0x80, 0xbf,
    0xd8, 0x20, 0x81, 0x0, 0x8, 0x0,

    /* U+7ECF "经" */
    0x30, 0x1, 0x3f, 0x10, 0x8, 0x90, 0x89, 0x8,
    0x78, 0xb8, 0x98, 0x68, 0x0, 0xf7, 0xf0, 0x4,
    0x2, 0x21, 0xe1, 0x28, 0xff, 0x80,

    /* U+7ED1 "绑" */
    0x22, 0x49, 0x13, 0xd3, 0xf4, 0xb4, 0xaf, 0x26,
    0x53, 0xf1, 0x9, 0x50, 0x49, 0x6f, 0xc8, 0x12,
    0x47, 0x17, 0xc8, 0x80, 0x84, 0x0,

    /* U+7ED2 "绒" */
    0x20, 0x40, 0x81, 0x45, 0x4, 0x97, 0xff, 0x90,
    0x43, 0x89, 0x22, 0x24, 0x91, 0xf4, 0xb2, 0x33,
    0x8, 0x80, 0xa2, 0x1d, 0x14, 0x84, 0x98, 0x2c,
    0x30,

    /* U+7ED3 "结" */
    0x0, 0x60, 0xc1, 0x2, 0x4, 0x13, 0xff, 0x98,
    0x43, 0xc1, 0x22, 0x3f, 0xd0, 0x0, 0xf3, 0xf8,
    0x8, 0x27, 0x20, 0x80, 0xfe, 0x2, 0x8,

    /* U+7ED5 "绕" */
    0x1, 0x1, 0x88, 0x8, 0x4c, 0x97, 0xc9, 0xe,
    0x78, 0x64, 0x8c, 0xe8, 0x80, 0xf7, 0xf0, 0x1a,
    0x0, 0xd0, 0x74, 0x9c, 0x24, 0x86, 0x3c,

    /* U+7ED8 "绘" */
    0x10, 0xc0, 0x83, 0x2, 0x92, 0x12, 0x84, 0x72,
    0x38, 0xbf, 0xe2, 0x1, 0x1d, 0xfe, 0x0, 0x80,
    0x4, 0x83, 0xa1, 0x11, 0x3e, 0x7, 0x8, 0x0,
    0x0,

    /* U+7ED9 "给" */
    0x10, 0xc0, 0x83, 0x2, 0x92, 0x12, 0x44, 0x72,
    0x3c, 0x97, 0xe2, 0x0, 0x1c, 0xfc, 0x2, 0x10,
    0x8, 0x4f, 0x21, 0x0, 0xfc, 0x2, 0x10,

    /* U+7EDC "络" */
    0x21, 0x1, 0x8, 0x10, 0xfc, 0x84, 0x49, 0xd4,
    0x78, 0x40, 0x85, 0x89, 0x42, 0xf3, 0xe0, 0x11,
    0x1c, 0x88, 0x7, 0xc0, 0x22, 0x0,

    /* U+7EDD "绝" */
    0x23, 0x1, 0x10, 0x10, 0xf9, 0x38, 0x8f, 0x7f,
    0x16, 0x49, 0x12, 0x50, 0x92, 0xe7, 0xf0, 0x20,
    0xd, 0x1, 0x88, 0x20, 0x7f, 0x80,

    /* U+7EDE "绞" */
    0x0, 0x0, 0x41, 0x2, 0x4, 0x8a, 0xff, 0x4c,
    0x1, 0xe4, 0x41, 0x20, 0x88, 0x8e, 0x5d, 0x21,
    0x84, 0x80, 0xc, 0xe, 0x30, 0x41, 0x30, 0x18,
    0x20,

    /* U+7EDF "统" */
    0x10, 0x80, 0x81, 0x22, 0x7f, 0xd2, 0x30, 0x99,
    0x21, 0xc8, 0x62, 0x7e, 0x90, 0x48, 0x71, 0x20,
    0x4, 0x81, 0xa2, 0x18, 0x8a, 0x4, 0x3c,

    /* U+7EE2 "绢" */
    0x20, 0x2, 0x3e, 0x44, 0x29, 0x3e, 0xf0, 0x2,
    0x7f, 0x44, 0x2a, 0x7e, 0x44, 0x20, 0xfe, 0x34,
    0x2c, 0x42, 0x4, 0x20,

    /* U+7EE3 "绣" */
    0x20, 0x21, 0x3e, 0x10, 0x20, 0xbf, 0xf9, 0x1c,
    0x71, 0x58, 0xb2, 0x28, 0xfc, 0xe2, 0x44, 0x13,
    0xc6, 0x85, 0xc8, 0x20, 0x87, 0x0,

    /* U+7EE7 "继" */
    0x24, 0x42, 0x32, 0xd5, 0x55, 0x2a, 0x8e, 0x45,
    0x13, 0xfd, 0x13, 0x10, 0x9c, 0xe5, 0x50, 0x2a,
    0x89, 0x91, 0x88, 0x0, 0x7f, 0x80, 0x0,

    /* U+7EE9 "绩" */
    0x20, 0x80, 0xbf, 0xe5, 0x9, 0x25, 0xfe, 0xf0,
    0x88, 0x9d, 0xc4, 0x7f, 0x25, 0x4, 0xe4, 0x90,
    0x12, 0x43, 0x51, 0x30, 0xcc, 0xc, 0x8,

    /* U+7EEA "绪" */
    0x31, 0x1, 0x8, 0xd1, 0xfc, 0x92, 0x4f, 0x14,
    0xd7, 0xfc, 0x82, 0x8, 0x7e, 0xf6, 0x10, 0x1f,
    0x84, 0x85, 0xc4, 0x20, 0x3f, 0x0,

    /* U+7EED "续" */
    0x30, 0x81, 0x4, 0x91, 0xfc, 0x91, 0x9, 0x7f,
    0xf0, 0x8, 0x85, 0x8, 0x48, 0xe0, 0x80, 0x7f,
    0xc0, 0x31, 0xf2, 0x68, 0x20, 0x82, 0x0,

    /* U+7EF0 "绰" */
    0x0, 0x2, 0x8, 0x40, 0xf5, 0x8a, 0x97, 0xee,
    0x42, 0x47, 0xe4, 0x42, 0xe7, 0xe0, 0x4a, 0x0,
    0x91, 0xff, 0xe0, 0x88, 0x8,

    /* U+7EF3 "绳" */
    0x20, 0x1, 0x1f, 0x90, 0x84, 0xb7, 0xef, 0x8,
    0x13, 0xfc, 0x92, 0x49, 0xfe, 0x74, 0x90, 0x3f,
    0x85, 0x20, 0xc1, 0x10, 0xf, 0x80,

    /* U+7EF4 "维" */
    0x1, 0x3, 0x14, 0x11, 0x5, 0x2f, 0xe9, 0x48,
    0x76, 0x41, 0x1f, 0xd0, 0x90, 0xe7, 0xf0, 0x24,
    0x39, 0x25, 0xf, 0xf0, 0x40, 0x0,

    /* U+7EF5 "绵" */
    0x0, 0x1, 0xc, 0x18, 0xfc, 0x98, 0x29, 0x3f,
    0x72, 0x9, 0xf, 0x8e, 0xff, 0x84, 0x90, 0x24,
    0x99, 0x25, 0x9, 0x20, 0x8, 0x0,

    /* U+7EF7 "绷" */
    0x20, 0x0, 0x9e, 0xe4, 0x4c, 0x97, 0x32, 0xf7,
    0xb8, 0x93, 0x24, 0x4c, 0xb5, 0xee, 0x24, 0xc8,
    0x13, 0x21, 0x4c, 0x9a, 0x32, 0x11, 0x98,

    /* U+7EF8 "绸" */
    0x30, 0x1, 0x3f, 0xd1, 0xa, 0xab, 0xff, 0x48,
    0x92, 0x55, 0x15, 0x28, 0xbd, 0xe5, 0x28, 0x2f,
    0x4e, 0x4b, 0x90, 0x11, 0x1, 0x80,

    /* U+7EFC "综" */
    0x1, 0x1, 0x4, 0x11, 0xff, 0x38, 0x2f, 0x82,
    0x53, 0xf9, 0x0, 0x50, 0xff, 0xe0, 0xc0, 0x35,
    0x5, 0x25, 0xd1, 0x28, 0x38, 0x0, 0x80,

    /* U+7EFD "绽" */
    0x20, 0x81, 0x4, 0x11, 0xfd, 0x28, 0x2f, 0x0,
    0x53, 0xf9, 0x2, 0x10, 0xd0, 0xe4, 0xf0, 0x24,
    0xd, 0x21, 0x95, 0x1, 0x1f, 0x0,

    /* U+7EFF "绿" */
    0x20, 0x21, 0x3f, 0x10, 0x8, 0x97, 0xcf, 0x2,
    0x1f, 0xfc, 0x92, 0x8, 0x52, 0xf2, 0xe0, 0xf,
    0x7, 0xa5, 0xd1, 0x10, 0x38, 0x0,

    /* U+7F00 "缀" */
    0x10, 0x0, 0x9f, 0xe2, 0x10, 0x92, 0xcc, 0x93,
    0x31, 0xd5, 0x22, 0x0, 0x11, 0xfe, 0x71, 0x48,
    0x15, 0x40, 0x33, 0xe, 0xc8, 0x44, 0x58, 0x0,
    0x20,

    /* U+7F05 "缅" */
    0x30, 0x11, 0x3f, 0xd0, 0x40, 0xaf, 0xef, 0x55,
    0x12, 0xa9, 0x17, 0x48, 0xaa, 0xf5, 0x50, 0x2e,
    0x85, 0x55, 0xcf, 0xe0, 0x41, 0x0,

    /* U+7F06 "缆" */
    0x21, 0x20, 0x95, 0x4, 0x57, 0xd5, 0x58, 0x95,
    0x93, 0x84, 0x2, 0x7f, 0x11, 0x4, 0xf4, 0x92,
    0x13, 0x43, 0x54, 0x30, 0x90, 0xc, 0x78,

    /* U+7F0E "缎" */
    0x21, 0x0, 0x8d, 0xc4, 0x45, 0x17, 0x54, 0x97,
    0x51, 0x92, 0x24, 0x7f, 0xa5, 0x14, 0xe4, 0x50,
    0x5d, 0x86, 0xc2, 0x1, 0x14, 0x5, 0x88,

    /* U+7F13 "缓" */
    0x21, 0xe2, 0x31, 0x26, 0x49, 0x29, 0xce, 0xff,
    0x21, 0x9, 0x7f, 0xf2, 0x44, 0xe7, 0xe0, 0x31,
    0x1, 0x51, 0xf1, 0x9, 0x17, 0x17, 0x8,

    /* U+7F14 "缔" */
    0x1, 0x3, 0x4, 0x11, 0xfd, 0x22, 0x8f, 0x7f,
    0x14, 0x49, 0x2, 0x10, 0xfc, 0xe4, 0xa0, 0x25,
    0x9, 0x29, 0x81, 0x80, 0x8, 0x0,

    /* U+7F15 "缕" */
    0x20, 0x81, 0x92, 0xc5, 0x29, 0x25, 0xfe, 0xe1,
    0xc0, 0x8a, 0xc4, 0xc8, 0xac, 0x40, 0xcf, 0xf8,
    0x8, 0x81, 0xa6, 0x38, 0x70, 0x3, 0x30, 0x10,
    0x0,

    /* U+7F16 "编" */
    0x20, 0x80, 0x81, 0x4, 0x7f, 0x97, 0x2, 0xf7,
    0xf8, 0x90, 0x4, 0x7f, 0x91, 0xaa, 0x76, 0xa8,
    0x1f, 0xe1, 0xaa, 0xba, 0xaa, 0x12, 0x18,

    /* U+7F18 "缘" */
    0x22, 0x2, 0x1f, 0x11, 0x11, 0x3f, 0x89, 0x5,
    0x77, 0xfd, 0x4, 0x10, 0xec, 0xe2, 0xc0, 0x2e,
    0x1c, 0xa9, 0x19, 0x30, 0x18, 0x0,

    /* U+7F1A "缚" */
    0x20, 0xc2, 0x7f, 0xd4, 0x21, 0x2f, 0xee, 0x49,
    0x13, 0xf9, 0x1f, 0xd2, 0x92, 0xe4, 0x20, 0x7f,
    0xc0, 0x89, 0xc0, 0x40, 0x2, 0x0, 0x0,

    /* U+7F1D "缝" */
    0x20, 0x81, 0x2f, 0x91, 0x48, 0xa5, 0x87, 0xb,
    0x97, 0xa1, 0x17, 0xf6, 0x8a, 0x44, 0xe0, 0x2f,
    0xcd, 0x10, 0x94, 0x1, 0x1f, 0x80,

    /* U+7F20 "缠" */
    0x20, 0x81, 0x3f, 0xd5, 0x0, 0xab, 0xef, 0x55,
    0x12, 0xa9, 0x17, 0xd0, 0xaa, 0xe5, 0xf0, 0x22,
    0x86, 0xff, 0xd0, 0x81, 0x7f, 0x80,

    /* U+7F24 "缤" */
    0x20, 0x80, 0x81, 0x2, 0x7f, 0xd5, 0x82, 0x9e,
    0x71, 0x8e, 0x2, 0x3f, 0x90, 0xc8, 0xf3, 0x28,
    0x3f, 0xf0, 0x82, 0x3c, 0x46, 0x6, 0x8, 0x20,
    0x0,

    /* U+7F28 "缨" */
    0x0, 0x3, 0x7b, 0xd2, 0x63, 0x1b, 0x5b, 0xda,
    0xa7, 0x11, 0x15, 0x5d, 0x60, 0x9f, 0xf8, 0x11,
    0xd, 0x91, 0x83, 0x80, 0x73, 0x4, 0x0,

    /* U+7F29 "缩" */
    0x0, 0x81, 0x2, 0x11, 0xff, 0x28, 0x2f, 0xbf,
    0x92, 0x21, 0x17, 0xd1, 0xa2, 0xe5, 0x10, 0x2f,
    0x89, 0x44, 0x8b, 0xe0, 0x51, 0x0,

    /* U+7F2D "缭" */
    0x21, 0x2, 0x10, 0x93, 0xff, 0x15, 0x2f, 0xc6,
    0x53, 0xf9, 0x30, 0xb2, 0xfc, 0xe7, 0xe0, 0x8,
    0x5, 0x59, 0xd2, 0x61, 0x70, 0x0, 0x0,

    /* U+7F30 "缰" */
    0x20, 0x0, 0xbf, 0xe4, 0x7f, 0x95, 0xfc, 0xf4,
    0x92, 0x9f, 0xe4, 0xff, 0xa1, 0x4, 0xe7, 0xf0,
    0x1f, 0xc0, 0x49, 0x35, 0xfe, 0xf, 0xfc,

    /* U+7F34 "缴" */
    0x62, 0x62, 0x22, 0x12, 0xd1, 0x52, 0xfe, 0xf5,
    0x27, 0xa9, 0x9, 0x57, 0xfa, 0x48, 0x20, 0x79,
    0xa, 0x49, 0x92, 0xa1, 0x28, 0x80,

    /* U+7F38 "缸" */
    0x20, 0x1, 0x20, 0x5f, 0x7c, 0xa0, 0x81, 0x44,
    0x3f, 0x20, 0x41, 0xa, 0x88, 0x54, 0x42, 0xa2,
    0x15, 0x10, 0xf8, 0x94, 0x7f, 0x80,

    /* U+7F3A "缺" */
    0x20, 0x41, 0x11, 0x47, 0x9f, 0x14, 0x14, 0x90,
    0x50, 0x59, 0x47, 0x85, 0x15, 0x7f, 0x54, 0x41,
    0x52, 0x85, 0x4a, 0x1f, 0x44, 0x2, 0x8, 0x0,
    0x0,

    /* U+7F50 "罐" */
    0x21, 0x10, 0x8f, 0xf7, 0xd1, 0x14, 0xff, 0x12,
    0xa9, 0xfe, 0xc1, 0x12, 0x15, 0x7f, 0x56, 0x29,
    0x5f, 0xc5, 0x5f, 0xdf, 0x88, 0x1, 0xfc,

    /* U+7F51 "网" */
    0x0, 0xf, 0xfe, 0x80, 0x28, 0x8a, 0x88, 0xab,
    0x32, 0x91, 0x29, 0x92, 0xaa, 0xaa, 0xca, 0xc4,
    0xa8, 0x2, 0x80, 0xe0,

    /* U+7F55 "罕" */
    0x7f, 0xf2, 0x48, 0xb6, 0x38, 0x40, 0x2f, 0xfe,
    0x1, 0x0, 0x8, 0x5f, 0xff, 0x2, 0x0, 0x10,
    0x0, 0x80, 0x4, 0x0,

    /* U+7F57 "罗" */
    0x0, 0x7, 0xfe, 0x49, 0x24, 0x92, 0x7f, 0xe4,
    0x80, 0x1f, 0xc1, 0x4, 0x38, 0x8c, 0x98, 0x2,
    0x0, 0xc0, 0x70, 0x0,

    /* U+7F5A "罚" */
    0x0, 0x7, 0xff, 0x49, 0x27, 0xfe, 0x0, 0x2,
    0x12, 0x1, 0x2e, 0x12, 0x21, 0x22, 0x12, 0x21,
    0x23, 0x82, 0x20, 0x60,

    /* U+7F62 "罢" */
    0x0, 0x7, 0xfe, 0x49, 0x24, 0x92, 0x7f, 0xe0,
    0x44, 0x7f, 0xe0, 0x40, 0xff, 0xf0, 0x40, 0x18,
    0x82, 0x6, 0x7f, 0xa0, 0x0,

    /* U+7F69 "罩" */
    0x0, 0x3, 0xff, 0x92, 0x44, 0xed, 0xe0, 0x3f,
    0x2, 0x10, 0xef, 0x87, 0xfc, 0x20, 0x21, 0xff,
    0xbf, 0xfe, 0x8, 0x0, 0x40, 0x0,

    /* U+7F6A "罪" */
    0x0, 0x7, 0xfe, 0x49, 0x27, 0xfe, 0x49, 0x20,
    0x92, 0xf9, 0xf0, 0x90, 0x79, 0xe0, 0x92, 0xf9,
    0xf0, 0x90, 0x9, 0x0,

    /* U+7F6E "置" */
    0x0, 0x1, 0xff, 0x89, 0x24, 0x76, 0xe7, 0xff,
    0x81, 0x10, 0x77, 0x83, 0xfc, 0x10, 0x20, 0xff,
    0x7, 0xf8, 0x20, 0x47, 0xff, 0x80,

    /* U+7F72 "署" */
    0x0, 0x7, 0xfe, 0x49, 0x27, 0xfe, 0x4, 0x47,
    0xfe, 0x5, 0x87, 0xe7, 0x1f, 0xc7, 0x4, 0x9f,
    0xc1, 0x4, 0x1f, 0xc0,

    /* U+7F8A "羊" */
    0x10, 0x40, 0x42, 0x1, 0x20, 0xff, 0xe0, 0x20,
    0x1, 0x11, 0xff, 0xc0, 0x40, 0x2, 0x17, 0xff,
    0xc0, 0x80, 0x4, 0x0, 0x20, 0x0,

    /* U+7F8E "美" */
    0x8, 0xc0, 0x44, 0x1f, 0xfc, 0x4, 0x43, 0xff,
    0x1, 0x9, 0xff, 0xe0, 0x40, 0x2, 0x17, 0xff,
    0xc1, 0x40, 0x9, 0x1, 0x6, 0x70, 0xc,

    /* U+7F94 "羔" */
    0x0, 0x0, 0x21, 0x0, 0x89, 0x1f, 0xfe, 0x2,
    0x0, 0x8, 0x87, 0xff, 0x0, 0x80, 0x2, 0x13,
    0xff, 0xe0, 0x0, 0x1, 0x24, 0x44, 0x8b, 0x11,
    0x20, 0x0, 0x0,

    /* U+7F9E "羞" */
    0x10, 0x40, 0x64, 0x8f, 0xfe, 0x4, 0x3, 0xff,
    0x1, 0x4, 0xf7, 0xc1, 0xfc, 0x9, 0x20, 0x89,
    0xb, 0xf8, 0x84, 0x53, 0xff, 0x80,

    /* U+7FA1 "羡" */
    0x8, 0x40, 0x24, 0x9f, 0xfc, 0x4, 0x41, 0xfd,
    0x7f, 0xfd, 0x8, 0x6, 0x7e, 0x15, 0x91, 0x4c,
    0x10, 0x60, 0x84, 0xc4, 0xc1, 0x80,

    /* U+7FA4 "群" */
    0x0, 0x89, 0xf1, 0x41, 0x66, 0xbf, 0xec, 0x24,
    0x20, 0x90, 0xa3, 0xdf, 0xc8, 0x8, 0x7c, 0x22,
    0x97, 0xfa, 0x42, 0xf, 0x8, 0x24, 0x20,

    /* U+7FB9 "羹" */
    0x0, 0x0, 0x44, 0x1f, 0xfc, 0x4, 0x41, 0xfd,
    0x3f, 0xfd, 0x94, 0x81, 0x14, 0x37, 0x41, 0xff,
    0x1f, 0xfd, 0xff, 0xf0, 0x50, 0x3c, 0x7c,

    /* U+7FBD "羽" */
    0x0, 0x7, 0xef, 0x81, 0x4, 0x8a, 0x22, 0x4d,
    0xa, 0x28, 0x10, 0x40, 0x82, 0x34, 0xd2, 0x28,
    0x81, 0x4, 0x8, 0x21, 0xc7, 0x0,

    /* U+7FC1 "翁" */
    0x9, 0x0, 0x96, 0x9, 0xd, 0x91, 0x81, 0xf6,
    0x0, 0x1, 0xf7, 0xc0, 0x82, 0x34, 0xd0, 0x20,
    0x8f, 0x3c, 0x8a, 0x20, 0xc3, 0x0,

    /* U+7FC5 "翅" */
    0x21, 0x11, 0x19, 0xbe, 0x44, 0x4a, 0xa2, 0x13,
    0x7c, 0x8a, 0x44, 0xd2, 0xea, 0x51, 0x13, 0x8,
    0x88, 0xcc, 0xb0, 0x8, 0x7f, 0x0,

    /* U+7FCE "翎" */
    0x30, 0x0, 0xde, 0xe2, 0x8c, 0x9b, 0x32, 0x91,
    0xa8, 0x6, 0x2f, 0x89, 0x83, 0x6a, 0xa, 0xa8,
    0x53, 0x25, 0x8, 0x8c, 0x22, 0x12, 0xa8, 0x4,
    0x40,

    /* U+7FD4 "翔" */
    0x90, 0x2, 0xbb, 0x98, 0x45, 0xfb, 0x22, 0x55,
    0x7d, 0xa8, 0x84, 0x44, 0x26, 0xff, 0x51, 0x6a,
    0x88, 0x44, 0x82, 0x28, 0x77, 0x1, 0x10,

    /* U+7FD8 "翘" */
    0x20, 0x0, 0x8f, 0xe2, 0xc8, 0x9d, 0xaa, 0x19,
    0xa8, 0xf2, 0x20, 0x48, 0x9f, 0xee, 0x2a, 0xa8,
    0xa2, 0x22, 0x99, 0x92, 0x2, 0x4f, 0xfc,

    /* U+7FE0 "翠" */
    0x0, 0x3, 0xef, 0x85, 0x14, 0x38, 0xe6, 0x59,
    0x1, 0x1, 0xff, 0xc3, 0x18, 0x19, 0x63, 0x31,
    0x3f, 0xfe, 0x4, 0x0, 0x20, 0x0,

    /* U+7FE9 "翩" */
    0x10, 0x0, 0x23, 0x67, 0xe4, 0x90, 0xda, 0x42,
    0xd9, 0xf3, 0x67, 0xe4, 0x9d, 0xb6, 0x77, 0x69,
    0xfd, 0x27, 0x64, 0xad, 0x92, 0xa2, 0xd8,

    /* U+7FF0 "翰" */
    0x10, 0x40, 0x52, 0x8f, 0xc9, 0x4, 0x43, 0x7e,
    0x5, 0x1f, 0xf7, 0xec, 0x91, 0x6a, 0x7c, 0x8b,
    0xf6, 0x61, 0x2a, 0x84, 0x22, 0x10, 0x98,

    /* U+7FFB "翻" */
    0xc, 0x0, 0xef, 0xe5, 0x44, 0x86, 0x5a, 0xff,
    0x68, 0xe3, 0x65, 0x44, 0xbf, 0xb6, 0x57, 0x69,
    0xf1, 0x25, 0x44, 0x9f, 0x12, 0x44, 0xd8,

    /* U+7FFC "翼" */
    0x0, 0x3, 0xef, 0x89, 0x24, 0x79, 0xe4, 0x51,
    0x1f, 0xf0, 0xff, 0x87, 0xfc, 0x2c, 0xa0, 0xde,
    0xbf, 0xfe, 0x19, 0x83, 0x3, 0x60, 0x0,

    /* U+8000 "耀" */
    0x20, 0x5, 0x3d, 0xab, 0x35, 0x65, 0x62, 0x99,
    0x7e, 0xc1, 0x48, 0x4a, 0x7c, 0x57, 0xf2, 0x92,
    0x16, 0xfd, 0x24, 0xa0, 0x3f, 0x80,

    /* U+8001 "老" */
    0x4, 0x10, 0x25, 0x9f, 0xf8, 0x8, 0x80, 0x48,
    0x7f, 0xfc, 0x8, 0x1, 0x84, 0x18, 0xc3, 0x78,
    0x2, 0x0, 0x10, 0x20, 0xff, 0x0,

    /* U+8003 "考" */
    0x4, 0x0, 0x25, 0x9f, 0xf0, 0x9, 0xf, 0xff,
    0x81, 0x0, 0x3f, 0xce, 0x80, 0xf, 0xe0, 0x1,
    0x0, 0x8, 0x0, 0x80, 0x1c, 0x0,

    /* U+8005 "者" */
    0x2, 0x10, 0x14, 0x8f, 0xf8, 0x4, 0x80, 0x28,
    0x3f, 0xfc, 0x8, 0x1, 0xfc, 0x38, 0x22, 0x7f,
    0x2, 0x8, 0x1f, 0xc0, 0x82, 0x0,

    /* U+800C "而" */
    0x0, 0x17, 0xff, 0xc1, 0x0, 0x8, 0x7, 0xff,
    0x24, 0x89, 0x24, 0x49, 0x22, 0x49, 0x12, 0x48,
    0x92, 0x44, 0x92, 0x24, 0x83, 0x0,

    /* U+800D "耍" */
    0x0, 0x7, 0xff, 0x81, 0x0, 0xff, 0xc4, 0x92,
    0x24, 0x91, 0x27, 0x80, 0x82, 0xff, 0xf8, 0x84,
    0x8, 0x40, 0x3e, 0x0, 0xce, 0x78, 0x0,

    /* U+8010 "耐" */
    0x1, 0x13, 0xfe, 0x40, 0x81, 0x4, 0x6, 0x7f,
    0x71, 0x54, 0x45, 0x59, 0x15, 0x54, 0x55, 0x51,
    0x54, 0x45, 0x51, 0x15, 0x44, 0x43, 0x30,

    /* U+8015 "耕" */
    0x10, 0x90, 0x52, 0x47, 0xe9, 0x5, 0xff, 0x7c,
    0x90, 0x42, 0x43, 0xc9, 0xe, 0xff, 0x34, 0x91,
    0x52, 0x45, 0x11, 0x4, 0x84, 0x14, 0x10,

    /* U+8017 "耗" */
    0x10, 0x30, 0x82, 0x1f, 0xe0, 0x21, 0x7, 0xc9,
    0xb, 0xf1, 0xf2, 0x6, 0x13, 0x3b, 0xe2, 0xa4,
    0x14, 0x23, 0x21, 0x11, 0xf, 0x80,

    /* U+8019 "耙" */
    0x20, 0x1, 0x5f, 0xbf, 0xa4, 0x55, 0x2f, 0xa9,
    0x15, 0x4b, 0xfd, 0xc4, 0x40, 0x7a, 0x3, 0x50,
    0x28, 0x82, 0x44, 0x12, 0x3f, 0x80,

    /* U+8033 "耳" */
    0x0, 0x17, 0xff, 0xc4, 0x10, 0x20, 0x81, 0xfc,
    0x8, 0x20, 0x41, 0x3, 0xf8, 0x10, 0x40, 0x82,
    0xdf, 0xf8, 0x0, 0x80, 0x4, 0x0,

    /* U+8038 "耸" */
    0x18, 0x80, 0x84, 0xa, 0x30, 0x8a, 0x68, 0x20,
    0x3f, 0xf8, 0x41, 0x3, 0xf8, 0x10, 0x40, 0xfe,
    0xff, 0xf8, 0x0, 0x80, 0x4, 0x0,

    /* U+803B "耻" */
    0x4, 0x47, 0xf2, 0x12, 0x10, 0x90, 0x87, 0x94,
    0x25, 0x21, 0x29, 0xef, 0x48, 0x4a, 0x42, 0x52,
    0x3e, 0x90, 0x14, 0x90, 0xff, 0x80,

    /* U+803D "耽" */
    0x4, 0x87, 0xf4, 0x12, 0x20, 0x97, 0xf7, 0xc9,
    0x24, 0x41, 0x23, 0xf, 0x18, 0x49, 0x42, 0x6a,
    0x3e, 0x50, 0x14, 0xa0, 0xc7, 0x80,

    /* U+803F "耿" */
    0x0, 0x87, 0xe4, 0x12, 0x20, 0x91, 0x27, 0xc9,
    0x26, 0x51, 0x32, 0x8f, 0x18, 0x49, 0x42, 0x6a,
    0x3e, 0x48, 0x14, 0x20, 0xc1, 0x80,

    /* U+8042 "聂" */
    0x0, 0x13, 0xff, 0xc4, 0x10, 0x3f, 0x81, 0xfc,
    0x8, 0x2d, 0xbf, 0x8f, 0xfe, 0x6, 0x21, 0x4b,
    0x6, 0x30, 0x49, 0x84, 0x33, 0x80,

    /* U+804A "聊" */
    0x9, 0x81, 0xd8, 0xe5, 0x42, 0x95, 0x2a, 0x74,
    0xa9, 0x52, 0xa5, 0x4a, 0x9d, 0x2a, 0x54, 0xa9,
    0x5e, 0xa7, 0x12, 0x24, 0x88, 0x14, 0x20,

    /* U+804B "聋" */
    0x4, 0x80, 0x22, 0x9f, 0xfe, 0x12, 0xc0, 0x99,
    0xb, 0x79, 0xff, 0xd2, 0x8, 0x1f, 0xc0, 0xfe,
    0x4, 0x13, 0xff, 0xe0, 0x4, 0x0,

    /* U+804C "职" */
    0x0, 0x17, 0xff, 0x92, 0x84, 0x94, 0x27, 0xa1,
    0x25, 0x9, 0x28, 0x4f, 0x7e, 0x4a, 0x42, 0xc9,
    0x3a, 0x44, 0x14, 0x20, 0xc0, 0x0, 0x0,

    /* U+8054 "联" */
    0x4, 0x13, 0xfc, 0x44, 0x8a, 0x12, 0xfe, 0x78,
    0x41, 0x21, 0x4, 0x84, 0x9e, 0xff, 0x48, 0x41,
    0x31, 0x8f, 0x89, 0x2, 0x46, 0xa, 0x8,

    /* U+8058 "聘" */
    0x0, 0x47, 0xe2, 0x12, 0xfc, 0x94, 0xa7, 0xbf,
    0x25, 0x29, 0x2e, 0xcf, 0xff, 0x49, 0x2, 0x6f,
    0x9e, 0x5, 0x10, 0x40, 0x86, 0x0,

    /* U+805A "聚" */
    0x7f, 0x80, 0x8b, 0xe3, 0xe9, 0xf, 0x9c, 0x22,
    0x79, 0xf8, 0x67, 0xfe, 0x3, 0x44, 0x31, 0xa0,
    0x35, 0x1, 0x13, 0x18, 0x42,

    /* U+806A "聪" */
    0x4, 0x13, 0xfc, 0x84, 0x92, 0x12, 0xfc, 0x7a,
    0x11, 0x28, 0x44, 0xa1, 0x1e, 0xfc, 0x48, 0x41,
    0x35, 0x4f, 0xd0, 0x83, 0x4a, 0x9, 0xf0,

    /* U+8083 "肃" */
    0x0, 0x0, 0x8, 0x3, 0xff, 0x0, 0x84, 0xff,
    0xfc, 0x8, 0x43, 0xff, 0x0, 0x80, 0x22, 0x10,
    0xaa, 0x42, 0xa5, 0xc, 0x94, 0x52, 0x10, 0x8,
    0x40,

    /* U+8084 "肄" */
    0x40, 0xc1, 0x22, 0x7, 0x3f, 0x11, 0x26, 0x7f,
    0xf0, 0x82, 0x44, 0x3f, 0x1f, 0x24, 0x93, 0xf9,
    0xe2, 0x42, 0xbf, 0x89, 0x20, 0xc0, 0x80,

    /* U+8086 "肆" */
    0x0, 0xc1, 0xe2, 0x4, 0x3f, 0x12, 0x24, 0x77,
    0xfd, 0xe2, 0x44, 0x3f, 0x3f, 0x20, 0x23, 0xf1,
    0x42, 0x4, 0xff, 0xbe, 0x20, 0x0, 0x80,

    /* U+8089 "肉" */
    0x4, 0x0, 0x40, 0xff, 0xe8, 0x42, 0x8a, 0x29,
    0x1a, 0xa4, 0xa8, 0xc2, 0x8a, 0x29, 0x1a, 0xa0,
    0xa8, 0x2, 0x80, 0x60,

    /* U+808B "肋" */
    0x0, 0x83, 0xc4, 0x12, 0x20, 0x91, 0x27, 0xbf,
    0x24, 0x49, 0x22, 0x4f, 0x12, 0x49, 0x12, 0x48,
    0x92, 0x45, 0x14, 0x29, 0xc6, 0x0,

    /* U+808C "肌" */
    0x8, 0x23, 0xdf, 0x12, 0x88, 0x94, 0x47, 0xa2,
    0x25, 0x11, 0x28, 0x8f, 0x44, 0x4a, 0x22, 0x51,
    0x63, 0xb, 0x38, 0x70, 0x0, 0x0,

    /* U+8096 "肖" */
    0x4, 0x48, 0x88, 0x92, 0x12, 0x87, 0xfc, 0x80,
    0x9f, 0xf2, 0x2, 0x40, 0x4f, 0xf9, 0x1, 0x20,
    0x24, 0xc,

    /* U+8098 "肘" */
    0x0, 0x23, 0xc1, 0x12, 0x8, 0x90, 0x57, 0xbf,
    0x24, 0x11, 0x24, 0x8f, 0x14, 0x48, 0xa2, 0x41,
    0x22, 0x9, 0x10, 0x49, 0x86, 0x0,

    /* U+809A "肚" */
    0x0, 0x83, 0xc4, 0x12, 0x20, 0x91, 0x7, 0x89,
    0x25, 0xf9, 0x22, 0xf, 0x10, 0x48, 0x82, 0x44,
    0x12, 0x21, 0x11, 0x29, 0xff, 0x88, 0x0,

    /* U+809B "肛" */
    0x78, 0x12, 0x5f, 0xd2, 0x20, 0xf1, 0x4, 0x88,
    0x24, 0x41, 0xe2, 0x9, 0x10, 0x48, 0x82, 0x44,
    0x22, 0x25, 0x7f, 0xf1, 0x0, 0x0,

    /* U+809D "肝" */
    0x48, 0x13, 0xdf, 0x92, 0x20, 0x91, 0x7, 0x88,
    0x24, 0x49, 0x2f, 0x8f, 0x10, 0x48, 0x82, 0x44,
    0x12, 0x21, 0x11, 0x9, 0x88, 0x0,

    /* U+80A0 "肠" */
    0x8, 0x3, 0xdf, 0x12, 0x10, 0x91, 0x7, 0xb0,
    0x25, 0xf9, 0x25, 0x4f, 0x2a, 0x4a, 0x52, 0x54,
    0x93, 0x45, 0x12, 0x49, 0x86, 0x0,

    /* U+80A1 "股" */
    0x0, 0x1, 0xe7, 0x84, 0x92, 0x12, 0x48, 0x49,
    0x21, 0xe8, 0xe4, 0xc0, 0x1e, 0xfc, 0x49, 0x21,
    0x22, 0x84, 0x84, 0x22, 0x28, 0x9b, 0x18,

    /* U+80A2 "肢" */
    0x0, 0x83, 0xc4, 0x12, 0x24, 0x97, 0xc7, 0x88,
    0x24, 0x49, 0x2d, 0xcf, 0x44, 0x49, 0x22, 0x4e,
    0x12, 0x31, 0x12, 0xc9, 0xe1, 0x80,

    /* U+80A4 "肤" */
    0x0, 0x83, 0xc4, 0x12, 0x20, 0x93, 0xe7, 0x88,
    0x24, 0x41, 0x3f, 0xef, 0x10, 0x48, 0xc2, 0x4a,
    0x12, 0x49, 0x14, 0x29, 0xc1, 0x80,

    /* U+80A5 "肥" */
    0x8, 0x3, 0xdf, 0xd2, 0x94, 0x94, 0xa7, 0xa5,
    0x25, 0x29, 0x2e, 0xcf, 0x40, 0x4a, 0x2, 0x50,
    0x52, 0x83, 0x14, 0x19, 0xbf, 0x80,

    /* U+80A9 "肩" */
    0x2, 0x0, 0x8, 0xf, 0xfe, 0x40, 0x23, 0xff,
    0x10, 0x0, 0xbf, 0xc5, 0x2, 0x2f, 0xf1, 0x40,
    0x93, 0xfc, 0x90, 0x20, 0x83, 0x0,

    /* U+80AA "肪" */
    0x0, 0x83, 0xc2, 0x12, 0x10, 0x97, 0x77, 0x90,
    0x24, 0x89, 0x27, 0xcf, 0x22, 0x4a, 0x12, 0x50,
    0x92, 0x85, 0x18, 0x49, 0xc6, 0x0,

    /* U+80AE "肮" */
    0x0, 0x83, 0xc2, 0x12, 0x10, 0x9f, 0xf7, 0x80,
    0x24, 0xf1, 0x24, 0x8f, 0x24, 0x49, 0x22, 0x49,
    0x12, 0x49, 0x14, 0x59, 0xc3, 0x80,

    /* U+80AF "肯" */
    0x2, 0x1, 0x24, 0x13, 0xe1, 0x21, 0x6d, 0xe1,
    0xfc, 0x10, 0x41, 0xfc, 0x10, 0x41, 0xfc, 0x10,
    0x41, 0x4, 0x10, 0xc0,

    /* U+80B2 "育" */
    0x4, 0x0, 0x10, 0xbf, 0xfe, 0x19, 0x7, 0xf6,
    0x0, 0x0, 0xff, 0x4, 0x8, 0x3f, 0xc1, 0x2,
    0xf, 0xf0, 0x40, 0x82, 0xc, 0x0,

    /* U+80B4 "肴" */
    0x0, 0x30, 0x3f, 0x0, 0xc4, 0xd, 0x8, 0x7f,
    0xfc, 0x20, 0x1, 0xfe, 0x6, 0x8, 0x2f, 0xe1,
    0x20, 0x80, 0xfe, 0x2, 0x8, 0x8, 0x60,

    /* U+80BA "肺" */
    0x48, 0x83, 0xc4, 0x93, 0xfe, 0x91, 0x7, 0x88,
    0x25, 0xf9, 0x2a, 0x4f, 0x52, 0x4a, 0x92, 0x54,
    0xa2, 0xad, 0x11, 0x9, 0x88, 0x0,

    /* U+80BE "肾" */
    0x10, 0x5b, 0xfa, 0x53, 0x49, 0x49, 0x38, 0x38,
    0xdf, 0xe2, 0x4, 0x7f, 0x88, 0x11, 0xfe, 0x20,
    0x44, 0x18,

    /* U+80BF "肿" */
    0x0, 0x43, 0xc2, 0x12, 0x10, 0x97, 0xf7, 0xa5,
    0x25, 0x29, 0x29, 0x4f, 0x7e, 0x4a, 0x52, 0x42,
    0x22, 0x11, 0x10, 0x81, 0x84, 0x0,

    /* U+80C0 "胀" */
    0x3, 0x3, 0xd0, 0x12, 0x8c, 0x94, 0x87, 0xa8,
    0x25, 0x89, 0x2f, 0x8f, 0x50, 0x4a, 0x82, 0x52,
    0x12, 0x89, 0x16, 0x69, 0xa1, 0x0,

    /* U+80C1 "胁" */
    0x1, 0x1, 0xe4, 0x4, 0x90, 0x12, 0x48, 0x7b,
    0xe1, 0x24, 0x84, 0xd3, 0x1f, 0x4a, 0x49, 0x29,
    0x28, 0x84, 0xa2, 0x23, 0x8, 0x9c, 0xc0,

    /* U+80C3 "胃" */
    0x0, 0x1f, 0xfa, 0x21, 0x7f, 0xe8, 0x85, 0xef,
    0x9f, 0xe2, 0x4, 0x7f, 0x88, 0x11, 0xfe, 0x20,
    0x44, 0x18,

    /* U+80C6 "胆" */
    0x48, 0x13, 0xdf, 0x92, 0x84, 0x94, 0x27, 0xa1,
    0x25, 0xf9, 0x28, 0x4f, 0x42, 0x4b, 0xf2, 0x50,
    0x92, 0x1, 0x10, 0x9, 0xff, 0x88, 0x0,

    /* U+80CC "背" */
    0x0, 0x0, 0x93, 0xf9, 0x41, 0x98, 0xe9, 0xf0,
    0x0, 0x3f, 0xe2, 0x4, 0x3f, 0xc2, 0x4, 0x3f,
    0xc2, 0x4, 0x20, 0xc0,

    /* U+80CE "胎" */
    0x0, 0x81, 0xe2, 0x4, 0x90, 0x12, 0x88, 0x7a,
    0x11, 0x3f, 0xa4, 0x81, 0x1e, 0xfc, 0x4a, 0x11,
    0x28, 0x48, 0xa1, 0x22, 0xfc, 0x9a, 0x10,

    /* U+80D6 "胖" */
    0x0, 0x83, 0xd4, 0x12, 0xa4, 0x93, 0x47, 0x89,
    0x25, 0xfd, 0x22, 0xf, 0x12, 0x4f, 0xfa, 0x44,
    0x12, 0x21, 0x11, 0x9, 0x88, 0x0,

    /* U+80DA "胚" */
    0x78, 0x11, 0x3f, 0xe4, 0x8c, 0x12, 0x20, 0x78,
    0x81, 0x26, 0x44, 0xa8, 0x9e, 0xa2, 0x4c, 0x81,
    0x22, 0x4, 0x88, 0x22, 0x4, 0x9f, 0xf8, 0x40,
    0x0,

    /* U+80DC "胜" */
    0x0, 0x83, 0xd4, 0x12, 0xa0, 0x95, 0x27, 0xbe,
    0x26, 0x41, 0x32, 0xf, 0x7e, 0x48, 0x82, 0x44,
    0x22, 0x21, 0x11, 0x29, 0xff, 0x88, 0x0,

    /* U+80DE "胞" */
    0x9, 0x3, 0xd0, 0x52, 0xfe, 0x94, 0x17, 0xbc,
    0xa5, 0x25, 0x29, 0x2f, 0x79, 0x4a, 0x4a, 0x51,
    0xa2, 0x81, 0x14, 0x19, 0xbf, 0x80,

    /* U+80E1 "胡" */
    0x10, 0x0, 0x8f, 0x84, 0x45, 0xfe, 0x21, 0x1f,
    0x8, 0x89, 0xf4, 0x48, 0xbe, 0x45, 0x12, 0x28,
    0x9f, 0x84, 0x84, 0x20, 0x43, 0x0,

    /* U+80E7 "胧" */
    0x1, 0x3, 0xc9, 0x12, 0x44, 0x92, 0x37, 0xbe,
    0x24, 0xa1, 0x25, 0x4f, 0x2a, 0x49, 0x62, 0x52,
    0x12, 0xb1, 0x1a, 0x99, 0xc7, 0x80,

    /* U+80EF "胯" */
    0x8, 0xc1, 0xe2, 0x24, 0xbf, 0x92, 0x48, 0x79,
    0x39, 0x2f, 0xa4, 0x81, 0x9e, 0x78, 0x49, 0x1,
    0x27, 0xc4, 0x81, 0x22, 0x4, 0x98, 0x60,

    /* U+80F0 "胰" */
    0x0, 0x81, 0xe2, 0x24, 0xff, 0xd2, 0x20, 0x79,
    0xf1, 0x2f, 0xc4, 0xc8, 0x1f, 0xff, 0x48, 0x89,
    0x25, 0x64, 0x92, 0x2e, 0x86, 0x10, 0x0,

    /* U+80F3 "胳" */
    0x1, 0x1, 0xe4, 0x44, 0x9f, 0x12, 0x84, 0x7d,
    0x21, 0x33, 0x4, 0x8a, 0x12, 0xc6, 0x7f, 0xf1,
    0x28, 0x48, 0xa1, 0x22, 0xfc, 0x9a, 0x10,

    /* U+80F6 "胶" */
    0x0, 0x81, 0xe1, 0x4, 0x84, 0x92, 0xec, 0x79,
    0x11, 0x28, 0x24, 0xa3, 0x9f, 0x48, 0x49, 0x21,
    0x23, 0x4, 0x8c, 0x22, 0x48, 0x9a, 0x1c,

    /* U+80F8 "胸" */
    0x49, 0x1, 0xe8, 0x24, 0xbf, 0x92, 0x82, 0x7c,
    0x89, 0x2a, 0xa4, 0xba, 0x9e, 0xda, 0x4a, 0x29,
    0x3f, 0xa4, 0x82, 0xa2, 0x2, 0x98, 0x30,

    /* U+80FD "能" */
    0x11, 0x2, 0x11, 0x45, 0x68, 0x38, 0xff, 0x7,
    0xdf, 0x45, 0x7, 0xd1, 0x45, 0x37, 0xd4, 0x45,
    0x84, 0x51, 0x4d, 0xf0,

    /* U+8102 "脂" */
    0x3, 0x7, 0xa2, 0x4a, 0x74, 0xb8, 0x7a, 0x14,
    0xbf, 0x4a, 0x17, 0xbf, 0x4a, 0x14, 0xbf, 0x4a,
    0x18, 0xbf, 0x9a, 0x10,

    /* U+8106 "脆" */
    0x79, 0x1, 0x27, 0x84, 0x94, 0x12, 0x82, 0x7b,
    0xf1, 0x28, 0x4, 0xaf, 0x1e, 0xa4, 0x4a, 0x91,
    0x2a, 0xc4, 0xa8, 0x23, 0x22, 0x9c, 0xf8,

    /* U+8109 "脉" */
    0x0, 0x1, 0xe3, 0x4, 0x82, 0x13, 0xf0, 0x78,
    0x8d, 0x23, 0x44, 0xae, 0x1e, 0xa8, 0x4a, 0xb1,
    0x32, 0x64, 0xc8, 0xe2, 0x20, 0x99, 0x80,

    /* U+810A "脊" */
    0x2, 0x1, 0x11, 0x85, 0x90, 0x3b, 0x86, 0x8b,
    0x8, 0x20, 0xff, 0x9a, 0xa, 0x1f, 0xc0, 0x82,
    0x7, 0xf0, 0x20, 0x81, 0xc, 0x0,

    /* U+810F "脏" */
    0x0, 0x3, 0xc2, 0x12, 0x10, 0x97, 0x77, 0xa4,
    0x25, 0x21, 0x2f, 0xef, 0x48, 0x4a, 0x42, 0x52,
    0x12, 0x91, 0x18, 0x89, 0xdf, 0x88, 0x0,

    /* U+8110 "脐" */
    0x10, 0x83, 0x82, 0x17, 0xfe, 0xa8, 0x47, 0x24,
    0x28, 0xc1, 0x5d, 0xef, 0x44, 0x52, 0x22, 0x91,
    0x14, 0x89, 0x28, 0x4b, 0x82, 0x0,

    /* U+8111 "脑" */
    0x1, 0x3, 0xc6, 0x12, 0x4, 0x97, 0xc7, 0x84,
    0x25, 0xa9, 0x2a, 0x4f, 0x5a, 0x4a, 0xd2, 0x5a,
    0x92, 0x85, 0x14, 0x2b, 0xbf, 0x0,

    /* U+8113 "脓" */
    0x0, 0x43, 0xc2, 0x12, 0x10, 0x97, 0x77, 0xc9,
    0x24, 0xa1, 0x25, 0x4f, 0x24, 0x4b, 0x22, 0x49,
    0x12, 0x45, 0x13, 0x39, 0x90, 0x80,

    /* U+8116 "脖" */
    0x8, 0x83, 0xc4, 0x93, 0xfe, 0x91, 0x7, 0xff,
    0xa6, 0x9, 0x2f, 0x8f, 0x10, 0x48, 0x92, 0x7f,
    0xd2, 0x21, 0x11, 0xa, 0xa8, 0x8, 0x80,

    /* U+811A "脚" */
    0x52, 0x1, 0xc9, 0xe5, 0x24, 0x95, 0xd2, 0x72,
    0x49, 0x49, 0x25, 0x74, 0x9c, 0x92, 0x55, 0x49,
    0x55, 0x25, 0x9d, 0x25, 0xb0, 0xb0, 0x40,

    /* U+812F "脯" */
    0x48, 0xa3, 0xc4, 0x12, 0xfe, 0x91, 0x7, 0xbf,
    0xa5, 0x49, 0x2f, 0xcf, 0x52, 0x4b, 0xf2, 0x54,
    0x92, 0xa5, 0x15, 0x29, 0xa9, 0x0,

    /* U+8131 "脱" */
    0x2, 0x23, 0xc9, 0x12, 0x30, 0x97, 0xe7, 0xa1,
    0x25, 0x9, 0x2f, 0xcf, 0x6a, 0x49, 0x42, 0x4a,
    0x12, 0x93, 0x14, 0x99, 0xc7, 0x80,

    /* U+8138 "脸" */
    0x0, 0xc1, 0xe3, 0x4, 0x94, 0x12, 0x4c, 0x7a,
    0x39, 0x37, 0xe4, 0x91, 0x1f, 0x24, 0x4a, 0xa1,
    0x29, 0x84, 0x92, 0x22, 0x12, 0x9f, 0xf8, 0x40,
    0x0,

    /* U+813E "脾" */
    0x0, 0x3, 0xc6, 0x12, 0xfc, 0x94, 0xa7, 0xbf,
    0x25, 0x29, 0x2f, 0xcf, 0x18, 0x4b, 0x52, 0x7f,
    0xd2, 0x11, 0x10, 0x89, 0x84, 0x0,

    /* U+814A "腊" */
    0x49, 0x21, 0xe4, 0x84, 0xff, 0x92, 0x48, 0x79,
    0x29, 0x3f, 0xe4, 0x81, 0x1e, 0xfc, 0x4a, 0x11,
    0x2f, 0xc4, 0xa1, 0x22, 0xfc, 0x9a, 0x10,

    /* U+814B "腋" */
    0x0, 0x81, 0xc1, 0x25, 0x7f, 0x94, 0x50, 0x72,
    0x79, 0x4a, 0x25, 0x6b, 0x1e, 0xec, 0x53, 0x51,
    0x48, 0x85, 0x22, 0x24, 0x96, 0xb2, 0x88,

    /* U+814C "腌" */
    0x48, 0x83, 0xc4, 0x13, 0xfe, 0x92, 0x87, 0xab,
    0x25, 0xfd, 0x2a, 0x4f, 0x7e, 0x4a, 0x92, 0x5f,
    0x92, 0xa5, 0x11, 0x19, 0x8f, 0x80,

    /* U+8150 "腐" */
    0x4, 0x3, 0xff, 0xd3, 0x8, 0x97, 0xf5, 0x82,
    0x24, 0x91, 0x25, 0x8b, 0xfe, 0x53, 0x12, 0xae,
    0xa4, 0x45, 0x25, 0xa1, 0x43, 0x0,

    /* U+8154 "腔" */
    0x0, 0x81, 0xe1, 0x4, 0xbf, 0x13, 0x4, 0x7d,
    0x21, 0x28, 0x44, 0xc0, 0x92, 0x0, 0x7b, 0xf1,
    0x22, 0x4, 0x88, 0x22, 0x24, 0x9f, 0xf8, 0x40,
    0x0,

    /* U+8155 "腕" */
    0x10, 0x83, 0x82, 0x15, 0xfe, 0xb0, 0x17, 0xa0,
    0x2b, 0xfd, 0x55, 0x2f, 0x69, 0x59, 0x4a, 0x8a,
    0x14, 0x91, 0x28, 0x9b, 0xc7, 0x80,

    /* U+8165 "腥" */
    0x0, 0x13, 0xdf, 0x92, 0x84, 0x97, 0xe7, 0xbf,
    0x25, 0x21, 0x2d, 0x4f, 0x7f, 0x4c, 0x52, 0x5f,
    0x92, 0x11, 0x10, 0x89, 0xff, 0x80, 0x0,

    /* U+816E "腮" */
    0x8, 0x1, 0xef, 0xe4, 0xa5, 0x12, 0x94, 0x7b,
    0xf1, 0x29, 0x44, 0xbf, 0x1e, 0x10, 0x49, 0xe1,
    0x34, 0xc4, 0xd1, 0xa3, 0x46, 0x99, 0xf0,

    /* U+8170 "腰" */
    0x48, 0x9, 0xff, 0xf4, 0x94, 0x13, 0xfe, 0x7d,
    0x49, 0x35, 0x24, 0xbf, 0x92, 0x42, 0x7f, 0xfd,
    0x28, 0x84, 0xa6, 0x12, 0x70, 0x89, 0x32, 0x18,
    0x40,

    /* U+8179 "腹" */
    0x1, 0x3, 0xd0, 0x12, 0xfe, 0x9f, 0xe7, 0xa1,
    0x25, 0xf9, 0x28, 0x4f, 0x7e, 0x49, 0xf2, 0x51,
    0x13, 0x59, 0x11, 0x89, 0xb3, 0x80,

    /* U+817A "腺" */
    0x0, 0x83, 0xc8, 0x92, 0xfc, 0x94, 0x27, 0xbf,
    0x25, 0x9, 0x2f, 0xc9, 0x12, 0x7f, 0xd2, 0x55,
    0x12, 0xa9, 0x19, 0x28, 0xc8, 0xc8, 0x80,

    /* U+817B "腻" */
    0x50, 0x21, 0xc0, 0xa5, 0xff, 0xd4, 0x8, 0x73,
    0xa1, 0x5f, 0x85, 0x7e, 0x1d, 0x78, 0x55, 0x61,
    0x55, 0x45, 0x55, 0x64, 0xb6, 0xf6, 0x48, 0x20,
    0x10,

    /* U+817E "腾" */
    0x0, 0x83, 0x95, 0x94, 0x54, 0xa7, 0x47, 0xff,
    0xa9, 0x21, 0x5f, 0xee, 0x49, 0x52, 0x52, 0x8f,
    0x95, 0xfd, 0x20, 0x2b, 0x6, 0x0,

    /* U+817F "腿" */
    0x10, 0x3, 0xd7, 0x94, 0xa4, 0xa1, 0xe7, 0x9,
    0x2f, 0xf9, 0x4a, 0xe, 0x52, 0x52, 0xa2, 0x94,
    0x94, 0xb5, 0x2a, 0xb, 0x8f, 0x80,

    /* U+8180 "膀" */
    0x8, 0x81, 0xe1, 0x24, 0xbf, 0x92, 0x44, 0x7a,
    0xa9, 0x2f, 0xe4, 0xa4, 0x9e, 0xfe, 0x48, 0x81,
    0x27, 0xc4, 0x91, 0x22, 0xc4, 0x9c, 0x20,

    /* U+818A "膊" */
    0x0, 0x3, 0xc4, 0x92, 0xfa, 0x97, 0xf7, 0xa9,
    0x25, 0xf9, 0x2a, 0x4f, 0x7e, 0x48, 0x2a, 0x7f,
    0xd2, 0x49, 0x10, 0x48, 0x82, 0x48, 0x20,

    /* U+818F "膏" */
    0x6, 0x2f, 0xff, 0x1f, 0xc1, 0xf8, 0x0, 0xf,
    0xff, 0x9f, 0xa1, 0xf8, 0x3f, 0xc3, 0xfc, 0x3f,
    0xc2, 0x4, 0x20, 0xc0,

    /* U+8198 "膘" */
    0x10, 0x11, 0xff, 0xe5, 0x14, 0x15, 0xfc, 0x75,
    0x51, 0x5f, 0xc5, 0x41, 0x1c, 0xfc, 0x57, 0xf9,
    0x42, 0x5, 0x29, 0x25, 0x22, 0xb8, 0x80,

    /* U+819B "膛" */
    0x0, 0x81, 0xe6, 0x64, 0x9a, 0x93, 0xfe, 0x7c,
    0x9, 0x2f, 0xc4, 0xa1, 0x1e, 0xfc, 0x4a, 0x91,
    0x2f, 0xe4, 0x88, 0x22, 0x22, 0x9f, 0xfc, 0x0,
    0x0,

    /* U+819C "膜" */
    0x0, 0x43, 0xca, 0x13, 0xfe, 0x92, 0x87, 0xeb,
    0x27, 0xf9, 0x30, 0x4f, 0xfe, 0x4c, 0x92, 0x7f,
    0xd2, 0x61, 0x12, 0x8a, 0xa3, 0xa, 0x4,

    /* U+819D "膝" */
    0x0, 0x83, 0xc4, 0x93, 0xfe, 0x93, 0x87, 0xab,
    0x26, 0x41, 0x25, 0x8f, 0x57, 0x4e, 0xa2, 0x4e,
    0x12, 0x69, 0x1d, 0x29, 0x98, 0x0,

    /* U+81A8 "膨" */
    0x1, 0x3, 0x94, 0xd7, 0xf4, 0xa5, 0x47, 0x10,
    0xab, 0xc9, 0x52, 0x4e, 0xf4, 0x54, 0xa, 0x98,
    0x94, 0xdd, 0x27, 0x4b, 0x4c, 0x0,

    /* U+81B3 "膳" */
    0x1, 0x23, 0xca, 0x13, 0xfe, 0x91, 0x27, 0x9e,
    0x27, 0xfd, 0x2a, 0x8f, 0x74, 0x48, 0x5a, 0x5f,
    0x92, 0x85, 0x14, 0x2b, 0xbf, 0x0,

    /* U+81C0 "臀" */
    0x7e, 0xe2, 0x25, 0x1e, 0x4e, 0xa8, 0x65, 0xce,
    0x3f, 0x32, 0xcb, 0xe3, 0xf8, 0x10, 0x40, 0xfe,
    0x7, 0xf0, 0x20, 0x81, 0xc, 0x0,

    /* U+81C2 "臂" */
    0x7c, 0x82, 0x2f, 0x9f, 0x48, 0x82, 0x57, 0xcd,
    0x53, 0xfc, 0xf1, 0x3, 0xfc, 0x10, 0x20, 0xff,
    0x7, 0xf8, 0x20, 0x41, 0xe, 0x0,

    /* U+81CA "臊" */
    0x0, 0x1, 0xef, 0xc5, 0x22, 0x14, 0xf8, 0x77,
    0x79, 0x55, 0x25, 0x77, 0x9c, 0x22, 0x57, 0xfd,
    0x47, 0x9, 0x2a, 0x25, 0x27, 0xb0, 0x80,

    /* U+81E3 "臣" */
    0x0, 0x2f, 0xff, 0x84, 0x8, 0x40, 0xff, 0xc8,
    0x4, 0x80, 0x48, 0x4, 0xff, 0xc8, 0x40, 0x84,
    0x2f, 0xff, 0x0, 0x0,

    /* U+81EA "自" */
    0x8, 0x4, 0x2f, 0xfa, 0x2, 0x80, 0xbf, 0xe8,
    0xa, 0x2, 0xff, 0xa0, 0x28, 0xb, 0xfe, 0x80,
    0x80,

    /* U+81ED "臭" */
    0x2, 0x1, 0xff, 0x88, 0x8, 0x7f, 0xc2, 0x2,
    0x1f, 0xf0, 0x80, 0x87, 0xfc, 0x2, 0x7, 0xff,
    0xc1, 0x40, 0x19, 0x3, 0x3, 0xa0, 0x4,

    /* U+81F3 "至" */
    0x0, 0x17, 0xff, 0xc1, 0x80, 0x10, 0x87, 0x2,
    0x3f, 0xe8, 0x8, 0x0, 0x44, 0x7f, 0xf0, 0x10,
    0x0, 0x80, 0x4, 0x2f, 0xff, 0x80,

    /* U+81F4 "致" */
    0x0, 0x87, 0xf4, 0xc, 0x20, 0x4b, 0xf4, 0x51,
    0x3d, 0x88, 0x4c, 0x82, 0x94, 0x7e, 0xa0, 0x82,
    0x4, 0x10, 0x3d, 0x4e, 0x11, 0x83, 0x4,

    /* U+81FC "臼" */
    0x8, 0x1, 0x82, 0xe3, 0xe8, 0x2, 0x80, 0x28,
    0x2, 0x80, 0x2f, 0xbe, 0x80, 0x28, 0x2, 0x80,
    0x2f, 0xfe, 0x80, 0x20,

    /* U+8200 "舀" */
    0x0, 0x0, 0xfd, 0x78, 0x22, 0x46, 0x22, 0x40,
    0x8a, 0x73, 0xe4, 0x82, 0x7d, 0xe4, 0x2, 0x40,
    0x27, 0xfe, 0x40, 0x20,

    /* U+8205 "舅" */
    0x18, 0x26, 0x9e, 0x7f, 0xe4, 0x2, 0x7f, 0xe7,
    0xff, 0x7f, 0xe4, 0x42, 0x44, 0x2f, 0xff, 0x8,
    0x21, 0x2, 0x61, 0xc0,

    /* U+8206 "舆" */
    0x6, 0x3, 0xe7, 0x17, 0xc8, 0xf5, 0xc4, 0xa2,
    0x27, 0x91, 0xcb, 0x89, 0xf4, 0x42, 0x37, 0xff,
    0x82, 0x20, 0x30, 0xc6, 0x1, 0x40, 0x0,

    /* U+820C "舌" */
    0x1, 0xf1, 0xf0, 0x0, 0x80, 0x4, 0xf, 0xff,
    0x81, 0x0, 0x8, 0x7, 0xfc, 0x20, 0x21, 0x1,
    0x8, 0x8, 0x7f, 0xc2, 0x2, 0x0,

    /* U+820D "舍" */
    0x2, 0x0, 0x28, 0x2, 0x30, 0x20, 0xc2, 0xfb,
    0x21, 0x1, 0xff, 0xc0, 0x40, 0x1f, 0xc0, 0x82,
    0x4, 0x10, 0x3f, 0x81, 0x4, 0x0,

    /* U+8212 "舒" */
    0x10, 0x1, 0xcf, 0xc9, 0x4, 0x81, 0xc7, 0xc4,
    0x4b, 0xff, 0xf9, 0x42, 0x8, 0x7c, 0x42, 0x22,
    0x11, 0x10, 0xf8, 0x84, 0x4c, 0x0,

    /* U+8214 "舔" */
    0x8, 0x10, 0xef, 0xc6, 0x8, 0xa, 0x26, 0xff,
    0x60, 0x88, 0x42, 0x48, 0x9e, 0x20, 0x4a, 0xb1,
    0x2a, 0xa4, 0xea, 0x9e, 0x20, 0x49, 0x80,

    /* U+821E "舞" */
    0x10, 0x0, 0x40, 0x3, 0xff, 0x8d, 0x48, 0x55,
    0x29, 0xff, 0xe1, 0x52, 0xbf, 0xff, 0x14, 0x20,
    0xf7, 0xe6, 0x52, 0x6, 0xff, 0x10, 0x21, 0x80,
    0x80,

    /* U+821F "舟" */
    0x2, 0x0, 0x22, 0x7, 0xf0, 0x28, 0x81, 0x24,
    0x9, 0x2b, 0xff, 0xe2, 0x8, 0x14, 0x40, 0x92,
    0x8, 0x10, 0x40, 0x84, 0xc, 0x0,

    /* U+822A "航" */
    0x31, 0x1, 0x4, 0x1f, 0x10, 0x97, 0xf6, 0x80,
    0x24, 0xf3, 0xe4, 0x89, 0x24, 0x69, 0x23, 0x49,
    0x12, 0x49, 0x14, 0x59, 0xc3, 0x80,

    /* U+822C "般" */
    0x30, 0x1, 0xf, 0x1e, 0x48, 0xd2, 0x46, 0x92,
    0x25, 0xd, 0xef, 0xc9, 0x22, 0x69, 0x22, 0xc5,
    0x12, 0x11, 0x11, 0x49, 0xb1, 0x80,

    /* U+8230 "舰" */
    0x30, 0x0, 0x8f, 0xe7, 0xa1, 0x12, 0xb4, 0x6a,
    0xd1, 0x2b, 0x4f, 0xad, 0x12, 0xb4, 0x6a, 0xe1,
    0xa3, 0x84, 0x9e, 0x22, 0x5a, 0x9e, 0x78,

    /* U+8231 "舱" */
    0x10, 0x81, 0x4, 0x1e, 0x50, 0x92, 0x46, 0xa1,
    0x37, 0xf3, 0xe8, 0x89, 0x44, 0x6a, 0x23, 0x53,
    0x12, 0x81, 0x14, 0x2b, 0xbf, 0x0, 0x0,

    /* U+8235 "舵" */
    0x20, 0x43, 0x42, 0x16, 0xfe, 0xd4, 0x25, 0xd0,
    0x24, 0x83, 0xe4, 0xed, 0x2c, 0x59, 0x82, 0xc8,
    0x12, 0x43, 0x12, 0x1b, 0x9f, 0x80,

    /* U+8236 "舶" */
    0x20, 0x1, 0x6, 0x1f, 0x24, 0x93, 0xf6, 0x91,
    0x24, 0x8b, 0xe4, 0x49, 0x3e, 0x69, 0x13, 0x48,
    0x92, 0x45, 0x13, 0xe9, 0x91, 0x0,

    /* U+8237 "舷" */
    0x21, 0x1, 0x4, 0x1e, 0x24, 0x9f, 0xf6, 0x88,
    0x24, 0x93, 0xe8, 0x89, 0x78, 0x68, 0x83, 0x48,
    0x12, 0x49, 0x14, 0x6b, 0xbd, 0x0, 0x0,

    /* U+8239 "船" */
    0x20, 0x1, 0xf, 0x1f, 0x48, 0xd2, 0x46, 0x92,
    0x25, 0x1f, 0xe0, 0xd, 0x3e, 0x69, 0x13, 0x48,
    0x92, 0x45, 0x13, 0xe9, 0x91, 0x0,

    /* U+8247 "艇" */
    0x10, 0x1, 0x38, 0xde, 0x78, 0xd4, 0x46, 0xa2,
    0x25, 0xff, 0xe4, 0x8d, 0x24, 0x6d, 0x2a, 0x5f,
    0xd2, 0x81, 0x16, 0x9, 0xcf, 0x80,

    /* U+8258 "艘" */
    0x30, 0x40, 0x8d, 0xe7, 0xa4, 0x9a, 0x92, 0x5b,
    0xf9, 0x69, 0x26, 0xbf, 0x1a, 0xfe, 0x69, 0x11,
    0xa2, 0xc4, 0x86, 0x22, 0x2c, 0x9b, 0x8,

    /* U+826F "良" */
    0x10, 0x2, 0x4f, 0xf2, 0x4, 0xff, 0x20, 0x48,
    0x13, 0xfc, 0x90, 0xa4, 0x48, 0xe2, 0x38, 0xf1,
    0x80, 0x10,

    /* U+8270 "艰" */
    0x0, 0x10, 0x1f, 0x9e, 0x84, 0x17, 0xe0, 0xa1,
    0x25, 0x8, 0xcf, 0xc2, 0x50, 0x12, 0x99, 0x53,
    0xa, 0x90, 0x94, 0x48, 0x31, 0x80, 0x0,

    /* U+8272 "色" */
    0x8, 0x0, 0x40, 0x7, 0xe0, 0x42, 0x7, 0xfe,
    0x51, 0x10, 0x88, 0x87, 0xfc, 0x20, 0x21, 0x0,
    0x8, 0x0, 0x40, 0x23, 0xff, 0x80,

    /* U+8273 "艳" */
    0x21, 0x0, 0xa7, 0x8f, 0xe4, 0x8, 0x90, 0x27,
    0xfb, 0xea, 0x42, 0x29, 0xa, 0xa4, 0xff, 0x70,
    0x88, 0x2, 0x20, 0x8, 0x82, 0x23, 0xf8,

    /* U+827A "艺" */
    0x8, 0x80, 0x44, 0xbf, 0xfe, 0x11, 0x0, 0x0,
    0x1f, 0xe0, 0x6, 0x0, 0x40, 0xc, 0x0, 0xc0,
    0x8, 0x0, 0x40, 0x23, 0xff, 0x80,

    /* U+827E "艾" */
    0x8, 0x40, 0x21, 0x2f, 0xff, 0xc2, 0x10, 0x8,
    0x40, 0x41, 0x81, 0x4, 0x2, 0x30, 0x4, 0x80,
    0xc, 0x0, 0x30, 0x3, 0x30, 0x60, 0x3c,

    /* U+8282 "节" */
    0x8, 0x80, 0x44, 0xbf, 0xfe, 0x11, 0x0, 0x8,
    0x3f, 0xf0, 0x10, 0x80, 0x84, 0x4, 0x20, 0x21,
    0x1, 0x10, 0x8, 0x0, 0x40, 0x0,

    /* U+828B "芋" */
    0x8, 0x80, 0x44, 0xbf, 0xfe, 0x11, 0x7, 0xff,
    0x1, 0x0, 0x8, 0x5f, 0xff, 0x2, 0x0, 0x10,
    0x0, 0x80, 0x4, 0x0, 0x60, 0x0,

    /* U+828D "芍" */
    0x8, 0x80, 0x44, 0x7f, 0xfe, 0x11, 0x1, 0x0,
    0x1f, 0xf8, 0x80, 0x48, 0x82, 0x82, 0x10, 0x10,
    0x80, 0x4, 0x0, 0x40, 0xe, 0x0,

    /* U+8292 "芒" */
    0x10, 0x80, 0x84, 0xbf, 0xfe, 0x21, 0x0, 0x40,
    0x1, 0xb, 0xff, 0xe4, 0x0, 0x20, 0x1, 0x0,
    0x8, 0x0, 0x40, 0x43, 0xff, 0x0, 0x0,

    /* U+8299 "芙" */
    0x8, 0x80, 0x44, 0xbf, 0xfe, 0x11, 0x0, 0x22,
    0x1f, 0xf8, 0x8, 0x5f, 0xff, 0x6, 0x0, 0x28,
    0x2, 0x20, 0x20, 0xc6, 0x1, 0x0,

    /* U+829C "芜" */
    0x8, 0xc0, 0x44, 0xbf, 0xfe, 0x11, 0x43, 0xfe,
    0x2, 0x0, 0x10, 0x4f, 0xff, 0x5, 0x0, 0x48,
    0x2, 0x40, 0x22, 0x26, 0x1f, 0x80, 0x0,

    /* U+829D "芝" */
    0x8, 0x40, 0x21, 0x2f, 0xff, 0xc2, 0x90, 0x1,
    0x0, 0xff, 0xc0, 0x3, 0x0, 0x18, 0x1, 0x80,
    0x18, 0x1, 0x80, 0x1a, 0x0, 0x47, 0xf8,

    /* U+82A5 "芥" */
    0x8, 0xc0, 0x44, 0xbf, 0xfe, 0x11, 0x0, 0x60,
    0x2, 0x80, 0x23, 0x7, 0x17, 0x48, 0x80, 0x44,
    0x2, 0x20, 0x21, 0x2, 0x8, 0x0,

    /* U+82A6 "芦" */
    0x8, 0x80, 0x44, 0xbf, 0xfe, 0x19, 0x0, 0x20,
    0x1f, 0xf0, 0x80, 0x84, 0x4, 0x3f, 0xe1, 0x1,
    0x8, 0x0, 0x80, 0x4, 0x0, 0x40, 0x0,

    /* U+82AC "芬" */
    0x8, 0x80, 0x44, 0xbf, 0xfe, 0x11, 0x0, 0x80,
    0xc, 0x40, 0x41, 0x8f, 0xff, 0x4, 0x40, 0x22,
    0x2, 0x10, 0x20, 0x86, 0x18, 0x0,

    /* U+82AD "芭" */
    0x8, 0xc0, 0x44, 0x7f, 0xfe, 0x11, 0x3, 0xff,
    0x11, 0x8, 0x88, 0x47, 0xfe, 0x20, 0x11, 0x0,
    0x88, 0x0, 0x40, 0x23, 0xff, 0x80,

    /* U+82AF "芯" */
    0x8, 0x40, 0x21, 0x2f, 0xff, 0x82, 0x10, 0x8,
    0x40, 0x4, 0x0, 0x9a, 0xa, 0x24, 0x28, 0x8,
    0xa0, 0x24, 0x80, 0x82, 0x10, 0xf, 0xe0,

    /* U+82B1 "花" */
    0xc, 0xc0, 0x44, 0x7f, 0xfe, 0x11, 0x0, 0x90,
    0x8, 0x88, 0x44, 0xc6, 0x28, 0x51, 0x84, 0x98,
    0x4, 0x42, 0x22, 0x11, 0x1f, 0x80,

    /* U+82B3 "芳" */
    0x8, 0x40, 0x21, 0x2f, 0xff, 0xc2, 0x90, 0x1,
    0x9, 0xff, 0xf0, 0x40, 0x1, 0xf8, 0x4, 0x20,
    0x20, 0x81, 0x82, 0x8, 0x10, 0x41, 0xc0,

    /* U+82B9 "芹" */
    0x8, 0x80, 0x44, 0xbf, 0xfe, 0x11, 0x0, 0x6,
    0x1f, 0xc0, 0x80, 0x47, 0xfe, 0x21, 0x1, 0x8,
    0x10, 0x40, 0x82, 0x8, 0x10, 0x0,

    /* U+82BD "芽" */
    0x8, 0x80, 0x44, 0xbf, 0xfe, 0x11, 0x7, 0xff,
    0x0, 0x40, 0x42, 0x47, 0xff, 0x1, 0x80, 0x34,
    0x2, 0x20, 0x21, 0x6, 0x38, 0x0,

    /* U+82C7 "苇" */
    0x8, 0x40, 0x42, 0x3f, 0xfe, 0x14, 0xa7, 0xff,
    0x1, 0x10, 0xff, 0xc0, 0x40, 0x7f, 0xf0, 0x10,
    0x80, 0x84, 0x4, 0xe0, 0x20, 0x0,

    /* U+82CD "苍" */
    0x8, 0x80, 0x84, 0xbf, 0xfe, 0x2d, 0x0, 0x90,
    0x8, 0x79, 0xff, 0x62, 0x10, 0x10, 0x80, 0x84,
    0x4, 0x60, 0x20, 0x41, 0xff, 0x0,

    /* U+82CF "苏" */
    0x8, 0x40, 0x21, 0x27, 0xff, 0xc2, 0x10, 0x4,
    0x1, 0xff, 0x80, 0x42, 0x1, 0xc, 0x24, 0x29,
    0x90, 0xa0, 0x82, 0x4, 0x10, 0x60, 0xc0,

    /* U+82D4 "苔" */
    0x8, 0x60, 0x21, 0x2f, 0xff, 0xc2, 0x10, 0x6,
    0x40, 0x60, 0xc3, 0xfe, 0x80, 0x0, 0x1f, 0xf0,
    0x40, 0x41, 0x1, 0x7, 0xfc, 0x10, 0x10,

    /* U+82D7 "苗" */
    0x8, 0x80, 0x44, 0xbf, 0xfe, 0x11, 0x0, 0x0,
    0x1f, 0xf0, 0x88, 0x84, 0x44, 0x3f, 0xe1, 0x11,
    0x8, 0x88, 0x7f, 0xc2, 0x2, 0x0,

    /* U+82DB "苛" */
    0x9, 0x80, 0x91, 0xff, 0xf0, 0x90, 0x0, 0x17,
    0xfe, 0x3e, 0x42, 0x24, 0x22, 0x43, 0xe4, 0x22,
    0x40, 0x4, 0x0, 0xc0,

    /* U+82DE "苞" */
    0x9, 0x81, 0x11, 0xff, 0xf1, 0x10, 0x3f, 0xe4,
    0x2, 0xbe, 0x2a, 0x22, 0x22, 0x23, 0xe2, 0x20,
    0xc2, 0x1, 0x3f, 0xf0,

    /* U+82DF "苟" */
    0xc, 0xc0, 0x44, 0x7f, 0xfe, 0x11, 0x1, 0x1,
    0x17, 0xf9, 0x7c, 0x52, 0x22, 0x11, 0x10, 0xf8,
    0x84, 0x44, 0x20, 0x40, 0xe, 0x0,

    /* U+82E5 "若" */
    0xc, 0x40, 0x21, 0x27, 0xff, 0xc2, 0x10, 0x2,
    0x9, 0xff, 0xf0, 0x40, 0x2, 0x0, 0x1f, 0xf0,
    0xa0, 0x44, 0x81, 0x3, 0xfc, 0x8, 0x10,

    /* U+82E6 "苦" */
    0x8, 0xc0, 0x44, 0x3f, 0xfe, 0x11, 0x0, 0x20,
    0x7f, 0xfc, 0x8, 0x0, 0x40, 0x3f, 0xe1, 0x1,
    0x8, 0x8, 0x7f, 0xc2, 0x2, 0x0,

    /* U+82EB "苫" */
    0x8, 0xc0, 0x44, 0x3f, 0xfe, 0x11, 0x0, 0x20,
    0x1, 0xf8, 0x8, 0x0, 0x40, 0x3f, 0xe1, 0x1,
    0x8, 0x8, 0x7f, 0xc2, 0x2, 0x0,

    /* U+82F1 "英" */
    0x8, 0xc0, 0x44, 0x3f, 0xfe, 0x11, 0x0, 0x20,
    0x1f, 0xf8, 0x88, 0x84, 0x44, 0xff, 0xf8, 0x28,
    0x1, 0x20, 0x10, 0x87, 0x3, 0x80,

    /* U+82F9 "苹" */
    0x8, 0xc0, 0x44, 0xbf, 0xfe, 0x11, 0x7, 0xff,
    0x1, 0x0, 0x49, 0x1, 0x50, 0x2, 0x17, 0xff,
    0xc0, 0x80, 0x4, 0x0, 0x20, 0x0,

    /* U+8301 "茁" */
    0x18, 0x81, 0x8, 0xff, 0xf1, 0x8, 0x2, 0x2,
    0x24, 0x22, 0x47, 0xfc, 0x22, 0x44, 0x22, 0x42,
    0x24, 0x22, 0x7f, 0xe0,

    /* U+8302 "茂" */
    0x8, 0x80, 0x44, 0xbf, 0xfe, 0x11, 0x40, 0x21,
    0x1f, 0xfc, 0x88, 0x4, 0x24, 0x21, 0x41, 0xc,
    0x8, 0x62, 0x84, 0xd8, 0xc1, 0x80,

    /* U+8303 "范" */
    0x10, 0x81, 0x9, 0xff, 0xf1, 0x8, 0x67, 0xe3,
    0x42, 0xa4, 0x26, 0x42, 0x44, 0x2c, 0x44, 0x44,
    0x4, 0x41, 0x47, 0xf0,

    /* U+8304 "茄" */
    0x8, 0x80, 0x44, 0xbf, 0xfe, 0x11, 0x2, 0x11,
    0x7e, 0xf8, 0x94, 0x44, 0xa2, 0x25, 0x12, 0x28,
    0x91, 0x45, 0xb, 0xe9, 0x91, 0x0,

    /* U+8305 "茅" */
    0x0, 0x0, 0x44, 0x1f, 0xfc, 0x11, 0x3, 0xfe,
    0x0, 0x20, 0x36, 0x0, 0x60, 0xff, 0xf8, 0x30,
    0x82, 0x88, 0x24, 0x2, 0x20, 0x61, 0x0, 0x0,
    0x0,

    /* U+8309 "茉" */
    0x8, 0x80, 0x44, 0x9f, 0xfe, 0x11, 0x0, 0x21,
    0x3f, 0xf8, 0x8, 0x87, 0xfe, 0x7, 0x0, 0x54,
    0x4, 0x90, 0x44, 0x74, 0x20, 0x0,

    /* U+830E "茎" */
    0x8, 0x80, 0x22, 0x4f, 0xff, 0x82, 0x20, 0x3f,
    0xc0, 0x3, 0x0, 0x10, 0x3, 0xb0, 0x30, 0x7b,
    0xff, 0x80, 0x20, 0x0, 0x84, 0xff, 0xf8,

    /* U+8327 "茧" */
    0x8, 0x80, 0x44, 0xbf, 0xfe, 0x11, 0x0, 0x20,
    0x1f, 0xf0, 0x88, 0x84, 0x44, 0x3f, 0xe1, 0x11,
    0x0, 0xa0, 0x4, 0xcf, 0xfd, 0x0, 0x0,

    /* U+832B "茫" */
    0xc, 0x40, 0x21, 0x27, 0xff, 0xc2, 0x10, 0x30,
    0x80, 0x41, 0x26, 0xff, 0xcc, 0x80, 0x12, 0x0,
    0x88, 0x2, 0x20, 0x8, 0x82, 0x27, 0xf8,

    /* U+832C "茬" */
    0x10, 0x81, 0x8, 0xff, 0xf1, 0xc0, 0xff, 0xf1,
    0x10, 0x21, 0x2, 0x12, 0xef, 0xf2, 0x10, 0x21,
    0x2, 0x11, 0x2f, 0xf0,

    /* U+8334 "茴" */
    0x8, 0x80, 0x44, 0x3f, 0xfe, 0x11, 0x7, 0xff,
    0x20, 0x9, 0x3e, 0x49, 0x12, 0x4f, 0x92, 0x44,
    0x92, 0x4, 0xff, 0xe4, 0x1, 0x0,

    /* U+8335 "茵" */
    0x8, 0x80, 0x44, 0x3f, 0xfe, 0x11, 0x7, 0xff,
    0x21, 0x29, 0x7f, 0x48, 0x42, 0x45, 0x12, 0x46,
    0x90, 0x14, 0xff, 0xe4, 0x1, 0x0,

    /* U+8336 "茶" */
    0x8, 0x40, 0x42, 0x1f, 0xfe, 0x14, 0x80, 0x50,
    0x4, 0x60, 0x49, 0xef, 0xfc, 0x2, 0x0, 0x52,
    0x4, 0x88, 0x44, 0x20, 0x20, 0x0,

    /* U+8338 "茸" */
    0x8, 0x0, 0x44, 0xbf, 0xfe, 0x11, 0x27, 0xff,
    0x88, 0x20, 0x7f, 0x2, 0x8, 0x1f, 0xc0, 0x82,
    0xff, 0xf8, 0x0, 0x80, 0x4, 0x0,

    /* U+8346 "荆" */
    0x24, 0x1, 0x28, 0x7f, 0xf2, 0x48, 0x9f, 0xf4,
    0x92, 0x24, 0x95, 0x3f, 0xf9, 0x24, 0x49, 0x22,
    0x49, 0x2, 0x88, 0x18, 0x43, 0x0,

    /* U+8349 "草" */
    0x8, 0x80, 0x44, 0x3f, 0xfe, 0x11, 0x3, 0xfe,
    0x10, 0x10, 0xff, 0x84, 0x4, 0x3f, 0xe1, 0x11,
    0x3f, 0xfe, 0x4, 0x0, 0x20, 0x0,

    /* U+8350 "荐" */
    0x8, 0x0, 0x42, 0x1f, 0xfe, 0x18, 0x27, 0xff,
    0x84, 0x0, 0x3f, 0xc2, 0x4, 0x30, 0xc2, 0xbf,
    0xc4, 0x20, 0x21, 0x1, 0x18, 0x0,

    /* U+8352 "荒" */
    0x0, 0x0, 0x21, 0x2f, 0xff, 0x82, 0x10, 0x1,
    0x1, 0xff, 0xe1, 0x0, 0x7, 0xfc, 0x0, 0x0,
    0x48, 0x81, 0x22, 0x4, 0x88, 0x12, 0x29, 0x80,
    0xf0,

    /* U+8354 "荔" */
    0x8, 0x8b, 0xff, 0xf0, 0xa8, 0x1, 0x80, 0x3f,
    0xf0, 0x10, 0x81, 0x8e, 0xc, 0x12, 0x7d, 0xf8,
    0x53, 0x22, 0x48, 0x89, 0x22, 0xcb, 0x30,

    /* U+835A "荚" */
    0x10, 0xc0, 0x84, 0xbf, 0xfe, 0x29, 0x47, 0xff,
    0x2, 0x0, 0x93, 0x2, 0xa2, 0xff, 0xf0, 0x50,
    0x2, 0x80, 0x23, 0x6, 0x7, 0x80,

    /* U+835E "荞" */
    0x0, 0x80, 0x44, 0x3f, 0xfe, 0x11, 0x0, 0x1e,
    0x27, 0xb, 0xff, 0xe1, 0x10, 0x18, 0xe3, 0x44,
    0xc2, 0x20, 0x21, 0x2, 0x8, 0x0,

    /* U+8360 "荠" */
    0x8, 0x80, 0x44, 0xbf, 0xfe, 0x15, 0x27, 0xff,
    0x8, 0x60, 0x36, 0x0, 0xf0, 0x38, 0x72, 0x44,
    0x2, 0x20, 0x11, 0x3, 0x8, 0x0,

    /* U+8361 "荡" */
    0x10, 0x80, 0x84, 0xbf, 0xfe, 0x21, 0x6, 0xfe,
    0x0, 0x62, 0x5c, 0xd, 0xfe, 0x23, 0x52, 0x14,
    0x91, 0x24, 0xb6, 0x44, 0x46, 0x0,

    /* U+8363 "荣" */
    0x0, 0x0, 0x44, 0xbf, 0xfe, 0x0, 0x23, 0xff,
    0x20, 0x9, 0x8, 0xcf, 0xff, 0x7, 0x0, 0x54,
    0x4, 0x90, 0xc4, 0x70, 0x20, 0x0,

    /* U+8364 "荤" */
    0xc, 0x40, 0x21, 0x27, 0xff, 0xf, 0xfe, 0x44,
    0x9, 0x30, 0x3, 0xff, 0x4, 0x48, 0x3f, 0xf0,
    0x4, 0x2f, 0xff, 0x80, 0x40, 0x1, 0x0,

    /* U+8367 "荧" */
    0x8, 0x40, 0x21, 0x2f, 0xff, 0xc2, 0x10, 0x3f,
    0xf9, 0x0, 0x24, 0x21, 0x4, 0x80, 0x12, 0x30,
    0x9d, 0x0, 0x48, 0x2, 0x10, 0x30, 0x3b, 0x0,
    0x20,

    /* U+836F "药" */
    0x8, 0x80, 0x44, 0xbf, 0xfe, 0x11, 0x1, 0x10,
    0x10, 0xf9, 0x28, 0x46, 0x62, 0x20, 0x93, 0xc2,
    0x80, 0x4, 0xf0, 0x44, 0x6, 0x0,

    /* U+8377 "荷" */
    0x8, 0x80, 0x44, 0xbf, 0xfe, 0x31, 0x22, 0xff,
    0x90, 0x11, 0x9e, 0x94, 0x94, 0x24, 0xa1, 0x3d,
    0x9, 0x28, 0x40, 0x42, 0x6, 0x0,

    /* U+8378 "荸" */
    0x8, 0x97, 0xff, 0xc2, 0x20, 0x4, 0x63, 0xfd,
    0x3f, 0xf9, 0x0, 0x53, 0xf8, 0x2, 0x17, 0xff,
    0xc0, 0x80, 0x4, 0x0, 0x60, 0x0,

    /* U+8389 "莉" */
    0x8, 0x8f, 0xff, 0x8, 0x80, 0xc2, 0x70, 0xa1,
    0xa, 0xfe, 0xa3, 0xa, 0x3c, 0xa5, 0x4a, 0x90,
    0xa1, 0x2, 0x10, 0x60,

    /* U+83AB "莫" */
    0x9, 0x0, 0x90, 0xff, 0xf0, 0x90, 0x3f, 0xc2,
    0x4, 0x3f, 0xc3, 0xfc, 0x24, 0x5f, 0xff, 0x6,
    0x0, 0x90, 0x70, 0xf0,

    /* U+83B1 "莱" */
    0x8, 0x80, 0x44, 0xbf, 0xfe, 0x15, 0x7, 0xff,
    0x9, 0x20, 0x4a, 0x5f, 0xff, 0x7, 0x0, 0x54,
    0x4, 0x90, 0xc4, 0x70, 0x20, 0x0,

    /* U+83B2 "莲" */
    0x8, 0x80, 0x44, 0xbf, 0xff, 0x17, 0x26, 0xff,
    0x11, 0x40, 0x92, 0xc, 0xfe, 0x20, 0x91, 0x7f,
    0xc8, 0x20, 0xa1, 0x8, 0xff, 0x0,

    /* U+83B7 "获" */
    0xc, 0xc0, 0x44, 0x1f, 0xfe, 0x11, 0x2, 0xca,
    0x8, 0x48, 0xbf, 0xeb, 0x10, 0x18, 0xc1, 0x4a,
    0x32, 0x48, 0x14, 0x23, 0x40, 0x80,

    /* U+83B9 "莹" */
    0x8, 0x80, 0x44, 0xbf, 0xfe, 0x11, 0x7, 0xff,
    0x20, 0x2b, 0xff, 0x80, 0x40, 0x2, 0x1, 0xff,
    0x0, 0x90, 0x4, 0x27, 0xff, 0x80,

    /* U+83BA "莺" */
    0x11, 0xf, 0xff, 0x7f, 0xf8, 0xc2, 0xbf, 0x82,
    0x88, 0x24, 0x82, 0x18, 0x3f, 0x6f, 0xf2, 0x0,
    0x40, 0x1c,

    /* U+83BD "莽" */
    0x8, 0x83, 0xff, 0xc2, 0xa0, 0x8, 0xa7, 0xff,
    0x82, 0x40, 0x61, 0x85, 0x13, 0x48, 0x87, 0xff,
    0xc2, 0x20, 0x21, 0x2, 0x8, 0x0,

    /* U+83C7 "菇" */
    0x8, 0x0, 0x44, 0x3f, 0xfe, 0x11, 0x1, 0x4,
    0x7f, 0xfc, 0x91, 0x5, 0x8, 0x49, 0xf1, 0x48,
    0x86, 0x44, 0x4b, 0xec, 0x11, 0x0,

    /* U+83CA "菊" */
    0x0, 0x0, 0x44, 0x3f, 0xfe, 0x11, 0x3, 0x1,
    0x1f, 0xf9, 0x10, 0x54, 0x92, 0x15, 0x53, 0xfe,
    0x83, 0x84, 0x2b, 0x26, 0x49, 0x2, 0x30,

    /* U+83CC "菌" */
    0x8, 0x80, 0x44, 0x3f, 0xfe, 0x11, 0x7, 0xff,
    0x20, 0x49, 0x7d, 0x4b, 0xfe, 0x46, 0x12, 0x5c,
    0x94, 0x94, 0xff, 0xe4, 0x1, 0x0,

    /* U+83DC "菜" */
    0x8, 0x87, 0xff, 0xc2, 0x20, 0x3, 0xe7, 0xe0,
    0x9, 0x10, 0x49, 0x0, 0x52, 0xff, 0xf8, 0x38,
    0x6, 0xb0, 0x44, 0x7c, 0x20, 0x0,

    /* U+83E0 "菠" */
    0x8, 0x80, 0x44, 0x3f, 0xff, 0x11, 0x6, 0x8,
    0x3, 0xff, 0x52, 0x44, 0xfe, 0x26, 0x22, 0x2b,
    0x12, 0x30, 0x92, 0xc5, 0x61, 0x80,

    /* U+83E9 "菩" */
    0x8, 0x40, 0x21, 0x27, 0xff, 0xc2, 0x94, 0x3f,
    0xf8, 0x21, 0x80, 0x48, 0x9f, 0xff, 0x0, 0x0,
    0x7f, 0xc1, 0x2, 0x4, 0x8, 0x1f, 0xe0,

    /* U+83F1 "菱" */
    0x8, 0x97, 0xff, 0xc2, 0xa0, 0x7f, 0xc0, 0x21,
    0x3f, 0xfc, 0x22, 0x6, 0x8e, 0xcf, 0xc8, 0xc4,
    0x19, 0x40, 0xf, 0x7, 0x83, 0x80,

    /* U+83F2 "菲" */
    0x8, 0x4b, 0xff, 0xf0, 0x84, 0x1, 0x20, 0x4,
    0x81, 0xf3, 0xe0, 0x49, 0x1f, 0x3e, 0x4, 0x8b,
    0xf3, 0xe0, 0x48, 0x1, 0x20, 0x4, 0x80,

    /* U+8404 "萄" */
    0x9, 0x17, 0xff, 0xc2, 0x40, 0x40, 0x27, 0xff,
    0x2c, 0x8a, 0x9a, 0x4f, 0xfa, 0x4, 0x11, 0x28,
    0x8f, 0xc4, 0x2, 0x40, 0xe, 0x0,

    /* U+840C "萌" */
    0xc, 0x80, 0x44, 0xbf, 0xfe, 0x11, 0x7, 0xdf,
    0xa4, 0x89, 0xe7, 0xc9, 0x22, 0x49, 0x13, 0xcf,
    0x92, 0x84, 0x84, 0x20, 0x41, 0x4, 0x18,

    /* U+840D "萍" */
    0x0, 0x0, 0x88, 0xff, 0xf0, 0x88, 0x0, 0x26,
    0x7f, 0x9, 0xf, 0x52, 0x25, 0x52, 0xff, 0x41,
    0x4, 0x10, 0x41, 0x4, 0x10,

    /* U+840E "萎" */
    0x8, 0x87, 0xff, 0xc2, 0x20, 0xf, 0xc1, 0xa1,
    0x3f, 0xfc, 0x3a, 0x6, 0xcf, 0x44, 0x17, 0xff,
    0xc6, 0x20, 0xe, 0x1, 0xce, 0x30, 0x0,

    /* U+841D "萝" */
    0x0, 0x0, 0x21, 0x2f, 0xff, 0xc2, 0x10, 0x0,
    0x10, 0xff, 0xc2, 0x49, 0xf, 0xfc, 0x4, 0x0,
    0x3f, 0xc1, 0x44, 0x19, 0x20, 0x3, 0x1, 0xb0,
    0x0,

    /* U+8424 "萤" */
    0x8, 0x80, 0x90, 0xff, 0xf0, 0x80, 0x7f, 0xf8,
    0x2, 0xbf, 0xa2, 0x24, 0x22, 0x43, 0xfc, 0x22,
    0x40, 0x24, 0xff, 0xa0, 0x2,

    /* U+8425 "营" */
    0x8, 0x80, 0x44, 0xbf, 0xfe, 0x11, 0x7, 0x77,
    0x4f, 0xe2, 0x41, 0x2, 0x8, 0x1f, 0x81, 0xff,
    0x8, 0x8, 0x40, 0x43, 0xfe, 0x0,

    /* U+8427 "萧" */
    0x8, 0x97, 0xff, 0xc2, 0xa0, 0x7f, 0xc0, 0x22,
    0x3f, 0xfc, 0x8, 0x87, 0xfc, 0x26, 0x21, 0x55,
    0xa, 0x98, 0x84, 0xc4, 0x22, 0x0,

    /* U+8428 "萨" */
    0x8, 0x87, 0xff, 0xc2, 0x20, 0x91, 0x27, 0xbf,
    0xa9, 0x11, 0x45, 0x4a, 0x7f, 0x4a, 0x2, 0x50,
    0x17, 0x0, 0x88, 0x4, 0x80, 0x0,

    /* U+843D "落" */
    0x8, 0x80, 0x44, 0x3f, 0xff, 0x13, 0x6, 0x3f,
    0xb, 0x13, 0xa7, 0x4, 0x2c, 0x47, 0xfe, 0xe1,
    0x11, 0x8, 0x88, 0x44, 0x7e, 0x0,

    /* U+8457 "著" */
    0x10, 0x97, 0xff, 0xc4, 0x20, 0x8, 0x67, 0xfc,
    0x2, 0x4b, 0xff, 0xe0, 0xc0, 0x1f, 0xe1, 0x81,
    0x37, 0xf8, 0x20, 0x41, 0xfe, 0x0,

    /* U+845B "葛" */
    0x9, 0xf, 0xff, 0x9, 0x3, 0x6c, 0x3f, 0xc2,
    0x4, 0x3f, 0xc1, 0xfe, 0x24, 0x26, 0x62, 0x38,
    0x23, 0xfa, 0x0, 0x40,

    /* U+8461 "葡" */
    0x8, 0x80, 0x44, 0xbf, 0xfe, 0x11, 0x1, 0x1,
    0x1f, 0xf9, 0x94, 0x53, 0xda, 0x3f, 0x91, 0x24,
    0x8f, 0xe4, 0x7f, 0x22, 0x49, 0x12, 0x50,

    /* U+8463 "董" */
    0x8, 0x80, 0x44, 0xff, 0xf8, 0xff, 0xc0, 0x20,
    0x7f, 0xfc, 0xff, 0xc7, 0xfc, 0x22, 0x21, 0x11,
    0x1f, 0xfc, 0x4, 0xf, 0xff, 0x80,

    /* U+846B "葫" */
    0x0, 0x0, 0x44, 0x9f, 0xf8, 0x20, 0x1, 0x1f,
    0xa, 0x89, 0xe4, 0x42, 0x3e, 0x11, 0x13, 0xe8,
    0x91, 0x7c, 0xfa, 0x24, 0x61, 0x2, 0x18,

    /* U+846C "葬" */
    0x8, 0x87, 0xff, 0x82, 0x20, 0xff, 0xe1, 0x10,
    0x1f, 0xb1, 0x66, 0x2, 0x3e, 0x68, 0x97, 0xff,
    0xc2, 0x20, 0x21, 0x2, 0x8, 0x0,

    /* U+8471 "葱" */
    0x9, 0x7, 0xff, 0x82, 0x40, 0x20, 0x43, 0xfe,
    0x24, 0x92, 0x58, 0x8c, 0xa8, 0x18, 0xc2, 0x90,
    0x14, 0x8d, 0xa1, 0x29, 0xfc, 0x0,

    /* U+8475 "葵" */
    0x8, 0x93, 0xff, 0x0, 0x0, 0xfe, 0xc0, 0x49,
    0x1c, 0x50, 0x43, 0x5, 0xf6, 0xc2, 0x21, 0xff,
    0x1, 0xc0, 0x9, 0xc1, 0x81, 0x30, 0x0,

    /* U+8482 "蒂" */
    0x11, 0xf, 0xff, 0x11, 0x0, 0x62, 0x7f, 0xf0,
    0x98, 0x7f, 0xf8, 0x22, 0x3f, 0xc2, 0x24, 0x22,
    0x42, 0x2c, 0x2, 0x0,

    /* U+848B "蒋" */
    0x8, 0x8b, 0xff, 0xe0, 0x88, 0x4, 0x40, 0x93,
    0xf1, 0x58, 0x83, 0x14, 0x4, 0x6a, 0x37, 0xfd,
    0x48, 0x81, 0x12, 0x4, 0x8, 0x10, 0x60,

    /* U+8499 "蒙" */
    0x8, 0x87, 0xff, 0xc2, 0x20, 0x7f, 0xe4, 0x1,
    0x7, 0xe9, 0xff, 0xc1, 0x84, 0x36, 0x40, 0xdc,
    0x9, 0x50, 0x72, 0x64, 0x60, 0x0,

    /* U+849C "蒜" */
    0x0, 0x80, 0x84, 0xbf, 0xfe, 0x1, 0x47, 0xdf,
    0x0, 0xb, 0xff, 0xe2, 0x8, 0x59, 0x62, 0xb2,
    0xa4, 0x95, 0x28, 0x83, 0xc, 0x0,

    /* U+84B2 "蒲" */
    0x9, 0xf, 0xff, 0x8, 0x4, 0x14, 0x2f, 0xf8,
    0x10, 0x57, 0xe2, 0x92, 0x27, 0xe4, 0x92, 0xc7,
    0xe4, 0x92, 0x49, 0xe0,

    /* U+84B8 "蒸" */
    0x8, 0x83, 0xff, 0xe0, 0x88, 0x7, 0xf0, 0x1,
    0x93, 0xec, 0x81, 0xac, 0x4, 0x88, 0x64, 0x18,
    0xff, 0x82, 0x0, 0x9, 0x24, 0xc4, 0x88, 0x0,
    0x0,

    /* U+84BF "蒿" */
    0x10, 0x9f, 0xff, 0x14, 0x80, 0x20, 0xff, 0xf1,
    0xfc, 0x1f, 0xc1, 0x4, 0x7f, 0xe4, 0xfa, 0x48,
    0xa4, 0xfa, 0x40, 0x20,

    /* U+84C4 "蓄" */
    0x8, 0x83, 0xff, 0xc0, 0x85, 0xff, 0xf0, 0xc4,
    0x3f, 0xc0, 0x20, 0x8f, 0xfa, 0x20, 0x31, 0xff,
    0xf, 0xf8, 0x44, 0x43, 0xfe, 0x0,

    /* U+84C9 "蓉" */
    0x8, 0x97, 0xff, 0xc2, 0x20, 0xc, 0x7, 0xff,
    0x64, 0x70, 0x58, 0x85, 0x24, 0x50, 0xc1, 0xff,
    0xf4, 0x10, 0x20, 0x81, 0xfc, 0x0,

    /* U+84D6 "蓖" */
    0x8, 0xc0, 0x44, 0x9f, 0xf8, 0x7f, 0xc2, 0xa,
    0x13, 0x90, 0xb2, 0x87, 0xfc, 0x21, 0x1, 0xfb,
    0x8, 0x60, 0x4e, 0x3, 0x9f, 0x80,

    /* U+84DD "蓝" */
    0x10, 0x97, 0xff, 0xc4, 0x20, 0x92, 0x4, 0x9f,
    0x25, 0x1, 0x33, 0x9, 0x88, 0x7f, 0xe2, 0x49,
    0x12, 0x48, 0x92, 0x6f, 0xff, 0x80,

    /* U+84EC "蓬" */
    0x8, 0x83, 0xff, 0xc2, 0x61, 0x7, 0xe4, 0x66,
    0x4, 0xf3, 0xbe, 0x64, 0xfe, 0x20, 0x81, 0x1f,
    0x9, 0xfe, 0xb1, 0x8, 0x7f, 0x80,

    /* U+8511 "蔑" */
    0x8, 0x41, 0xff, 0xe0, 0x84, 0xf, 0xfc, 0x24,
    0x90, 0x92, 0x43, 0xb6, 0x8f, 0xfe, 0x21, 0x0,
    0xe2, 0xc2, 0x4c, 0x10, 0x78, 0x86, 0x1c,

    /* U+8513 "蔓" */
    0x9, 0x1f, 0xff, 0x9, 0x3, 0x6c, 0x3f, 0xc2,
    0x4, 0x7f, 0xe4, 0x92, 0x7f, 0xe7, 0xfc, 0x10,
    0x80, 0xf0, 0x79, 0xf0,

    /* U+8517 "蔗" */
    0x8, 0x80, 0x44, 0xbf, 0xfe, 0x15, 0x7, 0xff,
    0x22, 0x41, 0x7f, 0xc8, 0x90, 0x47, 0x82, 0x24,
    0x11, 0x49, 0x25, 0x2a, 0x29, 0x0, 0x0,

    /* U+851A "蔚" */
    0x8, 0x8b, 0xff, 0xe0, 0x88, 0x1f, 0x84, 0x42,
    0x11, 0xff, 0xf4, 0x1, 0x17, 0xa4, 0x7e, 0x51,
    0x21, 0x4a, 0xa1, 0x2a, 0x44, 0xd8, 0x30,

    /* U+852B "蔫" */
    0x8, 0x87, 0xff, 0xc2, 0x24, 0xff, 0xe1, 0x22,
    0x9, 0xe3, 0xff, 0xe2, 0x4, 0x1f, 0xc1, 0xff,
    0x83, 0x14, 0x94, 0xa4, 0x82, 0x0,

    /* U+852C "蔬" */
    0x8, 0x8b, 0xff, 0xf0, 0x88, 0x0, 0x22, 0x7f,
    0xfc, 0x46, 0x81, 0x21, 0x94, 0xfe, 0x5a, 0xd1,
    0x4a, 0x45, 0x69, 0x5e, 0xa5, 0xc4, 0x9c,

    /* U+853C "蔼" */
    0x8, 0x8f, 0xff, 0xc2, 0x20, 0x4e, 0xe1, 0x7f,
    0x2, 0xb, 0x9f, 0xc4, 0x7f, 0x2c, 0x89, 0x2a,
    0x4d, 0x12, 0x4f, 0xa0, 0x3, 0x0,

    /* U+853D "蔽" */
    0x8, 0x87, 0xff, 0xc2, 0x21, 0x25, 0x85, 0x48,
    0x28, 0x79, 0xfa, 0x4a, 0x74, 0x7b, 0xa2, 0xb3,
    0x15, 0x90, 0xa5, 0x45, 0x71, 0x80,

    /* U+8549 "蕉" */
    0x10, 0x97, 0xff, 0xc4, 0x20, 0x24, 0x3, 0xfe,
    0x31, 0x2, 0xff, 0x84, 0x40, 0x3f, 0xe1, 0xff,
    0x94, 0x90, 0x92, 0x68, 0x91, 0x0, 0x0,

    /* U+854A "蕊" */
    0x8, 0x83, 0xff, 0xe0, 0x88, 0x1, 0x0, 0x2a,
    0x21, 0x20, 0x80, 0xf8, 0x4, 0x20, 0x30, 0xc0,
    0x93, 0x4a, 0x68, 0xa8, 0xaa, 0x3c, 0xf0,

    /* U+8574 "蕴" */
    0x8, 0x4b, 0xff, 0xe0, 0x84, 0xc, 0xfc, 0x22,
    0x11, 0x3f, 0xc7, 0xa1, 0xc, 0xfc, 0x57, 0xf0,
    0x95, 0x40, 0xd5, 0x1d, 0x56, 0xf, 0xfc,

    /* U+857E "蕾" */
    0x8, 0x87, 0xff, 0xc2, 0x28, 0x7f, 0xe4, 0x20,
    0x3f, 0xfe, 0xeb, 0x47, 0x5c, 0x3f, 0xe1, 0x11,
    0xf, 0xf8, 0x44, 0x43, 0xfe, 0x0,

    /* U+8584 "薄" */
    0x9, 0x7, 0xff, 0x80, 0x20, 0xdf, 0xe3, 0x12,
    0x53, 0xf1, 0x9f, 0x84, 0xa4, 0x47, 0xf6, 0x7f,
    0xd2, 0x10, 0x88, 0x84, 0x8, 0x0,

    /* U+8587 "薇" */
    0x8, 0x4b, 0xff, 0xf0, 0x84, 0x4, 0x88, 0x2a,
    0xa9, 0xff, 0x62, 0x4, 0x99, 0xec, 0xa7, 0x30,
    0xa4, 0x42, 0x97, 0xa, 0x72, 0x20, 0x80,

    /* U+859B "薛" */
    0x8, 0x87, 0xff, 0xc2, 0x20, 0x20, 0x87, 0xdf,
    0xa2, 0x9, 0x12, 0x8f, 0xff, 0x40, 0x43, 0xe2,
    0x11, 0x3c, 0xf8, 0x84, 0x44, 0x0,

    /* U+85AA "薪" */
    0x8, 0x97, 0xff, 0xc2, 0x20, 0x28, 0xf7, 0xd8,
    0x24, 0x80, 0x57, 0xef, 0xa4, 0xfd, 0x22, 0x89,
    0x15, 0x48, 0x24, 0x43, 0x42, 0x0,

    /* U+85AF "薯" */
    0x8, 0x87, 0xff, 0xc2, 0x0, 0x6f, 0xc3, 0xfe,
    0x12, 0x0, 0xff, 0x9f, 0xff, 0x6, 0x1, 0xcf,
    0x17, 0xf8, 0x20, 0x41, 0xfe, 0x0,

    /* U+85CF "藏" */
    0x8, 0x87, 0xff, 0xc2, 0x28, 0xe0, 0xb5, 0xfe,
    0x2b, 0xe9, 0xe9, 0x42, 0xfa, 0xf9, 0x62, 0xb9,
    0x16, 0x98, 0xdf, 0x3a, 0x10, 0x81, 0x0,

    /* U+85D0 "藐" */
    0x10, 0x97, 0xff, 0xc4, 0x20, 0x21, 0x6, 0x7f,
    0x26, 0x11, 0xdf, 0x9c, 0x84, 0x37, 0xe6, 0x8a,
    0xc, 0x51, 0xa4, 0x83, 0x47, 0x80,

    /* U+85D5 "藕" */
    0x10, 0x87, 0xff, 0xc4, 0x20, 0x47, 0xef, 0xa9,
    0x11, 0xfb, 0xea, 0x45, 0x7c, 0x77, 0xfb, 0xa4,
    0x6b, 0xfb, 0x48, 0x12, 0x43, 0x0,

    /* U+85E4 "藤" */
    0x8, 0x87, 0xff, 0xc0, 0x20, 0xe9, 0x65, 0x2a,
    0x2b, 0xfd, 0xc4, 0xa, 0xde, 0x76, 0x9a, 0xd5,
    0x14, 0x71, 0x2d, 0x6b, 0x18, 0x0,

    /* U+85FB "藻" */
    0x8, 0x87, 0xff, 0xc2, 0x20, 0x87, 0xc2, 0x22,
    0x49, 0xf1, 0xbd, 0xe5, 0x29, 0x4f, 0xf2, 0xff,
    0xf0, 0xf0, 0x8d, 0x65, 0x88, 0x80,

    /* U+8611 "蘑" */
    0x8, 0x93, 0xff, 0x0, 0x84, 0xff, 0xf4, 0x45,
    0x2f, 0xf9, 0x33, 0x8a, 0xeb, 0x40, 0x12, 0x7f,
    0x13, 0xf9, 0x68, 0x48, 0x7e, 0x0,

    /* U+8638 "蘸" */
    0x8, 0x8b, 0xff, 0xf0, 0x8c, 0x1f, 0x4a, 0x29,
    0xf9, 0xf4, 0x86, 0xdf, 0x9b, 0x4a, 0x65, 0xf9,
    0x17, 0xf7, 0xc0, 0x1f, 0x9a, 0x42, 0x58, 0x0,
    0x0,

    /* U+864E "虎" */
    0x2, 0x0, 0x1f, 0x0, 0x80, 0xff, 0xe4, 0x41,
    0x2f, 0xe1, 0x10, 0x88, 0x78, 0x4f, 0x82, 0x44,
    0x12, 0x23, 0x21, 0x1a, 0xf, 0x80,

    /* U+864F "虏" */
    0x2, 0x0, 0xf, 0x80, 0x80, 0x7f, 0xf2, 0x21,
    0x1f, 0xf0, 0x8c, 0x44, 0x1c, 0x3f, 0xf1, 0x10,
    0x91, 0x4, 0x88, 0x29, 0x86, 0x0,

    /* U+8650 "虐" */
    0x1, 0x0, 0x1f, 0x80, 0x80, 0x7f, 0xf2, 0x25,
    0x1f, 0xc8, 0x8f, 0xc4, 0x0, 0x27, 0xf1, 0x20,
    0xf, 0xfe, 0x88, 0x24, 0x7f, 0xc0, 0x0,

    /* U+8651 "虑" */
    0x4, 0x0, 0x3f, 0x1, 0x0, 0xff, 0xe4, 0x42,
    0x27, 0xc1, 0x60, 0x88, 0xfc, 0x42, 0x2, 0x49,
    0x1a, 0x5, 0x50, 0x2c, 0xfc, 0x0,

    /* U+865A "虚" */
    0x4, 0x0, 0x23, 0x1, 0xe4, 0xff, 0xe4, 0x4e,
    0x2f, 0x91, 0x1f, 0x88, 0x0, 0x65, 0x22, 0xaa,
    0x15, 0x51, 0xa, 0x2f, 0xff, 0x80,

    /* U+866B "虫" */
    0x4, 0x0, 0x40, 0x4, 0x7, 0xfc, 0x44, 0x44,
    0x44, 0x44, 0x47, 0xfc, 0x44, 0x40, 0x40, 0x4,
    0x80, 0x44, 0xfb, 0xa0, 0x2,

    /* U+8671 "虱" */
    0x0, 0x4f, 0xfc, 0x0, 0x41, 0xf4, 0x28, 0x47,
    0xf4, 0x49, 0x44, 0x94, 0x7f, 0x44, 0x84, 0x9,
    0x27, 0xfb, 0x80, 0x90, 0x0,

    /* U+8679 "虹" */
    0x10, 0x0, 0x40, 0x21, 0x1f, 0x1f, 0x10, 0x54,
    0x41, 0x51, 0x5, 0x44, 0x1f, 0x10, 0x50, 0x40,
    0x51, 0x1, 0xa4, 0x38, 0x92, 0x7, 0xfc,

    /* U+867D "虽" */
    0x0, 0x1, 0xfe, 0x8, 0x10, 0x7f, 0x82, 0x44,
    0x2, 0x1, 0xff, 0x88, 0x84, 0x7f, 0xe2, 0x20,
    0x1, 0x10, 0xf, 0xef, 0x81, 0x0,

    /* U+867E "虾" */
    0x20, 0x1, 0x7f, 0xc8, 0x21, 0xf9, 0xa, 0x88,
    0x54, 0x62, 0xa2, 0xdf, 0x12, 0x20, 0x81, 0x44,
    0xf, 0x21, 0x89, 0x0, 0x8, 0x0,

    /* U+8680 "蚀" */
    0x20, 0x40, 0x81, 0x7, 0xc5, 0x12, 0xfc, 0x8a,
    0x52, 0x89, 0x42, 0x25, 0x8, 0xfc, 0x22, 0x50,
    0x81, 0x82, 0x5, 0xe, 0x3c, 0x27, 0x8, 0x0,
    0x0,

    /* U+8681 "蚁" */
    0x10, 0x0, 0x42, 0x1, 0x5, 0x1f, 0x54, 0x55,
    0x11, 0x54, 0x45, 0x52, 0x1f, 0x28, 0x50, 0xa0,
    0x51, 0x1, 0x4a, 0x3f, 0x4c, 0x2, 0x18, 0x10,
    0x0,

    /* U+8682 "蚂" */
    0x10, 0x0, 0x4f, 0xc1, 0x1, 0x1f, 0x44, 0x55,
    0x11, 0x54, 0x85, 0x52, 0x9f, 0x76, 0x10, 0x28,
    0x6f, 0xa1, 0x40, 0x9b, 0x2, 0x0, 0x30,

    /* U+868A "蚊" */
    0x10, 0x80, 0x41, 0x1, 0x44, 0x9f, 0xff, 0x55,
    0x11, 0x54, 0x45, 0x51, 0x1f, 0x28, 0x50, 0xa0,
    0x51, 0x1, 0x46, 0x1f, 0x2c, 0x3, 0x1c,

    /* U+868C "蚌" */
    0x10, 0x40, 0x82, 0x4, 0x12, 0xfb, 0xe5, 0x44,
    0x2a, 0xfd, 0x51, 0xf, 0x89, 0x13, 0xf8, 0xa2,
    0x7, 0x11, 0xc8, 0x80, 0x4, 0x0,

    /* U+8693 "蚓" */
    0x10, 0x0, 0x8f, 0x22, 0x4, 0x9e, 0x12, 0x6b,
    0xc9, 0xa9, 0x26, 0xa0, 0x9e, 0xfa, 0x60, 0x48,
    0xa1, 0x22, 0xc4, 0x9d, 0x12, 0x0, 0x88,

    /* U+8695 "蚕" */
    0x0, 0x3, 0xff, 0x80, 0x81, 0xff, 0xf0, 0x88,
    0x19, 0x39, 0xff, 0xe4, 0x44, 0x22, 0x21, 0xff,
    0x8, 0x80, 0x4, 0x67, 0xdd, 0x80, 0x0,

    /* U+869C "蚜" */
    0x20, 0x11, 0x1f, 0xc8, 0x9, 0xf2, 0x4a, 0xa2,
    0x55, 0x1a, 0xaf, 0x9f, 0xc, 0xa8, 0xa1, 0x49,
    0xa, 0x49, 0xe4, 0x40, 0x4e, 0x0,

    /* U+86A3 "蚣" */
    0x10, 0x0, 0x42, 0x1, 0x49, 0x1f, 0x44, 0x55,
    0x11, 0x58, 0x25, 0x64, 0x5f, 0x10, 0x50, 0x80,
    0x62, 0x41, 0x51, 0x1f, 0x42, 0x1, 0xf8, 0x0,
    0x0,

    /* U+86A4 "蚤" */
    0x0, 0x23, 0xff, 0x5, 0x18, 0x11, 0x80, 0x70,
    0x6, 0xfe, 0xc8, 0x7, 0xfc, 0x22, 0x21, 0xff,
    0x8, 0x88, 0x4, 0x47, 0xfd, 0x0, 0x0,

    /* U+86AA "蚪" */
    0x10, 0x18, 0x40, 0x41, 0x9, 0x1f, 0x14, 0x54,
    0x11, 0x56, 0x45, 0x49, 0x1f, 0x4, 0x54, 0x1c,
    0x5f, 0xc1, 0x61, 0x3a, 0x84, 0x0, 0x10,

    /* U+86AF "蚯" */
    0x10, 0x0, 0x41, 0xc1, 0x18, 0x1f, 0x40, 0x55,
    0x1, 0x57, 0xe5, 0x52, 0x1f, 0x48, 0x55, 0x20,
    0x54, 0x81, 0xd2, 0x19, 0x4a, 0x7, 0xfc,

    /* U+86C0 "蛀" */
    0x10, 0x80, 0x41, 0x1, 0x4, 0x9f, 0xfe, 0x54,
    0x41, 0x51, 0x5, 0x44, 0x1f, 0x7e, 0x50, 0x40,
    0x61, 0x1, 0x44, 0x3b, 0x12, 0x3, 0xfc,

    /* U+86C6 "蛆" */
    0x10, 0x10, 0x47, 0xc1, 0x11, 0x1f, 0x44, 0x55,
    0xf1, 0x54, 0x45, 0x51, 0x1f, 0x44, 0x11, 0xf0,
    0x54, 0x41, 0xd1, 0x18, 0x44, 0x7, 0xfc,

    /* U+86C7 "蛇" */
    0x10, 0x80, 0x82, 0x4, 0x2, 0xff, 0xf5, 0x61,
    0x2a, 0x81, 0x54, 0x4f, 0xac, 0x51, 0x80, 0xc8,
    0x5, 0x42, 0xda, 0x10, 0x1f, 0x80,

    /* U+86C9 "蛉" */
    0x20, 0x81, 0x4, 0x8, 0x51, 0xf2, 0x8a, 0xb2,
    0x56, 0x4a, 0xa2, 0x1f, 0x7e, 0xa0, 0x21, 0x82,
    0xa, 0x61, 0xe9, 0x0, 0x4, 0x0, 0x0,

    /* U+86CB "蛋" */
    0x0, 0x3, 0xff, 0x80, 0x94, 0x27, 0xc3, 0x20,
    0x27, 0xfc, 0x8, 0x7, 0xfc, 0x22, 0x21, 0xff,
    0x8, 0x80, 0x4, 0x87, 0xff, 0x0, 0x0,

    /* U+86D4 "蛔" */
    0x20, 0x1, 0x1f, 0xc8, 0x82, 0xf4, 0x16, 0xae,
    0xb5, 0x55, 0xaa, 0xaf, 0x55, 0x62, 0xe9, 0x55,
    0x46, 0x82, 0x97, 0xf0, 0x20, 0x80,

    /* U+86D9 "蛙" */
    0x10, 0x40, 0x41, 0x1, 0x4, 0x9f, 0x7c, 0x54,
    0x49, 0x5f, 0xf5, 0x44, 0x1f, 0x12, 0x13, 0xf8,
    0x51, 0x1, 0x44, 0x3f, 0x12, 0xc7, 0xfc,

    /* U+86DB "蛛" */
    0x0, 0x40, 0x85, 0x2, 0x94, 0x1e, 0xfe, 0x6a,
    0x41, 0xa1, 0x26, 0xff, 0x9e, 0x38, 0x61, 0xe0,
    0xa5, 0x41, 0x64, 0x99, 0x12, 0x0, 0x40,

    /* U+86E4 "蛤" */
    0x10, 0x60, 0x41, 0x81, 0x9, 0x1f, 0x26, 0x55,
    0x1d, 0x5b, 0xd5, 0x40, 0x1f, 0x7e, 0x51, 0x8,
    0x54, 0x21, 0xd0, 0x98, 0xfe, 0x1, 0x8,

    /* U+86EE "蛮" */
    0x4, 0x0, 0x10, 0xbf, 0xfe, 0x11, 0x3, 0x8e,
    0x14, 0x4b, 0x22, 0x7, 0xfc, 0x22, 0x21, 0xff,
    0x8, 0x88, 0x4, 0x8f, 0xff, 0x0, 0x0,

    /* U+86F9 "蛹" */
    0x10, 0x0, 0x4f, 0xe1, 0x1, 0x1f, 0x18, 0x55,
    0xf9, 0x59, 0x25, 0x64, 0x9f, 0xfe, 0x12, 0x48,
    0x67, 0xe1, 0x64, 0xbf, 0x92, 0x2, 0x78,

    /* U+86FE "蛾" */
    0x20, 0xe0, 0x94, 0xc7, 0x92, 0x9a, 0x4a, 0x6f,
    0xfd, 0xa4, 0x86, 0x92, 0x9e, 0x6a, 0x6f, 0x30,
    0xc4, 0x42, 0x93, 0x5e, 0x55, 0x3, 0x8c, 0x0,
    0x0,

    /* U+8700 "蜀" */
    0x0, 0x7, 0xfe, 0x49, 0x27, 0xfe, 0x10, 0x3,
    0xff, 0x44, 0x2b, 0xfa, 0x3f, 0xa2, 0x4a, 0x5,
    0x27, 0xaa, 0x0, 0x40,

    /* U+8702 "蜂" */
    0x10, 0x80, 0x82, 0x42, 0x17, 0x1f, 0xa8, 0x6c,
    0x41, 0xa2, 0xf6, 0xf5, 0x1e, 0x78, 0x60, 0x48,
    0xa7, 0xe2, 0x7f, 0xdf, 0x10, 0x0, 0x40,

    /* U+8708 "蜈" */
    0x10, 0x0, 0x47, 0xc1, 0x11, 0x1f, 0x44, 0x55,
    0xf1, 0x50, 0x45, 0x5f, 0x9f, 0x12, 0x13, 0xfc,
    0x51, 0x1, 0xca, 0x18, 0x44, 0x2, 0x8,

    /* U+8712 "蜒" */
    0x20, 0x8, 0x9c, 0xc2, 0x15, 0x1e, 0x84, 0x6a,
    0x51, 0xaf, 0x66, 0x95, 0x1e, 0x54, 0x25, 0x50,
    0xcd, 0xf2, 0xa0, 0x1e, 0xe0, 0x4, 0x7c,

    /* U+8713 "蜓" */
    0x20, 0x1, 0x39, 0xc8, 0x68, 0xf4, 0x46, 0xa2,
    0x37, 0xbd, 0xa4, 0x8f, 0x24, 0x21, 0x29, 0x57,
    0xca, 0x80, 0xf7, 0x0, 0x47, 0x84, 0x0,

    /* U+8715 "蜕" */
    0x20, 0x61, 0x12, 0x8, 0x61, 0xf7, 0xca, 0xc2,
    0x56, 0x12, 0xb0, 0x9f, 0xfc, 0xa1, 0x81, 0x4c,
    0xe, 0xa1, 0x95, 0x20, 0x47, 0x0,

    /* U+8717 "蜗" */
    0x20, 0x1, 0x1f, 0x88, 0x85, 0xf4, 0x2a, 0xbf,
    0x54, 0x42, 0xbf, 0xff, 0x91, 0xa4, 0x89, 0x2a,
    0x4b, 0xd3, 0xb8, 0x10, 0x43, 0x0,

    /* U+8718 "蜘" */
    0x13, 0x0, 0x88, 0x22, 0x2f, 0x9f, 0x4a, 0x69,
    0x29, 0xa4, 0xa6, 0xbe, 0x9e, 0x4a, 0x61, 0x28,
    0xa6, 0xa2, 0xe6, 0x9d, 0x9e, 0x4, 0x28,

    /* U+871C "蜜" */
    0x4, 0x2, 0x10, 0x1f, 0xff, 0x89, 0x24, 0x9a,
    0x27, 0x8, 0x7f, 0x1c, 0x40, 0x3f, 0xf1, 0x11,
    0xf, 0xf8, 0x4, 0x47, 0x9d, 0x0, 0x0,

    /* U+8721 "蜡" */
    0x10, 0x90, 0x42, 0x41, 0x3f, 0xdf, 0x24, 0x54,
    0x91, 0x5f, 0xf5, 0x40, 0x1f, 0x7e, 0x11, 0x8,
    0x57, 0xe1, 0xd0, 0x98, 0xfe, 0x1, 0x8,

    /* U+873B "蜻" */
    0x10, 0x40, 0x47, 0xf5, 0x44, 0x1f, 0x7e, 0x54,
    0x41, 0x56, 0xf5, 0x5f, 0x9f, 0x42, 0x51, 0xf8,
    0x44, 0x21, 0x9f, 0x8d, 0x42, 0x41, 0x18,

    /* U+8747 "蝇" */
    0x0, 0x2, 0x1f, 0x90, 0x89, 0xe7, 0xcd, 0x8,
    0x6b, 0xfb, 0x52, 0x5e, 0xfe, 0x44, 0x92, 0xbf,
    0x97, 0x21, 0xd1, 0x0, 0xf, 0x80,

    /* U+8749 "蝉" */
    0x10, 0x18, 0x44, 0x45, 0x4a, 0x1f, 0x7e, 0x56,
    0x49, 0x57, 0xe5, 0x64, 0x9f, 0x7e, 0x10, 0x40,
    0x61, 0x21, 0x7f, 0xdf, 0x10, 0x0, 0x40,

    /* U+874C "蝌" */
    0x20, 0xc8, 0x4e, 0x11, 0xe5, 0x23, 0x49, 0x46,
    0xfc, 0x8d, 0x29, 0x1a, 0xea, 0x3d, 0xa4, 0x6d,
    0xc, 0x52, 0x70, 0xa4, 0x27, 0xa8, 0x40, 0x10,
    0x80,

    /* U+874E "蝎" */
    0x10, 0x0, 0x47, 0xe1, 0x10, 0x9f, 0x7e, 0x55,
    0x9, 0x57, 0xe5, 0x48, 0x5f, 0x5e, 0x13, 0x48,
    0x66, 0xe1, 0xd0, 0x99, 0x7e, 0x0, 0x18,

    /* U+8757 "蝗" */
    0x10, 0x41, 0x6, 0x88, 0xfc, 0xf4, 0x26, 0xbf,
    0x35, 0x9, 0xa7, 0xcf, 0x7f, 0x20, 0x41, 0x2,
    0x8a, 0xfd, 0xe8, 0x80, 0x7f, 0x80,

    /* U+8759 "蝙" */
    0x10, 0x80, 0x41, 0x1, 0x3f, 0x9f, 0x82, 0x57,
    0xf9, 0x58, 0x5, 0x7f, 0x9f, 0xea, 0x53, 0xa8,
    0x6f, 0xe1, 0x7a, 0x9b, 0x6a, 0x5, 0x18,

    /* U+8760 "蝠" */
    0x10, 0x1, 0x1f, 0xc8, 0x4, 0xfb, 0xe6, 0x91,
    0x34, 0xf9, 0xa4, 0xf, 0x5f, 0x22, 0x49, 0x5f,
    0xc7, 0x92, 0xc7, 0xf0, 0x20, 0x80,

    /* U+8774 "蝴" */
    0x11, 0x0, 0x84, 0xe2, 0x12, 0x9e, 0x5a, 0x6b,
    0xb9, 0xa4, 0xa6, 0xba, 0x9e, 0xae, 0x62, 0xa8,
    0xca, 0xa2, 0xba, 0xbe, 0xb2, 0x0, 0x98,

    /* U+8776 "蝶" */
    0x22, 0x90, 0x8a, 0x42, 0xff, 0xde, 0xa4, 0x6a,
    0xf1, 0xaa, 0x26, 0xbf, 0xde, 0x30, 0x27, 0xfc,
    0xa7, 0x1, 0x5b, 0x18, 0xa3, 0x0, 0x80,

    /* U+8783 "螃" */
    0x10, 0x80, 0x81, 0x2, 0x3f, 0x9e, 0x4c, 0x68,
    0x29, 0xaf, 0xe6, 0xc5, 0x9e, 0xfe, 0x60, 0x80,
    0xc7, 0xc2, 0x91, 0x1c, 0xc4, 0x4, 0x60,

    /* U+878D "融" */
    0x4, 0x47, 0xf2, 0x0, 0x11, 0xf3, 0xe7, 0x95,
    0x4, 0xab, 0xfd, 0x58, 0xbe, 0x95, 0x57, 0xe2,
    0x25, 0x15, 0x28, 0xa9, 0x5b, 0x0, 0x0,

    /* U+879F "螟" */
    0x11, 0xf8, 0x24, 0x1, 0xf7, 0xc2, 0xa8, 0x85,
    0x5f, 0xa, 0xa2, 0x1f, 0x7c, 0x28, 0x20, 0x1b,
    0xf8, 0x28, 0x40, 0xf4, 0x62, 0x10, 0x40, 0x40,
    0x0,

    /* U+87BA "螺" */
    0x10, 0x0, 0x47, 0xe1, 0x24, 0x9f, 0xfe, 0x55,
    0xf9, 0x53, 0x5, 0x63, 0x1f, 0xf0, 0x55, 0x90,
    0x6f, 0xa1, 0x45, 0x3b, 0x52, 0x3, 0xc8,

    /* U+87C0 "蟀" */
    0x10, 0x80, 0x81, 0x2, 0x7f, 0xdf, 0x20, 0x6b,
    0xe9, 0xa1, 0x6, 0xba, 0x9e, 0xb6, 0x20, 0x40,
    0xbf, 0xf2, 0x84, 0x15, 0x10, 0x0, 0x40,

    /* U+87C6 "蟆" */
    0x11, 0xa1, 0x9, 0x48, 0xfc, 0xf2, 0x6, 0xaf,
    0x35, 0xf9, 0xa8, 0x4f, 0x7e, 0x60, 0x41, 0xbf,
    0xca, 0x10, 0xf1, 0x40, 0x11, 0x87, 0x4,

    /* U+87CB "蟋" */
    0x0, 0x30, 0x93, 0x6, 0x95, 0x1e, 0x58, 0x6f,
    0xf9, 0xa3, 0x86, 0x95, 0x9e, 0x92, 0x60, 0x40,
    0xa5, 0x43, 0xd0, 0x91, 0x4a, 0x1, 0xf0,

    /* U+87F9 "蟹" */
    0x29, 0xf2, 0x84, 0x9f, 0x6d, 0xce, 0x87, 0xdf,
    0xbe, 0x22, 0x9f, 0xf0, 0x48, 0x3f, 0xe1, 0x11,
    0xf, 0xf8, 0x4, 0x47, 0xff, 0x0, 0x8,

    /* U+8815 "蠕" */
    0x20, 0x4, 0x3f, 0x53, 0xff, 0xc9, 0xd3, 0xed,
    0x3e, 0xd0, 0x8f, 0x37, 0x47, 0xf5, 0x56, 0x55,
    0x6f, 0x56, 0x5, 0x20,

    /* U+8822 "蠢" */
    0x2, 0x3, 0xff, 0x8f, 0xfd, 0xff, 0xf1, 0x4,
    0x1f, 0xff, 0x7f, 0x3, 0xf8, 0x7d, 0xf2, 0xaa,
    0x9f, 0x7c, 0x30, 0xae, 0x5b, 0x0, 0x0,

    /* U+8840 "血" */
    0x3, 0x0, 0x10, 0x1, 0x8, 0x7f, 0xc2, 0x4a,
    0x12, 0x50, 0x92, 0x84, 0x94, 0x24, 0xa1, 0x25,
    0x9, 0x28, 0x49, 0x4f, 0xff, 0x80,

    /* U+8845 "衅" */
    0x0, 0x40, 0x82, 0x4, 0x54, 0xfd, 0xa6, 0xcc,
    0x36, 0xfd, 0xb1, 0xd, 0x89, 0x6d, 0xfb, 0x62,
    0x1e, 0x10, 0x0, 0x80, 0x4, 0x0,

    /* U+884C "行" */
    0x10, 0x1, 0x3f, 0x90, 0x0, 0x30, 0x23, 0x7f,
    0x90, 0x21, 0x81, 0x14, 0x8, 0x20, 0x41, 0x2,
    0x8, 0x10, 0x40, 0x82, 0x1c, 0x0,

    /* U+884D "衍" */
    0x30, 0x8, 0x89, 0xf4, 0x0, 0xc, 0x2, 0x25,
    0x7c, 0x88, 0x46, 0x21, 0x28, 0x84, 0x24, 0x10,
    0xb0, 0x42, 0x41, 0x9, 0x4, 0x24, 0x30,

    /* U+8854 "衔" */
    0x12, 0x8, 0x90, 0xc4, 0x78, 0x21, 0x0, 0x18,
    0x8, 0xbf, 0xf6, 0x29, 0xb, 0xe4, 0x22, 0x10,
    0x88, 0x42, 0x29, 0x8, 0xc4, 0x20, 0x30,

    /* U+8857 "街" */
    0x12, 0x8, 0x8a, 0xc4, 0xf8, 0x24, 0x80, 0x32,
    0xf8, 0xbf, 0x46, 0x21, 0x28, 0xa4, 0x2f, 0xd0,
    0x88, 0x42, 0x2d, 0xb, 0x44, 0x20, 0x30,

    /* U+8859 "衙" */
    0x10, 0x80, 0xbf, 0xe4, 0x20, 0x27, 0xe2, 0x12,
    0xf8, 0x93, 0x46, 0xfd, 0x28, 0x24, 0xa7, 0x90,
    0x92, 0x42, 0x49, 0x9, 0xe4, 0x24, 0x70,

    /* U+8861 "衡" */
    0x0, 0x1, 0x30, 0xd1, 0xe9, 0x3a, 0x3, 0xbf,
    0x97, 0xc9, 0xa6, 0x55, 0xf2, 0x29, 0x11, 0x7e,
    0x88, 0xc4, 0x45, 0xa2, 0xc7, 0x0,

    /* U+8863 "衣" */
    0x4, 0x0, 0xc, 0x0, 0x10, 0x9f, 0xfe, 0x3,
    0x0, 0x14, 0x40, 0x93, 0x6, 0x30, 0x68, 0x80,
    0x21, 0x0, 0x86, 0x2, 0x4c, 0x1e, 0x1c, 0x0,
    0x0,

    /* U+8865 "补" */
    0x20, 0x80, 0x42, 0x1, 0x8, 0x3f, 0x20, 0x8,
    0x80, 0x23, 0x1, 0x4b, 0xe, 0x22, 0x56, 0x88,
    0x4a, 0x1, 0x8, 0x4, 0x20, 0x10, 0x80,

    /* U+8868 "表" */
    0x2, 0x0, 0x10, 0x9f, 0xfc, 0x4, 0x43, 0xff,
    0x1, 0x9, 0xff, 0xe0, 0xc0, 0x9, 0x30, 0xca,
    0x1a, 0x20, 0x10, 0xc0, 0xe3, 0x84, 0x0,

    /* U+8869 "衩" */
    0x40, 0x1, 0x0, 0x89, 0xfd, 0xf6, 0x20, 0xaa,
    0x9, 0x50, 0xa8, 0x8e, 0x28, 0xa9, 0x41, 0x4,
    0x8, 0x50, 0x44, 0x42, 0x41, 0x80,

    /* U+886B "衫" */
    0x40, 0x1, 0x1, 0x8a, 0x11, 0xf1, 0x0, 0x90,
    0x8, 0x18, 0xa1, 0x8e, 0x10, 0xa9, 0x19, 0x11,
    0x88, 0x10, 0x43, 0x2, 0x60, 0x0,

    /* U+886C "衬" */
    0x40, 0x1, 0x1, 0x8, 0x9, 0xf0, 0x51, 0x3f,
    0x88, 0x10, 0xb8, 0x8e, 0x24, 0xa9, 0x21, 0x1,
    0x8, 0x8, 0x40, 0x42, 0x6, 0x0,

    /* U+8870 "衰" */
    0x2, 0x1, 0xff, 0xe0, 0x0, 0x7, 0xf8, 0x10,
    0x29, 0xff, 0xe1, 0x2, 0x7, 0xf8, 0x5, 0x30,
    0x63, 0x6, 0x84, 0x2, 0xcc, 0xc, 0x18,

    /* U+8877 "衷" */
    0x4, 0x7, 0xff, 0xc0, 0x80, 0x7f, 0xc2, 0x22,
    0x11, 0x10, 0xff, 0x80, 0x40, 0x6, 0x0, 0x71,
    0x8e, 0x71, 0x91, 0x80, 0xe3, 0x8, 0x4,

    /* U+8881 "袁" */
    0x0, 0x0, 0x10, 0x1f, 0xf8, 0x4, 0xf, 0xff,
    0x0, 0x0, 0xff, 0x4, 0x8, 0x3f, 0xc0, 0x31,
    0x6, 0x50, 0xd1, 0x0, 0x94, 0xf, 0x18,

    /* U+8884 "袄" */
    0x40, 0x21, 0x6, 0x8, 0xe1, 0xf1, 0x1, 0x8,
    0xc, 0x48, 0xbf, 0xee, 0x10, 0xa8, 0xc1, 0xa,
    0x8, 0x48, 0x44, 0x62, 0x41, 0x0,

    /* U+888B "袋" */
    0x12, 0x41, 0x10, 0x99, 0x78, 0x41, 0x2, 0x7,
    0x3, 0xb, 0xff, 0xe1, 0xc4, 0x11, 0x43, 0x84,
    0x4, 0x98, 0x38, 0x20,

    /* U+888D "袍" */
    0x81, 0x3, 0x10, 0x8, 0xff, 0xf4, 0x21, 0x7d,
    0x1d, 0x28, 0xa9, 0x4e, 0x4a, 0xab, 0xd1, 0x13,
    0x8, 0x80, 0x44, 0x22, 0x3f, 0x80,

    /* U+8892 "袒" */
    0x80, 0x3, 0x1f, 0x88, 0x85, 0xf4, 0x21, 0x21,
    0x9, 0xf8, 0xa8, 0x4e, 0x42, 0xaa, 0x11, 0x1f,
    0x88, 0x84, 0x40, 0x12, 0xff, 0x80,

    /* U+8896 "袖" */
    0x80, 0x83, 0x4, 0xa, 0x24, 0xb7, 0xe1, 0x29,
    0x15, 0x48, 0xca, 0x5d, 0x7e, 0xa2, 0x91, 0x14,
    0x88, 0xa4, 0x47, 0xe2, 0x21, 0x0,

    /* U+889C "袜" */
    0x20, 0x80, 0x84, 0x4, 0x27, 0xf7, 0xc1, 0x8,
    0xc, 0x48, 0xff, 0xce, 0x30, 0xa9, 0xc1, 0x55,
    0x9, 0x24, 0x51, 0x12, 0x8, 0x0,

    /* U+88AB "被" */
    0x40, 0x81, 0x4, 0x8, 0xfd, 0xf5, 0x21, 0x28,
    0xd, 0xf8, 0xcc, 0x8d, 0x64, 0x2b, 0x41, 0x26,
    0x9, 0x30, 0x52, 0x42, 0x61, 0x0,

    /* U+88AD "袭" */
    0x4, 0x93, 0xff, 0xc1, 0x48, 0x13, 0x91, 0x3f,
    0x91, 0xb, 0xff, 0xe0, 0xc0, 0x9, 0x61, 0xc6,
    0x12, 0x8c, 0x18, 0x0,

    /* U+88B1 "袱" */
    0x41, 0x40, 0x85, 0x41, 0x24, 0x9e, 0x90, 0x13,
    0xf8, 0x99, 0x3, 0xa4, 0x1c, 0x90, 0xaa, 0x60,
    0x8a, 0x82, 0x29, 0x8, 0xc6, 0x23, 0x0,

    /* U+88C1 "裁" */
    0x10, 0x80, 0x95, 0x1f, 0xa8, 0x21, 0x1f, 0xff,
    0x89, 0x4b, 0xfe, 0x42, 0x4c, 0x26, 0x67, 0x62,
    0x8, 0xb8, 0x72, 0x30, 0x20, 0x80,

    /* U+88C2 "裂" */
    0x7e, 0x90, 0x84, 0x8f, 0xa4, 0x89, 0x2b, 0x89,
    0x8, 0x3b, 0x88, 0x5f, 0xff, 0x6, 0x20, 0xcb,
    0x1a, 0x20, 0x12, 0xc1, 0xe1, 0x80,

    /* U+88C5 "装" */
    0x10, 0x84, 0x84, 0x95, 0xfe, 0x21, 0xf, 0x9,
    0x4b, 0xf8, 0x50, 0x0, 0x42, 0xff, 0xf8, 0x71,
    0xc, 0x51, 0xa1, 0x81, 0x67, 0xc, 0xc,

    /* U+88C6 "裆" */
    0x80, 0x83, 0x4, 0x89, 0x25, 0xf5, 0x41, 0x28,
    0x17, 0xf8, 0xc0, 0x5d, 0x2, 0x2b, 0xf1, 0x0,
    0x88, 0x4, 0x4f, 0xe2, 0x1, 0x0,

    /* U+88C9 "裉" */
    0x80, 0x23, 0x3f, 0x9, 0x8, 0xaf, 0xc1, 0x42,
    0x16, 0x10, 0xdf, 0x8e, 0xa0, 0xad, 0x31, 0x26,
    0x9, 0x10, 0x4a, 0x42, 0x61, 0x0,

    /* U+88D5 "裕" */
    0x41, 0x41, 0x9, 0x8, 0x85, 0xf9, 0x21, 0x18,
    0x8, 0xa0, 0xa8, 0x8e, 0x83, 0x2f, 0xe1, 0x11,
    0x8, 0x88, 0x47, 0xc2, 0x22, 0x0,

    /* U+88D9 "裙" */
    0x80, 0x1, 0x9f, 0xc2, 0x11, 0x15, 0xff, 0x11,
    0x10, 0xc4, 0x43, 0x7f, 0x1c, 0x80, 0xab, 0xf8,
    0x98, 0x42, 0xa1, 0x8, 0xfc, 0x22, 0x10,

    /* U+88E4 "裤" */
    0x40, 0x81, 0x82, 0x85, 0xff, 0xe9, 0x21, 0x7f,
    0x96, 0xb0, 0xd5, 0x4e, 0xbf, 0xac, 0x41, 0x3f,
    0xca, 0x10, 0x50, 0x83, 0x4, 0x0,

    /* U+88F3 "裳" */
    0x2, 0x0, 0x92, 0x4, 0xa4, 0xda, 0xe5, 0xfe,
    0x8, 0x20, 0x7f, 0x0, 0x42, 0xff, 0xf8, 0x31,
    0x6, 0x51, 0xd1, 0x80, 0xe3, 0x8, 0x4,

    /* U+88F8 "裸" */
    0x80, 0x3, 0x1f, 0x80, 0xa5, 0xf7, 0xe1, 0x29,
    0x15, 0xf8, 0xc2, 0x5d, 0xff, 0xa8, 0xc1, 0xd,
    0x8, 0xa4, 0x49, 0x12, 0x8, 0x0,

    /* U+88F9 "裹" */
    0x4, 0x0, 0x10, 0x3f, 0xfe, 0x40, 0x43, 0xfe,
    0x1f, 0xf0, 0x88, 0x9f, 0xff, 0xb, 0x81, 0x83,
    0xb3, 0x98, 0x73, 0x4, 0xa4, 0xe, 0x1c,

    /* U+8902 "褂" */
    0x41, 0x20, 0xc4, 0x80, 0x7e, 0x3e, 0x48, 0x11,
    0x20, 0x5f, 0xc2, 0x92, 0x8c, 0x48, 0x6f, 0xe0,
    0x84, 0x82, 0x12, 0x9, 0xe8, 0x20, 0x20,

    /* U+8910 "褐" */
    0x40, 0x1, 0x9f, 0x80, 0x85, 0xf7, 0xe1, 0x21,
    0x15, 0xf0, 0xc7, 0xed, 0x49, 0xa6, 0x89, 0x1b,
    0x48, 0x84, 0x47, 0xe2, 0x3, 0x0,

    /* U+8912 "褒" */
    0x0, 0x0, 0x8, 0xbf, 0xb8, 0x3f, 0xc3, 0x42,
    0x33, 0xfa, 0xbf, 0xe4, 0x38, 0x26, 0xb0, 0x10,
    0x3, 0x58, 0xf1, 0x0, 0xa6, 0x6, 0xc,

    /* U+8925 "褥" */
    0x44, 0x11, 0xbf, 0x5, 0x7d, 0xf8, 0x1, 0x7f,
    0x8a, 0xa8, 0xd4, 0x8e, 0xb3, 0xac, 0x21, 0x3f,
    0xca, 0x28, 0x50, 0x42, 0x6, 0x0,

    /* U+895F "襟" */
    0x42, 0x20, 0x88, 0xa0, 0x7f, 0x3d, 0xdc, 0x16,
    0x68, 0xaa, 0xa3, 0x3, 0x1c, 0xf0, 0xa7, 0xf8,
    0x82, 0x2, 0x69, 0x9, 0x22, 0x29, 0x80,

    /* U+897F "西" */
    0x0, 0x17, 0xff, 0xc2, 0x40, 0x12, 0x7, 0xff,
    0x24, 0x89, 0x24, 0x49, 0x22, 0x51, 0xf3, 0x0,
    0x90, 0x4, 0xff, 0xe4, 0x1, 0x0,

    /* U+8981 "要" */
    0x0, 0x9, 0xff, 0xe0, 0x48, 0xf, 0xfc, 0x24,
    0x90, 0xff, 0xc2, 0x21, 0x1, 0x82, 0x7f, 0xf8,
    0x31, 0x0, 0x88, 0x1, 0xc0, 0x6, 0xe1, 0xe0,
    0x40,

    /* U+8986 "覆" */
    0x0, 0x17, 0xfe, 0x7f, 0xf4, 0x92, 0x76, 0xe2,
    0x7f, 0x7f, 0xea, 0x7e, 0x64, 0x2a, 0x7e, 0x27,
    0xe2, 0xa4, 0x2f, 0xf0,

    /* U+89C1 "见" */
    0x0, 0x23, 0xfe, 0x20, 0x22, 0x22, 0x22, 0x22,
    0x22, 0x22, 0x22, 0x32, 0x25, 0x20, 0x50, 0x9,
    0x11, 0x11, 0x61, 0xf0,

    /* U+89C2 "观" */
    0x3, 0xfb, 0xe8, 0x40, 0xa5, 0x2, 0x94, 0x4a,
    0x50, 0xc9, 0x41, 0x25, 0xa, 0x9c, 0x28, 0xa1,
    0x22, 0x88, 0x12, 0x81, 0x8f,

    /* U+89C4 "规" */
    0x20, 0x0, 0x8f, 0xe2, 0xa0, 0xbe, 0xb2, 0x22,
    0xc8, 0xab, 0x2f, 0xec, 0x88, 0xb2, 0x30, 0xe1,
    0x27, 0x84, 0x96, 0x10, 0x9a, 0x84, 0x7c,

    /* U+89C5 "觅" */
    0x0, 0x20, 0xff, 0x98, 0x88, 0x44, 0x80, 0x2,
    0x1f, 0xf0, 0x80, 0x84, 0x44, 0x23, 0x21, 0x19,
    0x1, 0x42, 0x12, 0x17, 0x1f, 0x0,

    /* U+89C6 "视" */
    0x40, 0x11, 0x3f, 0x89, 0x5, 0xeb, 0x21, 0x59,
    0x12, 0xc8, 0x96, 0x4e, 0xb2, 0xad, 0xd1, 0xe,
    0x8, 0xf2, 0x4d, 0x92, 0xcf, 0x80,

    /* U+89C8 "览" */
    0x9, 0x4, 0xa1, 0x4b, 0xf4, 0xa8, 0x4c, 0x40,
    0x80, 0x3f, 0xc2, 0x4, 0x24, 0x42, 0x64, 0x2e,
    0x41, 0xa1, 0x63, 0xf0,

    /* U+89C9 "觉" */
    0x2, 0x30, 0x91, 0x4, 0x12, 0xff, 0xf4, 0x0,
    0xef, 0xf0, 0x40, 0x82, 0x44, 0x12, 0x20, 0x99,
    0x1, 0x40, 0x12, 0x17, 0x1f, 0x80,

    /* U+89D2 "角" */
    0x0, 0x0, 0x80, 0x1f, 0x83, 0x10, 0x22, 0x7,
    0xfe, 0xa2, 0x23, 0xfe, 0x22, 0x22, 0x22, 0x3f,
    0xe2, 0x22, 0x42, 0x28, 0x2e,

    /* U+89E3 "解" */
    0x20, 0x11, 0xcf, 0x92, 0x24, 0xaa, 0x2f, 0xd3,
    0x2a, 0xa1, 0xf5, 0x4a, 0xbe, 0x7e, 0x52, 0xbf,
    0xe5, 0x11, 0x28, 0x88, 0xc4, 0x0,

    /* U+89E6 "触" */
    0x20, 0x41, 0xe2, 0x12, 0x10, 0xa2, 0xaf, 0xdf,
    0x2a, 0xa9, 0xf5, 0x4a, 0xbe, 0x7d, 0x42, 0xa2,
    0x15, 0x19, 0x28, 0xa9, 0x5b, 0x2, 0x0,

    /* U+8A00 "言" */
    0x8, 0x0, 0x61, 0xff, 0xf0, 0x4, 0x3f, 0xc0,
    0x0, 0x3f, 0xe0, 0x0, 0x3f, 0xc2, 0x4, 0x20,
    0x43, 0xfc, 0x20, 0x40,

    /* U+8A89 "誉" */
    0x4, 0x40, 0x92, 0x2, 0x25, 0xff, 0xf1, 0xa8,
    0x10, 0xb1, 0xff, 0xe3, 0xf8, 0x1f, 0xc0, 0x0,
    0x7, 0xf0, 0x20, 0x81, 0xfc, 0x0,

    /* U+8A8A "誊" */
    0x3, 0x0, 0x69, 0x87, 0xff, 0x81, 0x2, 0x7f,
    0xfc, 0x29, 0x1, 0x3, 0x9b, 0xf0, 0x1f, 0xe0,
    0x7f, 0x81, 0xfe, 0x4, 0x8, 0x1f, 0xe0,

    /* U+8A93 "誓" */
    0x2b, 0xf3, 0x90, 0x8a, 0xfd, 0xe4, 0x82, 0x44,
    0x12, 0x20, 0x0, 0x4f, 0xfc, 0x3f, 0xc1, 0xfe,
    0xf, 0xf0, 0x40, 0x83, 0xfc, 0x0,

    /* U+8B66 "警" */
    0x28, 0x87, 0xf4, 0x92, 0x7e, 0xfe, 0x4f, 0x4a,
    0x2a, 0x70, 0xbc, 0x5f, 0xff, 0x3f, 0xc1, 0xfe,
    0xf, 0xf0, 0x40, 0x83, 0xfc, 0x0,

    /* U+8B6C "譬" */
    0x0, 0x43, 0xe2, 0x11, 0x2c, 0xf3, 0xf7, 0xc5,
    0x5e, 0x70, 0x8, 0xf, 0xbe, 0x1f, 0xe0, 0xff,
    0x7, 0xf8, 0x20, 0x41, 0xfe, 0x0,

    /* U+8BA1 "计" */
    0x40, 0x81, 0x4, 0x4, 0x20, 0x41, 0x6, 0x9,
    0x17, 0xfc, 0x82, 0x4, 0x10, 0x20, 0x81, 0x24,
    0xe, 0x20, 0x41, 0x0, 0x8, 0x0,

    /* U+8BA2 "订" */
    0x80, 0x2, 0x0, 0x8b, 0xfe, 0x1, 0xe, 0x8,
    0x10, 0x40, 0x82, 0x4, 0x10, 0x20, 0x81, 0x4,
    0xa, 0x20, 0x61, 0x2, 0x38, 0x0, 0x80,

    /* U+8BA4 "认" */
    0x40, 0x80, 0xc2, 0x1, 0x8, 0x0, 0x20, 0xe0,
    0x80, 0x82, 0x2, 0xc, 0x8, 0x50, 0x21, 0x40,
    0x84, 0x83, 0xa2, 0x9, 0x4, 0x8, 0x8, 0x40,
    0x0,

    /* U+8BA5 "讥" */
    0x80, 0x21, 0x8f, 0x82, 0x22, 0x0, 0x88, 0xe2,
    0x20, 0x88, 0x82, 0x22, 0x8, 0x88, 0x22, 0x20,
    0xa8, 0x83, 0x42, 0x89, 0xa, 0x8, 0x38, 0x40,
    0x0,

    /* U+8BA8 "讨" */
    0x80, 0x43, 0x2, 0x8, 0x10, 0x0, 0xae, 0x7e,
    0x10, 0x20, 0x91, 0x4, 0x48, 0x22, 0x41, 0x2,
    0x8, 0x10, 0x70, 0x82, 0x3c, 0x0, 0x40,

    /* U+8BA9 "让" */
    0x40, 0x1, 0x88, 0x4, 0x40, 0x2, 0xe, 0x10,
    0x10, 0xf8, 0x84, 0x4, 0x20, 0x21, 0x1, 0x8,
    0xe, 0x40, 0x42, 0x20, 0xff, 0x80,

    /* U+8BAD "训" */
    0x86, 0x13, 0x24, 0x89, 0x24, 0x9, 0x2e, 0x49,
    0x12, 0x48, 0x92, 0x44, 0x92, 0x24, 0x91, 0x64,
    0x8e, 0x24, 0x50, 0x21, 0x1, 0x0,

    /* U+8BAE "议" */
    0x42, 0x1, 0x8, 0x5, 0x28, 0x9, 0x4e, 0x42,
    0x12, 0x10, 0x89, 0x4, 0x48, 0x21, 0x81, 0x64,
    0xc, 0x60, 0x44, 0xc0, 0x43, 0xc, 0x4,

    /* U+8BAF "讯" */
    0x40, 0x21, 0x7f, 0x4, 0x88, 0x4, 0x4e, 0x22,
    0x11, 0x50, 0xbf, 0x84, 0x44, 0x22, 0x21, 0x11,
    0xc, 0x84, 0x44, 0x30, 0x21, 0x80, 0x0,

    /* U+8BB0 "记" */
    0x80, 0x3, 0x7f, 0x88, 0x4, 0x0, 0x2e, 0x1,
    0x10, 0x8, 0x9f, 0xc4, 0x82, 0x24, 0x1, 0x60,
    0xd, 0x0, 0x48, 0x20, 0x7f, 0x0,

    /* U+8BB2 "讲" */
    0x43, 0x20, 0xc8, 0x81, 0x22, 0x3, 0xfe, 0xe2,
    0x20, 0x88, 0x82, 0x22, 0x8b, 0xff, 0x22, 0x20,
    0xa8, 0x83, 0x42, 0x9, 0x8, 0x8, 0x20,

    /* U+8BB3 "讳" */
    0x40, 0x81, 0x4, 0x87, 0xfe, 0x41, 0x6, 0x9,
    0x13, 0xf8, 0x82, 0x5, 0xfe, 0x20, 0x91, 0x44,
    0x8c, 0x2c, 0x41, 0x0, 0x8, 0x0,

    /* U+8BB6 "讶" */
    0x40, 0x8, 0x9f, 0xe1, 0x2, 0x0, 0x88, 0xe2,
    0x20, 0x90, 0xa2, 0x7f, 0xc8, 0x18, 0x20, 0xe0,
    0x82, 0x82, 0x92, 0xc, 0x88, 0x2c, 0x20, 0x1,
    0x80,

    /* U+8BB8 "许" */
    0x42, 0x1, 0x90, 0x4, 0x84, 0xb, 0xce, 0x88,
    0x14, 0x40, 0x82, 0x5, 0xff, 0x20, 0x81, 0x4,
    0xe, 0x20, 0x41, 0x0, 0x8, 0x0,

    /* U+8BB9 "讹" */
    0x40, 0x1, 0x94, 0x5, 0x20, 0x9, 0x2e, 0x4a,
    0x16, 0x50, 0xd3, 0x6, 0x90, 0x27, 0x81, 0x24,
    0xf, 0x20, 0x49, 0x20, 0x4f, 0x80,

    /* U+8BBA "论" */
    0x40, 0xc1, 0x84, 0x4, 0x50, 0x4, 0x4e, 0x21,
    0x13, 0xc, 0xc8, 0xa4, 0x48, 0x22, 0x81, 0x18,
    0xa, 0x82, 0x64, 0x12, 0x3f, 0x80,

    /* U+8BBC "讼" */
    0x40, 0x1, 0x92, 0x4, 0x90, 0x8, 0x8e, 0x42,
    0x14, 0x10, 0xa2, 0x44, 0x21, 0x21, 0x1, 0x12,
    0xb, 0x8, 0x68, 0x22, 0xff, 0x0, 0x8,

    /* U+8BBD "讽" */
    0x40, 0x21, 0x3f, 0x5, 0x8, 0x8, 0xce, 0x4a,
    0x12, 0xd0, 0x92, 0x84, 0x94, 0x25, 0xa1, 0x33,
    0x9, 0x98, 0x70, 0x30, 0x81, 0x88, 0x4,

    /* U+8BBE "设" */
    0x40, 0x0, 0x8f, 0x81, 0x22, 0x0, 0x88, 0xe4,
    0x20, 0xa0, 0xc2, 0x7f, 0x9, 0x4, 0x22, 0x20,
    0x85, 0x3, 0x88, 0x8, 0x58, 0xa, 0x18,

    /* U+8BBF "访" */
    0x82, 0x3, 0x8, 0x8, 0x24, 0x1f, 0xf6, 0x20,
    0x11, 0xf0, 0x88, 0x84, 0x44, 0x24, 0x21, 0x61,
    0xd, 0x8, 0x50, 0x40, 0xc, 0x0,

    /* U+8BC0 "诀" */
    0x40, 0x80, 0x82, 0x1, 0x9, 0x0, 0xfc, 0xe0,
    0x90, 0x82, 0x42, 0x9, 0xb, 0xff, 0x20, 0x80,
    0x85, 0x2, 0x94, 0xc, 0x8c, 0x4, 0x18, 0x60,
    0x0,

    /* U+8BC1 "证" */
    0x40, 0x11, 0x7f, 0xc4, 0x20, 0x1, 0xe, 0x8,
    0x12, 0x48, 0x93, 0xc4, 0x90, 0x24, 0x81, 0x64,
    0xd, 0x20, 0x49, 0x24, 0xff, 0x80,

    /* U+8BC4 "评" */
    0x40, 0x11, 0x3f, 0xc4, 0x20, 0x9, 0x3e, 0x49,
    0x11, 0x50, 0x82, 0x25, 0xff, 0x20, 0x81, 0x4,
    0xe, 0x20, 0x41, 0x0, 0x8, 0x0,

    /* U+8BC5 "诅" */
    0x40, 0x10, 0x9f, 0xc1, 0x41, 0x9, 0x4, 0x67,
    0xf0, 0x90, 0x42, 0x41, 0x9, 0x4, 0x27, 0xf0,
    0xb0, 0x43, 0x41, 0x9, 0x4, 0xf, 0xfc,

    /* U+8BC6 "识" */
    0x40, 0x10, 0x9f, 0xc1, 0x41, 0x1, 0x4, 0xe4,
    0x10, 0x90, 0x42, 0x41, 0x9, 0xfc, 0x24, 0x10,
    0x8c, 0x83, 0xa1, 0x9, 0x2, 0x28, 0x8, 0x0,
    0x0,

    /* U+8BC8 "诈" */
    0x42, 0x1, 0x90, 0x5, 0x4, 0xf, 0xce, 0x90,
    0x14, 0x80, 0x87, 0xc4, 0x22, 0x21, 0xf1, 0x48,
    0xc, 0x40, 0x42, 0x0, 0x10, 0x0,

    /* U+8BC9 "诉" */
    0x80, 0xf3, 0x38, 0x9, 0x1, 0xc8, 0x22, 0x7f,
    0x92, 0x20, 0x91, 0x4, 0x98, 0x24, 0x71, 0x62,
    0x8e, 0x10, 0x50, 0x81, 0x4, 0x0,

    /* U+8BCA "诊" */
    0x40, 0x81, 0xc, 0x4, 0x50, 0x4, 0x4e, 0x41,
    0x14, 0x64, 0x84, 0x4, 0x4c, 0x24, 0xc1, 0x8,
    0xcf, 0x88, 0x41, 0x80, 0x30, 0x6, 0x0,

    /* U+8BCD "词" */
    0x40, 0x11, 0x3f, 0x84, 0x4, 0x5f, 0xe6, 0x1,
    0x13, 0xe8, 0x91, 0x44, 0x8a, 0x24, 0x51, 0x3e,
    0x8d, 0x4, 0x40, 0x20, 0x3, 0x0,

    /* U+8BD1 "译" */
    0x40, 0x1, 0x3f, 0x84, 0x88, 0x2, 0xce, 0xc,
    0x10, 0x9c, 0x9a, 0x44, 0xfe, 0x20, 0x81, 0x44,
    0xf, 0xfe, 0x41, 0x0, 0x8, 0x0,

    /* U+8BD5 "试" */
    0x40, 0x40, 0x81, 0x41, 0x4, 0x80, 0x12, 0xe7,
    0xf0, 0x81, 0x2, 0xfc, 0x8, 0x90, 0x22, 0x40,
    0x88, 0x83, 0xaa, 0xb, 0xce, 0x0, 0x18, 0x0,
    0x0,

    /* U+8BD7 "诗" */
    0x40, 0x81, 0x4, 0x85, 0xfe, 0x1, 0x6, 0x8,
    0x97, 0xfc, 0x80, 0x85, 0xff, 0x20, 0x21, 0x19,
    0xc, 0x48, 0x40, 0x40, 0xe, 0x0,

    /* U+8BDA "诚" */
    0x40, 0x40, 0xc1, 0x41, 0x4, 0x83, 0xfe, 0x6c,
    0x40, 0xbf, 0x42, 0xd5, 0xb, 0x54, 0x2d, 0x20,
    0xf4, 0x82, 0xb5, 0xa, 0x26, 0x11, 0x8,

    /* U+8BDD "话" */
    0x40, 0x71, 0x7c, 0x4, 0x21, 0xc1, 0x2, 0xff,
    0x90, 0x40, 0x82, 0x4, 0xfe, 0x24, 0x11, 0xe0,
    0x8d, 0x4, 0x4f, 0xe0, 0x41, 0x0,

    /* U+8BDE "诞" */
    0x40, 0x18, 0xb9, 0x80, 0x4a, 0x9, 0x8, 0x68,
    0xa8, 0xba, 0xc2, 0x2a, 0xa, 0xa8, 0x2a, 0xa8,
    0x93, 0xf3, 0x40, 0x1a, 0xc0, 0x10, 0xf8,

    /* U+8BE1 "诡" */
    0x42, 0x21, 0x1f, 0x5, 0x8, 0x8, 0x9e, 0xff,
    0x92, 0x0, 0x97, 0xc4, 0xa2, 0x25, 0x11, 0x69,
    0x8d, 0x40, 0x52, 0x10, 0x9f, 0x80,

    /* U+8BE2 "询" */
    0x82, 0x3, 0x20, 0x9, 0xfe, 0x8, 0x2e, 0x85,
    0x17, 0xe8, 0x91, 0x44, 0xfa, 0x24, 0x51, 0x7e,
    0x8c, 0x4, 0x40, 0x20, 0x7, 0x0,

    /* U+8BE5 "该" */
    0x81, 0x3, 0x4, 0x8, 0x6, 0xf, 0xce, 0x20,
    0x11, 0x30, 0x91, 0x4, 0xf2, 0x21, 0x21, 0x13,
    0xf, 0x30, 0x42, 0x60, 0x21, 0x6, 0x0,

    /* U+8BE6 "详" */
    0x44, 0x21, 0x19, 0x4, 0x50, 0x1f, 0xfe, 0x8,
    0x10, 0x48, 0x9f, 0xc4, 0x10, 0x20, 0x81, 0x7f,
    0xca, 0x20, 0x61, 0x0, 0x8, 0x0,

    /* U+8BEB "诫" */
    0x40, 0x40, 0x81, 0x21, 0x4, 0x3, 0xfe, 0xe0,
    0x40, 0x95, 0x2, 0x55, 0xb, 0xf4, 0x25, 0x20,
    0xb4, 0x83, 0x56, 0xa, 0x66, 0x1, 0x8,

    /* U+8BEC "诬" */
    0x40, 0x0, 0xdf, 0xe1, 0x8, 0x0, 0xac, 0xe2,
    0xa0, 0x92, 0x82, 0x4a, 0x9, 0xac, 0x29, 0xc8,
    0xa3, 0x23, 0x8, 0x8, 0x22, 0xf, 0xf8,

    /* U+8BED "语" */
    0x40, 0x11, 0x7f, 0x84, 0x40, 0x1f, 0xce, 0x22,
    0x11, 0x10, 0xbf, 0xe4, 0x0, 0x27, 0xf1, 0x21,
    0xd, 0x8, 0x4f, 0xc0, 0x42, 0x0,

    /* U+8BEF "误" */
    0x40, 0x0, 0x9f, 0xc1, 0x41, 0x1, 0x4, 0xe7,
    0xf0, 0x80, 0x42, 0x7f, 0x88, 0x22, 0x2f, 0xfc,
    0x82, 0x3, 0x94, 0x8, 0x8c, 0x4, 0x18,

    /* U+8BF1 "诱" */
    0x40, 0x0, 0x8f, 0xc1, 0x8, 0x3, 0xfe, 0xe1,
    0xc0, 0x8a, 0xc2, 0xc8, 0x89, 0xf8, 0x21, 0x20,
    0x89, 0xe3, 0xa0, 0x89, 0x4, 0x8, 0x30,

    /* U+8BF2 "诲" */
    0x43, 0x0, 0x88, 0x21, 0x7f, 0xc1, 0x0, 0xeb,
    0xf0, 0x8a, 0x42, 0x25, 0xb, 0xff, 0x24, 0x90,
    0xf2, 0x62, 0x7f, 0x88, 0x4, 0x0, 0x60,

    /* U+8BF4 "说" */
    0x88, 0x23, 0x31, 0x8, 0x90, 0xf, 0xee, 0x41,
    0x12, 0x8, 0x90, 0x44, 0xfe, 0x25, 0x41, 0x4a,
    0xc, 0x90, 0x44, 0x90, 0xc7, 0x80,

    /* U+8BF5 "诵" */
    0x40, 0x1, 0x3f, 0x84, 0x8, 0x43, 0x86, 0x7f,
    0x12, 0x48, 0x9f, 0xc4, 0x92, 0x24, 0x91, 0x3f,
    0x8f, 0x24, 0xc9, 0x20, 0x4b, 0x0,

    /* U+8BF7 "请" */
    0x40, 0xc1, 0x84, 0x7, 0xfe, 0x1, 0x2e, 0x3e,
    0x17, 0xfc, 0x9f, 0xc4, 0x82, 0x27, 0xf1, 0x20,
    0x89, 0xfc, 0x68, 0x20, 0x43, 0x0,

    /* U+8BF8 "诸" */
    0x41, 0x0, 0x85, 0x21, 0x7f, 0x0, 0x48, 0x61,
    0x68, 0xbf, 0xf2, 0x8, 0x8, 0xfc, 0x26, 0x10,
    0x8f, 0xc2, 0xa1, 0xc, 0x84, 0x63, 0xf0,

    /* U+8BFA "诺" */
    0x42, 0x20, 0x88, 0xa1, 0xff, 0x80, 0x88, 0xe2,
    0xa0, 0x84, 0x22, 0xff, 0xc8, 0x40, 0x23, 0xf0,
    0xf8, 0x43, 0xa1, 0x8, 0xfc, 0x2, 0x10,

    /* U+8BFB "读" */
    0x40, 0x80, 0xc2, 0x41, 0x7f, 0x80, 0x20, 0x6f,
    0xf8, 0x89, 0x22, 0x15, 0x8, 0x90, 0x20, 0x80,
    0xbf, 0xe2, 0xa, 0xe, 0x46, 0x22, 0x8, 0x30,
    0x0,

    /* U+8BFD "诽" */
    0x42, 0x41, 0x92, 0x87, 0x9e, 0x44, 0x86, 0x25,
    0x17, 0x3c, 0x89, 0x4, 0x48, 0x22, 0x41, 0x73,
    0xc8, 0x90, 0x64, 0x80, 0x24, 0x0,

    /* U+8BFE "课" */
    0x80, 0x1, 0x9f, 0xc2, 0x49, 0x1, 0xfc, 0x64,
    0x90, 0x9f, 0xc2, 0x8, 0xb, 0xfe, 0x21, 0xc0,
    0xaf, 0x3, 0x2b, 0xb, 0x22, 0x0, 0x80,

    /* U+8C01 "谁" */
    0x42, 0x80, 0x89, 0x1, 0x40, 0x81, 0xfc, 0xe4,
    0x40, 0xb1, 0x42, 0x7f, 0x89, 0x14, 0x27, 0xf8,
    0xb1, 0x3, 0x44, 0x89, 0xff, 0x4, 0x0,

    /* U+8C03 "调" */
    0x40, 0x0, 0x9f, 0xe1, 0x48, 0x81, 0x2a, 0xe5,
    0xc8, 0x92, 0xa2, 0x54, 0x89, 0x7a, 0x26, 0x28,
    0xf7, 0xa2, 0x82, 0x8a, 0x2, 0x10, 0x18,

    /* U+8C05 "谅" */
    0x81, 0x3, 0x4, 0x4b, 0xfe, 0x0, 0xe, 0x7f,
    0x12, 0x8, 0x90, 0x44, 0xfe, 0x24, 0x81, 0x55,
    0xd, 0x24, 0x51, 0x21, 0x18, 0x0,

    /* U+8C06 "谆" */
    0x40, 0x81, 0x2, 0x45, 0xec, 0x4f, 0xe6, 0x41,
    0x13, 0xf8, 0x90, 0x4, 0xfe, 0x20, 0xc9, 0x7f,
    0xcc, 0x20, 0x41, 0x0, 0x38, 0x0,

    /* U+8C08 "谈" */
    0x40, 0xc1, 0x14, 0x84, 0xa4, 0x9, 0x4e, 0xc,
    0x10, 0x98, 0x9a, 0x24, 0x10, 0x22, 0x99, 0x37,
    0xd, 0x50, 0x42, 0x40, 0x21, 0x86, 0x4,

    /* U+8C0A "谊" */
    0x41, 0x1, 0x4, 0x3, 0xfc, 0x50, 0x27, 0x7e,
    0x12, 0x10, 0x90, 0x84, 0xfc, 0x24, 0x21, 0x3f,
    0xf, 0x8, 0x48, 0x40, 0xff, 0x80,

    /* U+8C0B "谋" */
    0x2, 0x21, 0x11, 0x7, 0xfe, 0x4, 0x4e, 0x3e,
    0x11, 0x10, 0x8f, 0x84, 0x10, 0x2f, 0xf9, 0xe,
    0xe, 0xa8, 0x49, 0x30, 0x8, 0x0,

    /* U+8C0D "谍" */
    0x45, 0x21, 0x29, 0x3, 0xfe, 0xa, 0x4e, 0x52,
    0x12, 0xe8, 0x9f, 0xe4, 0x32, 0x2f, 0xf9, 0x1c,
    0xe, 0xd8, 0x5a, 0x31, 0x10, 0x0,

    /* U+8C0E "谎" */
    0x42, 0x20, 0x88, 0xa1, 0xff, 0x80, 0xa8, 0xe0,
    0x40, 0x9e, 0xc2, 0x7f, 0x8, 0x0, 0x24, 0xa0,
    0xb2, 0x83, 0x4a, 0xa, 0x2a, 0x8, 0xb8,

    /* U+8C10 "谐" */
    0x44, 0x41, 0xa2, 0x5, 0x56, 0xc, 0xce, 0x44,
    0x13, 0xa4, 0x82, 0xc4, 0xfe, 0x24, 0x11, 0x7f,
    0x8d, 0x4, 0x48, 0x24, 0x7f, 0x0,

    /* U+8C12 "谒" */
    0x80, 0x3, 0x3f, 0x89, 0x4, 0xf, 0xee, 0x41,
    0x13, 0xf8, 0x8f, 0xe4, 0x91, 0x2d, 0x11, 0x6e,
    0x8d, 0x4, 0x4f, 0xe0, 0x3, 0x0,

    /* U+8C13 "谓" */
    0x80, 0x2, 0x3f, 0xc9, 0x22, 0xf, 0xfe, 0x48,
    0x93, 0xbc, 0x8f, 0xc4, 0x82, 0x23, 0xf1, 0x20,
    0x8a, 0xfc, 0x68, 0x20, 0x43, 0x0,

    /* U+8C1A "谚" */
    0x40, 0x81, 0x2, 0x5, 0xfe, 0x2, 0x6f, 0x12,
    0x93, 0xfc, 0x90, 0x84, 0x88, 0x25, 0x91, 0x23,
    0x9, 0x62, 0x74, 0x62, 0x8c, 0xb, 0x80,

    /* U+8C1C "谜" */
    0x40, 0x41, 0x52, 0x45, 0x54, 0xa, 0xae, 0x4,
    0x10, 0xfc, 0xb3, 0x4, 0x9c, 0x24, 0xd1, 0x2a,
    0xcd, 0x90, 0x5c, 0x80, 0x9f, 0x80,

    /* U+8C22 "谢" */
    0x43, 0x1, 0x10, 0x81, 0xe4, 0x9, 0x3e, 0x7f,
    0x92, 0x48, 0x9f, 0x45, 0xf6, 0x21, 0xb1, 0x54,
    0x8d, 0x24, 0x51, 0x21, 0x1b, 0x0,

    /* U+8C23 "谣" */
    0x41, 0xf1, 0x30, 0x86, 0x29, 0xcd, 0x42, 0x20,
    0x13, 0xf8, 0x92, 0x5, 0x10, 0x2f, 0xf9, 0x64,
    0xd, 0x24, 0x4f, 0xe0, 0x1, 0x0,

    /* U+8C24 "谤" */
    0x41, 0x1, 0x84, 0x5, 0xfe, 0x2, 0x46, 0x7f,
    0x94, 0x88, 0x82, 0x5, 0xff, 0x21, 0x1, 0xf,
    0x8e, 0x88, 0x44, 0x40, 0xc6, 0x0,

    /* U+8C26 "谦" */
    0x44, 0x20, 0x89, 0x1, 0xff, 0x88, 0x90, 0x6f,
    0xf0, 0x89, 0x42, 0xff, 0xc8, 0x94, 0x2f, 0xf0,
    0xd9, 0x83, 0xa6, 0xa, 0x96, 0x12, 0x48,

    /* U+8C28 "谨" */
    0x42, 0x1, 0x11, 0x47, 0xfe, 0x4, 0x46, 0x3c,
    0x13, 0xf8, 0x92, 0x44, 0xfe, 0x24, 0x91, 0x1f,
    0x8d, 0xfc, 0x41, 0x10, 0xff, 0x80,

    /* U+8C2C "谬" */
    0x40, 0x1, 0x7b, 0x85, 0x54, 0x2, 0x2e, 0x77,
    0x14, 0x8, 0x86, 0x4, 0x54, 0x2d, 0x19, 0x12,
    0xe, 0x6c, 0x4c, 0x80, 0x18, 0x7, 0x0,

    /* U+8C2D "谭" */
    0x40, 0x19, 0x3f, 0x5, 0xfe, 0x4a, 0xa6, 0x7f,
    0x10, 0x8, 0x9f, 0xc4, 0x7e, 0x24, 0x11, 0xdf,
    0xb, 0xfe, 0x41, 0x0, 0x8, 0x0,

    /* U+8C31 "谱" */
    0x42, 0x21, 0xa, 0x87, 0xfe, 0x12, 0xae, 0x55,
    0x10, 0xb0, 0xbf, 0xe4, 0x0, 0x27, 0xf1, 0x20,
    0x89, 0xfc, 0x68, 0x20, 0x7f, 0x0,

    /* U+8C34 "谴" */
    0x40, 0x40, 0xa7, 0xe0, 0x65, 0x1, 0x7c, 0xe0,
    0x48, 0x86, 0xc3, 0xdf, 0x9, 0x7c, 0x25, 0xf8,
    0x94, 0x43, 0x5f, 0xb, 0x80, 0x11, 0xf8,

    /* U+8C37 "谷" */
    0x8, 0x0, 0x83, 0x8, 0xcc, 0x8a, 0x20, 0x88,
    0x8, 0x20, 0x81, 0xcb, 0xfb, 0x90, 0x40, 0x82,
    0x4, 0x10, 0x3f, 0x81, 0x4, 0x0,

    /* U+8C41 "豁" */
    0x10, 0x20, 0x22, 0x47, 0xf0, 0xa5, 0x92, 0x38,
    0x41, 0xf2, 0x81, 0x51, 0x3f, 0xc2, 0x13, 0xf1,
    0xf4, 0x44, 0x51, 0x1f, 0x7c, 0x45, 0x10,

    /* U+8C46 "豆" */
    0x0, 0x2f, 0xff, 0x0, 0x0, 0x0, 0x3f, 0xc2,
    0x4, 0x20, 0x43, 0xfc, 0x20, 0x1, 0x8, 0x9,
    0x0, 0xa0, 0xff, 0xf0,

    /* U+8C4C "豌" */
    0x8, 0x83, 0xc2, 0x40, 0xfe, 0x8, 0x17, 0xe0,
    0x25, 0xfd, 0x33, 0x2f, 0xa9, 0x4f, 0x49, 0x8a,
    0x4d, 0x50, 0xf4, 0x94, 0x47, 0x80,

    /* U+8C61 "象" */
    0x8, 0x0, 0xfc, 0x8, 0x40, 0xff, 0xc2, 0x22,
    0x1f, 0xf0, 0x30, 0x82, 0x58, 0x2f, 0x1, 0x94,
    0x13, 0x58, 0x64, 0x74, 0x60, 0x0,

    /* U+8C6A "豪" */
    0x2, 0x0, 0x8, 0x9f, 0xfe, 0x3f, 0x81, 0xfc,
    0x8, 0x21, 0xff, 0xeb, 0xfc, 0xc, 0x3, 0xb6,
    0xf, 0xe0, 0x32, 0xce, 0x21, 0x0,

    /* U+8C6B "豫" */
    0x9, 0x3, 0xef, 0x14, 0x90, 0x6f, 0xe0, 0x29,
    0x3f, 0xf8, 0xa6, 0x44, 0x56, 0x21, 0x61, 0x37,
    0x8, 0x54, 0x4c, 0xb6, 0x8, 0x0,

    /* U+8C79 "豹" */
    0x11, 0x1, 0x8, 0x38, 0x85, 0x37, 0xe5, 0x41,
    0x33, 0xa, 0x44, 0x46, 0x12, 0xc8, 0x91, 0xc0,
    0x92, 0x4, 0x10, 0x43, 0xe, 0x0,

    /* U+8C7A "豺" */
    0x8, 0x31, 0x81, 0x14, 0x8, 0x78, 0x53, 0xbf,
    0x98, 0x33, 0x41, 0x87, 0x14, 0x49, 0x20, 0xd1,
    0x1a, 0x8, 0x10, 0x43, 0x6, 0x0,

    /* U+8C8C "貌" */
    0x8, 0x60, 0x41, 0x7, 0x1f, 0x95, 0x82, 0x29,
    0xf8, 0xe8, 0x20, 0xa0, 0x86, 0x7e, 0x64, 0xa0,
    0x72, 0x82, 0x4a, 0x12, 0x4a, 0x1a, 0x3c,

    /* U+8D1D "贝" */
    0x0, 0x21, 0xff, 0x8, 0x8, 0x44, 0x42, 0x22,
    0x11, 0x10, 0x88, 0x84, 0x44, 0x22, 0x21, 0x24,
    0x1, 0x18, 0x10, 0x63, 0x0, 0xa0, 0x0,

    /* U+8D1E "贞" */
    0x2, 0x0, 0x10, 0x80, 0xfe, 0x4, 0x3, 0xfe,
    0x10, 0x10, 0x88, 0x84, 0x44, 0x22, 0x21, 0x11,
    0x9, 0x38, 0x18, 0x61, 0x1, 0x70, 0x0,

    /* U+8D1F "负" */
    0x10, 0x0, 0x80, 0x7, 0xc0, 0x42, 0x4, 0x20,
    0x5f, 0xe2, 0x81, 0x4, 0x88, 0x24, 0x41, 0x22,
    0x9, 0x10, 0x13, 0x1, 0x86, 0x10, 0x9, 0x0,
    0x0,

    /* U+8D21 "贡" */
    0x0, 0x21, 0xff, 0xc0, 0x20, 0x0, 0x86, 0x7d,
    0xe0, 0xff, 0x82, 0x2, 0x8, 0x88, 0x22, 0x20,
    0x88, 0x82, 0x40, 0x3, 0x70, 0x70, 0x30, 0x0,
    0x0,

    /* U+8D22 "财" */
    0x4, 0x23, 0xe1, 0x11, 0xa, 0xab, 0xf5, 0x46,
    0x2a, 0x31, 0x51, 0x8a, 0x94, 0x54, 0xa0, 0xc9,
    0x9, 0x88, 0x88, 0x48, 0x6, 0x0,

    /* U+8D23 "责" */
    0x2, 0x1, 0xff, 0xe0, 0x22, 0x1f, 0xfc, 0x2,
    0x9, 0xf7, 0xc3, 0xfe, 0x8, 0x8, 0x22, 0x20,
    0x88, 0x82, 0x42, 0x2, 0x70, 0x70, 0x30, 0x0,
    0x0,

    /* U+8D24 "贤" */
    0x10, 0x2, 0xbf, 0x14, 0x88, 0xa2, 0x85, 0x1c,
    0xf, 0x18, 0xff, 0x4, 0x8, 0x24, 0x41, 0x22,
    0x9, 0x10, 0x13, 0x83, 0x3, 0x20, 0x0,

    /* U+8D25 "败" */
    0x4, 0x83, 0xe4, 0x11, 0x40, 0xab, 0xf5, 0x51,
    0x2b, 0x89, 0x5c, 0x8a, 0x94, 0x54, 0xa0, 0xc2,
    0x9, 0x38, 0x4a, 0x64, 0x21, 0x80,

    /* U+8D26 "账" */
    0x1, 0x3, 0xe9, 0x11, 0x4c, 0xaa, 0x85, 0x58,
    0x2a, 0x89, 0x5f, 0xea, 0xb0, 0x55, 0x40, 0xca,
    0x9, 0x48, 0x4a, 0xe4, 0x19, 0xc0, 0x0,

    /* U+8D27 "货" */
    0x11, 0x0, 0xc5, 0xc2, 0x1c, 0x38, 0xc2, 0x25,
    0x8, 0x83, 0xc3, 0xfe, 0x8, 0x10, 0x26, 0x40,
    0x99, 0x2, 0x44, 0x3, 0x70, 0x70, 0x30, 0x0,
    0x0,

    /* U+8D28 "质" */
    0x1, 0xf8, 0xfa, 0x2, 0x8, 0x8f, 0xfe, 0x21,
    0x0, 0xbf, 0xc2, 0x81, 0xa, 0x24, 0x29, 0x10,
    0xa4, 0x44, 0x94, 0x10, 0x8c, 0x9c, 0x8,

    /* U+8D29 "贩" */
    0x0, 0x19, 0xf7, 0x84, 0x50, 0x17, 0x40, 0x55,
    0xf9, 0x56, 0x45, 0x59, 0x15, 0x54, 0x51, 0x50,
    0x68, 0x82, 0x66, 0x9, 0xa6, 0xc5, 0x8,

    /* U+8D2A "贪" */
    0x3, 0x0, 0x12, 0x0, 0xa6, 0x4, 0x4e, 0x7f,
    0xe8, 0x1, 0x0, 0x8, 0x7, 0xf8, 0x10, 0x20,
    0x4c, 0x81, 0x22, 0x1, 0xb8, 0x18, 0x18, 0x80,
    0x0,

    /* U+8D2B "贫" */
    0x0, 0x0, 0x84, 0x8, 0x18, 0xff, 0xe0, 0x88,
    0x18, 0xc1, 0xff, 0x4, 0x8, 0x24, 0x41, 0x22,
    0x9, 0x10, 0x53, 0x1, 0x6, 0x70, 0x10,

    /* U+8D2C "贬" */
    0x4, 0x9, 0xf1, 0xc4, 0x58, 0x17, 0x10, 0x54,
    0x41, 0x57, 0xc5, 0x41, 0x15, 0x8, 0x54, 0x40,
    0x62, 0x2, 0x90, 0x8, 0xa0, 0x42, 0x78,

    /* U+8D2D "购" */
    0x0, 0x1, 0x12, 0x7, 0xd0, 0x91, 0x7e, 0x55,
    0x9, 0x58, 0x25, 0x68, 0x95, 0x22, 0x55, 0x49,
    0x54, 0xa1, 0x1e, 0x8a, 0x2, 0x24, 0x13, 0x0,
    0xc0,

    /* U+8D2E "贮" */
    0x4, 0x81, 0xf1, 0x4, 0x54, 0x95, 0x7f, 0x55,
    0x9, 0x58, 0x5, 0x40, 0x15, 0x0, 0x54, 0x0,
    0xc0, 0x2, 0x80, 0x91, 0x7f, 0x80, 0x0,

    /* U+8D2F "贯" */
    0x0, 0x21, 0xff, 0x8, 0x8b, 0xff, 0xf2, 0x22,
    0xe, 0xf0, 0xff, 0xc4, 0x4, 0x22, 0x21, 0x31,
    0x9, 0x88, 0x4b, 0x81, 0x82, 0x70, 0x0,

    /* U+8D30 "贰" */
    0x0, 0x0, 0x7, 0x0, 0x24, 0xff, 0xc7, 0xe8,
    0x1, 0x41, 0xf2, 0xf, 0xd0, 0x42, 0x82, 0x92,
    0x14, 0x90, 0xb4, 0x52, 0x43, 0xa1, 0xc,

    /* U+8D31 "贱" */
    0x4, 0x81, 0xf2, 0x84, 0x48, 0x15, 0x26, 0x55,
    0xe1, 0x52, 0x25, 0x4f, 0x15, 0x62, 0x54, 0x50,
    0xa1, 0x82, 0x46, 0x49, 0x2d, 0x43, 0xc,

    /* U+8D34 "贴" */
    0x4, 0x43, 0xe2, 0x11, 0x10, 0xa8, 0xf5, 0x44,
    0x2a, 0x21, 0x51, 0x4a, 0xbe, 0x55, 0x10, 0xc8,
    0x89, 0x44, 0x4b, 0xe4, 0x11, 0x0,

    /* U+8D35 "贵" */
    0x0, 0x0, 0x8, 0x3, 0xff, 0x8, 0x88, 0x22,
    0x20, 0x7f, 0xf, 0xff, 0x80, 0x0, 0x3f, 0xe0,
    0x80, 0x82, 0x22, 0x8, 0x88, 0x5, 0xc0, 0xe0,
    0xc4, 0x0, 0x0,

    /* U+8D38 "贸" */
    0x8, 0x2, 0xff, 0x9c, 0x48, 0x92, 0x47, 0x26,
    0x2, 0x20, 0xff, 0x4, 0x8, 0x24, 0x41, 0x22,
    0xb, 0x10, 0x33, 0x86, 0x3, 0x0, 0x0,

    /* U+8D39 "费" */
    0x9, 0x7, 0xff, 0x2, 0x48, 0xff, 0xc4, 0x90,
    0x3f, 0xf8, 0x85, 0xdf, 0xf8, 0x24, 0x41, 0x22,
    0x9, 0x10, 0x5b, 0x81, 0x3, 0x70, 0x0,

    /* U+8D3A "贺" */
    0x10, 0x1, 0x9, 0x3f, 0x78, 0x4a, 0x44, 0x5e,
    0x44, 0x80, 0xff, 0x4, 0x8, 0x26, 0x41, 0x22,
    0x9, 0x10, 0x5b, 0x81, 0x3, 0x70, 0x0,

    /* U+8D3C "贼" */
    0x8, 0x41, 0xf1, 0x24, 0x84, 0x96, 0xfe, 0x68,
    0x41, 0xa5, 0x26, 0x95, 0x1a, 0xf4, 0x69, 0x50,
    0xc4, 0x82, 0x92, 0x8, 0x94, 0x42, 0x9a, 0x4,
    0x20,

    /* U+8D3E "贾" */
    0x0, 0x7, 0xff, 0x82, 0x40, 0xff, 0xc4, 0x92,
    0x3f, 0xf1, 0x0, 0x87, 0xf8, 0x20, 0x41, 0x22,
    0x9, 0x10, 0x13, 0x83, 0x3, 0x20, 0x0,

    /* U+8D3F "贿" */
    0x4, 0x41, 0xf3, 0x4, 0x7f, 0xd5, 0x20, 0x55,
    0x9, 0x57, 0xe5, 0x50, 0x95, 0x7e, 0x55, 0x8,
    0xc7, 0xe2, 0x90, 0x91, 0x42, 0x81, 0x18,

    /* U+8D41 "赁" */
    0x18, 0x70, 0x4b, 0x0, 0x82, 0x7, 0x7f, 0xc2,
    0x8, 0x4, 0x12, 0x0, 0xd8, 0x1f, 0xf0, 0x20,
    0x20, 0x44, 0x40, 0x88, 0x80, 0x27, 0x3, 0x81,
    0x80, 0x0, 0x0,

    /* U+8D42 "赂" */
    0x0, 0x81, 0xf2, 0x4, 0x5f, 0x17, 0x44, 0x56,
    0xa1, 0x51, 0x5, 0x4b, 0x15, 0x42, 0x55, 0xf0,
    0x64, 0x42, 0x51, 0x9, 0x7c, 0xc1, 0x10,

    /* U+8D43 "赃" */
    0x8, 0x21, 0xe0, 0x84, 0xbf, 0xd2, 0x80, 0x6a,
    0x21, 0xa8, 0x86, 0xaf, 0xda, 0x88, 0x6a, 0x20,
    0xc8, 0x82, 0xa2, 0x13, 0x8, 0x45, 0xfe, 0x0,
    0x0,

    /* U+8D44 "资" */
    0x0, 0x0, 0x20, 0x13, 0xfc, 0x72, 0x43, 0x10,
    0x61, 0x41, 0x11, 0x8b, 0x2, 0x3f, 0xc1, 0x22,
    0x9, 0x10, 0x48, 0x80, 0x9c, 0x38, 0x10, 0x0,
    0x0,

    /* U+8D4A "赊" */
    0x4, 0x41, 0xf3, 0x4, 0x4a, 0x15, 0x44, 0x55,
    0xd, 0x5f, 0xc5, 0x40, 0x95, 0xff, 0x54, 0x40,
    0x45, 0x82, 0x95, 0x88, 0x92, 0x40, 0xc0,

    /* U+8D4B "赋" */
    0x0, 0x21, 0xe2, 0xa4, 0xbe, 0x96, 0xa, 0x6f,
    0xfd, 0xa2, 0x86, 0xae, 0x1a, 0xb8, 0x6a, 0xa0,
    0xca, 0xc2, 0xab, 0x10, 0xd6, 0x84, 0xc,

    /* U+8D4C "赌" */
    0x4, 0x83, 0xe4, 0xd1, 0xfc, 0xa9, 0x45, 0x4a,
    0x2b, 0xfd, 0x52, 0xa, 0xbe, 0x53, 0x11, 0x8f,
    0x8a, 0x44, 0x4a, 0x24, 0x1f, 0x0,

    /* U+8D4E "赎" */
    0x0, 0x41, 0xf1, 0x4, 0x5f, 0x95, 0x10, 0x57,
    0xf9, 0x50, 0xa5, 0x4a, 0x15, 0x48, 0x50, 0x48,
    0x4f, 0xf2, 0x86, 0x9, 0x26, 0x45, 0x8, 0x0,
    0x0,

    /* U+8D4F "赏" */
    0x2, 0x21, 0x92, 0x14, 0xa6, 0xda, 0xe9, 0xfd,
    0x8, 0x20, 0x7f, 0x7, 0xfc, 0x20, 0x21, 0x11,
    0x9, 0x8, 0x1b, 0x83, 0x3, 0x20, 0x0,

    /* U+8D50 "赐" */
    0x4, 0x13, 0xef, 0xd1, 0x44, 0xab, 0xe5, 0x51,
    0x2a, 0xf9, 0x54, 0xa, 0xbf, 0x56, 0xb1, 0x8a,
    0x8a, 0x94, 0x49, 0x2c, 0x13, 0x0,

    /* U+8D54 "赔" */
    0x0, 0x83, 0xe2, 0x11, 0x7e, 0xaa, 0x25, 0x52,
    0x2a, 0x65, 0x5f, 0xea, 0x80, 0x55, 0xf1, 0x88,
    0x8a, 0x44, 0x8b, 0xe8, 0x11, 0x0,

    /* U+8D56 "赖" */
    0x10, 0xc0, 0x52, 0xf, 0xf7, 0x84, 0x48, 0x7f,
    0xfd, 0x54, 0x25, 0x52, 0x9f, 0x4a, 0x11, 0x28,
    0xf4, 0xa5, 0x46, 0x24, 0x36, 0x11, 0x8, 0x0,
    0x0,

    /* U+8D58 "赘" */
    0x15, 0x3, 0xcf, 0xbf, 0x88, 0x2e, 0x46, 0x94,
    0x3e, 0x61, 0x24, 0xd7, 0xf8, 0x20, 0x41, 0x22,
    0x9, 0x10, 0x4b, 0x81, 0x83, 0x70, 0x0,

    /* U+8D5A "赚" */
    0xa, 0x21, 0xe4, 0x84, 0x84, 0x96, 0xfc, 0x6b,
    0xf1, 0xa5, 0x46, 0xff, 0xda, 0x54, 0x6b, 0xf0,
    0xcd, 0x82, 0xd5, 0x11, 0x52, 0x81, 0x40,

    /* U+8D5B "赛" */
    0x2, 0x1, 0xff, 0xec, 0x89, 0x7, 0xf8, 0x3f,
    0xe0, 0x22, 0x43, 0xfe, 0x7, 0xf8, 0x70, 0x5a,
    0x49, 0x1, 0x24, 0x3, 0x30, 0x30, 0x31, 0x0,
    0x0,

    /* U+8D5E "赞" */
    0x0, 0x2, 0x94, 0x1f, 0xfd, 0x21, 0x2f, 0xff,
    0x28, 0xa1, 0x59, 0x11, 0x86, 0x3f, 0xc1, 0x2,
    0x9, 0x10, 0x48, 0x80, 0x9c, 0x18, 0x19, 0x0,
    0x0,

    /* U+8D60 "赠" */
    0x9, 0x13, 0xc5, 0x12, 0xfe, 0xd4, 0x96, 0xb6,
    0xb5, 0x65, 0xaf, 0xed, 0x40, 0x69, 0xf1, 0x88,
    0x8a, 0x7c, 0x8b, 0xe8, 0x11, 0x0,

    /* U+8D61 "赡" */
    0x1, 0x3, 0xcf, 0x12, 0x94, 0xbf, 0xf6, 0xc9,
    0x36, 0xa1, 0xb7, 0xed, 0xbe, 0x6d, 0xf1, 0xa0,
    0x8b, 0x7c, 0x8b, 0xe8, 0x91, 0x0,

    /* U+8D62 "赢" */
    0x2, 0x0, 0x8, 0x2f, 0xdf, 0xf, 0xfc, 0x3f,
    0xf0, 0xff, 0x82, 0x2, 0x15, 0xd4, 0x77, 0x51,
    0x5d, 0xc7, 0x77, 0x15, 0x64, 0xb4, 0x9c,

    /* U+8D63 "赣" */
    0x0, 0x0, 0x54, 0x47, 0xfe, 0xb, 0xa8, 0x34,
    0xf1, 0x2c, 0x27, 0xce, 0x11, 0x12, 0x7d, 0xb1,
    0xf7, 0xc1, 0x55, 0x3f, 0xd4, 0x10, 0xb0, 0x44,
    0x20,

    /* U+8D64 "赤" */
    0x2, 0x0, 0x8, 0x3, 0xff, 0x0, 0x80, 0x2,
    0xb, 0xff, 0xe0, 0x48, 0x1, 0x28, 0x24, 0x91,
    0x12, 0x2c, 0x88, 0x82, 0x20, 0x12, 0x80, 0x4,
    0x0,

    /* U+8D66 "赦" */
    0x10, 0x80, 0x84, 0x3f, 0xa0, 0x23, 0xff, 0xf2,
    0x15, 0x91, 0xba, 0x95, 0x54, 0xaa, 0x41, 0x42,
    0x12, 0x28, 0x92, 0x69, 0xa1, 0x0,

    /* U+8D6B "赫" */
    0x10, 0x40, 0x41, 0x47, 0xdf, 0x85, 0x10, 0xff,
    0xf8, 0xa2, 0x86, 0x8b, 0x2b, 0xaa, 0xae, 0xaa,
    0xb2, 0xa4, 0x92, 0x12, 0x48, 0x8a, 0x60,

    /* U+8D70 "走" */
    0x2, 0x0, 0x11, 0xf, 0xfc, 0x4, 0x0, 0x21,
    0x7f, 0xfc, 0x8, 0x2, 0x44, 0x13, 0xf1, 0x10,
    0xc, 0x80, 0x9c, 0x8, 0x3f, 0x80,

    /* U+8D74 "赴" */
    0x10, 0x80, 0xa4, 0x3f, 0xa0, 0x21, 0xf, 0xee,
    0x8, 0x49, 0x42, 0xb, 0xd0, 0x50, 0x82, 0x84,
    0x34, 0x21, 0x60, 0x0, 0xff, 0x0,

    /* U+8D75 "赵" */
    0x10, 0x0, 0xa1, 0x1f, 0x48, 0x21, 0x41, 0x4,
    0x7f, 0x21, 0x53, 0xb, 0xd4, 0x51, 0x22, 0x90,
    0xac, 0x1, 0x20, 0x8, 0xff, 0x0,

    /* U+8D76 "赶" */
    0x10, 0x10, 0xa7, 0x1f, 0x10, 0x20, 0x81, 0x4,
    0x7f, 0x21, 0x57, 0xcb, 0xc8, 0x50, 0x42, 0x82,
    0x2c, 0x11, 0x20, 0x8, 0xff, 0x80,

    /* U+8D77 "起" */
    0x10, 0x10, 0xa7, 0x9f, 0x84, 0x28, 0x2f, 0xff,
    0xc, 0x81, 0x54, 0xb, 0xa0, 0x51, 0xa, 0x88,
    0x54, 0x7f, 0x60, 0x8, 0xff, 0x80,

    /* U+8D81 "趁" */
    0x10, 0x40, 0x86, 0x1f, 0x28, 0x2a, 0xbf, 0xe8,
    0xc, 0x91, 0x51, 0xb, 0xd2, 0x51, 0x22, 0x86,
    0x1c, 0xc1, 0x20, 0x8, 0xff, 0x80,

    /* U+8D85 "超" */
    0x10, 0x10, 0xaf, 0x9f, 0xa4, 0x21, 0x21, 0x57,
    0x35, 0x11, 0x47, 0xcb, 0xe2, 0x51, 0x12, 0x8f,
    0xac, 0x45, 0x20, 0x8, 0xff, 0x80,

    /* U+8D8A "越" */
    0x0, 0x0, 0x82, 0x5, 0x16, 0x73, 0xf1, 0x14,
    0xa, 0xa5, 0xfd, 0x43, 0xaa, 0x5f, 0x22, 0x89,
    0x14, 0xd6, 0xe1, 0x19, 0x0, 0x7, 0xfc,

    /* U+8D8B "趋" */
    0x10, 0x80, 0x85, 0x1f, 0x58, 0x22, 0x41, 0x44,
    0x34, 0xf9, 0x50, 0x4b, 0x9e, 0x50, 0x12, 0x80,
    0x94, 0x7d, 0x60, 0x0, 0xff, 0x80,

    /* U+8D9F "趟" */
    0x10, 0x40, 0x49, 0x47, 0xd5, 0x4, 0x18, 0xff,
    0x98, 0x6b, 0xa7, 0x2a, 0x95, 0xaa, 0x5a, 0xe9,
    0x48, 0x2b, 0x23, 0xa4, 0x0, 0x8f, 0xf8,

    /* U+8DA3 "趣" */
    0x20, 0x41, 0x3c, 0x3f, 0x3e, 0x49, 0x22, 0x79,
    0x7e, 0x48, 0xd2, 0xcf, 0xf6, 0xa5, 0xad, 0x76,
    0x78, 0x31, 0x60, 0x0, 0xff, 0x80,

    /* U+8DB3 "足" */
    0x0, 0x3, 0xfc, 0x20, 0x42, 0x4, 0x20, 0x43,
    0xfc, 0x22, 0x40, 0x20, 0x33, 0xe2, 0x20, 0x32,
    0x4, 0xe0, 0x83, 0xf0,

    /* U+8DB4 "趴" */
    0x0, 0x3, 0xe2, 0x12, 0x50, 0x92, 0x87, 0x94,
    0x28, 0x91, 0x44, 0x8b, 0xc4, 0x52, 0x22, 0x91,
    0x95, 0x4, 0xf8, 0x20, 0x81, 0x80,

    /* U+8DBE "趾" */
    0x0, 0x43, 0xc2, 0x12, 0x10, 0x94, 0x87, 0xa4,
    0x9, 0x3d, 0x49, 0xb, 0xc8, 0x52, 0x42, 0x92,
    0x15, 0x91, 0xf4, 0x9c, 0x7f, 0x80,

    /* U+8DC3 "跃" */
    0x0, 0x11, 0xf1, 0xe4, 0x5c, 0x11, 0x10, 0x7c,
    0x40, 0x41, 0x25, 0x5f, 0x17, 0x10, 0x50, 0xa1,
    0x42, 0x85, 0x51, 0x1e, 0x86, 0x4, 0x8,

    /* U+8DCB "跋" */
    0x1, 0x3, 0xe9, 0x12, 0x44, 0x8f, 0xf7, 0x90,
    0x8, 0xf9, 0x4c, 0x8b, 0xe4, 0x52, 0xa2, 0x92,
    0x15, 0x11, 0xfb, 0x60, 0x21, 0x80,

    /* U+8DCC "跌" */
    0x0, 0x41, 0xf5, 0x4, 0x54, 0x11, 0xbe, 0x7e,
    0x40, 0x41, 0x25, 0x3f, 0x97, 0x10, 0x50, 0xa1,
    0x42, 0x85, 0x11, 0x1f, 0x46, 0x6, 0xc,

    /* U+8DD1 "跑" */
    0x1, 0x3, 0xc8, 0x52, 0xfe, 0x94, 0x17, 0xbc,
    0x89, 0x25, 0x49, 0x2b, 0xf9, 0x52, 0x4a, 0x91,
    0x96, 0x80, 0xe4, 0x1c, 0x3f, 0x80,

    /* U+8DDB "跛" */
    0x0, 0x41, 0xe1, 0x4, 0xa4, 0x92, 0xfe, 0x7a,
    0x40, 0x89, 0x66, 0xbb, 0x16, 0xc4, 0x62, 0xa1,
    0x89, 0x86, 0x46, 0x1f, 0x2c, 0x8b, 0x8,

    /* U+8DDD "距" */
    0x4, 0x13, 0xef, 0xd1, 0x40, 0x8a, 0x7, 0xdf,
    0x2e, 0x88, 0x44, 0x4a, 0xa2, 0x59, 0xf2, 0x88,
    0x14, 0xc1, 0xfa, 0xc, 0x1f, 0x80, 0x0,

    /* U+8DDF "跟" */
    0x0, 0x13, 0xff, 0xd2, 0x84, 0x97, 0xe7, 0xa1,
    0x9, 0x9, 0x4f, 0xcb, 0xd0, 0x52, 0x92, 0x93,
    0x14, 0x88, 0xfd, 0x20, 0x30, 0x80,

    /* U+8DE8 "跨" */
    0x8, 0xc3, 0xc4, 0x12, 0xfe, 0x92, 0x87, 0x92,
    0x35, 0xfc, 0xa0, 0x4b, 0xbc, 0x61, 0x3, 0x1f,
    0x98, 0x4, 0xf0, 0x40, 0x6, 0x0,

    /* U+8DEA "跪" */
    0x49, 0x21, 0xe7, 0x84, 0x92, 0x12, 0xfe, 0x7e,
    0x0, 0x88, 0x46, 0xaf, 0x16, 0xa4, 0x62, 0x91,
    0x8a, 0xc6, 0x48, 0x1f, 0x22, 0x88, 0xf8,

    /* U+8DEF "路" */
    0x0, 0x1, 0xe6, 0x4, 0x9f, 0x12, 0xcc, 0x7c,
    0xe1, 0x83, 0x2, 0x93, 0x16, 0x87, 0x67, 0xf1,
    0x88, 0x45, 0xa1, 0x38, 0xfc, 0x2, 0x10,

    /* U+8DF3 "跳" */
    0x1, 0x21, 0xe4, 0x84, 0x92, 0x13, 0x4a, 0x7b,
    0x31, 0x84, 0x86, 0x92, 0x16, 0xce, 0x65, 0x25,
    0x84, 0x86, 0xa2, 0x5c, 0x89, 0x84, 0x3c,

    /* U+8DF5 "践" */
    0x1, 0x43, 0xc9, 0x12, 0x40, 0x93, 0xe7, 0xb0,
    0x10, 0x89, 0xbf, 0x8b, 0x92, 0x60, 0xb3, 0x7,
    0x19, 0x32, 0xf2, 0xe0, 0x61, 0x80,

    /* U+8DF7 "跷" */
    0x1, 0x1, 0xf4, 0x4, 0x93, 0x92, 0x34, 0x78,
    0xe4, 0x42, 0xa5, 0x91, 0xd4, 0xfe, 0x51, 0x21,
    0x44, 0x85, 0x52, 0x5e, 0x89, 0x4, 0x3c,

    /* U+8DFA "跺" */
    0x0, 0x23, 0xef, 0x12, 0x48, 0x92, 0x44, 0x92,
    0x3d, 0x1c, 0x52, 0x4b, 0xbc, 0x51, 0xc2, 0x8d,
    0x17, 0xa5, 0xc9, 0x10, 0x8, 0x0,

    /* U+8E0A "踊" */
    0x0, 0x1, 0xe7, 0xe4, 0x8a, 0x12, 0x12, 0x7b,
    0xf8, 0x89, 0x26, 0xbf, 0x97, 0x92, 0x62, 0x49,
    0x8f, 0xe6, 0x24, 0x9e, 0x92, 0x82, 0x58,

    /* U+8E0F "踏" */
    0x8, 0x43, 0xc2, 0x53, 0xf4, 0x92, 0xc7, 0x95,
    0x31, 0x25, 0xa2, 0xb, 0x7e, 0x62, 0x13, 0x1f,
    0x96, 0x85, 0xc7, 0xe0, 0x21, 0x0,

    /* U+8E22 "踢" */
    0x0, 0x13, 0xff, 0xd2, 0x84, 0x97, 0xe4, 0xa1,
    0x3d, 0xf8, 0x44, 0xb, 0xff, 0x54, 0xaa, 0x8a,
    0x57, 0xa5, 0xc2, 0x20, 0x23, 0x0,

    /* U+8E29 "踩" */
    0x0, 0x11, 0xe3, 0xe4, 0x98, 0x12, 0x96, 0x79,
    0x40, 0x81, 0x6, 0x84, 0x97, 0x7c, 0x60, 0xe1,
    0x85, 0x46, 0xe4, 0xbd, 0x12, 0x0, 0x40,

    /* U+8E2A "踪" */
    0x0, 0x81, 0xe1, 0x4, 0xbf, 0x93, 0x82, 0x48,
    0x11, 0xef, 0xe2, 0x0, 0x96, 0xfe, 0x60, 0x41,
    0x85, 0x46, 0x24, 0x9f, 0x12, 0x81, 0xc0,

    /* U+8E31 "踱" */
    0x0, 0x81, 0xe1, 0x24, 0xbf, 0xd2, 0xa4, 0x7b,
    0xfd, 0x4a, 0x41, 0x2f, 0x16, 0xa4, 0x53, 0xf9,
    0x4c, 0x45, 0x49, 0x17, 0x18, 0xe8, 0xb0, 0x2c,
    0x30,

    /* U+8E42 "蹂" */
    0x0, 0x1, 0xe7, 0xe4, 0x86, 0x12, 0xfe, 0x79,
    0x51, 0x89, 0x6, 0x0, 0x16, 0x12, 0x67, 0xfd,
    0x83, 0x86, 0x15, 0x1f, 0x93, 0x0, 0x40,

    /* U+8E44 "蹄" */
    0x0, 0x83, 0xe2, 0x13, 0xfe, 0x91, 0x47, 0xbf,
    0x92, 0x29, 0xa9, 0x4b, 0x7e, 0x62, 0x53, 0x12,
    0x9a, 0x95, 0xe0, 0x80, 0x4, 0x0,

    /* U+8E48 "蹈" */
    0x0, 0x39, 0xef, 0x4, 0xa8, 0x92, 0x52, 0x79,
    0x50, 0x82, 0x6, 0xb1, 0x96, 0x82, 0x62, 0x89,
    0x8e, 0xe6, 0x20, 0x9e, 0xfe, 0x2, 0x8,

    /* U+8E4B "蹋" */
    0x0, 0x13, 0xdf, 0x92, 0x84, 0x97, 0xe7, 0xbf,
    0x10, 0x1, 0xae, 0xeb, 0x55, 0x62, 0xab, 0xc,
    0xde, 0xab, 0xc1, 0x10, 0x19, 0x80,

    /* U+8E66 "蹦" */
    0x0, 0x41, 0xe9, 0x24, 0xa4, 0x92, 0xec, 0x7b,
    0xbd, 0x93, 0x26, 0xbb, 0x97, 0x32, 0x64, 0xc9,
    0x8e, 0xe6, 0x4c, 0x97, 0x32, 0x64, 0xc8, 0x5,
    0x20,

    /* U+8E6C "蹬" */
    0x0, 0x41, 0xef, 0x64, 0x92, 0x12, 0xca, 0x4a,
    0x71, 0xd2, 0x22, 0x3f, 0x16, 0x84, 0x63, 0xf1,
    0x88, 0x6, 0xd2, 0x3c, 0x52, 0x47, 0xfc,

    /* U+8E6D "蹭" */
    0x2, 0x13, 0xcd, 0x12, 0x8, 0x9f, 0xb7, 0xd4,
    0x92, 0x24, 0x8f, 0xed, 0x0, 0x73, 0xf3, 0x10,
    0x96, 0xfd, 0xc7, 0xe0, 0x21, 0x0,

    /* U+8E72 "蹲" */
    0x1, 0x11, 0xe2, 0x84, 0xff, 0x92, 0x30, 0x7b,
    0xf0, 0x8c, 0xc6, 0xbf, 0x16, 0x84, 0x63, 0xe9,
    0x9f, 0xf6, 0x62, 0x1e, 0x48, 0x0, 0x60,

    /* U+8E81 "躁" */
    0x1, 0x21, 0xe7, 0x84, 0x92, 0x12, 0x78, 0x7b,
    0xf8, 0x93, 0x26, 0xbf, 0x97, 0x32, 0x60, 0x89,
    0x9f, 0xf6, 0xc, 0x1e, 0xec, 0x8c, 0x88,

    /* U+8E8F "躏" */
    0x49, 0x29, 0xff, 0xf4, 0x92, 0x12, 0x96, 0x7c,
    0x88, 0x55, 0x25, 0xde, 0x96, 0xfa, 0x55, 0x49,
    0x57, 0xe5, 0x54, 0x95, 0x7e, 0x24, 0x18,

    /* U+8EAB "身" */
    0x2, 0x0, 0x20, 0x7, 0xf0, 0x20, 0x81, 0xfc,
    0x8, 0x28, 0x7f, 0xc2, 0xc, 0x7f, 0xc0, 0x6,
    0x0, 0xd0, 0x8, 0x81, 0x84, 0x70, 0x40,

    /* U+8EAC "躬" */
    0x10, 0x1, 0xf, 0x9f, 0x4, 0x88, 0x27, 0xdf,
    0x22, 0x81, 0xf4, 0x5f, 0xbf, 0xc, 0x10, 0xa0,
    0x89, 0x4, 0x88, 0x20, 0xc6, 0x0,

    /* U+8EAF "躯" */
    0x20, 0x2, 0x21, 0x7b, 0xe4, 0xa3, 0x7b, 0x24,
    0xaa, 0x7a, 0x44, 0xa4, 0xfa, 0xa1, 0xaa, 0x2a,
    0x2, 0xa1, 0xfb, 0xf1, 0x80,

    /* U+8EB2 "躲" */
    0x30, 0x1, 0xf, 0x1e, 0x48, 0x92, 0x47, 0xa3,
    0xbe, 0x21, 0x22, 0x3f, 0x3e, 0x18, 0xa1, 0x4d,
    0x12, 0xa7, 0x19, 0x11, 0x88, 0x0,

    /* U+8EBA "躺" */
    0x20, 0x41, 0x12, 0x5e, 0x54, 0x92, 0xa7, 0x84,
    0x25, 0xdd, 0xeb, 0xa9, 0x55, 0x3a, 0xa9, 0x57,
    0x4a, 0xaa, 0x94, 0x11, 0xa1, 0x80,

    /* U+8F66 "车" */
    0x4, 0x0, 0x40, 0x3f, 0xfc, 0x20, 0x1, 0x20,
    0x11, 0x10, 0xff, 0x80, 0x40, 0x2, 0x17, 0xff,
    0xc0, 0x80, 0x4, 0x0, 0x20, 0x0,

    /* U+8F67 "轧" */
    0x21, 0x2, 0x10, 0x25, 0xf, 0xd0, 0x51, 0x5,
    0x50, 0xfd, 0x1, 0x10, 0x11, 0x3, 0x90, 0xd1,
    0x11, 0x11, 0x11, 0xf0,

    /* U+8F68 "轨" */
    0x20, 0x81, 0x4, 0x9, 0x20, 0xb1, 0x5, 0x3e,
    0x4a, 0x53, 0xfa, 0x82, 0x14, 0x12, 0xa3, 0xe9,
    0x24, 0x48, 0x24, 0x51, 0x43, 0x80,

    /* U+8F69 "轩" */
    0x20, 0x11, 0x2f, 0x3f, 0x10, 0x80, 0x85, 0x4,
    0x68, 0x27, 0xff, 0xe2, 0x8, 0x10, 0x41, 0xf2,
    0x34, 0x10, 0x20, 0x81, 0x4, 0x0,

    /* U+8F6C "转" */
    0x0, 0x1, 0x2, 0x8, 0x21, 0xff, 0xf2, 0x8,
    0x28, 0x41, 0x4f, 0xff, 0xa0, 0x11, 0xf0, 0x80,
    0x9f, 0x8, 0x21, 0x81, 0x6, 0x8, 0x10,

    /* U+8F6E "轮" */
    0x20, 0x1, 0x6, 0x8, 0x29, 0xfa, 0x44, 0x21,
    0x28, 0x87, 0xf4, 0xc2, 0x2c, 0x11, 0x80, 0xe8,
    0x3c, 0x42, 0x22, 0x11, 0x1f, 0x80,

    /* U+8F6F "软" */
    0x31, 0x1, 0x8, 0x9, 0x80, 0xb7, 0xf4, 0x21,
    0x2a, 0x53, 0xf2, 0x2, 0x10, 0x11, 0x40, 0xea,
    0x3c, 0x88, 0x24, 0x61, 0x41, 0x0,

    /* U+8F70 "轰" */
    0x0, 0x0, 0x40, 0x3f, 0xfc, 0x24, 0x3, 0xfe,
    0x1, 0xb, 0xff, 0xe0, 0x40, 0xff, 0xf0, 0x51,
    0xa, 0x50, 0x21, 0x82, 0x96, 0x63, 0x8,

    /* U+8F74 "轴" */
    0x20, 0x40, 0x81, 0x7, 0xc4, 0x8, 0xfe, 0x52,
    0x49, 0x49, 0x27, 0xa4, 0x84, 0xfe, 0x12, 0x49,
    0xe9, 0x21, 0x24, 0x84, 0xfe, 0x12, 0x8,

    /* U+8F7B "轻" */
    0x20, 0x10, 0x8f, 0xc2, 0x1, 0x3f, 0x8, 0x40,
    0x41, 0x42, 0xcf, 0xd0, 0x84, 0x4, 0x13, 0xf8,
    0x71, 0xf, 0x4, 0x4, 0x12, 0x17, 0xfc,

    /* U+8F7D "载" */
    0x10, 0x80, 0x85, 0x3f, 0xa0, 0x21, 0xf, 0xff,
    0x90, 0x43, 0xfa, 0x48, 0x12, 0x7e, 0xa0, 0x83,
    0x1f, 0x91, 0x21, 0x51, 0x31, 0x80,

    /* U+8F7F "轿" */
    0x0, 0x1, 0x7, 0x88, 0x60, 0xf1, 0x4, 0x7f,
    0xa8, 0x93, 0xf4, 0x42, 0x65, 0x11, 0x21, 0xe9,
    0x14, 0x48, 0x24, 0x41, 0x42, 0x0,

    /* U+8F83 "较" */
    0x20, 0x80, 0x81, 0x2, 0x4, 0xbf, 0xfe, 0x51,
    0x11, 0x44, 0x2f, 0xe3, 0x84, 0x48, 0x10, 0xa0,
    0xf1, 0x5, 0x4, 0x4, 0x6c, 0x12, 0x18,

    /* U+8F85 "辅" */
    0x20, 0x41, 0x2, 0x8a, 0xfe, 0xa0, 0x85, 0x3f,
    0x2d, 0x29, 0xff, 0xc2, 0x4a, 0x12, 0x50, 0xff,
    0xbc, 0x94, 0x24, 0xa1, 0x27, 0x0,

    /* U+8F86 "辆" */
    0x30, 0x8, 0x8f, 0xf2, 0x92, 0xd, 0x48, 0x53,
    0xf9, 0x4c, 0xa7, 0xf2, 0x84, 0xaa, 0x13, 0x58,
    0xed, 0x65, 0x28, 0x84, 0x82, 0x12, 0x18,

    /* U+8F88 "辈" */
    0x9, 0xf, 0x9f, 0x9, 0x23, 0x9c, 0xf9, 0xf0,
    0x90, 0x8, 0xf, 0xff, 0x32, 0x0, 0xff, 0xff,
    0xf0, 0x20, 0x2, 0x0,

    /* U+8F89 "辉" */
    0x91, 0xfd, 0x59, 0x25, 0x84, 0x7, 0x6f, 0x7c,
    0xa0, 0xa4, 0x82, 0x9f, 0xca, 0x8, 0x2f, 0xfc,
    0xa0, 0x84, 0x2, 0x20, 0x8,

    /* U+8F90 "辐" */
    0x30, 0x1, 0x1f, 0xc8, 0x0, 0xf3, 0xe5, 0x11,
    0x28, 0xf9, 0x60, 0xe, 0x7f, 0x12, 0x49, 0xdf,
    0xd4, 0x92, 0x27, 0xf1, 0x20, 0x80,

    /* U+8F91 "辑" */
    0x20, 0x0, 0x8f, 0xc2, 0xa1, 0x14, 0xfc, 0x50,
    0x9, 0x4f, 0xcf, 0xff, 0x4, 0x84, 0x17, 0xf0,
    0xe8, 0x45, 0x27, 0x84, 0x64, 0x10, 0x10,

    /* U+8F93 "输" */
    0x20, 0x2, 0xc, 0x12, 0x90, 0xec, 0x6a, 0xfd,
    0xd0, 0x3, 0xfd, 0x44, 0xea, 0x2d, 0x57, 0xba,
    0xa9, 0x54, 0x4a, 0x22, 0x53, 0x0,

    /* U+8F95 "辕" */
    0x20, 0x41, 0x2, 0x8a, 0xfd, 0xf0, 0x87, 0x7f,
    0xa9, 0xfb, 0xe8, 0x42, 0x7e, 0x10, 0xc9, 0xe9,
    0x95, 0xc8, 0x22, 0xa1, 0x18, 0x80,

    /* U+8F96 "辖" */
    0x30, 0x80, 0x81, 0x22, 0xbf, 0x95, 0x14, 0x53,
    0xf9, 0x41, 0x4f, 0xde, 0x5, 0xfe, 0x10, 0x40,
    0x7f, 0xc7, 0x21, 0x4, 0xfc, 0x12, 0x10,

    /* U+8F99 "辙" */
    0x24, 0x62, 0x12, 0x3d, 0x50, 0x88, 0xfb, 0x55,
    0x59, 0xeb, 0xfd, 0x44, 0xaa, 0x2f, 0x23, 0xb9,
    0x29, 0x58, 0x4a, 0xa2, 0x58, 0x80,

    /* U+8F9B "辛" */
    0x4, 0x0, 0x10, 0x1f, 0xfc, 0x20, 0x81, 0x88,
    0x4, 0x8b, 0xff, 0xe0, 0x40, 0x2, 0x3, 0xff,
    0x80, 0x80, 0x4, 0x0, 0x20, 0x0,

    /* U+8F9C "辜" */
    0x2, 0x17, 0xff, 0xc0, 0x80, 0x7f, 0xc2, 0x2,
    0x1f, 0xf1, 0xff, 0xc1, 0x18, 0xff, 0xf8, 0x10,
    0x1f, 0xfc, 0x4, 0x0, 0x20, 0x0,

    /* U+8F9E "辞" */
    0x4, 0x80, 0xe1, 0x25, 0x3f, 0x84, 0x46, 0x14,
    0xa1, 0xe2, 0xa1, 0x3f, 0xc4, 0x10, 0x6c, 0x49,
    0x17, 0xe4, 0x44, 0x1f, 0x10, 0x40, 0x40,

    /* U+8F9F "辟" */
    0x0, 0x43, 0xe2, 0x11, 0x7e, 0x8a, 0x27, 0xca,
    0x20, 0x55, 0x5, 0x4f, 0x88, 0x64, 0x45, 0x2f,
    0xe9, 0x11, 0x78, 0x82, 0x4, 0x0,

    /* U+8FA3 "辣" */
    0x20, 0x40, 0x41, 0x2f, 0xff, 0xe2, 0x10, 0x4b,
    0xf8, 0x49, 0x2f, 0xe4, 0x84, 0xfe, 0xfc, 0xe0,
    0x47, 0x41, 0x14, 0x89, 0x93, 0x40, 0x40,

    /* U+8FA8 "辨" */
    0x21, 0x41, 0x49, 0x1f, 0x7e, 0x93, 0x25, 0x15,
    0x1e, 0xb7, 0xf7, 0xe5, 0xa4, 0x79, 0xf9, 0x11,
    0x8, 0x88, 0x88, 0x44, 0x2, 0x0,

    /* U+8FA9 "辩" */
    0x20, 0x81, 0x62, 0xbf, 0x7e, 0x92, 0x25, 0x6a,
    0xd, 0x6b, 0xff, 0xe5, 0x4a, 0xfa, 0xf1, 0x12,
    0x8, 0xf0, 0x84, 0x88, 0x4, 0x0,

    /* U+8FAB "辫" */
    0x23, 0x41, 0x11, 0x7f, 0x3f, 0x29, 0x25, 0x95,
    0x33, 0x37, 0xf3, 0xe4, 0xe4, 0xfc, 0xf9, 0x1,
    0x9, 0xc8, 0x80, 0x48, 0x2, 0x0,

    /* U+8FB0 "辰" */
    0x0, 0x8, 0xff, 0xe2, 0x1, 0xb, 0xfe, 0x20,
    0x0, 0x80, 0x23, 0xff, 0xc9, 0x40, 0x24, 0x90,
    0x93, 0x84, 0x44, 0x11, 0x28, 0x4f, 0x1e, 0x0,
    0x0,

    /* U+8FB1 "辱" */
    0x0, 0x10, 0xff, 0xe2, 0x2, 0xb, 0xf0, 0x3f,
    0xf8, 0xa4, 0xc4, 0x8c, 0x13, 0x8f, 0x0, 0x4b,
    0xff, 0xe0, 0x84, 0x1, 0x10, 0x1, 0xc0, 0x2,
    0x0,

    /* U+8FB9 "边" */
    0x1, 0x2, 0x8, 0x8, 0x44, 0x5f, 0xe2, 0x11,
    0x70, 0x88, 0x88, 0x44, 0x42, 0x24, 0x11, 0x21,
    0xa, 0x18, 0xb0, 0x8, 0x7f, 0x80,

    /* U+8FBD "辽" */
    0x0, 0x12, 0x7f, 0x88, 0xc, 0x40, 0x82, 0x8,
    0x70, 0x40, 0x82, 0x4, 0x10, 0x20, 0x81, 0x4,
    0x8, 0xe1, 0x90, 0x8, 0x7f, 0x0,

    /* U+8FBE "达" */
    0x0, 0x81, 0x2, 0x2, 0x8, 0x8, 0x22, 0x27,
    0xf3, 0xc2, 0x2, 0x8, 0x8, 0x50, 0x21, 0x30,
    0x88, 0x42, 0x40, 0x96, 0x0, 0x87, 0xf8,

    /* U+8FC1 "迁" */
    0x0, 0x12, 0x7, 0x19, 0xe0, 0x1, 0x2, 0x8,
    0x7f, 0xfc, 0x82, 0x4, 0x10, 0x20, 0x81, 0x4,
    0x8, 0x20, 0xb0, 0x8, 0x7f, 0x80,

    /* U+8FC2 "迂" */
    0x0, 0x12, 0x3f, 0xc8, 0x20, 0x41, 0x2, 0x8,
    0x7f, 0xfc, 0x82, 0x4, 0x10, 0x20, 0x81, 0x4,
    0x8, 0xe0, 0xb0, 0x8, 0x7f, 0x80,

    /* U+8FC4 "迄" */
    0x2, 0x1, 0x10, 0x85, 0xfe, 0x28, 0x2, 0x84,
    0x79, 0xe0, 0x86, 0x4, 0x40, 0x24, 0x1, 0x20,
    0x89, 0xfe, 0xb0, 0x8, 0x7f, 0x80,

    /* U+8FC5 "迅" */
    0x0, 0x21, 0x7f, 0x4, 0x88, 0x24, 0x42, 0x2a,
    0x37, 0xf0, 0x88, 0x84, 0x44, 0x22, 0x21, 0x10,
    0xc8, 0x86, 0xb0, 0x8, 0x7f, 0x0,

    /* U+8FC7 "过" */
    0x80, 0x42, 0x2, 0x8, 0x14, 0x5f, 0xf2, 0x4,
    0x72, 0x20, 0x89, 0x4, 0x48, 0x20, 0x41, 0x2,
    0x8, 0x70, 0xb0, 0x8, 0x7f, 0x0,

    /* U+8FC8 "迈" */
    0x0, 0x2, 0x7f, 0xc8, 0x40, 0x42, 0x2, 0x1f,
    0x78, 0x88, 0x88, 0x44, 0x42, 0x24, 0x11, 0x21,
    0xa, 0x18, 0xb0, 0x8, 0x7f, 0x80,

    /* U+8FCE "迎" */
    0x3, 0x1, 0x37, 0x8d, 0x24, 0x9, 0x22, 0x49,
    0x7a, 0x48, 0x92, 0x44, 0x92, 0x25, 0xf1, 0x34,
    0x8, 0x20, 0xb0, 0x8, 0x7f, 0x0,

    /* U+8FD0 "运" */
    0x0, 0x20, 0x9f, 0xc2, 0x0, 0x0, 0x0, 0x2f,
    0xfb, 0x86, 0x2, 0x10, 0x8, 0x88, 0x24, 0x10,
    0xaf, 0xe2, 0x40, 0x96, 0x0, 0x87, 0xf8,

    /* U+8FD1 "近" */
    0x0, 0x22, 0x2e, 0x9, 0x80, 0x48, 0x2, 0x41,
    0x73, 0xf0, 0x91, 0x4, 0x88, 0x24, 0x41, 0x42,
    0xc, 0x10, 0xb0, 0x8, 0x7f, 0x0,

    /* U+8FD4 "返" */
    0x0, 0x1, 0xf, 0x85, 0x80, 0x28, 0x2, 0x7f,
    0x72, 0x10, 0x98, 0x84, 0xb8, 0x28, 0xc1, 0x49,
    0x8, 0x84, 0xb0, 0x8, 0x7f, 0x0,

    /* U+8FD8 "还" */
    0x0, 0x9, 0x3f, 0xe2, 0x4, 0x8, 0x20, 0x20,
    0x83, 0xc7, 0x2, 0x2b, 0xb, 0x24, 0x20, 0x80,
    0x82, 0x2, 0x8, 0x16, 0x0, 0x87, 0xf8,

    /* U+8FD9 "这" */
    0x2, 0x2, 0x8, 0x8, 0x24, 0x5f, 0xf0, 0x2,
    0x72, 0x20, 0x8d, 0x4, 0x10, 0x20, 0xc1, 0x9,
    0x9, 0x84, 0xb0, 0x8, 0x7f, 0x80,

    /* U+8FDB "进" */
    0x2, 0x42, 0x12, 0x8, 0x94, 0x5f, 0xe2, 0x24,
    0x31, 0x28, 0xbf, 0xe4, 0x48, 0x22, 0x41, 0x22,
    0x9, 0x10, 0xa0, 0x88, 0xff, 0x0,

    /* U+8FDC "远" */
    0x0, 0x1, 0x3f, 0x88, 0x0, 0x0, 0x2, 0xff,
    0xf1, 0x20, 0x89, 0x4, 0x48, 0x24, 0x41, 0x22,
    0x4a, 0x1e, 0xb0, 0x8, 0x7f, 0x80,

    /* U+8FDD "违" */
    0x1, 0x2, 0x8, 0x8b, 0xfc, 0x42, 0x42, 0xff,
    0x30, 0x80, 0xbf, 0xc4, 0x22, 0x21, 0x11, 0x9,
    0x9c, 0x41, 0xb0, 0x8, 0x7f, 0x0,

    /* U+8FDE "连" */
    0x1, 0x1, 0x10, 0x8b, 0xfe, 0x4, 0x0, 0x48,
    0x7a, 0x40, 0x9f, 0xc4, 0x12, 0x2f, 0xf9, 0x4,
    0x8, 0x20, 0xb1, 0x8, 0x7f, 0x80,

    /* U+8FDF "迟" */
    0x80, 0x1, 0x1f, 0xc2, 0x41, 0x9, 0x4, 0x24,
    0x13, 0xdf, 0xc2, 0x51, 0x9, 0x20, 0x24, 0x60,
    0xa0, 0x82, 0x1, 0x16, 0x0, 0x87, 0xf8,

    /* U+8FE9 "迩" */
    0x2, 0x2, 0x20, 0x19, 0xfc, 0x49, 0xa2, 0x8a,
    0x79, 0x60, 0x92, 0x84, 0x92, 0x28, 0x91, 0x4,
    0x8, 0xe0, 0xb2, 0x8, 0x7f, 0x0,

    /* U+8FEB "迫" */
    0x1, 0x82, 0x8, 0x89, 0xfc, 0x48, 0x22, 0x41,
    0x32, 0x8, 0x9f, 0xc4, 0x82, 0x24, 0x11, 0x3f,
    0x89, 0x4, 0xb0, 0x8, 0x7f, 0x80,

    /* U+8FED "迭" */
    0x0, 0xc2, 0x34, 0x9, 0x24, 0x4f, 0xf2, 0x88,
    0x37, 0xfc, 0x82, 0x4, 0x30, 0x21, 0x61, 0x10,
    0x89, 0x4, 0xb0, 0x8, 0x7f, 0x80,

    /* U+8FF0 "述" */
    0x0, 0x80, 0x82, 0x43, 0x9, 0x7, 0xfe, 0x1,
    0x83, 0x87, 0x2, 0x2a, 0x8, 0xa4, 0x24, 0x88,
    0xa2, 0x2, 0x8, 0x16, 0x0, 0x87, 0xf8,

    /* U+8FF7 "迷" */
    0x0, 0x81, 0x44, 0xcd, 0x24, 0x25, 0x42, 0x8,
    0x7f, 0xfc, 0x86, 0x4, 0x3c, 0x22, 0x91, 0x24,
    0xca, 0x20, 0xb0, 0x8, 0x7f, 0x80,

    /* U+8FF9 "迹" */
    0x1, 0x0, 0x82, 0x42, 0xff, 0x80, 0x50, 0x5,
    0x63, 0x95, 0x42, 0x54, 0x8a, 0x52, 0x22, 0x40,
    0x89, 0x2, 0x4c, 0x16, 0x0, 0x87, 0xf8,

    /* U+8FFD "追" */
    0x1, 0x82, 0x8, 0x19, 0xf8, 0x48, 0x40, 0x42,
    0x73, 0xf0, 0x90, 0x4, 0xfe, 0x24, 0x21, 0x21,
    0x9, 0xf8, 0xb8, 0x8, 0x7f, 0x0,

    /* U+9000 "退" */
    0x0, 0x2, 0x3f, 0x9, 0x8, 0x4f, 0xc2, 0x42,
    0x33, 0xf0, 0x90, 0x4, 0xa6, 0x24, 0xc1, 0x2d,
    0x9, 0x84, 0xb0, 0x8, 0xff, 0x0,

    /* U+9001 "送" */
    0x8, 0x32, 0x31, 0x18, 0x90, 0x5f, 0xf0, 0x8,
    0x30, 0x40, 0xbf, 0xe4, 0x10, 0x21, 0x41, 0x9,
    0x88, 0x84, 0xb8, 0x8, 0x7f, 0x80,

    /* U+9002 "适" */
    0x0, 0x11, 0x7, 0x82, 0x68, 0x8, 0x22, 0xf,
    0xfd, 0x82, 0x2, 0x7f, 0x9, 0x4, 0x24, 0x10,
    0x90, 0x42, 0x7f, 0x17, 0x0, 0x87, 0xf8,

    /* U+9003 "逃" */
    0x3, 0x40, 0x89, 0x2, 0xa5, 0x82, 0x94, 0x22,
    0x63, 0x89, 0x2, 0x67, 0xe, 0x96, 0x24, 0x40,
    0x91, 0x2, 0x87, 0x96, 0x0, 0x87, 0xf8,

    /* U+9006 "逆" */
    0x4, 0x21, 0x11, 0x4, 0x50, 0x3f, 0xf0, 0x8,
    0x7a, 0x48, 0x92, 0x44, 0xfe, 0x24, 0x91, 0x8,
    0x8, 0x40, 0xa4, 0x8, 0x7f, 0x80,

    /* U+9009 "选" */
    0x0, 0x1, 0x14, 0x8, 0xa4, 0xf, 0xf2, 0x8,
    0x37, 0xfc, 0x85, 0x4, 0x48, 0x22, 0x49, 0x22,
    0x48, 0x1e, 0xb0, 0x8, 0x7f, 0x80,

    /* U+900A "逊" */
    0x0, 0x20, 0xfe, 0x82, 0x32, 0x1, 0x8, 0x4,
    0xb3, 0x92, 0xa2, 0x6a, 0x8b, 0x49, 0x25, 0x20,
    0x90, 0x82, 0xc6, 0x16, 0x0, 0x87, 0xf8,

    /* U+900F "透" */
    0x0, 0x30, 0x9f, 0x2, 0x8, 0x83, 0xfe, 0x1,
    0xc1, 0x8a, 0xe2, 0xfe, 0x8, 0x48, 0x22, 0x78,
    0x98, 0x42, 0x83, 0x16, 0x0, 0x87, 0xf8,

    /* U+9010 "逐" */
    0x0, 0x0, 0xbf, 0xe3, 0x18, 0x4, 0xc6, 0x25,
    0xa3, 0x87, 0x2, 0x6c, 0xa, 0x7c, 0x22, 0x58,
    0x91, 0x22, 0x98, 0x16, 0x0, 0x87, 0xf8,

    /* U+9012 "递" */
    0x8, 0x22, 0x32, 0x9, 0xfc, 0x41, 0x22, 0x7f,
    0x32, 0x40, 0xbf, 0xe4, 0x31, 0x22, 0x91, 0x25,
    0x9e, 0x20, 0xb0, 0x8, 0x7f, 0x80,

    /* U+9014 "途" */
    0x0, 0x80, 0x85, 0x2, 0x22, 0x1, 0x6, 0xb,
    0xeb, 0xc2, 0x2, 0xff, 0x88, 0x28, 0x26, 0x90,
    0x92, 0x22, 0xb8, 0x16, 0x0, 0x87, 0xf8,

    /* U+9017 "逗" */
    0x0, 0x12, 0x7f, 0xd8, 0x0, 0xf, 0xe0, 0x41,
    0x7a, 0x8, 0x9f, 0xc4, 0x44, 0x22, 0x21, 0xa,
    0xf, 0xfe, 0x90, 0x8, 0x7f, 0x80,

    /* U+901A "通" */
    0x0, 0x1, 0x3f, 0x8c, 0x88, 0x23, 0x80, 0x7f,
    0x72, 0x48, 0x9f, 0xc4, 0x92, 0x27, 0xf1, 0x24,
    0x89, 0x3c, 0xb9, 0x28, 0x7f, 0x80,

    /* U+901B "逛" */
    0x13, 0x11, 0x57, 0xc9, 0x10, 0x18, 0x83, 0x25,
    0x33, 0x7c, 0xb9, 0x6, 0x48, 0x22, 0x41, 0x12,
    0x8b, 0x28, 0xb0, 0x8, 0x7f, 0x0,

    /* U+901D "逝" */
    0x4, 0x18, 0x93, 0x82, 0x48, 0x7, 0xe0, 0x4,
    0x8b, 0x93, 0xc2, 0x69, 0xf, 0x24, 0x24, 0x90,
    0x94, 0x42, 0xe1, 0x16, 0x0, 0x87, 0xf8,

    /* U+901E "逞" */
    0x0, 0x2, 0x3f, 0x89, 0x4, 0x48, 0x22, 0x3e,
    0x37, 0xfc, 0x82, 0x44, 0xff, 0x20, 0x81, 0x4,
    0xf, 0xfe, 0xb0, 0x8, 0x7f, 0x80,

    /* U+901F "速" */
    0x0, 0x82, 0x4, 0x93, 0xfe, 0x1, 0x0, 0x7f,
    0x7a, 0x48, 0x9f, 0xc4, 0xb2, 0x21, 0xe1, 0x14,
    0x8b, 0x22, 0xb1, 0x8, 0x7f, 0x80,

    /* U+9020 "造" */
    0x6, 0x82, 0x24, 0x91, 0xfe, 0x51, 0x0, 0x8,
    0x97, 0xfd, 0x80, 0x4, 0xfe, 0x24, 0x11, 0x3f,
    0x89, 0x4, 0xa8, 0x8, 0xff, 0x80,

    /* U+9022 "逢" */
    0x0, 0x0, 0xc, 0x2, 0x3f, 0x9, 0x88, 0x9,
    0xc0, 0x85, 0xc6, 0xe8, 0x89, 0xfc, 0x20, 0x90,
    0x8f, 0x82, 0xff, 0x88, 0x20, 0x50, 0x2, 0x3f,
    0xe0,

    /* U+902E "逮" */
    0x1, 0x1, 0x7f, 0x8, 0x48, 0x3f, 0xf2, 0x12,
    0x7f, 0xf0, 0x94, 0x84, 0x68, 0x23, 0x81, 0x6b,
    0x9, 0x44, 0xb4, 0x8, 0x7f, 0x0,

    /* U+9038 "逸" */
    0x2, 0x2, 0x1f, 0x9, 0x20, 0x5f, 0xe2, 0x51,
    0x32, 0x88, 0x9f, 0xc4, 0x38, 0x22, 0xa1, 0x14,
    0x8b, 0x3c, 0xb0, 0x8, 0x7f, 0x0,

    /* U+903B "逻" */
    0x0, 0x0, 0x9f, 0xe2, 0x54, 0x81, 0x52, 0x7,
    0xfb, 0xc4, 0x2, 0x3f, 0x88, 0x84, 0x25, 0x20,
    0x83, 0x2, 0x18, 0x17, 0x80, 0x87, 0xf8,

    /* U+903C "逼" */
    0xf, 0xf1, 0x0, 0x8, 0xf8, 0x4, 0x40, 0x22,
    0x78, 0xe0, 0x9f, 0xc4, 0x92, 0x27, 0xf1, 0x24,
    0x89, 0xfc, 0xa0, 0x8, 0xff, 0x0,

    /* U+903E "逾" */
    0x1, 0x81, 0xc, 0x8, 0x98, 0x8, 0xb2, 0x98,
    0x7b, 0xc8, 0x95, 0x44, 0xea, 0x27, 0x51, 0x2a,
    0x89, 0xc4, 0xb0, 0x48, 0x7f, 0x80,

    /* U+9042 "遂" */
    0x2, 0x60, 0x89, 0x2, 0xff, 0x80, 0x40, 0x23,
    0x13, 0x96, 0x82, 0x34, 0x9, 0x38, 0x23, 0x50,
    0x91, 0x22, 0x18, 0x16, 0x0, 0x87, 0xf8,

    /* U+9047 "遇" */
    0x0, 0x1, 0x3f, 0x89, 0x24, 0xf, 0xe0, 0x49,
    0x33, 0xf0, 0xbf, 0xe5, 0x11, 0x28, 0xe9, 0x58,
    0x4a, 0xe, 0xb0, 0x8, 0x7f, 0x80,

    /* U+904D "遍" */
    0x1, 0x1, 0x4, 0x9, 0xfc, 0x8, 0x20, 0x7f,
    0x7a, 0x0, 0x9f, 0xe4, 0xaa, 0x2b, 0xf1, 0x6a,
    0x8d, 0x54, 0xa0, 0x28, 0xff, 0x80,

    /* U+904F "遏" */
    0x7, 0xe2, 0x21, 0x9, 0xf8, 0x48, 0x40, 0x7e,
    0x73, 0x0, 0x9f, 0xc4, 0x92, 0x3d, 0x91, 0x32,
    0x89, 0x64, 0xa0, 0x48, 0xff, 0x0,

    /* U+9050 "遐" */
    0x0, 0x1, 0x7b, 0x8a, 0x44, 0x12, 0x20, 0xf7,
    0x74, 0x8, 0xbd, 0xc5, 0x4, 0x2f, 0x61, 0x42,
    0x8a, 0x24, 0xb0, 0x8, 0x7f, 0x80,

    /* U+9053 "道" */
    0x2, 0x42, 0x14, 0x8b, 0xfe, 0x42, 0x2, 0x7e,
    0x32, 0x10, 0x9f, 0x84, 0x84, 0x27, 0xe1, 0x21,
    0x9, 0xf8, 0xb0, 0x8, 0x7f, 0x0,

    /* U+9057 "遗" */
    0x0, 0x83, 0x3f, 0x89, 0x24, 0xf, 0xe0, 0x8,
    0x7b, 0xb8, 0x9f, 0xc4, 0x92, 0x24, 0x91, 0x24,
    0x88, 0x58, 0xac, 0x28, 0xff, 0x80,

    /* U+9063 "遣" */
    0x0, 0x81, 0x7f, 0x86, 0x28, 0x3f, 0xc1, 0xff,
    0xb7, 0xf0, 0xb0, 0x85, 0xf8, 0x2f, 0xf1, 0x61,
    0xb, 0xf8, 0xb0, 0x8, 0x7f, 0x0,

    /* U+9065 "遥" */
    0x0, 0x71, 0x5c, 0x9, 0x4c, 0x9, 0x42, 0x20,
    0x33, 0xf8, 0xa2, 0x5, 0xff, 0x24, 0x91, 0x24,
    0x89, 0xfc, 0xb0, 0x28, 0x7f, 0x80,

    /* U+906D "遭" */
    0x1, 0x51, 0x7f, 0xc8, 0x50, 0x1f, 0xe0, 0x95,
    0x77, 0xf8, 0xbf, 0xc4, 0xfe, 0x24, 0x21, 0x3f,
    0x9, 0xf8, 0xb0, 0x8, 0x7f, 0x0,

    /* U+906E "遮" */
    0x0, 0x80, 0x81, 0x2, 0xff, 0x82, 0x48, 0xf,
    0xfb, 0xa4, 0x82, 0x92, 0xa, 0x78, 0x28, 0x10,
    0xd3, 0x23, 0x4a, 0x96, 0x0, 0x87, 0xf8,

    /* U+9075 "遵" */
    0x2, 0x21, 0xa, 0xcb, 0xf8, 0x1f, 0xe0, 0x95,
    0x75, 0x38, 0xbf, 0xc5, 0xfe, 0x3f, 0xf9, 0x11,
    0x8, 0x48, 0xb0, 0x88, 0x7f, 0x80,

    /* U+907F "避" */
    0x1, 0x42, 0x79, 0xa, 0x7e, 0x53, 0x30, 0xf5,
    0x74, 0x7c, 0xbc, 0x85, 0xa5, 0x35, 0x71, 0xb9,
    0x9, 0x48, 0xb0, 0x8, 0x7f, 0x80,

    /* U+9080 "邀" */
    0x4, 0x20, 0xb5, 0x2, 0xb4, 0x83, 0xdc, 0x9,
    0x93, 0xbf, 0x42, 0x23, 0xb, 0x64, 0x27, 0x30,
    0x95, 0x23, 0xb8, 0x96, 0x0, 0x87, 0xf8,

    /* U+9091 "邑" */
    0x0, 0x7, 0xf8, 0x40, 0x87, 0xf8, 0x0, 0xf,
    0xfc, 0x88, 0x48, 0x84, 0xff, 0xc8, 0x0, 0x80,
    0x28, 0x2, 0xff, 0xe0,

    /* U+9093 "邓" */
    0x0, 0x83, 0xf7, 0xc0, 0xa4, 0x9, 0x22, 0x4a,
    0xa, 0x60, 0x22, 0xc1, 0x11, 0x14, 0x89, 0x24,
    0x51, 0x27, 0x1, 0x0, 0x8, 0x0,

    /* U+90A2 "邢" */
    0x2, 0x83, 0xff, 0xc9, 0x24, 0x49, 0x22, 0x4a,
    0x12, 0x53, 0xfe, 0x44, 0x92, 0x24, 0x89, 0x24,
    0x51, 0x26, 0x89, 0x8, 0x48, 0x0,

    /* U+90A3 "那" */
    0x2, 0x3, 0xf7, 0xc4, 0xa6, 0x25, 0x27, 0xea,
    0x9, 0x50, 0x4a, 0x4f, 0xd1, 0x22, 0x89, 0x14,
    0x50, 0xa6, 0x8d, 0x8, 0xc8, 0x0,

    /* U+90A6 "邦" */
    0x10, 0x91, 0x2f, 0xff, 0xa1, 0xa, 0x10, 0xcf,
    0xec, 0x10, 0xa1, 0x29, 0xff, 0x91, 0x9, 0x20,
    0xb2, 0x8, 0xc0, 0x80,

    /* U+90AA "邪" */
    0x2, 0x7, 0xff, 0xc1, 0x24, 0x9, 0x24, 0x4a,
    0x3f, 0xd0, 0x32, 0x43, 0x91, 0x14, 0x89, 0x24,
    0x51, 0x27, 0x9, 0x0, 0xc8, 0x0,

    /* U+90AE "邮" */
    0x10, 0x1, 0xf, 0x11, 0x3f, 0xf2, 0x93, 0x49,
    0x34, 0x93, 0x4f, 0xf2, 0x93, 0x19, 0x31, 0x93,
    0x3f, 0xf3, 0x83, 0x0,

    /* U+90BB "邻" */
    0x18, 0x0, 0xa7, 0xc8, 0xa6, 0x45, 0x24, 0x8a,
    0x42, 0x50, 0x2, 0x4f, 0xd1, 0x4, 0x89, 0x44,
    0x46, 0x26, 0x11, 0x0, 0x8, 0x0,

    /* U+90C1 "郁" */
    0x10, 0x88, 0x87, 0xff, 0xe4, 0x41, 0x23, 0xea,
    0x11, 0x51, 0x8a, 0x57, 0xd1, 0x22, 0x89, 0xf4,
    0x48, 0xa6, 0x45, 0x2, 0x68, 0x0,

    /* U+90CA "郊" */
    0x20, 0x0, 0x84, 0x4, 0xbf, 0xff, 0x22, 0x49,
    0x11, 0x51, 0x1a, 0x91, 0x12, 0x38, 0x88, 0xc4,
    0x49, 0x26, 0x89, 0x8, 0x8, 0x0,

    /* U+90CE "郎" */
    0x40, 0x5, 0x3f, 0xf5, 0xc4, 0xaf, 0x95, 0x13,
    0x22, 0x57, 0xca, 0x81, 0x32, 0x26, 0xa5, 0xe4,
    0x80, 0x10,

    /* U+90D1 "郑" */
    0x86, 0x3, 0x27, 0xca, 0x24, 0xfd, 0x21, 0xa,
    0x9, 0x63, 0xfe, 0xc2, 0x11, 0x10, 0x89, 0x64,
    0x49, 0xac, 0x85, 0x8, 0x8, 0x0,

    /* U+90E8 "部" */
    0x10, 0x1, 0xf, 0xfe, 0xa4, 0x4a, 0x28, 0xc2,
    0xac, 0xff, 0xa0, 0x9, 0x7c, 0x94, 0x49, 0x44,
    0xf7, 0xc8, 0x44, 0x80,

    /* U+90ED "郭" */
    0x10, 0x0, 0x97, 0xdb, 0x26, 0xf9, 0x24, 0x4a,
    0x3e, 0x50, 0x2, 0x4f, 0xd1, 0x8, 0x88, 0xf4,
    0x7c, 0x26, 0x21, 0x3, 0x8, 0x0,

    /* U+90FD "都" */
    0x11, 0x0, 0xab, 0xdf, 0x94, 0x2a, 0xaf, 0xfe,
    0x4, 0x30, 0x49, 0x47, 0xc9, 0x62, 0x49, 0xf2,
    0x48, 0x9c, 0x7c, 0x82, 0x24, 0x0,

    /* U+9119 "鄙" */
    0x0, 0x3, 0xfb, 0xd0, 0x54, 0xfe, 0xa0, 0x86,
    0x7f, 0xf0, 0x25, 0x4e, 0xe9, 0x5d, 0x4a, 0xaa,
    0x57, 0x5e, 0xfe, 0x84, 0x14, 0x0,

    /* U+914C "酌" */
    0x4, 0x87, 0xf8, 0x14, 0x45, 0xfb, 0xed, 0x61,
    0x6b, 0xb, 0x54, 0x5b, 0x92, 0x84, 0x97, 0xe0,
    0xa1, 0x5, 0xf8, 0x48, 0x46, 0x0,

    /* U+914D "配" */
    0x4, 0x17, 0xff, 0x94, 0x5, 0xf8, 0x2d, 0x41,
    0x6a, 0xfb, 0x54, 0x5b, 0xa0, 0x85, 0x7, 0xe8,
    0x21, 0x41, 0xa, 0x2f, 0xdf, 0x80,

    /* U+9152 "酒" */
    0x0, 0x8, 0xff, 0xf1, 0x14, 0x3, 0xfe, 0x75,
    0x48, 0x55, 0x21, 0x54, 0x89, 0x9e, 0x24, 0x9,
    0x9f, 0xe2, 0x40, 0x89, 0xfe, 0x24, 0x8,

    /* U+9157 "酗" */
    0x0, 0x27, 0xea, 0x14, 0xd5, 0xfd, 0xad, 0xad,
    0x6d, 0x2b, 0x69, 0x5b, 0x5a, 0x8a, 0xd7, 0xda,
    0xa2, 0x85, 0xf7, 0xe8, 0xa1, 0x0,

    /* U+915D "酝" */
    0x4, 0x7, 0xcf, 0x94, 0x1, 0xa8, 0xf, 0xc1,
    0x6b, 0xff, 0x53, 0x1b, 0x90, 0x85, 0x27, 0xe8,
    0xa1, 0x85, 0xff, 0xd8, 0x60, 0x0,

    /* U+9163 "酣" */
    0x1, 0x27, 0xe9, 0x14, 0x4d, 0xff, 0xfd, 0x52,
    0x6a, 0x93, 0x74, 0x98, 0xbc, 0x85, 0x27, 0xe9,
    0x21, 0x49, 0xfb, 0xc8, 0x52, 0x0,

    /* U+9165 "酥" */
    0x4, 0x17, 0xe7, 0x94, 0xd1, 0xf8, 0x8d, 0x44,
    0x6b, 0xff, 0x53, 0x1b, 0x9c, 0x85, 0x67, 0xf2,
    0xa1, 0x13, 0xf8, 0x88, 0x44, 0x0,

    /* U+916A "酪" */
    0x4, 0x8f, 0xd0, 0x51, 0xef, 0xf2, 0xd6, 0xcd,
    0x44, 0xd4, 0xed, 0xd1, 0x87, 0xef, 0xd2, 0x85,
    0x2f, 0xde, 0x85, 0x20,

    /* U+916C "酬" */
    0x5, 0x1f, 0xd5, 0x51, 0x5f, 0xd5, 0xd9, 0x5d,
    0xbf, 0xdb, 0xfd, 0xbf, 0x89, 0x5f, 0x95, 0x8a,
    0x5f, 0xa5, 0x8c, 0x10,

    /* U+9171 "酱" */
    0x11, 0x2, 0x9f, 0x8d, 0x88, 0x62, 0x8d, 0x18,
    0x1, 0x9, 0xff, 0x8f, 0xfc, 0x49, 0x23, 0x87,
    0x1f, 0xf8, 0x80, 0x47, 0xfe, 0x0,

    /* U+9175 "酵" */
    0x0, 0x83, 0xc4, 0xd4, 0xfd, 0xf1, 0x4d, 0x7f,
    0xec, 0x23, 0x6f, 0xdb, 0x24, 0x86, 0x47, 0xff,
    0xe2, 0x11, 0xf0, 0x88, 0x9c, 0x0,

    /* U+9177 "酷" */
    0x4, 0x47, 0xea, 0x14, 0x55, 0xfd, 0xcd, 0x64,
    0x6a, 0x23, 0x5f, 0xfb, 0x80, 0x85, 0xf7, 0xe8,
    0xa1, 0x45, 0xfb, 0xe8, 0x51, 0x0,

    /* U+9178 "酸" */
    0x4, 0xc7, 0xe5, 0x14, 0xc5, 0xff, 0xdd, 0x4c,
    0x6a, 0x9b, 0x5a, 0x59, 0x9e, 0x85, 0x27, 0xf5,
    0x21, 0x11, 0xf9, 0x48, 0x71, 0x80,

    /* U+917F "酿" */
    0x0, 0x41, 0xf0, 0x2, 0x9f, 0x9f, 0x42, 0x6d,
    0xf9, 0xb4, 0x26, 0xd0, 0x9b, 0x7e, 0x45, 0x4d,
    0xf4, 0xc4, 0x52, 0x1f, 0x66, 0x45, 0x4,

    /* U+9187 "醇" */
    0x0, 0x87, 0xe4, 0x14, 0xdf, 0xf7, 0xed, 0xa1,
    0x6d, 0xfb, 0x60, 0x1b, 0x7e, 0x88, 0xc7, 0xbf,
    0xe2, 0x21, 0xf1, 0x8, 0x98, 0x0,

    /* U+9189 "醉" */
    0x1, 0x87, 0xe4, 0x14, 0xfd, 0xfc, 0xcd, 0xa4,
    0x6d, 0xb3, 0x72, 0x5b, 0x80, 0x88, 0x87, 0xdf,
    0xa2, 0x21, 0xf1, 0x8, 0x88, 0x0,

    /* U+918B "醋" */
    0x9, 0x23, 0x89, 0x94, 0xff, 0xa2, 0x4f, 0x92,
    0x6b, 0xff, 0x60, 0x1b, 0x7e, 0x8a, 0x17, 0xdf,
    0xa2, 0x85, 0xf7, 0xe8, 0xa1, 0x0,

    /* U+9192 "醒" */
    0x0, 0x7, 0xff, 0xd4, 0x85, 0xff, 0xed, 0xa1,
    0x6d, 0xfb, 0x68, 0x5b, 0x48, 0x8b, 0xf7, 0xc2,
    0x22, 0x7d, 0xf0, 0x88, 0x7f, 0x80,

    /* U+91C7 "采" */
    0x0, 0x0, 0x1e, 0x8f, 0x8, 0x4c, 0x41, 0x24,
    0x0, 0x0, 0x8, 0x5f, 0xff, 0x7, 0x0, 0x54,
    0x4, 0x90, 0xc4, 0x70, 0x20, 0x0,

    /* U+91CA "释" */
    0x8, 0x1, 0xbf, 0x98, 0x89, 0x52, 0x8b, 0xc,
    0x7d, 0x9c, 0xc2, 0xd, 0xfe, 0x68, 0x85, 0x3f,
    0xe8, 0x20, 0x41, 0x2, 0x8, 0x0,

    /* U+91CC "里" */
    0x0, 0x1, 0xff, 0x8, 0x88, 0x44, 0x43, 0xfe,
    0x11, 0x10, 0xff, 0x84, 0x44, 0x2, 0x21, 0xff,
    0x80, 0x80, 0x4, 0x2f, 0xff, 0x80,

    /* U+91CD "重" */
    0x0, 0x60, 0xfc, 0x8, 0x85, 0xff, 0xf0, 0x20,
    0x1f, 0xf0, 0xff, 0x84, 0x44, 0x3f, 0xe1, 0x11,
    0x1f, 0xfc, 0x4, 0x2f, 0xff, 0x80,

    /* U+91CE "野" */
    0x0, 0x1, 0xfb, 0xf5, 0x29, 0x1f, 0x98, 0x52,
    0x11, 0x48, 0x17, 0xef, 0xc4, 0x8a, 0x7f, 0x20,
    0x40, 0x81, 0x2, 0xf, 0x88, 0x40, 0xe0,

    /* U+91CF "量" */
    0x20, 0x43, 0xfc, 0x3f, 0xc2, 0x4, 0x3f, 0xcf,
    0xff, 0x3f, 0xe2, 0x24, 0x3f, 0xc3, 0xfc, 0x2,
    0x27, 0xff, 0xff, 0xf0,

    /* U+91D1 "金" */
    0x2, 0x0, 0x38, 0x3, 0x20, 0x10, 0x83, 0x3,
    0x2f, 0xec, 0x8, 0xf, 0xfe, 0x22, 0x40, 0x92,
    0x2, 0xa0, 0x4, 0x2f, 0xff, 0x80,

    /* U+9274 "鉴" */
    0x8, 0x2, 0x48, 0x12, 0x7e, 0x95, 0x4, 0x84,
    0x3, 0x80, 0x63, 0xcf, 0xfb, 0x2, 0x23, 0xff,
    0x88, 0x90, 0x25, 0x2f, 0xff, 0x80,

    /* U+9488 "针" */
    0x20, 0x82, 0x44, 0x1e, 0x20, 0x81, 0x8, 0x89,
    0x3b, 0xfc, 0xa2, 0x1f, 0x90, 0x20, 0x81, 0x4,
    0xa, 0x20, 0x61, 0x2, 0x8, 0x0,

    /* U+9489 "钉" */
    0x60, 0x4, 0x7f, 0x78, 0x88, 0x8, 0xf8, 0x82,
    0x8, 0x28, 0x8f, 0x88, 0x20, 0x82, 0x8, 0x28,
    0x83, 0x8, 0x23, 0x80, 0x10,

    /* U+9493 "钓" */
    0x30, 0x80, 0x92, 0x3, 0xd0, 0x90, 0x7e, 0x7e,
    0x8, 0x48, 0x21, 0x48, 0x9f, 0x12, 0x10, 0x48,
    0x40, 0x21, 0x40, 0x86, 0x4, 0x10, 0x30,

    /* U+9499 "钙" */
    0x60, 0x12, 0x5f, 0x1e, 0x21, 0x5, 0x2f, 0xaf,
    0x11, 0x40, 0xaa, 0xe, 0x7e, 0x20, 0x11, 0x0,
    0x8a, 0x4, 0x60, 0x20, 0x6, 0x0,

    /* U+949D "钝" */
    0x20, 0x82, 0x44, 0x9e, 0xfc, 0x81, 0x8, 0x29,
    0x7d, 0x48, 0x8a, 0x5f, 0x52, 0x23, 0xf1, 0x4,
    0x8a, 0x20, 0x61, 0x22, 0x7, 0x0,

    /* U+949E "钞" */
    0x20, 0x82, 0x44, 0x1e, 0x21, 0x5, 0x4f, 0xa9,
    0x12, 0x48, 0x92, 0x9f, 0x14, 0x20, 0xc1, 0x6,
    0xa, 0x60, 0x64, 0x2, 0xc0, 0x0,

    /* U+949F "钟" */
    0x20, 0x82, 0x44, 0x1f, 0x20, 0x87, 0xef, 0xa9,
    0x11, 0x48, 0xaa, 0x4e, 0x7e, 0x22, 0x91, 0x4,
    0xa, 0x20, 0x61, 0x2, 0x8, 0x0,

    /* U+94A0 "钠" */
    0x20, 0x81, 0x4, 0x1e, 0x20, 0x8f, 0xef, 0xc9,
    0x12, 0x48, 0x95, 0x5f, 0xaa, 0x26, 0x31, 0x30,
    0x89, 0x4, 0x68, 0x22, 0x43, 0x0,

    /* U+94A2 "钢" */
    0x60, 0x12, 0x3f, 0x9f, 0x5, 0x8, 0xaf, 0xd5,
    0x12, 0x48, 0x92, 0x5f, 0x9a, 0x25, 0x51, 0x2a,
    0x89, 0x84, 0x68, 0x22, 0x43, 0x0,

    /* U+94A5 "钥" */
    0x20, 0x2, 0x5f, 0x9e, 0x84, 0x84, 0x2f, 0xbf,
    0x11, 0xb, 0xe8, 0x44, 0x7e, 0x22, 0x11, 0x20,
    0x8f, 0x4, 0x50, 0x20, 0x83, 0x0,

    /* U+94A6 "钦" */
    0x21, 0x3, 0x10, 0x12, 0x80, 0xe7, 0xf8, 0x21,
    0x3e, 0x50, 0xb2, 0x1f, 0x10, 0x20, 0x81, 0xa,
    0xa, 0x50, 0x64, 0x42, 0x41, 0x80, 0x0,

    /* U+94A7 "钧" */
    0x41, 0x2, 0x58, 0x9e, 0xff, 0x4, 0x2f, 0xd9,
    0x14, 0x4b, 0xe0, 0xc4, 0x1a, 0x23, 0x11, 0x40,
    0x8c, 0x4, 0x40, 0xc0,

    /* U+94A9 "钩" */
    0x23, 0x2, 0x50, 0x1e, 0x85, 0x7, 0xef, 0xd9,
    0x10, 0x88, 0xa8, 0x5f, 0x52, 0x24, 0x51, 0x3e,
    0x8e, 0x4, 0x60, 0x42, 0x6, 0x0,

    /* U+94AE "钮" */
    0x60, 0x2, 0x3f, 0x9e, 0x49, 0x2, 0x4f, 0x92,
    0x10, 0x90, 0x9f, 0x9f, 0x24, 0x21, 0x21, 0x9,
    0xe, 0x88, 0x64, 0x42, 0xff, 0x80,

    /* U+94B1 "钱" */
    0x21, 0x2, 0x4a, 0x1e, 0x51, 0x2, 0x6f, 0xbc,
    0x10, 0x88, 0x87, 0x9f, 0x52, 0x20, 0xa1, 0x6,
    0xa, 0x30, 0x62, 0x52, 0x61, 0x80, 0x0,

    /* U+94B3 "钳" */
    0x62, 0x22, 0x51, 0x1e, 0x89, 0xf, 0xff, 0xa2,
    0x11, 0x10, 0xa8, 0x9e, 0x7c, 0x22, 0x21, 0x11,
    0xe, 0x88, 0x47, 0xc2, 0x22, 0x0,

    /* U+94BB "钻" */
    0x20, 0x83, 0x4, 0x1f, 0x20, 0x91, 0xff, 0xc8,
    0x10, 0x40, 0xa2, 0x5f, 0xff, 0x22, 0x11, 0x30,
    0x8e, 0x84, 0x67, 0xe2, 0x21, 0x0,

    /* U+94BE "钾" */
    0x60, 0x2, 0x3f, 0x9f, 0x25, 0x9, 0x2f, 0xff,
    0x12, 0x48, 0x92, 0x5e, 0xfe, 0x24, 0x91, 0x4,
    0xa, 0x20, 0x61, 0x2, 0x8, 0x0,

    /* U+94C1 "铁" */
    0x20, 0x83, 0x14, 0x1e, 0xa1, 0xf, 0xef, 0xc8,
    0x10, 0x40, 0x82, 0x5f, 0x7c, 0x21, 0x81, 0xa,
    0xa, 0x88, 0x64, 0x62, 0x41, 0x80,

    /* U+94C3 "铃" */
    0x60, 0x82, 0x44, 0x1f, 0x50, 0x84, 0x4f, 0xb3,
    0x12, 0x4c, 0xa2, 0x1f, 0x7e, 0x20, 0x21, 0x2,
    0xa, 0x60, 0x61, 0x2, 0x4, 0x0, 0x0,

    /* U+94C5 "铅" */
    0x20, 0x3, 0x5f, 0x1e, 0x88, 0x84, 0x4f, 0xa2,
    0x12, 0x1c, 0xa0, 0x1f, 0xfe, 0x22, 0x11, 0x10,
    0x8e, 0x84, 0x47, 0xe0, 0x21, 0x0,

    /* U+94C6 "铆" */
    0x20, 0x81, 0x1c, 0x27, 0xc7, 0x91, 0x32, 0xf4,
    0xc8, 0x93, 0x22, 0x4c, 0xbf, 0x32, 0x25, 0xc8,
    0x9b, 0x63, 0x94, 0xc, 0x90, 0x24, 0x40,

    /* U+94D0 "铐" */
    0x21, 0x11, 0x8, 0x9e, 0xf8, 0x82, 0x8f, 0xff,
    0x90, 0x40, 0xa7, 0xce, 0xe0, 0x21, 0xf1, 0x0,
    0x8a, 0x8, 0xe0, 0x40, 0xe, 0x0,

    /* U+94DB "铛" */
    0x0, 0x2, 0x4, 0x12, 0x24, 0xf9, 0x48, 0x2a,
    0x4d, 0x40, 0x9f, 0xc4, 0x2, 0xf8, 0x11, 0x3f,
    0x88, 0x4, 0x70, 0x22, 0x7f, 0x10, 0x8,

    /* U+94DC "铜" */
    0x20, 0x11, 0x3f, 0x9d, 0x4, 0x8b, 0xef, 0x41,
    0x12, 0xf8, 0x94, 0xdf, 0xa6, 0x25, 0x31, 0x2f,
    0x8d, 0x44, 0x48, 0x22, 0x43, 0x0,

    /* U+94DD "铝" */
    0x60, 0x2, 0x5f, 0x9f, 0x84, 0x84, 0x28, 0xa1,
    0x3d, 0xf8, 0xa0, 0xe, 0x7f, 0x22, 0x11, 0x10,
    0x8e, 0x84, 0x67, 0xe2, 0x21, 0x0,

    /* U+94E1 "铡" */
    0x20, 0x0, 0x9e, 0x27, 0xc8, 0x91, 0x6a, 0x7e,
    0xaa, 0x9a, 0xa2, 0x6a, 0xbf, 0xaa, 0x26, 0xa8,
    0x9e, 0xa2, 0x2a, 0x8f, 0x12, 0x24, 0x8, 0x20,
    0x40,

    /* U+94E3 "铣" */
    0x0, 0x3, 0x14, 0x13, 0x20, 0xef, 0xe8, 0x48,
    0x3e, 0x40, 0x9f, 0xff, 0x68, 0x22, 0x41, 0x12,
    0xa, 0x90, 0x68, 0xa2, 0x87, 0x0,

    /* U+94ED "铭" */
    0x20, 0x81, 0x48, 0x9f, 0x7c, 0x84, 0x4f, 0xda,
    0x10, 0x20, 0xa2, 0xe, 0x3e, 0x27, 0x11, 0x8,
    0x8e, 0x44, 0x43, 0xe2, 0x11, 0x0,

    /* U+94F2 "铲" */
    0x61, 0x2, 0x44, 0x1c, 0xff, 0x4, 0x2f, 0xa2,
    0x10, 0x24, 0xae, 0xdf, 0xc0, 0x22, 0x1, 0x10,
    0xa, 0x80, 0x68, 0x2, 0x80, 0x0, 0x0,

    /* U+94F6 "银" */
    0x60, 0x22, 0x5f, 0x1e, 0x89, 0x7, 0xcf, 0xa2,
    0x11, 0x10, 0xaf, 0x9f, 0xd0, 0x22, 0xb1, 0x12,
    0x8, 0x90, 0x75, 0x46, 0x31, 0x0, 0x0,

    /* U+94F8 "铸" */
    0x20, 0x81, 0x8, 0x9f, 0xfe, 0x82, 0x8, 0x7f,
    0x78, 0x80, 0x9f, 0xff, 0x44, 0x23, 0xf9, 0x25,
    0xf, 0x28, 0x70, 0x42, 0xe, 0x0, 0x0,

    /* U+94FA "铺" */
    0x40, 0xa3, 0xff, 0xe0, 0x21, 0xf, 0xef, 0xc9,
    0x12, 0x4b, 0xff, 0xc4, 0x92, 0x27, 0xf1, 0x64,
    0x8d, 0x24, 0x49, 0x60,

    /* U+94FE "链" */
    0x20, 0x61, 0x61, 0x27, 0x5f, 0x91, 0x20, 0x90,
    0xa3, 0x92, 0x82, 0x5f, 0xbf, 0xa, 0x25, 0xfc,
    0x90, 0x83, 0xc2, 0xe, 0x88, 0x29, 0xfc,

    /* U+9500 "销" */
    0x20, 0x82, 0x24, 0xde, 0xa9, 0x5, 0xf, 0xff,
    0x12, 0x8, 0x90, 0x5f, 0xfe, 0x24, 0x11, 0x7f,
    0x8d, 0x4, 0x48, 0x22, 0x43, 0x0,

    /* U+9501 "锁" */
    0x20, 0x91, 0x8a, 0x47, 0x9a, 0x20, 0x60, 0xfe,
    0x70, 0x90, 0x42, 0x49, 0x3f, 0x24, 0x24, 0x90,
    0x92, 0x43, 0x92, 0x8, 0x46, 0x6, 0x8,

    /* U+9504 "锄" */
    0x20, 0x20, 0x9c, 0x87, 0xd2, 0x11, 0x4a, 0x7f,
    0x7a, 0x94, 0xa3, 0x52, 0x99, 0xca, 0x25, 0x28,
    0x95, 0x23, 0x7c, 0x8b, 0x22, 0x1, 0x10,

    /* U+9505 "锅" */
    0x60, 0x12, 0x1f, 0x9e, 0x84, 0x84, 0x2f, 0xbf,
    0x10, 0x20, 0x9f, 0xff, 0x89, 0x24, 0xc9, 0x25,
    0x49, 0x46, 0x68, 0x12, 0x41, 0x0,

    /* U+9508 "锈" */
    0x20, 0x33, 0x3e, 0x1e, 0x20, 0x8f, 0xff, 0xaa,
    0x12, 0x48, 0x80, 0x3f, 0xfc, 0x21, 0x41, 0x13,
    0xca, 0x84, 0x68, 0x22, 0x86, 0x0,

    /* U+9509 "锉" */
    0x20, 0x80, 0x8a, 0x47, 0xaa, 0x11, 0x28, 0xfe,
    0xb0, 0xab, 0x22, 0x8c, 0x9c, 0x24, 0x27, 0xf0,
    0x82, 0x3, 0x88, 0xc, 0x20, 0x2f, 0xf8,

    /* U+950B "锋" */
    0x61, 0x2, 0x11, 0x1e, 0xf9, 0xa, 0x8f, 0x9c,
    0x11, 0x9c, 0x82, 0x1f, 0xfe, 0x20, 0x81, 0xf,
    0x8b, 0xfe, 0x61, 0x2, 0x8, 0x0,

    /* U+950C "锌" */
    0x61, 0x2, 0x44, 0x9f, 0xff, 0x4, 0x4f, 0x96,
    0x10, 0xa8, 0xaa, 0x9f, 0x10, 0x20, 0x91, 0x3f,
    0x8a, 0x20, 0x61, 0x2, 0x8, 0x0,

    /* U+9510 "锐" */
    0x62, 0x22, 0x9, 0x1e, 0x51, 0xf, 0xef, 0xc1,
    0x12, 0x8, 0x90, 0x5f, 0xfe, 0x21, 0x41, 0xa,
    0xe, 0x90, 0x64, 0x92, 0xc7, 0x80,

    /* U+9519 "错" */
    0x21, 0x21, 0x24, 0x87, 0x7f, 0xa0, 0x48, 0xf9,
    0x28, 0x9f, 0xf2, 0x81, 0x3e, 0xfc, 0x22, 0x10,
    0x8f, 0xc3, 0xa1, 0xc, 0xfc, 0x22, 0x10,

    /* U+951A "锚" */
    0x21, 0x23, 0x89, 0x11, 0xfe, 0x82, 0x4f, 0x0,
    0x13, 0xfc, 0x92, 0x2e, 0x91, 0x27, 0xf9, 0x24,
    0x4d, 0x22, 0x4f, 0xf2, 0x40, 0x80,

    /* U+9521 "锡" */
    0x60, 0x2, 0x1f, 0x9e, 0x85, 0x7, 0xe8, 0xa1,
    0x39, 0xf8, 0xa4, 0x1f, 0x7f, 0x24, 0xa9, 0xa,
    0x8a, 0xa4, 0x62, 0x22, 0x23, 0x0,

    /* U+9523 "锣" */
    0x60, 0x12, 0x3f, 0x9f, 0x35, 0x9, 0xaf, 0xff,
    0x10, 0xc0, 0x87, 0xdf, 0x44, 0x25, 0x21, 0x4a,
    0x8, 0x20, 0x72, 0x2, 0x60, 0x0,

    /* U+9524 "锤" */
    0x60, 0x22, 0xe, 0x9e, 0xa0, 0x81, 0x3f, 0xbe,
    0x11, 0x50, 0xbf, 0xff, 0x54, 0x22, 0xa1, 0x7f,
    0xcc, 0x20, 0x41, 0x2, 0x3f, 0x0,

    /* U+9525 "锥" */
    0x20, 0x80, 0x8d, 0x7, 0xa4, 0x90, 0xfe, 0x86,
    0x43, 0xf9, 0x2, 0xbf, 0xbe, 0x90, 0x23, 0xf8,
    0x89, 0x3, 0xa4, 0x8c, 0xff, 0x22, 0x0,

    /* U+9526 "锦" */
    0x60, 0xc2, 0x4, 0x9e, 0xdd, 0x4, 0x2f, 0xbf,
    0x11, 0x8, 0xa7, 0x8e, 0xff, 0x24, 0x51, 0x22,
    0x8d, 0x14, 0xc8, 0xa0, 0x4, 0x0,

    /* U+9528 "锨" */
    0x20, 0x20, 0x8f, 0x7, 0xc4, 0x11, 0x1e, 0x94,
    0x4b, 0x9e, 0xc2, 0x52, 0x3f, 0x48, 0x25, 0x20,
    0x95, 0x43, 0x55, 0xa, 0x52, 0x31, 0x8c,

    /* U+952D "锭" */
    0x60, 0x82, 0x4, 0x1e, 0xff, 0x8, 0x29, 0x80,
    0x33, 0xf8, 0x82, 0x1f, 0x50, 0x22, 0xf1, 0x24,
    0xb, 0xa0, 0x6b, 0x2, 0x8f, 0x0,

    /* U+952E "键" */
    0x20, 0x41, 0x7b, 0xc6, 0x25, 0xa1, 0x7e, 0xfc,
    0x50, 0x9b, 0xc2, 0x25, 0x3e, 0xbe, 0x2a, 0x40,
    0x9f, 0xe3, 0xc4, 0xd, 0xd0, 0x28, 0xf8,

    /* U+952F "锯" */
    0x60, 0x2, 0x5f, 0x9f, 0x85, 0x7, 0xef, 0xa4,
    0x11, 0x28, 0x8f, 0xef, 0x48, 0x23, 0xf1, 0x58,
    0x8d, 0x44, 0x4b, 0xe2, 0x91, 0x0,

    /* U+9530 "锰" */
    0x60, 0x2, 0x1f, 0x9e, 0x9, 0x1, 0xbf, 0xbe,
    0x10, 0x43, 0xe2, 0x4, 0xff, 0x25, 0x51, 0x2a,
    0x8f, 0x54, 0x4a, 0xb2, 0xff, 0x80,

    /* U+9539 "锹" */
    0x21, 0x21, 0x18, 0x87, 0xa2, 0x14, 0xca, 0x76,
    0xb0, 0x8a, 0xc2, 0x7a, 0x3f, 0xc8, 0x2a, 0x30,
    0x89, 0x42, 0xa5, 0xc, 0xa2, 0x23, 0x8,

    /* U+953B "锻" */
    0x61, 0x11, 0x19, 0xc7, 0xc5, 0x11, 0x54, 0x96,
    0x53, 0x92, 0x62, 0x50, 0x3f, 0xbe, 0x24, 0x50,
    0x9d, 0x42, 0xc2, 0xd, 0x14, 0x5, 0x88,

    /* U+9540 "镀" */
    0x60, 0x82, 0x2, 0x1f, 0xfe, 0xaa, 0x4f, 0xdf,
    0x12, 0x90, 0x97, 0x9f, 0xa4, 0x27, 0xf1, 0x31,
    0x8b, 0x48, 0x71, 0x82, 0x8e, 0x1, 0x88,

    /* U+9547 "镇" */
    0x20, 0x80, 0x9f, 0xf1, 0xc2, 0x2, 0x1f, 0x89,
    0xa1, 0x1c, 0x7e, 0x8, 0x84, 0x7d, 0xf8, 0x23,
    0xf8, 0x5f, 0xf8, 0xc4, 0x1, 0x11, 0x80, 0xc0,
    0x80, 0x0, 0x0,

    /* U+954A "镊" */
    0x20, 0x12, 0xdf, 0x18, 0xf9, 0x4, 0x4f, 0x3f,
    0x93, 0xf0, 0x80, 0x8e, 0xfe, 0x21, 0x91, 0x33,
    0xe, 0xc8, 0x4a, 0xc2, 0x89, 0x80,

    /* U+9550 "镐" */
    0x40, 0x81, 0x41, 0x26, 0x3b, 0x20, 0xfc, 0xfa,
    0x10, 0x8f, 0xc2, 0x0, 0x1d, 0xfe, 0x25, 0xe8,
    0xb4, 0xa3, 0x5e, 0x89, 0x4a, 0x24, 0x18,

    /* U+955C "镜" */
    0x20, 0x82, 0x2, 0x9e, 0xfe, 0x82, 0x4f, 0xff,
    0x90, 0x8, 0xaf, 0xdf, 0x7e, 0x22, 0x11, 0x1f,
    0x8e, 0x50, 0x42, 0x92, 0x67, 0x80,

    /* U+9563 "镣" */
    0x20, 0x80, 0x84, 0x47, 0xff, 0x90, 0x54, 0x96,
    0x23, 0x8f, 0xc2, 0x62, 0xbe, 0xf8, 0x23, 0xe0,
    0x8a, 0x3, 0xa9, 0x9, 0x22, 0x29, 0x88,

    /* U+9570 "镰" */
    0x20, 0x81, 0x1, 0x27, 0xfb, 0x11, 0x4c, 0x77,
    0xca, 0x9f, 0xc2, 0x55, 0x9d, 0xfc, 0x27, 0xf0,
    0xb5, 0x3, 0xb6, 0xb, 0x56, 0x11, 0x40,

    /* U+9576 "镶" */
    0x20, 0x82, 0x4, 0x9d, 0xd8, 0x8f, 0xef, 0x7f,
    0x10, 0xa8, 0x9f, 0xff, 0xfe, 0x2f, 0xf9, 0xc,
    0x8e, 0xd8, 0x4b, 0x60, 0x30, 0x80,

    /* U+957F "长" */
    0x10, 0x0, 0x83, 0x4, 0x30, 0x26, 0x1, 0x40,
    0xc, 0xb, 0xff, 0xe2, 0x40, 0x12, 0x0, 0x88,
    0x4, 0x20, 0x24, 0xc3, 0xc3, 0x80, 0x0,

    /* U+95E8 "门" */
    0x80, 0x6, 0xfe, 0xa0, 0x28, 0x2, 0x80, 0x28,
    0x2, 0x80, 0x28, 0x2, 0x80, 0x28, 0x2, 0x80,
    0x28, 0x2, 0x80, 0x60,

    /* U+95EA "闪" */
    0x40, 0x2, 0xfe, 0x80, 0x28, 0x42, 0x84, 0x28,
    0x82, 0x8c, 0x28, 0xa2, 0x91, 0x2a, 0xa, 0xc0,
    0x28, 0x2, 0x80, 0x60,

    /* U+95ED "闭" */
    0x40, 0x2, 0xfe, 0x80, 0x28, 0x22, 0x82, 0xab,
    0xfa, 0x86, 0x28, 0x62, 0x8a, 0x29, 0x22, 0xa2,
    0x28, 0x62, 0x80, 0x60,

    /* U+95EE "问" */
    0x80, 0x4, 0xfe, 0xa0, 0x28, 0x2, 0x9f, 0x29,
    0x12, 0x91, 0x29, 0x12, 0x9f, 0x29, 0x12, 0x80,
    0x28, 0x2, 0x80, 0x60,

    /* U+95EF "闯" */
    0x40, 0x2, 0xfe, 0x90, 0x2b, 0xf2, 0x81, 0x29,
    0x12, 0x92, 0x2b, 0xfa, 0x80, 0xab, 0xea, 0x80,
    0xa8, 0x32, 0x80, 0x60,

    /* U+95F0 "闰" */
    0x40, 0x2, 0xfe, 0x80, 0x2b, 0xfa, 0x84, 0x28,
    0x52, 0x9f, 0xa8, 0x42, 0x84, 0x28, 0x4a, 0xbf,
    0xa8, 0x2, 0x80, 0x60,

    /* U+95F2 "闲" */
    0x40, 0x2, 0xfe, 0x80, 0x28, 0x42, 0x84, 0x2b,
    0xfa, 0x8c, 0x28, 0xe2, 0x95, 0x29, 0x4a, 0xa4,
    0x28, 0x42, 0x80, 0x60,

    /* U+95F4 "间" */
    0x80, 0x4, 0xfe, 0xa0, 0x28, 0x2, 0x9f, 0x29,
    0x12, 0x9f, 0x29, 0x12, 0x91, 0x29, 0xf2, 0x91,
    0x28, 0x2, 0x80, 0x60,

    /* U+95F7 "闷" */
    0x40, 0x2, 0xfe, 0x90, 0x28, 0x42, 0x84, 0x28,
    0xa2, 0x88, 0xaa, 0x8a, 0xa8, 0xa8, 0x92, 0x8f,
    0xa8, 0x2, 0x80, 0x60,

    /* U+95F8 "闸" */
    0x40, 0x2, 0xfe, 0x80, 0x2b, 0xfa, 0xa4, 0xaa,
    0x4a, 0xbf, 0xaa, 0x4a, 0xbf, 0xaa, 0x4a, 0x84,
    0x28, 0x42, 0x84, 0x60,

    /* U+95F9 "闹" */
    0x40, 0x2, 0xfe, 0x84, 0x28, 0x2a, 0xff, 0xe8,
    0x42, 0xbf, 0xaa, 0x4a, 0xa4, 0xaa, 0x4a, 0xa5,
    0xa8, 0x42, 0x84, 0xe0,

    /* U+95FA "闺" */
    0x40, 0x2, 0xfe, 0x90, 0x28, 0x52, 0x9f, 0xa8,
    0x42, 0xbf, 0xa8, 0x52, 0xbf, 0xa8, 0x4a, 0xbf,
    0xa8, 0x2, 0x80, 0x60,

    /* U+95FB "闻" */
    0x40, 0x2, 0xfe, 0x80, 0xab, 0xfa, 0x91, 0x29,
    0xf2, 0x91, 0x29, 0xf2, 0x91, 0x29, 0x1a, 0xbf,
    0x28, 0x12, 0x80, 0x60,

    /* U+95FD "闽" */
    0x40, 0x3, 0xfe, 0x94, 0x28, 0x42, 0xbf, 0xaa,
    0x4a, 0xa4, 0xab, 0xfa, 0xa4, 0x28, 0x4a, 0xbb,
    0xa8, 0x2, 0x80, 0x60,

    /* U+9600 "阀" */
    0x40, 0x2, 0xfe, 0xc0, 0x29, 0x52, 0x94, 0xa9,
    0x4a, 0xb7, 0xa9, 0x52, 0x92, 0x29, 0x22, 0x95,
    0xa9, 0x2, 0x80, 0x60,

    /* U+9601 "阁" */
    0x40, 0x2, 0xfe, 0x88, 0x28, 0xf2, 0x91, 0x2a,
    0xa2, 0x86, 0x2b, 0x9a, 0x9f, 0x29, 0x12, 0x9f,
    0x29, 0x12, 0x80, 0x60,

    /* U+9605 "阅" */
    0x40, 0x2, 0xfe, 0x90, 0x28, 0xa2, 0x9f, 0xa9,
    0x12, 0x91, 0x29, 0xf2, 0x8a, 0x28, 0xa2, 0x92,
    0xa9, 0x3e, 0x80, 0x60,

    /* U+960E "阎" */
    0x40, 0x2, 0xfe, 0x80, 0x29, 0xf2, 0xa1, 0x2c,
    0x22, 0xbb, 0xaa, 0xa, 0xbb, 0xaa, 0xa, 0xbf,
    0xaa, 0xa, 0x80, 0x60,

    /* U+9610 "阐" */
    0x40, 0x2, 0xfe, 0x91, 0x28, 0xa2, 0xbf, 0xaa,
    0x4a, 0xbf, 0xaa, 0x4a, 0xbf, 0xaf, 0xfe, 0x84,
    0x28, 0x42, 0x84, 0x60,

    /* U+9614 "阔" */
    0x40, 0x2, 0xfe, 0x80, 0x29, 0x1a, 0x82, 0x2a,
    0xaa, 0x97, 0x29, 0x7a, 0xe4, 0xaa, 0x4a, 0xa7,
    0xa8, 0x42, 0x80, 0x60,

    /* U+961F "队" */
    0x1, 0x7, 0x88, 0x24, 0x41, 0x42, 0xc, 0x10,
    0x60, 0x82, 0x86, 0x12, 0x50, 0x92, 0x85, 0xa2,
    0x21, 0x9, 0x10, 0x6b, 0x1, 0x0,

    /* U+9631 "阱" */
    0x2, 0x4f, 0x24, 0x92, 0x4a, 0xff, 0xc2, 0x4c,
    0x24, 0xa2, 0x59, 0xff, 0x92, 0x4b, 0x24, 0x84,
    0x48, 0x84, 0x90, 0x40,

    /* U+9632 "防" */
    0x2, 0xf, 0x18, 0x90, 0x9a, 0xff, 0xc2, 0xa,
    0x3e, 0x92, 0x29, 0x22, 0x94, 0x2b, 0x42, 0x88,
    0x29, 0x4, 0xa0, 0xc0,

    /* U+9633 "阳" */
    0x10, 0x2f, 0x7f, 0x94, 0x2a, 0x42, 0xc4, 0x2a,
    0x42, 0xa7, 0xe9, 0x42, 0x94, 0x2b, 0x42, 0x84,
    0x28, 0x7e, 0x84, 0x20,

    /* U+9634 "阴" */
    0x10, 0x7, 0x9f, 0xa4, 0x85, 0x44, 0x2a, 0x3f,
    0x51, 0xa, 0x88, 0x52, 0x42, 0x93, 0xf5, 0xa0,
    0xa1, 0x5, 0x10, 0x29, 0x3, 0x0,

    /* U+9635 "阵" */
    0x11, 0x7, 0x90, 0x2b, 0xfd, 0x44, 0xc, 0x48,
    0x52, 0x42, 0x5f, 0xd2, 0x10, 0x90, 0x95, 0xff,
    0xe0, 0x21, 0x1, 0x8, 0x8, 0x0,

    /* U+9636 "阶" */
    0x11, 0x87, 0x8c, 0x24, 0x91, 0x48, 0xca, 0x83,
    0x59, 0x22, 0x89, 0x12, 0x48, 0x92, 0x45, 0x92,
    0x21, 0x11, 0x8, 0x89, 0x84, 0x0,

    /* U+963B "阻" */
    0x10, 0x7, 0xbf, 0x2d, 0x9, 0x48, 0x4c, 0x7e,
    0x52, 0x12, 0x50, 0x92, 0x84, 0x97, 0xe5, 0xa1,
    0x21, 0x9, 0x8, 0x49, 0xff, 0x80,

    /* U+963F "阿" */
    0x10, 0x17, 0xff, 0xa4, 0x9, 0x40, 0x4a, 0x72,
    0x62, 0x92, 0x94, 0x92, 0xa4, 0x97, 0x27, 0xa1,
    0x20, 0x9, 0x0, 0x48, 0xe, 0x0,

    /* U+9644 "附" */
    0x2, 0x7, 0x91, 0x25, 0x9, 0x4b, 0xfc, 0x42,
    0x56, 0x12, 0x54, 0x92, 0x94, 0x94, 0xa5, 0xa1,
    0x21, 0x9, 0x8, 0x48, 0x46, 0x0,

    /* U+9645 "际" */
    0x90, 0x3, 0xdf, 0xc9, 0x0, 0x28, 0x0, 0xa0,
    0x12, 0xbf, 0xe9, 0x8, 0x25, 0x28, 0x96, 0x92,
    0xd2, 0x48, 0x88, 0xa4, 0x20, 0x81, 0x80,

    /* U+9646 "陆" */
    0x10, 0x87, 0x84, 0x24, 0x25, 0x5f, 0xea, 0x8,
    0x60, 0x42, 0xbf, 0xf2, 0x10, 0x90, 0x95, 0xc4,
    0xa2, 0x25, 0x1f, 0xe8, 0x1, 0x0,

    /* U+9648 "陈" */
    0x91, 0x7, 0x88, 0xab, 0xff, 0x44, 0xa, 0x48,
    0x52, 0x42, 0x7f, 0xd2, 0x10, 0x96, 0xa5, 0xa4,
    0xa2, 0x25, 0x21, 0x28, 0x18, 0x0,

    /* U+964B "陋" */
    0x0, 0x17, 0x3f, 0xe8, 0x21, 0xb7, 0xed, 0xa9,
    0x6d, 0x4a, 0xed, 0x57, 0x62, 0xba, 0x17, 0xd0,
    0xa6, 0x8d, 0x30, 0x29, 0xff, 0x80,

    /* U+964C "陌" */
    0x10, 0xf, 0x7f, 0x91, 0xa, 0x10, 0xa7, 0xec,
    0x42, 0xa4, 0x29, 0x7e, 0x94, 0x2b, 0x42, 0x84,
    0x28, 0x7e, 0x84, 0x20,

    /* U+964D "降" */
    0xf2, 0x4, 0x9f, 0x29, 0x99, 0x53, 0x8c, 0x1c,
    0x53, 0x1e, 0x82, 0x12, 0xfe, 0x94, 0x87, 0xa4,
    0x2d, 0xfd, 0x1, 0x8, 0x8, 0x0,

    /* U+9650 "限" */
    0x0, 0x7, 0xbf, 0x25, 0x9, 0x4f, 0xcc, 0x42,
    0x52, 0x12, 0x9f, 0x92, 0xa6, 0x94, 0xc5, 0xa4,
    0x21, 0x11, 0xc, 0x68, 0x81, 0x0,

    /* U+9655 "陕" */
    0xf1, 0x9, 0x12, 0xaf, 0xfa, 0x10, 0xc9, 0x2a,
    0x54, 0x95, 0x9, 0xff, 0x93, 0xb, 0x28, 0x84,
    0x48, 0xc2, 0x90, 0x10,

    /* U+9661 "陡" */
    0x91, 0x7, 0x89, 0x2b, 0xfd, 0x42, 0xc, 0x11,
    0x5f, 0xfa, 0x44, 0x12, 0xa0, 0x95, 0xf5, 0xe8,
    0x23, 0x41, 0x26, 0x8, 0xf, 0x0,

    /* U+9662 "院" */
    0xf1, 0x9, 0x10, 0xaf, 0xfa, 0x82, 0xc7, 0xec,
    0x0, 0xa0, 0x9, 0xff, 0x92, 0x8b, 0x28, 0x84,
    0x98, 0x49, 0x98, 0xf0,

    /* U+9664 "除" */
    0x11, 0x7, 0x94, 0x24, 0x91, 0x48, 0xec, 0xff,
    0x60, 0x82, 0x84, 0x93, 0xfe, 0x95, 0x45, 0xc9,
    0x22, 0x45, 0x22, 0x28, 0x30, 0x0,

    /* U+9668 "陨" */
    0x0, 0xf, 0x7e, 0x94, 0x2a, 0x7e, 0xc4, 0xa,
    0xff, 0x98, 0x29, 0x92, 0x99, 0x2b, 0x92, 0x82,
    0x88, 0x66, 0x88, 0x10,

    /* U+9669 "险" */
    0x1, 0xf, 0x30, 0x92, 0x8a, 0x44, 0xc8, 0x7a,
    0x7d, 0x92, 0x9, 0x92, 0x95, 0x4b, 0x54, 0x80,
    0x88, 0x8, 0x9f, 0xf0,

    /* U+966A "陪" */
    0x91, 0xf, 0x8, 0xaf, 0xfa, 0x46, 0xc2, 0x4c,
    0x28, 0xaf, 0xf9, 0x0, 0x97, 0xe9, 0x42, 0xa4,
    0x28, 0x7e, 0x84, 0x20,

    /* U+9675 "陵" */
    0x1, 0x7, 0x89, 0x29, 0xfd, 0x42, 0x2a, 0xff,
    0x61, 0x32, 0x90, 0xd3, 0x40, 0x95, 0xe5, 0xd6,
    0x20, 0x41, 0x5, 0xc8, 0xc3, 0x0,

    /* U+9676 "陶" */
    0x16, 0x7, 0xa0, 0x25, 0xff, 0x54, 0x2d, 0x7d,
    0x50, 0xaa, 0xbf, 0xd2, 0x22, 0x95, 0x57, 0xaa,
    0xad, 0xf5, 0x0, 0x28, 0x6, 0x0,

    /* U+9677 "陷" */
    0x11, 0x7, 0xd0, 0x24, 0xfd, 0x4c, 0x4a, 0x44,
    0x54, 0x82, 0x99, 0xd2, 0x82, 0x97, 0x75, 0xa0,
    0xa1, 0x5, 0xf, 0xe8, 0x41, 0x0,

    /* U+9685 "隅" */
    0x10, 0xf, 0x7e, 0x99, 0x2a, 0x7e, 0xc9, 0x2a,
    0x7e, 0x91, 0x9, 0xff, 0x99, 0x1b, 0xbd, 0x88,
    0x38, 0x81, 0x88, 0x20,

    /* U+9686 "隆" */
    0xf1, 0x24, 0x9f, 0x29, 0x89, 0x52, 0x8c, 0x1c,
    0x51, 0x1e, 0x5f, 0x92, 0xd0, 0x97, 0xf7, 0xc4,
    0x21, 0xfd, 0x1, 0x28, 0xff, 0x80,

    /* U+968F "随" */
    0x0, 0x87, 0xc8, 0x25, 0xff, 0x4a, 0xc, 0x1f,
    0x61, 0x92, 0xb7, 0x92, 0xa4, 0x95, 0xe5, 0xa9,
    0x21, 0x59, 0x14, 0x9, 0x1f, 0x0,

    /* U+9690 "隐" */
    0x2, 0x7, 0xb2, 0x2d, 0xf1, 0x51, 0xc, 0xfe,
    0x68, 0x12, 0x9f, 0x92, 0x4, 0x9f, 0xe5, 0xa7,
    0x25, 0x25, 0x28, 0x28, 0x7c, 0x0,

    /* U+9694 "隔" */
    0xff, 0xf4, 0x80, 0x29, 0xf9, 0x48, 0x4c, 0x42,
    0x53, 0xf2, 0x7f, 0xd3, 0x4a, 0x98, 0x95, 0xda,
    0xa2, 0x45, 0x12, 0x28, 0x83, 0x0,

    /* U+9698 "隘" */
    0x8, 0x67, 0xa2, 0x24, 0xa1, 0x5f, 0xec, 0x8,
    0x63, 0x32, 0xa0, 0x53, 0x4, 0x9f, 0xe5, 0xd5,
    0x22, 0xa9, 0x15, 0x49, 0xff, 0x80,

    /* U+9699 "隙" */
    0x1, 0x7, 0xa9, 0x25, 0x45, 0x52, 0x2d, 0x7e,
    0x64, 0x12, 0x9f, 0x93, 0x4, 0x97, 0xe7, 0xaa,
    0x22, 0x4d, 0x22, 0x28, 0x30, 0x0,

    /* U+969C "障" */
    0x1, 0xf, 0x0, 0x9f, 0xfa, 0x24, 0xc5, 0xba,
    0x7e, 0x94, 0x29, 0x7e, 0x97, 0xea, 0x11, 0x8f,
    0xf8, 0x10, 0x81, 0x0,

    /* U+96A7 "隧" */
    0x0, 0x27, 0x89, 0x26, 0x35, 0x4f, 0xec, 0x48,
    0x61, 0xca, 0xb3, 0x92, 0xa8, 0x96, 0xf4, 0xaa,
    0x69, 0x11, 0x19, 0x89, 0x3f, 0x0,

    /* U+96B6 "隶" */
    0x0, 0x0, 0x10, 0xf, 0xf8, 0x4, 0x4f, 0xff,
    0x81, 0x10, 0xff, 0x80, 0x40, 0x13, 0x30, 0x5a,
    0x3, 0xa0, 0x64, 0xcc, 0x21, 0x83, 0x0,

    /* U+96BE "难" */
    0x1, 0x0, 0x14, 0x3d, 0x0, 0x2f, 0xe1, 0xc8,
    0x33, 0xf8, 0x92, 0x4, 0x90, 0x57, 0xf2, 0xa4,
    0x21, 0x25, 0xf, 0xf0, 0x40, 0x0,

    /* U+96C0 "雀" */
    0x2, 0x0, 0x69, 0x2, 0x2f, 0x10, 0x42, 0x6,
    0x0, 0x24, 0x3, 0xff, 0x14, 0x40, 0x1f, 0xf0,
    0x44, 0x1, 0xff, 0x4, 0x44, 0x1f, 0xf8,

    /* U+96C1 "雁" */
    0x0, 0x13, 0xff, 0xd2, 0x20, 0x96, 0xa5, 0x3f,
    0xa9, 0x29, 0x5f, 0xce, 0x48, 0x92, 0x54, 0x9f,
    0xa4, 0x91, 0x27, 0xf1, 0x20, 0x0,

    /* U+96C4 "雄" */
    0x10, 0xa0, 0x46, 0x81, 0x50, 0xbf, 0xff, 0x23,
    0x28, 0xaf, 0xe2, 0xd2, 0xc, 0x4a, 0x59, 0xfd,
    0x94, 0x8b, 0xd2, 0x29, 0x7f, 0x1, 0x0,

    /* U+96C5 "雅" */
    0x0, 0xc1, 0xfc, 0x80, 0x92, 0x1a, 0x7f, 0x4b,
    0x29, 0xff, 0xf1, 0x92, 0x6, 0x4a, 0x29, 0xfd,
    0x24, 0x88, 0x92, 0x2, 0x7f, 0x19, 0x0,

    /* U+96C6 "集" */
    0x14, 0x1, 0x91, 0xf, 0xfc, 0xc4, 0x4b, 0xfc,
    0x1f, 0xf0, 0x88, 0x87, 0xfe, 0x2, 0x17, 0xff,
    0xc3, 0xc0, 0x65, 0xcc, 0x21, 0x0,

    /* U+96C7 "雇" */
    0x2, 0x1, 0xff, 0xc8, 0x4, 0x7f, 0xe2, 0x50,
    0x14, 0x48, 0xbf, 0xe5, 0x10, 0x3f, 0xf1, 0x44,
    0x13, 0xfc, 0x91, 0x20, 0xff, 0x80,

    /* U+96CC "雌" */
    0x4, 0x40, 0xa5, 0x5, 0x28, 0xa9, 0xf5, 0x4a,
    0x2f, 0xd1, 0x53, 0xea, 0x94, 0x54, 0xfa, 0xad,
    0x1d, 0xab, 0x89, 0xf0, 0x8, 0x0,

    /* U+96CF "雏" */
    0x30, 0xc0, 0x86, 0x83, 0xd2, 0x92, 0x7e, 0x93,
    0x22, 0x54, 0x86, 0xdf, 0x81, 0x4a, 0x3d, 0xf8,
    0x14, 0x80, 0x52, 0x9f, 0x7f, 0x1, 0x0,

    /* U+96D5 "雕" */
    0x0, 0x63, 0xf5, 0x14, 0xaa, 0xfd, 0xe5, 0x2a,
    0x2b, 0xd1, 0x2b, 0xef, 0xd4, 0x6a, 0xfb, 0x55,
    0x1c, 0xab, 0x5, 0xf8, 0x68, 0x0,

    /* U+96E8 "雨" */
    0x0, 0x17, 0xff, 0xc0, 0x80, 0x4, 0x7, 0xff,
    0x31, 0x89, 0x4a, 0x48, 0x42, 0x63, 0x12, 0x94,
    0x90, 0x84, 0x84, 0x24, 0x23, 0x0,

    /* U+96EA "雪" */
    0x0, 0x1, 0xff, 0x90, 0x82, 0xff, 0xff, 0xaf,
    0x1, 0x0, 0xeb, 0x87, 0xfc, 0x0, 0x21, 0xff,
    0x0, 0x8, 0x7f, 0xc0, 0x2, 0x0,

    /* U+96F3 "雳" */
    0x0, 0x30, 0x7f, 0x7, 0xff, 0x90, 0x82, 0xfa,
    0xf0, 0xeb, 0xc3, 0xff, 0x88, 0xc0, 0x2f, 0xf0,
    0x88, 0x42, 0x21, 0x11, 0x4, 0x98, 0x60,

    /* U+96F6 "零" */
    0x7f, 0xe0, 0x20, 0x9f, 0xfc, 0x88, 0x29, 0x4a,
    0x1c, 0xe0, 0x18, 0x3, 0xb0, 0x22, 0x33, 0xfe,
    0x0, 0x20, 0x1e, 0x0, 0x30, 0x0,

    /* U+96F7 "雷" */
    0x0, 0x23, 0xff, 0x90, 0x80, 0xff, 0xff, 0xad,
    0x1, 0x0, 0xeb, 0x87, 0xfc, 0x22, 0x21, 0xff,
    0x8, 0x88, 0x44, 0x43, 0xfe, 0x0,

    /* U+96F9 "雹" */
    0x0, 0x21, 0xfe, 0x1f, 0xff, 0x4, 0x29, 0x20,
    0x1d, 0x60, 0x40, 0x5, 0xfc, 0x7f, 0x21, 0x9,
    0xf, 0xd0, 0x40, 0x23, 0xff, 0x0,

    /* U+96FE "雾" */
    0x0, 0x1, 0xff, 0x1f, 0xfd, 0x7b, 0xa8, 0x44,
    0xf, 0xe0, 0xc2, 0x9, 0xe0, 0x7d, 0xf3, 0xfe,
    0x2, 0x10, 0x20, 0x86, 0x18, 0x0,

    /* U+9700 "需" */
    0x0, 0x0, 0xff, 0xc3, 0xff, 0x90, 0x82, 0xa,
    0x40, 0x7b, 0x80, 0x20, 0x8f, 0xfc, 0x3f, 0xf0,
    0x92, 0x42, 0x49, 0x9, 0x24, 0x24, 0x90,

    /* U+9707 "震" */
    0x0, 0x10, 0xff, 0xf, 0xfe, 0x84, 0x24, 0x24,
    0x1d, 0x78, 0x94, 0x87, 0xfe, 0x20, 0x1, 0xff,
    0xca, 0x80, 0x93, 0xe4, 0xe6, 0x0, 0xc,

    /* U+9709 "霉" */
    0x0, 0x1, 0xff, 0x1f, 0xfd, 0x7b, 0x83, 0xdc,
    0x8, 0x0, 0xbf, 0x8b, 0xf8, 0xa2, 0x57, 0xff,
    0x88, 0x94, 0x7f, 0xe0, 0x8, 0x0,

    /* U+970D "霍" */
    0x7f, 0xe0, 0x20, 0x9f, 0xfd, 0x88, 0x29, 0x4a,
    0x1c, 0xe0, 0x48, 0x87, 0xfc, 0x62, 0x45, 0xfc,
    0xf, 0xf8, 0x44, 0x3, 0xff, 0x0,

    /* U+970E "霎" */
    0x0, 0x0, 0xff, 0xc7, 0xff, 0xde, 0xbc, 0x82,
    0x0, 0x49, 0x7, 0xff, 0x2, 0x10, 0x77, 0xb9,
    0xff, 0xe1, 0x84, 0x1, 0xe0, 0x3c, 0x70,

    /* U+971C "霜" */
    0x0, 0x0, 0xff, 0xc7, 0xff, 0xb0, 0x82, 0x12,
    0x40, 0xeb, 0x81, 0x0, 0x3f, 0x7e, 0x31, 0xf8,
    0xe4, 0x25, 0x5f, 0xa4, 0x42, 0x11, 0xf8,

    /* U+971E "霞" */
    0x0, 0x3, 0xff, 0x1f, 0xff, 0x6b, 0xa0, 0x40,
    0x1a, 0xe1, 0xef, 0x89, 0x4, 0x79, 0xe3, 0xdf,
    0x92, 0x58, 0xf9, 0x84, 0x73, 0x80,

    /* U+9732 "露" */
    0x0, 0x3, 0xff, 0x20, 0x85, 0xff, 0xc1, 0x20,
    0x8, 0x1, 0xe7, 0x89, 0x68, 0x74, 0xc1, 0x4d,
    0xdc, 0xf8, 0xc2, 0x4d, 0x9e, 0x0,

    /* U+9738 "霸" */
    0x0, 0x20, 0xfe, 0x1f, 0xff, 0xfb, 0xa3, 0xde,
    0x12, 0x3, 0xff, 0xe4, 0x92, 0x7e, 0xf2, 0x94,
    0x9f, 0xbd, 0xfe, 0x21, 0x23, 0x0,

    /* U+9739 "霹" */
    0x0, 0x3, 0xff, 0x9f, 0xff, 0x75, 0xe8, 0x20,
    0x19, 0x71, 0xef, 0xe9, 0x26, 0x78, 0xa2, 0x1f,
    0xde, 0x17, 0x73, 0xcc, 0x84, 0x0,

    /* U+9752 "青" */
    0x2, 0x23, 0xff, 0x80, 0x80, 0x7f, 0xc0, 0x21,
    0x3e, 0xf0, 0x7f, 0x2, 0x8, 0x1f, 0xc0, 0x82,
    0x7, 0xf0, 0x20, 0x81, 0xc, 0x0,

    /* U+9756 "靖" */
    0x40, 0x81, 0x3f, 0xca, 0x21, 0xf7, 0xf9, 0x88,
    0x29, 0xbd, 0x4f, 0xcc, 0x42, 0x6b, 0xf0, 0x9f,
    0xb8, 0x84, 0x4, 0x20, 0x23, 0x0,

    /* U+9759 "静" */
    0x0, 0x0, 0xcc, 0x3f, 0x78, 0x34, 0x47, 0xa4,
    0x9, 0xf9, 0xb2, 0x6f, 0xff, 0x48, 0x93, 0xdf,
    0x9e, 0x24, 0x91, 0x4, 0x88, 0x2c, 0xc0,

    /* U+975E "非" */
    0x9, 0x0, 0x90, 0xf9, 0xf0, 0x90, 0x9, 0x2f,
    0x9f, 0x9, 0x0, 0x90, 0x9, 0x1f, 0x9f, 0x9,
    0x0, 0x90, 0x9, 0x0,

    /* U+9760 "靠" */
    0x2, 0x21, 0xff, 0x90, 0x80, 0x7b, 0xf3, 0xfe,
    0x10, 0x10, 0xff, 0x81, 0x22, 0x79, 0xe3, 0xcf,
    0x82, 0x41, 0xf3, 0xf0, 0x90, 0x0,

    /* U+9761 "靡" */
    0x3, 0x17, 0xff, 0x48, 0x47, 0xff, 0x48, 0x45,
    0xee, 0x69, 0x54, 0x48, 0x5c, 0xf5, 0xcf, 0x84,
    0x9b, 0xcf, 0x4, 0x80,

    /* U+9762 "面" */
    0x0, 0x17, 0xff, 0xc0, 0x80, 0x8, 0x27, 0xff,
    0x24, 0x49, 0x3e, 0x49, 0x12, 0x48, 0x92, 0x7c,
    0x92, 0x24, 0xff, 0xe4, 0x1, 0x0,

    /* U+9769 "革" */
    0x8, 0xc0, 0x44, 0xbf, 0xfe, 0x11, 0x0, 0x78,
    0x1f, 0xf0, 0x88, 0x84, 0x44, 0x3f, 0xe1, 0x11,
    0x3f, 0xfe, 0x4, 0x0, 0x20, 0x0,

    /* U+9774 "靴" */
    0x2c, 0x0, 0xa6, 0x87, 0xf2, 0xa, 0x4a, 0x19,
    0x29, 0xf4, 0xc5, 0x72, 0x15, 0x48, 0x7d, 0xe1,
    0x54, 0x8f, 0xf2, 0x44, 0x49, 0x11, 0x3c,

    /* U+9776 "靶" */
    0x28, 0x0, 0xa7, 0xe7, 0xd4, 0x8e, 0x52, 0x11,
    0x49, 0xf5, 0x25, 0x5f, 0x95, 0x42, 0x7d, 0x0,
    0x54, 0xf, 0xf0, 0x4, 0x42, 0x11, 0xf8,

    /* U+978B "鞋" */
    0x28, 0x43, 0xf9, 0x2, 0x9f, 0x8a, 0x10, 0x10,
    0x49, 0xff, 0xe5, 0x44, 0x15, 0x10, 0x7c, 0x40,
    0x47, 0xef, 0xe4, 0x4, 0x12, 0x13, 0xfc,

    /* U+978D "鞍" */
    0x2c, 0x0, 0xa1, 0x7, 0xe0, 0x8a, 0xfe, 0x3a,
    0x50, 0x42, 0x27, 0xff, 0xd5, 0x24, 0x7d, 0x11,
    0x44, 0x8f, 0xee, 0x4, 0x1c, 0x11, 0x88, 0x0,
    0x0,

    /* U+97A0 "鞠" */
    0x29, 0x0, 0xb4, 0x27, 0xbf, 0x8a, 0xa2, 0x12,
    0xa9, 0xf7, 0x25, 0x4c, 0x95, 0x6a, 0x7d, 0xc8,
    0x56, 0xa7, 0xe8, 0x85, 0x22, 0x10, 0xb0,

    /* U+97AD "鞭" */
    0x52, 0x12, 0xdf, 0xdc, 0x90, 0xab, 0xe2, 0x55,
    0x7e, 0xfa, 0xd5, 0x56, 0xbe, 0xf5, 0x51, 0x22,
    0x3f, 0x50, 0x49, 0x82, 0x53, 0x80,

    /* U+97E7 "韧" */
    0x20, 0x1, 0x5f, 0xff, 0x24, 0x51, 0x2f, 0xe9,
    0x11, 0x48, 0x8a, 0x5f, 0x92, 0x25, 0x11, 0x28,
    0x8b, 0x44, 0x44, 0x22, 0x46, 0x0,

    /* U+97E9 "韩" */
    0x10, 0x40, 0x51, 0x27, 0x9f, 0xc4, 0x10, 0x6c,
    0x41, 0x17, 0xe7, 0xc4, 0x9f, 0x7e, 0x50, 0x48,
    0x59, 0x27, 0x85, 0x84, 0x10, 0x10, 0x40,

    /* U+97ED "韭" */
    0x9, 0x0, 0x48, 0x2, 0x49, 0xf3, 0xe0, 0x90,
    0x4, 0x91, 0xe7, 0xc1, 0x20, 0x9, 0x7, 0xcf,
    0x82, 0x40, 0x12, 0x2f, 0xff, 0x80,

    /* U+97F3 "音" */
    0x4, 0x0, 0x22, 0xff, 0xf1, 0x8, 0x9, 0x1f,
    0xff, 0x0, 0x3, 0xfc, 0x20, 0x43, 0xfc, 0x20,
    0x43, 0xfc, 0x20, 0x40,

    /* U+97F5 "韵" */
    0x10, 0x80, 0x1a, 0x27, 0x8f, 0x8b, 0x42, 0x29,
    0xb, 0xfb, 0x20, 0x4, 0x9f, 0x6, 0x44, 0xe9,
    0xf6, 0x24, 0x41, 0x1f, 0x4, 0x44, 0x70,

    /* U+9875 "页" */
    0x0, 0xf, 0xff, 0x4, 0x3, 0xfc, 0x20, 0x42,
    0x24, 0x22, 0x42, 0x24, 0x22, 0x42, 0x24, 0x5,
    0x80, 0x86, 0x30, 0x34, 0x0,

    /* U+9876 "顶" */
    0x0, 0x0, 0xbf, 0xd8, 0x40, 0x4f, 0xe2, 0x41,
    0x12, 0x48, 0x92, 0x44, 0x92, 0x24, 0x91, 0x24,
    0x89, 0x50, 0x44, 0x66, 0x41, 0x0, 0x0,

    /* U+9877 "顷" */
    0x80, 0x9, 0xff, 0x81, 0x8, 0xff, 0xf9, 0x28,
    0x92, 0x89, 0x28, 0x92, 0xb9, 0x2c, 0x92, 0x82,
    0x80, 0x66, 0x8, 0x21, 0x0,

    /* U+9879 "项" */
    0x0, 0x0, 0x3f, 0xdc, 0x20, 0x4f, 0xe2, 0x41,
    0x12, 0x48, 0x92, 0x44, 0x92, 0x24, 0x91, 0xe4,
    0xb0, 0x50, 0x6, 0x60, 0x41, 0x0, 0x0,

    /* U+987A "顺" */
    0x44, 0x11, 0x57, 0xe5, 0x44, 0x15, 0x7c, 0x55,
    0x11, 0x55, 0x45, 0x55, 0x15, 0x54, 0x55, 0x51,
    0x55, 0x45, 0x59, 0x21, 0x22, 0x85, 0x8, 0x0,
    0x0,

    /* U+987B "须" */
    0x8, 0x10, 0x4f, 0xe1, 0x4, 0x8, 0xfc, 0xca,
    0x10, 0x49, 0x41, 0x25, 0xa, 0x94, 0xca, 0x50,
    0x69, 0x41, 0xa, 0x8, 0x66, 0x42, 0x8, 0x30,
    0x0,

    /* U+987D "顽" */
    0x0, 0x9, 0xf7, 0xc0, 0x8, 0x1, 0x5e, 0xff,
    0x48, 0xa5, 0x22, 0x94, 0x8a, 0x52, 0x29, 0x48,
    0xad, 0x24, 0xca, 0x10, 0x26, 0x83, 0x8,

    /* U+987E "顾" */
    0x4, 0x9, 0xff, 0xf4, 0x4, 0x17, 0x7e, 0x65,
    0x9, 0x95, 0x26, 0x54, 0x99, 0x52, 0x61, 0x49,
    0x85, 0x26, 0xc9, 0x2c, 0x22, 0x83, 0x8, 0x0,
    0x0,

    /* U+987F "顿" */
    0x10, 0x8, 0x4f, 0xff, 0xe4, 0x4, 0x7e, 0x55,
    0x9, 0x55, 0x25, 0x54, 0x95, 0x52, 0x7d, 0x48,
    0x55, 0x21, 0x9, 0x7, 0x22, 0x11, 0x8, 0x0,
    0x0,

    /* U+9881 "颁" */
    0x0, 0x3, 0x9f, 0xd2, 0x10, 0x93, 0x28, 0x57,
    0x7e, 0xa8, 0xb5, 0x44, 0xaa, 0x29, 0x51, 0x4c,
    0x92, 0x70, 0x91, 0x69, 0xb1, 0x0, 0x0,

    /* U+9882 "颂" */
    0x0, 0x3, 0xbf, 0xd2, 0x20, 0x97, 0xe8, 0xa1,
    0x55, 0x48, 0x8a, 0x48, 0x52, 0x52, 0x92, 0x54,
    0xa6, 0x59, 0xd2, 0x60, 0x61, 0x0, 0x0,

    /* U+9884 "预" */
    0x8, 0x17, 0xdf, 0xc2, 0x20, 0x62, 0x22, 0x2f,
    0x7f, 0x68, 0xaa, 0x44, 0x52, 0x22, 0x91, 0x14,
    0x88, 0xe0, 0x42, 0xc6, 0x21, 0x2, 0x0,

    /* U+9885 "颅" */
    0x10, 0x10, 0x53, 0xa1, 0xe8, 0x4, 0x64, 0x7d,
    0x71, 0x15, 0x44, 0x55, 0x1f, 0x54, 0x45, 0x51,
    0x5, 0x4, 0x9, 0x20, 0x62, 0x82, 0x8, 0x0,
    0x0,

    /* U+9886 "领" */
    0x20, 0x0, 0xff, 0xe2, 0x88, 0x11, 0x40, 0x63,
    0xf2, 0x48, 0x41, 0x29, 0x3e, 0xa4, 0xa, 0x91,
    0x4a, 0x42, 0xa, 0x4, 0x46, 0x12, 0x8, 0x0,
    0x0,

    /* U+9887 "颇" */
    0x10, 0x10, 0x47, 0x87, 0xe4, 0x15, 0x64, 0x51,
    0x71, 0xf5, 0x44, 0x55, 0x1a, 0x54, 0x59, 0x51,
    0x25, 0x45, 0x89, 0x29, 0x22, 0xc3, 0x8, 0x0,
    0x0,

    /* U+9888 "颈" */
    0x0, 0x9, 0xff, 0xf0, 0x88, 0x4, 0x7e, 0x1d,
    0x49, 0x9d, 0x28, 0x14, 0x9f, 0x52, 0x11, 0x48,
    0x45, 0x21, 0x29, 0x1f, 0x62, 0x2, 0x8, 0x0,
    0x0,

    /* U+988A "颊" */
    0x10, 0x0, 0x4f, 0xe1, 0x44, 0x1e, 0x7c, 0x57,
    0x11, 0x55, 0x41, 0xd5, 0x3f, 0xd4, 0x11, 0x50,
    0xa5, 0x42, 0x4b, 0x9, 0x26, 0x41, 0x8, 0x0,
    0x0,

    /* U+9891 "频" */
    0x10, 0x12, 0xaf, 0x17, 0xa0, 0xa1, 0x25, 0x17,
    0x7f, 0xa8, 0x65, 0x4e, 0xea, 0x55, 0x54, 0xaa,
    0x82, 0x30, 0x22, 0x66, 0x21, 0x0, 0x0,

    /* U+9893 "颓" */
    0x8, 0x3, 0x9f, 0xc8, 0x11, 0xf7, 0xf3, 0x21,
    0x37, 0x2a, 0x99, 0x4f, 0x4a, 0x4a, 0x52, 0x52,
    0x12, 0x29, 0x19, 0x28, 0x11, 0x1, 0x0,

    /* U+9896 "颖" */
    0x40, 0x11, 0x2f, 0xe7, 0x4, 0x11, 0x64, 0x7d,
    0x70, 0x35, 0x47, 0x15, 0x5, 0x54, 0xfd, 0x50,
    0xc5, 0x43, 0xda, 0x35, 0x46, 0x12, 0x8, 0x0,
    0x0,

    /* U+9897 "颗" */
    0x4, 0x9, 0xff, 0xf5, 0x44, 0x1f, 0x7e, 0x55,
    0x9, 0xf5, 0x21, 0x54, 0xbf, 0xd2, 0x31, 0x48,
    0xf5, 0x25, 0x49, 0x24, 0x22, 0x13, 0x8, 0x0,
    0x0,

    /* U+9898 "题" */
    0x4, 0x3, 0xef, 0xd1, 0x10, 0xfb, 0xf4, 0x51,
    0x3c, 0xab, 0xfd, 0x42, 0x2a, 0x5f, 0x52, 0x85,
    0x1c, 0x25, 0x26, 0x8, 0xff, 0x80,

    /* U+989C "颜" */
    0x10, 0x0, 0x27, 0xe7, 0xe4, 0x9, 0x20, 0x9,
    0x71, 0xfd, 0x44, 0x95, 0x14, 0x54, 0x4d, 0x51,
    0x55, 0x46, 0x49, 0x26, 0x22, 0xa3, 0x8, 0x0,
    0x0,

    /* U+989D "额" */
    0x10, 0x0, 0x27, 0xf7, 0xf2, 0x14, 0x32, 0x3e,
    0xb8, 0xb2, 0xa5, 0xca, 0x88, 0xaa, 0x3e, 0xa8,
    0x93, 0x22, 0x45, 0xf, 0x12, 0x25, 0x88, 0x0,
    0x0,

    /* U+98A0 "颠" */
    0x10, 0x0, 0x8f, 0xdf, 0x10, 0xfb, 0xe4, 0x51,
    0x3e, 0xa9, 0xf5, 0x48, 0xaa, 0x7f, 0x57, 0xfa,
    0x8c, 0x38, 0x99, 0x28, 0x51, 0x0, 0x0,

    /* U+98A4 "颤" */
    0x10, 0x8, 0x3, 0xf7, 0xe2, 0x1f, 0xd0, 0x5e,
    0xb9, 0x7a, 0xa4, 0x6a, 0x8f, 0xaa, 0x22, 0xa8,
    0xfa, 0xa3, 0xe5, 0x1, 0x92, 0x78, 0x88, 0x0,
    0x0,

    /* U+98CE "风" */
    0x0, 0x20, 0xff, 0x82, 0x2, 0x8, 0x28, 0x28,
    0xa0, 0x94, 0x82, 0x32, 0x8, 0xc8, 0x25, 0x20,
    0x92, 0x82, 0x89, 0x14, 0x6, 0x40, 0xa, 0x0,
    0x0,

    /* U+98D2 "飒" */
    0x20, 0x10, 0x4f, 0xc1, 0xa1, 0x1f, 0x8c, 0xb,
    0x51, 0x2b, 0x45, 0x25, 0xc, 0x94, 0x32, 0xd0,
    0x6c, 0xce, 0x53, 0x1, 0x2, 0x8, 0x8, 0x0,
    0x0,

    /* U+98D8 "飘" */
    0x2, 0x11, 0xfb, 0xc2, 0x91, 0x1f, 0xc4, 0x6a,
    0xd1, 0xff, 0x40, 0x55, 0xe, 0x54, 0x7f, 0xd0,
    0x46, 0xc5, 0x5b, 0x15, 0x8a, 0xb2, 0x8, 0x0,
    0x0,

    /* U+98DE "飞" */
    0x2, 0x7, 0xf0, 0x0, 0x80, 0x4, 0x60, 0x24,
    0x1, 0x40, 0xe, 0x0, 0x4c, 0x2, 0x30, 0x8,
    0x0, 0x40, 0x1, 0xa0, 0x3, 0x80,

    /* U+98DF "食" */
    0x6, 0x0, 0x28, 0x2, 0x30, 0x66, 0xf5, 0xfd,
    0x8, 0x20, 0x7f, 0x2, 0x8, 0x1f, 0xc0, 0x81,
    0x84, 0xd0, 0x21, 0x83, 0xc2, 0x0, 0x0,

    /* U+9910 "餐" */
    0x10, 0x10, 0xe7, 0x9f, 0x28, 0x90, 0xc3, 0x69,
    0x14, 0xc7, 0x49, 0x8f, 0xfb, 0x1f, 0xc0, 0xff,
    0x5, 0x8, 0x2f, 0x81, 0x83, 0x0,

    /* U+9965 "饥" */
    0x62, 0x22, 0x1f, 0x1e, 0x88, 0x94, 0x49, 0x22,
    0x51, 0x10, 0x88, 0x84, 0x44, 0x22, 0x21, 0x11,
    0xb, 0xa, 0x68, 0x52, 0x83, 0x80,

    /* U+996D "饭" */
    0x20, 0x7a, 0x1c, 0x1e, 0x80, 0x94, 0x9, 0x3f,
    0xd1, 0x88, 0x8c, 0x44, 0x52, 0x22, 0xa1, 0x23,
    0xf, 0x18, 0x51, 0x60, 0xb0, 0x80,

    /* U+996E "饮" */
    0x21, 0x3, 0x8, 0x12, 0x40, 0xf7, 0xf8, 0xa1,
    0x52, 0x40, 0x92, 0x4, 0x10, 0x21, 0x41, 0xa,
    0xa, 0x88, 0x64, 0x22, 0xc0, 0x80,

    /* U+9970 "饰" */
    0x0, 0x1, 0x8, 0x10, 0x84, 0xf7, 0xf4, 0xa4,
    0x42, 0x22, 0x8f, 0xc4, 0x4a, 0x22, 0x51, 0x12,
    0x88, 0x94, 0x54, 0xe3, 0x4, 0x0, 0x20,

    /* U+9971 "饱" */
    0x21, 0x0, 0x88, 0x44, 0xbf, 0x1e, 0x84, 0x97,
    0xd2, 0x89, 0x42, 0x25, 0x8, 0x94, 0x23, 0xd0,
    0x88, 0xa2, 0xa0, 0x8c, 0x82, 0x23, 0xfc,

    /* U+9972 "饲" */
    0x20, 0x12, 0x5f, 0x9e, 0x4, 0x90, 0xa8, 0x39,
    0x53, 0xe8, 0x91, 0x44, 0x8a, 0x24, 0x51, 0x3e,
    0x8b, 0x4, 0x60, 0x20, 0x3, 0x0,

    /* U+9975 "饵" */
    0x20, 0x13, 0x3f, 0xd2, 0x88, 0xf4, 0x49, 0x3e,
    0x11, 0x10, 0x88, 0x84, 0x7c, 0x22, 0x21, 0x11,
    0xcf, 0xf8, 0x40, 0x40, 0x2, 0x0,

    /* U+9976 "饶" */
    0x61, 0x2, 0x8, 0x9f, 0x78, 0x92, 0x29, 0xe,
    0xd0, 0xb4, 0x88, 0x44, 0xff, 0x21, 0x41, 0xa,
    0xa, 0x50, 0x64, 0x92, 0x47, 0x80,

    /* U+997A "饺" */
    0x0, 0x80, 0x81, 0x4, 0x4, 0x9e, 0xfe, 0x48,
    0x12, 0x24, 0x2a, 0x22, 0x89, 0x8, 0x21, 0x20,
    0x85, 0x2, 0xc, 0xe, 0x70, 0x22, 0x38, 0x30,
    0x20,

    /* U+997C "饼" */
    0x22, 0x11, 0x4, 0x84, 0x92, 0x1e, 0xfe, 0x89,
    0x22, 0x84, 0x82, 0x12, 0x89, 0xff, 0x21, 0x20,
    0x84, 0x82, 0xa2, 0xc, 0x88, 0xc, 0x20,

    /* U+997F "饿" */
    0x0, 0x0, 0x87, 0x4, 0x65, 0x1c, 0x92, 0x52,
    0x42, 0xff, 0xea, 0x24, 0x8, 0x94, 0x23, 0x50,
    0xb8, 0x82, 0x22, 0xe, 0x98, 0x23, 0x98, 0x18,
    0x20,

    /* U+9981 "馁" */
    0x20, 0x7a, 0xc, 0x1e, 0x46, 0x95, 0x29, 0x26,
    0x10, 0x10, 0x84, 0x25, 0xff, 0x21, 0x21, 0x11,
    0x8, 0x58, 0x71, 0xc2, 0x19, 0x7, 0x0,

    /* U+9985 "馅" */
    0x61, 0x2, 0x10, 0x1e, 0xfc, 0x98, 0x48, 0x44,
    0x54, 0x88, 0x99, 0xc4, 0xa2, 0x27, 0xf1, 0x20,
    0x8d, 0x4, 0x4f, 0xe0, 0x41, 0x0,

    /* U+9986 "馆" */
    0x60, 0x81, 0x1, 0x4, 0xbf, 0x9f, 0x2, 0x93,
    0xf2, 0x88, 0x42, 0x21, 0x8, 0xfc, 0x22, 0x0,
    0x8f, 0xe3, 0xa1, 0x8, 0xfc, 0x42, 0x10,

    /* U+9988 "馈" */
    0x20, 0x81, 0xf, 0xc7, 0xe9, 0x12, 0xa4, 0x8b,
    0xf8, 0x9f, 0xe2, 0x0, 0x8, 0xfc, 0x22, 0x10,
    0x8a, 0x42, 0xad, 0xc, 0x4c, 0x26, 0x8,

    /* U+998B "馋" */
    0x23, 0x2, 0x17, 0x1f, 0x10, 0xaf, 0xf8, 0x49,
    0x52, 0x4a, 0x9f, 0xc4, 0x28, 0x22, 0x79, 0x64,
    0xa, 0x18, 0x63, 0x80, 0x3, 0x0,

    /* U+998D "馍" */
    0x1, 0x21, 0x84, 0xa4, 0x3f, 0x1e, 0x0, 0x4b,
    0xf2, 0xf, 0xc2, 0x21, 0x8, 0xfc, 0x22, 0x88,
    0x9f, 0xf2, 0xc, 0xe, 0x48, 0x26, 0x1c,

    /* U+998F "馏" */
    0x23, 0xa, 0x27, 0x9f, 0x14, 0xaa, 0xa8, 0x75,
    0x52, 0x58, 0x84, 0x4, 0xfe, 0x24, 0x91, 0x3f,
    0x8f, 0x24, 0x4f, 0xe0, 0x41, 0x0,

    /* U+9992 "馒" */
    0x23, 0xf9, 0x8, 0x47, 0xbf, 0x12, 0x84, 0x51,
    0xe2, 0x9f, 0xe2, 0x54, 0x89, 0xae, 0x27, 0xf0,
    0x88, 0x82, 0x14, 0xe, 0x30, 0x7, 0x38,

    /* U+9996 "首" */
    0x20, 0x81, 0x8, 0x9, 0xf, 0xff, 0x4, 0x3,
    0xfc, 0x20, 0x43, 0xfc, 0x20, 0x43, 0xfc, 0x20,
    0x43, 0xfc, 0x20, 0x40,

    /* U+9999 "香" */
    0x0, 0xc1, 0xd8, 0x0, 0x84, 0xff, 0xe0, 0x70,
    0x5, 0x60, 0xc8, 0xeb, 0xf8, 0x10, 0x40, 0xfe,
    0x4, 0x10, 0x3f, 0x81, 0x4, 0x0,

    /* U+9A6C "马" */
    0x0, 0x3, 0xfe, 0x0, 0x10, 0x20, 0x81, 0x4,
    0x8, 0x28, 0xff, 0xc0, 0x2, 0x0, 0x97, 0xfe,
    0x80, 0x4, 0x0, 0x20, 0x6, 0x0,

    /* U+9A6E "驮" */
    0x8, 0x87, 0xc4, 0x2, 0x20, 0x91, 0x24, 0xff,
    0xa4, 0x43, 0xf2, 0x1, 0x10, 0x9, 0x47, 0xca,
    0x22, 0x88, 0x14, 0x21, 0xc1, 0x0,

    /* U+9A6F "驯" */
    0x9, 0x9, 0xe5, 0x20, 0x94, 0x9a, 0x52, 0x69,
    0x49, 0x25, 0x27, 0xd4, 0x81, 0x52, 0x5, 0x4b,
    0xe5, 0x20, 0xa4, 0x82, 0x82, 0x1c, 0x8,

    /* U+9A70 "驰" */
    0x8, 0x41, 0xe1, 0x0, 0x94, 0xa, 0x56, 0x69,
    0xf1, 0x2d, 0x44, 0xd5, 0xd, 0x54, 0x5, 0x71,
    0xd5, 0x0, 0x90, 0x2, 0x42, 0x19, 0xfc,

    /* U+9A71 "驱" */
    0x8, 0x3, 0xdf, 0xc2, 0x80, 0x94, 0x24, 0xaa,
    0x25, 0x31, 0xf9, 0x81, 0x4a, 0xa, 0x93, 0xd8,
    0x82, 0x80, 0x14, 0x3, 0x3f, 0x80,

    /* U+9A73 "驳" */
    0x8, 0x11, 0xe8, 0xc0, 0x9a, 0x1a, 0x10, 0x49,
    0xb1, 0x28, 0x67, 0xc1, 0x1, 0x48, 0x5, 0x23,
    0xe3, 0x0, 0x8c, 0x2, 0x4c, 0x1e, 0x18,

    /* U+9A74 "驴" */
    0x8, 0x41, 0xe0, 0x84, 0x9f, 0x92, 0x42, 0x49,
    0x9, 0x34, 0x2f, 0xdf, 0x81, 0x40, 0x5, 0x3,
    0xd4, 0x8, 0x60, 0x2, 0x80, 0x1c, 0x0,

    /* U+9A76 "驶" */
    0x8, 0x40, 0xe1, 0x6, 0xbf, 0x92, 0x92, 0x4a,
    0x49, 0x29, 0x27, 0xff, 0x82, 0x10, 0x8, 0x43,
    0xe6, 0x0, 0x88, 0x2, 0x58, 0x16, 0x18,

    /* U+9A79 "驹" */
    0xf9, 0x0, 0x24, 0x24, 0x9f, 0x92, 0x82, 0x4a,
    0x49, 0x27, 0x2f, 0xd4, 0x81, 0x52, 0x5, 0x48,
    0xe7, 0x2c, 0x80, 0x82, 0x4, 0x18, 0x70,

    /* U+9A7B "驻" */
    0x1, 0x3, 0xe1, 0x0, 0x84, 0x9a, 0xfe, 0x48,
    0x41, 0x21, 0x4, 0x84, 0x1f, 0xfe, 0x4, 0x43,
    0xd1, 0x0, 0x84, 0x93, 0xff, 0x38, 0x0,

    /* U+9A7C "驼" */
    0x0, 0xf, 0x88, 0x10, 0x85, 0x3f, 0x94, 0x9,
    0x20, 0x9a, 0x2f, 0xa4, 0xb, 0x8f, 0xa0, 0x8a,
    0x10, 0xa1, 0x33, 0xf0,

    /* U+9A7E "驾" */
    0x10, 0x93, 0xf7, 0x84, 0xa4, 0x45, 0x22, 0x2f,
    0x24, 0x2, 0xff, 0x81, 0x8, 0x10, 0x50, 0x7d,
    0x9f, 0xf4, 0x0, 0x20, 0x6, 0x0,

    /* U+9A82 "骂" */
    0x0, 0x3, 0xef, 0x91, 0x44, 0xfb, 0xe4, 0x10,
    0x1f, 0xf0, 0x41, 0x2, 0x8, 0x3f, 0xf8, 0x4,
    0xbf, 0xf4, 0x0, 0x20, 0x3, 0x0,

    /* U+9A84 "骄" */
    0x8, 0x13, 0xe7, 0x2, 0x50, 0x57, 0xf4, 0x8a,
    0x24, 0x91, 0xf6, 0x60, 0xd5, 0x4, 0xa3, 0xc5,
    0x2, 0x28, 0x12, 0x41, 0xa2, 0x0,

    /* U+9A86 "骆" */
    0x0, 0x81, 0xf2, 0x0, 0x9f, 0x12, 0x44, 0x4a,
    0xa1, 0x21, 0x4, 0xcb, 0x1d, 0x42, 0x5, 0xf1,
    0xe4, 0x40, 0x91, 0x2, 0x7c, 0x19, 0x10,

    /* U+9A87 "骇" */
    0x8, 0x81, 0xe1, 0x24, 0xbf, 0xd2, 0x30, 0x49,
    0x31, 0x27, 0x87, 0xe4, 0x82, 0x34, 0x8, 0xb3,
    0xec, 0x80, 0x85, 0x2, 0x62, 0x1a, 0x8, 0x0,
    0x0,

    /* U+9A8C "验" */
    0x1, 0x87, 0x8c, 0x4, 0x90, 0xa4, 0x49, 0x41,
    0x4c, 0xe3, 0xe4, 0xc2, 0xa4, 0x12, 0xa7, 0x96,
    0x4, 0xb0, 0x20, 0xa6, 0xff, 0x80,

    /* U+9A8F "骏" */
    0x8, 0x41, 0xe2, 0x0, 0x91, 0x1a, 0xfe, 0x4a,
    0x29, 0x24, 0x64, 0xe9, 0x9e, 0x3c, 0x9, 0x11,
    0xea, 0x80, 0x84, 0x2, 0x28, 0x1b, 0x18,

    /* U+9A91 "骑" */
    0x0, 0x87, 0x84, 0x5, 0xfc, 0xa2, 0x89, 0x22,
    0x4a, 0xb, 0xff, 0x82, 0xf4, 0x14, 0xa3, 0xa5,
    0x25, 0xe8, 0x20, 0x42, 0x6, 0x0,

    /* U+9A97 "骗" */
    0x0, 0x81, 0xe1, 0x1, 0x3f, 0x8c, 0x82, 0x53,
    0xf9, 0x68, 0x27, 0xbf, 0x82, 0xea, 0xb, 0xa8,
    0x6f, 0xe6, 0xda, 0x83, 0x6a, 0x11, 0x18,

    /* U+9A9A "骚" */
    0x10, 0x13, 0xdf, 0xc1, 0x52, 0x14, 0x90, 0x91,
    0x82, 0x4d, 0xe9, 0x48, 0x3d, 0xfc, 0x14, 0x91,
    0xdf, 0xc9, 0xa, 0x4, 0x3c, 0x27, 0x8,

    /* U+9AA1 "骡" */
    0x8, 0x9, 0xef, 0xe0, 0xa4, 0x8a, 0xfe, 0x4a,
    0x49, 0x26, 0xc7, 0xff, 0x2, 0x20, 0xb, 0x1b,
    0xe7, 0xc0, 0x95, 0x2, 0x92, 0x10, 0xc0,

    /* U+9AA4 "骤" */
    0x0, 0x41, 0xdf, 0xc2, 0xe2, 0xa5, 0x65, 0x39,
    0x29, 0xd5, 0xe2, 0xe1, 0x78, 0x9, 0x4b, 0xd7,
    0x83, 0x68, 0x15, 0x33, 0x48, 0x80,

    /* U+9AA8 "骨" */
    0x1f, 0xc0, 0x82, 0x7, 0x90, 0x24, 0x87, 0xff,
    0x20, 0xa, 0x7f, 0x2, 0x8, 0x1f, 0xc0, 0x82,
    0x7, 0xf0, 0x20, 0x81, 0xc, 0x0,

    /* U+9AD3 "髓" */
    0x0, 0x43, 0xc4, 0x13, 0x7c, 0xda, 0xe6, 0xa4,
    0x48, 0x59, 0xeb, 0xc9, 0x5e, 0x7a, 0x92, 0x57,
    0x9e, 0xac, 0x9a, 0x5, 0xcf, 0x80,

    /* U+9AD8 "高" */
    0x2, 0x7, 0xff, 0xc0, 0x0, 0x3f, 0x81, 0x4,
    0xf, 0xe0, 0x0, 0xf, 0xfe, 0x4f, 0x92, 0x44,
    0x93, 0xe4, 0x91, 0x24, 0x3, 0x0,

    /* U+9B13 "鬓" */
    0x0, 0x0, 0x7e, 0x60, 0xfb, 0x21, 0xf1, 0x87,
    0xfd, 0xc0, 0x5c, 0xf, 0xfe, 0x20, 0x74, 0x5f,
    0x0, 0x3f, 0xf1, 0xff, 0xf0, 0x27, 0x3, 0x81,
    0x88, 0x0, 0x0,

    /* U+9B3C "鬼" */
    0x2, 0x0, 0x20, 0xf, 0xfc, 0x44, 0x43, 0xfe,
    0x11, 0x10, 0x88, 0x87, 0xfc, 0x6, 0x40, 0x35,
    0x2, 0xfa, 0x24, 0x16, 0x1f, 0x80,

    /* U+9B41 "魁" */
    0x18, 0x10, 0x4a, 0x47, 0xe5, 0x14, 0x84, 0x7e,
    0x91, 0x49, 0x47, 0xe1, 0xd6, 0x9c, 0x2a, 0x10,
    0xb2, 0x42, 0xf9, 0x12, 0x2, 0x8f, 0xf8,

    /* U+9B42 "魂" */
    0x0, 0x80, 0x88, 0xbd, 0xfc, 0x9, 0x21, 0x7f,
    0x7e, 0x49, 0x12, 0x48, 0xfe, 0x91, 0xa4, 0x8d,
    0x3a, 0xbc, 0x9, 0x20, 0x8f, 0x80,

    /* U+9B44 "魄" */
    0x60, 0x82, 0x8, 0x95, 0xfd, 0x69, 0x29, 0x7f,
    0x4a, 0x4b, 0xd2, 0x52, 0xfe, 0x90, 0xa4, 0x8d,
    0xbc, 0xad, 0x9, 0x0, 0x8f, 0x0,

    /* U+9B4F "魏" */
    0x8, 0x41, 0x41, 0x1, 0x3f, 0x9f, 0x92, 0x5f,
    0xf9, 0x49, 0x21, 0x24, 0x88, 0xfe, 0xfc, 0xd0,
    0xa3, 0x41, 0x9d, 0x86, 0x52, 0x62, 0x78,

    /* U+9B54 "魔" */
    0x3, 0x7, 0xff, 0x48, 0x57, 0xef, 0x5c, 0xe6,
    0x95, 0x5f, 0xe5, 0x12, 0x5f, 0xe5, 0xfe, 0x83,
    0x68, 0x55, 0x19, 0xf0,

    /* U+9C7C "鱼" */
    0x0, 0x0, 0x40, 0x7, 0xe0, 0x42, 0x3, 0xfe,
    0x31, 0x10, 0x88, 0x87, 0xfc, 0x22, 0x21, 0xff,
    0x8, 0x8, 0x0, 0x2f, 0xff, 0x80,

    /* U+9C81 "鲁" */
    0x8, 0x1, 0xf8, 0x21, 0xf, 0xec, 0x3f, 0xc2,
    0x24, 0x3f, 0xcf, 0xff, 0x3f, 0xc2, 0x4, 0x3f,
    0xc2, 0x4, 0x3f, 0xc0,

    /* U+9C9C "鲜" */
    0x21, 0x11, 0x5, 0xe, 0x28, 0x97, 0xf7, 0xc4,
    0x2a, 0x29, 0xf3, 0x8a, 0x88, 0x54, 0x4b, 0xef,
    0x90, 0x10, 0x78, 0x84, 0x4, 0x0,

    /* U+9CA4 "鲤" */
    0x20, 0x1, 0x0, 0x8f, 0x7c, 0x92, 0xa7, 0xdf,
    0x6a, 0xa9, 0x55, 0x4f, 0xbe, 0x54, 0x53, 0x6f,
    0x81, 0x11, 0xf0, 0x88, 0x7f, 0x80,

    /* U+9CAB "鲫" */
    0x20, 0x0, 0x8a, 0xa3, 0xbb, 0x94, 0xaa, 0x7b,
    0xa9, 0xaa, 0xa7, 0xba, 0x9a, 0xaa, 0x6a, 0x29,
    0xea, 0xa4, 0x2a, 0x9c, 0xe8, 0x0, 0x20,

    /* U+9CB8 "鲸" */
    0x20, 0x40, 0xf1, 0x4, 0xbf, 0x94, 0x0, 0xfd,
    0xf1, 0x54, 0x47, 0xd1, 0x15, 0x7c, 0x7d, 0xc1,
    0x15, 0x40, 0xe4, 0xbc, 0x92, 0x0, 0x40,

    /* U+9CC4 "鳄" */
    0x20, 0x0, 0x8e, 0xe3, 0xaa, 0x96, 0xaa, 0x7f,
    0xbb, 0x60, 0x47, 0x9e, 0x96, 0xff, 0x59, 0x1,
    0xe7, 0xe0, 0x1, 0x3e, 0x4, 0x0, 0x60,

    /* U+9CCD "鳍" */
    0x20, 0x1, 0x4, 0x4f, 0x7c, 0x91, 0x5f, 0xff,
    0xaa, 0x91, 0xff, 0x2a, 0x9e, 0x55, 0xf3, 0x68,
    0x80, 0x7c, 0xf2, 0x20, 0x1f, 0x0,

    /* U+9CD6 "鳖" */
    0x12, 0x81, 0xa7, 0xdf, 0xc4, 0xf7, 0x47, 0x64,
    0x29, 0x58, 0x7e, 0x4, 0x24, 0x7e, 0xe1, 0xff,
    0x8, 0x88, 0x7b, 0xef, 0xff, 0x80,

    /* U+9CDE "鳞" */
    0x20, 0x40, 0x85, 0x63, 0x95, 0x12, 0x1a, 0x7d,
    0xf3, 0x65, 0x67, 0xb1, 0x96, 0xfe, 0x5a, 0x91,
    0x8b, 0x40, 0x17, 0xce, 0x84, 0x44, 0x10,

    /* U+9E1F "鸟" */
    0x4, 0x0, 0x84, 0x3f, 0xc2, 0xc4, 0x26, 0x42,
    0x4, 0x21, 0x83, 0xff, 0x0, 0x10, 0x9, 0xff,
    0xd0, 0x1, 0x0, 0x60,

    /* U+9E20 "鸠" */
    0x20, 0x41, 0xc, 0x88, 0x5d, 0xf2, 0xa2, 0x95,
    0x14, 0x88, 0xa4, 0x85, 0x3f, 0x2c, 0x29, 0x4f,
    0xd2, 0x2, 0x80, 0x28, 0x3, 0x0,

    /* U+9E21 "鸡" */
    0x0, 0x80, 0x58, 0xbe, 0xbc, 0x15, 0x28, 0xa5,
    0x29, 0x38, 0xc8, 0x2, 0x7f, 0x30, 0x9, 0x7f,
    0x52, 0x3, 0x0, 0x20, 0x3, 0x0,

    /* U+9E23 "鸣" */
    0x0, 0x0, 0x88, 0x3d, 0xf9, 0x2a, 0x49, 0x4a,
    0x4a, 0x12, 0x51, 0x12, 0xfe, 0xf0, 0x14, 0xfe,
    0xa0, 0x4, 0x0, 0x20, 0x6, 0x0,

    /* U+9E25 "鸥" */
    0x0, 0x0, 0x26, 0x1f, 0xfc, 0x82, 0x26, 0x55,
    0x2c, 0x89, 0x25, 0xc9, 0x20, 0x49, 0xfa, 0xa0,
    0x55, 0xfa, 0x80, 0x24, 0x41, 0x3f, 0x38,

    /* U+9E26 "鸦" */
    0x0, 0x0, 0x26, 0x9f, 0xfc, 0x12, 0x22, 0x95,
    0x24, 0xa9, 0xfd, 0xc3, 0x20, 0x19, 0xf9, 0x40,
    0x4a, 0xfa, 0x90, 0x28, 0x81, 0xc, 0x18,

    /* U+9E2D "鸭" */
    0x0, 0x0, 0x98, 0xfb, 0xea, 0xaa, 0xfa, 0xaa,
    0xa2, 0xaa, 0x4f, 0xbf, 0xa8, 0x12, 0xfd, 0x20,
    0x12, 0x2, 0x20, 0x60,

    /* U+9E2F "鸯" */
    0x2, 0x1, 0xff, 0x8, 0x89, 0xff, 0xf0, 0x88,
    0x9, 0x3f, 0xff, 0x64, 0x88, 0x20, 0xc1, 0xff,
    0x80, 0x25, 0xff, 0x40, 0x6, 0x0,

    /* U+9E33 "鸳" */
    0x11, 0x11, 0xff, 0x89, 0x44, 0xb2, 0x30, 0xd0,
    0x9a, 0x7b, 0x7f, 0x82, 0x44, 0x10, 0x60, 0xff,
    0xc0, 0x24, 0xff, 0xa0, 0x3, 0x0,

    /* U+9E35 "鸵" */
    0x0, 0x0, 0x41, 0x7, 0xd2, 0x91, 0x7e, 0x57,
    0x9, 0x1a, 0x4, 0x89, 0x1f, 0xa8, 0x4, 0xc0,
    0x72, 0xe, 0x48, 0x1, 0x22, 0x8, 0xf8,

    /* U+9E3D "鸽" */
    0x0, 0x1, 0x86, 0xa, 0x7c, 0x8a, 0xa4, 0xd5,
    0x7c, 0x88, 0x24, 0x8f, 0x3f, 0x48, 0xa, 0x41,
    0x52, 0x72, 0xf0, 0x24, 0x3, 0x0,

    /* U+9E3F "鸿" */
    0x80, 0x42, 0x2c, 0x87, 0xdc, 0x13, 0x2a, 0x95,
    0x14, 0x89, 0x24, 0x89, 0x3f, 0x4a, 0xa, 0xff,
    0x50, 0x4, 0x80, 0x24, 0x3, 0x0,

    /* U+9E43 "鹃" */
    0x1, 0x7, 0x90, 0x8b, 0xe8, 0xaa, 0x7a, 0x6f,
    0xae, 0x8a, 0xf, 0xbf, 0x88, 0x1f, 0xfd, 0x88,
    0x28, 0x82, 0x98, 0x60,

    /* U+9E45 "鹅" */
    0x0, 0x0, 0xe2, 0x1a, 0xbc, 0x51, 0xa2, 0xab,
    0x3f, 0xc8, 0xaa, 0x85, 0x5f, 0xec, 0x9, 0x6f,
    0x8b, 0x44, 0x4a, 0x26, 0x33, 0x0,

    /* U+9E49 "鹉" */
    0x4, 0x43, 0xb7, 0xc1, 0xa5, 0xff, 0xa1, 0x4b,
    0xa, 0x49, 0x72, 0x8a, 0x9f, 0x54, 0x32, 0xaf,
    0x95, 0xc5, 0xd6, 0x20, 0x13, 0x0,

    /* U+9E4A "鹊" */
    0x28, 0xc1, 0x6f, 0xbf, 0x44, 0x52, 0xa2, 0x91,
    0x7f, 0x88, 0x14, 0xf, 0xbf, 0x44, 0xb, 0xe1,
    0x91, 0x74, 0xf8, 0x24, 0x43, 0x0,

    /* U+9E4F "鹏" */
    0x0, 0x21, 0xdc, 0x85, 0x57, 0x95, 0x52, 0x77,
    0x69, 0x55, 0x25, 0x55, 0x1d, 0xdf, 0x55, 0x9,
    0x57, 0xe5, 0x90, 0xa6, 0x42, 0x9b, 0x18,

    /* U+9E64 "鹤" */
    0x8, 0x60, 0x43, 0x27, 0xeb, 0x96, 0xb2, 0x20,
    0xa8, 0xfa, 0x22, 0x89, 0x1f, 0xbf, 0x28, 0x4,
    0xf8, 0x12, 0xbf, 0x8f, 0xc2, 0x20, 0x18,

    /* U+9E66 "鹦" */
    0x0, 0x1, 0xfd, 0x85, 0x9f, 0x9e, 0xea, 0x7b,
    0xa9, 0x8a, 0x25, 0x59, 0x24, 0x3f, 0x7f, 0x28,
    0x9f, 0xe1, 0x40, 0x87, 0x2, 0x62, 0x30,

    /* U+9E70 "鹰" */
    0x2, 0x13, 0xff, 0xd3, 0xa0, 0xbb, 0xc5, 0x3f,
    0x39, 0xf9, 0x4f, 0xca, 0x40, 0x4d, 0xc2, 0x56,
    0x13, 0x6d, 0x7f, 0xa8, 0x6, 0x0,

    /* U+9E7F "鹿" */
    0x4, 0x0, 0x22, 0x7f, 0xf4, 0x90, 0x7f, 0xe4,
    0x92, 0x7f, 0xe5, 0x10, 0x51, 0x25, 0xf4, 0x51,
    0x99, 0x51, 0x99, 0xf0,

    /* U+9EA6 "麦" */
    0x2, 0x0, 0x10, 0x1f, 0xfc, 0x4, 0x43, 0xff,
    0x1, 0x1, 0xf7, 0xc1, 0xf8, 0x10, 0x41, 0x44,
    0x1, 0xc0, 0x1b, 0x87, 0x3, 0x0,

    /* U+9EB8 "麸" */
    0x10, 0x60, 0x82, 0x1f, 0x94, 0x23, 0xf3, 0xc4,
    0x7f, 0x20, 0x8f, 0xe7, 0x88, 0x44, 0xc3, 0xc5,
    0x2, 0x28, 0x2a, 0x26, 0x20, 0x80,

    /* U+9EBB "麻" */
    0x4, 0x0, 0x10, 0x9f, 0xfe, 0x98, 0x84, 0x85,
    0x3f, 0xfd, 0x21, 0xb, 0x9c, 0x5a, 0xe3, 0x4a,
    0x9a, 0x97, 0x10, 0x88, 0x84, 0x0,

    /* U+9EC4 "黄" */
    0x8, 0x80, 0x22, 0x7, 0xff, 0x2, 0x20, 0x77,
    0x78, 0xff, 0x82, 0x22, 0xf, 0xf8, 0x22, 0x20,
    0xff, 0x82, 0x2, 0x7, 0x30, 0x60, 0x32, 0x0,
    0x0,

    /* U+9ECD "黍" */
    0x0, 0x63, 0xfc, 0x0, 0x85, 0xff, 0xf0, 0xf0,
    0xd, 0x70, 0x98, 0x49, 0xb0, 0x12, 0x63, 0x52,
    0xc0, 0xa0, 0x1f, 0x87, 0x23, 0x2, 0x0,

    /* U+9ECE "黎" */
    0x0, 0x1, 0xe8, 0x15, 0x7f, 0xfc, 0xa3, 0x29,
    0x1e, 0x49, 0x44, 0x52, 0xc4, 0x9, 0x81, 0x93,
    0xf2, 0xa0, 0x6, 0x1, 0xee, 0x13, 0x10,

    /* U+9ED1 "黑" */
    0x0, 0x0, 0xff, 0x83, 0x22, 0xa, 0xa8, 0x2a,
    0x20, 0xff, 0x80, 0x22, 0x1f, 0xfc, 0x2, 0x13,
    0xff, 0xe2, 0x92, 0x9, 0x26, 0xc4, 0x8, 0x0,
    0x0,

    /* U+9ED4 "黔" */
    0x0, 0x41, 0xf9, 0x5, 0x2a, 0x1f, 0xa4, 0x7a,
    0xd9, 0xfc, 0xa1, 0x2, 0xf, 0x7e, 0x10, 0x11,
    0xb0, 0x46, 0xa2, 0x1a, 0x88, 0x40, 0x40,

    /* U+9ED8 "默" */
    0x0, 0x61, 0xf9, 0x45, 0x25, 0x1f, 0x90, 0x7a,
    0x49, 0xfb, 0xc1, 0x6, 0x1f, 0x98, 0x10, 0x61,
    0xfa, 0x81, 0x29, 0x1a, 0x44, 0x61, 0xa, 0x8,
    0x0,

    /* U+9F0E "鼎" */
    0x10, 0x85, 0xfa, 0x5f, 0xa5, 0xa, 0x5f, 0xa5,
    0xfa, 0x40, 0x27, 0x9e, 0x9, 0xf, 0x9f, 0x49,
    0x24, 0x92, 0x89, 0x20,

    /* U+9F13 "鼓" */
    0x10, 0x40, 0x82, 0x3f, 0x10, 0x27, 0xf6, 0xc4,
    0x3e, 0x21, 0x16, 0xcf, 0xa2, 0x44, 0xa1, 0x45,
    0xa, 0x10, 0x7f, 0x64, 0x21, 0x80,

    /* U+9F20 "鼠" */
    0x10, 0x1c, 0xfa, 0x42, 0x7f, 0xc8, 0x9, 0xff,
    0x0, 0x25, 0x54, 0x89, 0x95, 0x52, 0x26, 0x44,
    0x6e, 0xf6, 0x0, 0x0,

    /* U+9F3B "鼻" */
    0x2, 0x1, 0xfe, 0xf, 0xf0, 0x7f, 0x82, 0x4,
    0x1f, 0xc1, 0xff, 0x8f, 0xfc, 0x7f, 0xe2, 0x0,
    0xbf, 0xfe, 0x11, 0x7, 0x8, 0x0,

    /* U+9F50 "齐" */
    0x2, 0x0, 0x8, 0x1f, 0xfe, 0x10, 0x80, 0x48,
    0x1, 0x80, 0x33, 0xf7, 0x8, 0x8, 0x40, 0x42,
    0x2, 0x10, 0x20, 0x82, 0x4, 0x0,

    /* U+9F7F "齿" */
    0x2, 0x0, 0x91, 0x4, 0xfc, 0x24, 0x1, 0x21,
    0x7f, 0xfc, 0x8, 0x4, 0x44, 0x22, 0x21, 0x29,
    0xa, 0x28, 0x60, 0x43, 0xfe, 0x0,

    /* U+9F84 "龄" */
    0x8, 0x20, 0xa9, 0x82, 0xf6, 0xa, 0xb4, 0xff,
    0x88, 0x65, 0x35, 0xa2, 0x14, 0xbe, 0x5a, 0x19,
    0x68, 0x46, 0x2a, 0x17, 0x98, 0x60, 0x10, 0x0,
    0x0,

    /* U+9F99 "龙" */
    0x4, 0x0, 0x26, 0x1, 0xc, 0xff, 0xf0, 0x50,
    0x2, 0x98, 0x15, 0x81, 0x28, 0x9, 0x80, 0x88,
    0x4, 0xc0, 0x4a, 0x24, 0x1f, 0x80,

    /* U+9F9F "龟" */
    0x8, 0x0, 0xc0, 0x7, 0xe0, 0x42, 0xf, 0xfe,
    0x11, 0x10, 0xff, 0x84, 0x44, 0x22, 0x21, 0xff,
    0x8, 0x88, 0x4, 0x20, 0x3f, 0x80,

    /* U+F021 "" */
    0xf, 0x8c, 0x7f, 0xb3, 0x87, 0xdc, 0xf, 0xe0,
    0xff, 0x3, 0xf0, 0x0, 0x0, 0x0, 0xfc, 0xf,
    0xf0, 0x6f, 0x3, 0xbe, 0x1c, 0xdf, 0xe3, 0x1f,
    0x0,

    /* U+F026 "" */
    0x2, 0xc, 0x3f, 0xff, 0xff, 0xff, 0xff, 0xe,
    0xc, 0x8,

    /* U+F027 "" */
    0x2, 0x1, 0x80, 0xe3, 0xf8, 0xfe, 0xff, 0x9f,
    0xe7, 0xfa, 0xe, 0x1, 0x80, 0x20,

    /* U+F028 "" */
    0x0, 0x8, 0x2, 0xc, 0x6, 0x26, 0xe, 0x32,
    0xfe, 0x19, 0xfe, 0xc9, 0xfe, 0x49, 0xfe, 0x49,
    0xfe, 0x89, 0xe, 0x13, 0x6, 0x32, 0x2, 0x6,
    0x0, 0xc,

    /* U+F048 "" */
    0xc1, 0xe1, 0xf1, 0xf9, 0xfd, 0xff, 0xff, 0xff,
    0xbf, 0xcf, 0xe3, 0xf0, 0xf8, 0x30,

    /* U+F04B "" */
    0xe0, 0xf, 0x80, 0xfc, 0xf, 0xf0, 0xff, 0x8f,
    0xfe, 0xff, 0xff, 0xff, 0xff, 0xcf, 0xf8, 0xfe,
    0xf, 0x80, 0xf0, 0x4, 0x0,

    /* U+F04C "" */
    0xf9, 0xff, 0x9f, 0xf9, 0xff, 0x9f, 0xf9, 0xff,
    0x9f, 0xf9, 0xff, 0x9f, 0xf9, 0xff, 0x9f, 0xf9,
    0xff, 0x9f,

    /* U+F04D "" */
    0xff, 0xff, 0xff, 0xff, 0xff, 0xff, 0xff, 0xff,
    0xff, 0xff, 0xff, 0xff, 0xff, 0xff, 0xff, 0xff,
    0xff, 0xff,

    /* U+F051 "" */
    0xc1, 0xf0, 0xfc, 0x7f, 0x3f, 0xdf, 0xff, 0xff,
    0xfb, 0xf9, 0xf8, 0xf8, 0x78, 0x30,

    /* U+F053 "" */
    0x6, 0x1c, 0x71, 0xc7, 0x1c, 0x38, 0x38, 0x38,
    0x38, 0x38, 0x30,

    /* U+F078 "" */
    0x40, 0x2e, 0x7, 0x70, 0xe3, 0x9c, 0x1f, 0x80,
    0xf0, 0x6, 0x0,

    /* U+F079 "" */
    0x18, 0x0, 0xf, 0x7f, 0x87, 0xff, 0xe3, 0xfc,
    0x18, 0x5a, 0x6, 0x6, 0x1, 0x81, 0x81, 0x68,
    0x60, 0xff, 0x1f, 0xff, 0x87, 0xfb, 0xc0, 0x0,
    0x60,

    /* U+FF01 "！" */
    0xff, 0xfa, 0xc,

    /* U+FF08 "（" */
    0x12, 0x44, 0x88, 0x88, 0x88, 0x42, 0x10,

    /* U+FF09 "）" */
    0x84, 0x22, 0x11, 0x11, 0x12, 0x24, 0x80,

    /* U+FF0C "，" */
    0xb6, 0x80,

    /* U+FF1A "：" */
    0xf0, 0xf,

    /* U+FF1B "；" */
    0xf0, 0xf, 0x60,

    /* U+FF1F "？" */
    0x39, 0x1c, 0x41, 0x8, 0x42, 0x0, 0x0, 0xc3,
    0x0
};


/*---------------------
 *  GLYPH DESCRIPTION
 *--------------------*/

static const lv_font_fmt_txt_glyph_dsc_t glyph_dsc[] = {
    {.bitmap_index = 0, .adv_w = 0, .box_w = 0, .box_h = 0, .ofs_x = 0, .ofs_y = 0} /* id = 0 reserved */,
    {.bitmap_index = 0, .adv_w = 58, .box_w = 1, .box_h = 1, .ofs_x = 0, .ofs_y = 0},
    {.bitmap_index = 1, .adv_w = 68, .box_w = 1, .box_h = 11, .ofs_x = 1, .ofs_y = 0},
    {.bitmap_index = 3, .adv_w = 82, .box_w = 4, .box_h = 5, .ofs_x = 1, .ofs_y = 7},
    {.bitmap_index = 6, .adv_w = 127, .box_w = 7, .box_h = 11, .ofs_x = 1, .ofs_y = 0},
    {.bitmap_index = 16, .adv_w = 121, .box_w = 6, .box_h = 14, .ofs_x = 1, .ofs_y = -2},
    {.bitmap_index = 27, .adv_w = 209, .box_w = 11, .box_h = 11, .ofs_x = 1, .ofs_y = 0},
    {.bitmap_index = 43, .adv_w = 175, .box_w = 10, .box_h = 11, .ofs_x = 1, .ofs_y = 0},
    {.bitmap_index = 57, .adv_w = 42, .box_w = 1, .box_h = 5, .ofs_x = 1, .ofs_y = 7},
    {.bitmap_index = 58, .adv_w = 81, .box_w = 3, .box_h = 15, .ofs_x = 1, .ofs_y = -3},
    {.bitmap_index = 64, .adv_w = 81, .box_w = 3, .box_h = 15, .ofs_x = 1, .ofs_y = -3},
    {.bitmap_index = 70, .adv_w = 107, .box_w = 7, .box_h = 7, .ofs_x = 0, .ofs_y = 5},
    {.bitmap_index = 77, .adv_w = 129, .box_w = 7, .box_h = 8, .ofs_x = 1, .ofs_y = 2},
    {.bitmap_index = 84, .adv_w = 73, .box_w = 3, .box_h = 5, .ofs_x = 0, .ofs_y = -3},
    {.bitmap_index = 86, .adv_w = 76, .box_w = 3, .box_h = 1, .ofs_x = 1, .ofs_y = 4},
    {.bitmap_index = 87, .adv_w = 73, .box_w = 2, .box_h = 2, .ofs_x = 1, .ofs_y = 0},
    {.bitmap_index = 88, .adv_w = 78, .box_w = 5, .box_h = 15, .ofs_x = 0, .ofs_y = -3},
    {.bitmap_index = 98, .adv_w = 121, .box_w = 6, .box_h = 11, .ofs_x = 1, .ofs_y = 0},
    {.bitmap_index = 107, .adv_w = 121, .box_w = 5, .box_h = 11, .ofs_x = 1, .ofs_y = 0},
    {.bitmap_index = 114, .adv_w = 121, .box_w = 6, .box_h = 11, .ofs_x = 1, .ofs_y = 0},
    {.bitmap_index = 123, .adv_w = 121, .box_w = 6, .box_h = 11, .ofs_x = 0, .ofs_y = 0},
    {.bitmap_index = 132, .adv_w = 121, .box_w = 7, .box_h = 11, .ofs_x = 1, .ofs_y = 0},
    {.bitmap_index = 142, .adv_w = 121, .box_w = 6, .box_h = 11, .ofs_x = 1, .ofs_y = 0},
    {.bitmap_index = 151, .adv_w = 121, .box_w = 6, .box_h = 11, .ofs_x = 1, .ofs_y = 0},
    {.bitmap_index = 160, .adv_w = 121, .box_w = 6, .box_h = 11, .ofs_x = 1, .ofs_y = 0},
    {.bitmap_index = 169, .adv_w = 121, .box_w = 6, .box_h = 11, .ofs_x = 1, .ofs_y = 0},
    {.bitmap_index = 178, .adv_w = 121, .box_w = 6, .box_h = 12, .ofs_x = 1, .ofs_y = -1},
    {.bitmap_index = 187, .adv_w = 73, .box_w = 2, .box_h = 8, .ofs_x = 1, .ofs_y = 0},
    {.bitmap_index = 189, .adv_w = 73, .box_w = 3, .box_h = 11, .ofs_x = 0, .ofs_y = -3},
    {.bitmap_index = 194, .adv_w = 129, .box_w = 6, .box_h = 8, .ofs_x = 1, .ofs_y = 1},
    {.bitmap_index = 200, .adv_w = 129, .box_w = 8, .box_h = 4, .ofs_x = 0, .ofs_y = 4},
    {.bitmap_index = 204, .adv_w = 129, .box_w = 6, .box_h = 9, .ofs_x = 1, .ofs_y = 1},
    {.bitmap_index = 211, .adv_w = 98, .box_w = 5, .box_h = 11, .ofs_x = 1, .ofs_y = 0},
    {.bitmap_index = 218, .adv_w = 202, .box_w = 12, .box_h = 14, .ofs_x = 1, .ofs_y = -3},
    {.bitmap_index = 239, .adv_w = 161, .box_w = 10, .box_h = 11, .ofs_x = 0, .ofs_y = 0},
    {.bitmap_index = 253, .adv_w = 151, .box_w = 7, .box_h = 11, .ofs_x = 1, .ofs_y = 0},
    {.bitmap_index = 263, .adv_w = 155, .box_w = 8, .box_h = 11, .ofs_x = 1, .ofs_y = 0},
    {.bitmap_index = 274, .adv_w = 173, .box_w = 9, .box_h = 11, .ofs_x = 1, .ofs_y = 0},
    {.bitmap_index = 287, .adv_w = 147, .box_w = 8, .box_h = 11, .ofs_x = 1, .ofs_y = 0},
    {.bitmap_index = 298, .adv_w = 141, .box_w = 7, .box_h = 11, .ofs_x = 1, .ofs_y = 0},
    {.bitmap_index = 308, .adv_w = 166, .box_w = 9, .box_h = 11, .ofs_x = 1, .ofs_y = 0},
    {.bitmap_index = 321, .adv_w = 192, .box_w = 10, .box_h = 11, .ofs_x = 1, .ofs_y = 0},
    {.bitmap_index = 335, .adv_w = 90, .box_w = 3, .box_h = 11, .ofs_x = 1, .ofs_y = 0},
    {.bitmap_index = 340, .adv_w = 90, .box_w = 6, .box_h = 13, .ofs_x = -1, .ofs_y = -2},
    {.bitmap_index = 350, .adv_w = 162, .box_w = 9, .box_h = 11, .ofs_x = 1, .ofs_y = 0},
    {.bitmap_index = 363, .adv_w = 143, .box_w = 7, .box_h = 11, .ofs_x = 1, .ofs_y = 0},
    {.bitmap_index = 373, .adv_w = 219, .box_w = 11, .box_h = 11, .ofs_x = 1, .ofs_y = 0},
    {.bitmap_index = 389, .adv_w = 179, .box_w = 10, .box_h = 11, .ofs_x = 1, .ofs_y = 0},
    {.bitmap_index = 403, .adv_w = 172, .box_w = 9, .box_h = 11, .ofs_x = 1, .ofs_y = 0},
    {.bitmap_index = 416, .adv_w = 143, .box_w = 7, .box_h = 11, .ofs_x = 1, .ofs_y = 0},
    {.bitmap_index = 426, .adv_w = 172, .box_w = 9, .box_h = 15, .ofs_x = 1, .ofs_y = -4},
    {.bitmap_index = 443, .adv_w = 158, .box_w = 8, .box_h = 11, .ofs_x = 1, .ofs_y = 0},
    {.bitmap_index = 454, .adv_w = 125, .box_w = 6, .box_h = 11, .ofs_x = 1, .ofs_y = 0},
    {.bitmap_index = 463, .adv_w = 146, .box_w = 9, .box_h = 11, .ofs_x = 0, .ofs_y = 0},
    {.bitmap_index = 476, .adv_w = 177, .box_w = 9, .box_h = 11, .ofs_x = 1, .ofs_y = 0},
    {.bitmap_index = 489, .adv_w = 163, .box_w = 10, .box_h = 11, .ofs_x = 0, .ofs_y = 0},
    {.bitmap_index = 503, .adv_w = 235, .box_w = 14, .box_h = 11, .ofs_x = 0, .ofs_y = 0},
    {.bitmap_index = 523, .adv_w = 157, .box_w = 10, .box_h = 11, .ofs_x = 0, .ofs_y = 0},
    {.bitmap_index = 537, .adv_w = 154, .box_w = 9, .box_h = 11, .ofs_x = 0, .ofs_y = 0},
    {.bitmap_index = 550, .adv_w = 134, .box_w = 8, .box_h = 11, .ofs_x = 1, .ofs_y = 0},
    {.bitmap_index = 561, .adv_w = 76, .box_w = 3, .box_h = 15, .ofs_x = 2, .ofs_y = -3},
    {.bitmap_index = 567, .adv_w = 78, .box_w = 5, .box_h = 15, .ofs_x = 0, .ofs_y = -3},
    {.bitmap_index = 577, .adv_w = 76, .box_w = 3, .box_h = 15, .ofs_x = 0, .ofs_y = -3},
    {.bitmap_index = 583, .adv_w = 129, .box_w = 6, .box_h = 4, .ofs_x = 1, .ofs_y = 4},
    {.bitmap_index = 586, .adv_w = 124, .box_w = 6, .box_h = 1, .ofs_x = 1, .ofs_y = -1},
    {.bitmap_index = 587, .adv_w = 97, .box_w = 3, .box_h = 3, .ofs_x = 1, .ofs_y = 9},
    {.bitmap_index = 589, .adv_w = 124, .box_w = 6, .box_h = 8, .ofs_x = 1, .ofs_y = 0},
    {.bitmap_index = 595, .adv_w = 140, .box_w = 7, .box_h = 12, .ofs_x = 1, .ofs_y = 0},
    {.bitmap_index = 606, .adv_w = 118, .box_w = 6, .box_h = 8, .ofs_x = 1, .ofs_y = 0},
    {.bitmap_index = 612, .adv_w = 138, .box_w = 7, .box_h = 12, .ofs_x = 1, .ofs_y = 0},
    {.bitmap_index = 623, .adv_w = 123, .box_w = 6, .box_h = 8, .ofs_x = 1, .ofs_y = 0},
    {.bitmap_index = 629, .adv_w = 86, .box_w = 5, .box_h = 12, .ofs_x = 1, .ofs_y = 0},
    {.bitmap_index = 637, .adv_w = 125, .box_w = 7, .box_h = 12, .ofs_x = 1, .ofs_y = -4},
    {.bitmap_index = 648, .adv_w = 147, .box_w = 8, .box_h = 12, .ofs_x = 1, .ofs_y = 0},
    {.bitmap_index = 660, .adv_w = 73, .box_w = 4, .box_h = 12, .ofs_x = 0, .ofs_y = 0},
    {.bitmap_index = 666, .adv_w = 67, .box_w = 5, .box_h = 16, .ofs_x = -2, .ofs_y = -4},
    {.bitmap_index = 676, .adv_w = 133, .box_w = 7, .box_h = 12, .ofs_x = 1, .ofs_y = 0},
    {.bitmap_index = 687, .adv_w = 73, .box_w = 3, .box_h = 12, .ofs_x = 1, .ofs_y = 0},
    {.bitmap_index = 692, .adv_w = 219, .box_w = 13, .box_h = 8, .ofs_x = 1, .ofs_y = 0},
    {.bitmap_index = 705, .adv_w = 147, .box_w = 8, .box_h = 8, .ofs_x = 1, .ofs_y = 0},
    {.bitmap_index = 713, .adv_w = 133, .box_w = 7, .box_h = 8, .ofs_x = 1, .ofs_y = 0},
    {.bitmap_index = 720, .adv_w = 141, .box_w = 7, .box_h = 12, .ofs_x = 1, .ofs_y = -4},
    {.bitmap_index = 731, .adv_w = 135, .box_w = 7, .box_h = 12, .ofs_x = 1, .ofs_y = -4},
    {.bitmap_index = 742, .adv_w = 102, .box_w = 6, .box_h = 8, .ofs_x = 1, .ofs_y = 0},
    {.bitmap_index = 748, .adv_w = 105, .box_w = 5, .box_h = 8, .ofs_x = 1, .ofs_y = 0},
    {.bitmap_index = 753, .adv_w = 79, .box_w = 4, .box_h = 11, .ofs_x = 1, .ofs_y = 0},
    {.bitmap_index = 759, .adv_w = 143, .box_w = 8, .box_h = 8, .ofs_x = 1, .ofs_y = 0},
    {.bitmap_index = 767, .adv_w = 122, .box_w = 8, .box_h = 8, .ofs_x = 0, .ofs_y = 0},
    {.bitmap_index = 775, .adv_w = 186, .box_w = 12, .box_h = 8, .ofs_x = 0, .ofs_y = 0},
    {.bitmap_index = 787, .adv_w = 126, .box_w = 8, .box_h = 8, .ofs_x = 0, .ofs_y = 0},
    {.bitmap_index = 795, .adv_w = 123, .box_w = 8, .box_h = 12, .ofs_x = 0, .ofs_y = -4},
    {.bitmap_index = 807, .adv_w = 111, .box_w = 6, .box_h = 8, .ofs_x = 1, .ofs_y = 0},
    {.bitmap_index = 813, .adv_w = 84, .box_w = 4, .box_h = 15, .ofs_x = 1, .ofs_y = -3},
    {.bitmap_index = 821, .adv_w = 60, .box_w = 1, .box_h = 16, .ofs_x = 2, .ofs_y = -4},
    {.bitmap_index = 823, .adv_w = 84, .box_w = 4, .box_h = 15, .ofs_x = 0, .ofs_y = -3},
    {.bitmap_index = 831, .adv_w = 129, .box_w = 6, .box_h = 3, .ofs_x = 1, .ofs_y = 4},
    {.bitmap_index = 834, .adv_w = 124, .box_w = 6, .box_h = 12, .ofs_x = 1, .ofs_y = 0},
    {.bitmap_index = 843, .adv_w = 191, .box_w = 10, .box_h = 8, .ofs_x = 1, .ofs_y = 0},
    {.bitmap_index = 853, .adv_w = 124, .box_w = 6, .box_h = 12, .ofs_x = 1, .ofs_y = 0},
    {.bitmap_index = 862, .adv_w = 198, .box_w = 11, .box_h = 1, .ofs_x = 1, .ofs_y = 4},
    {.bitmap_index = 864, .adv_w = 224, .box_w = 2, .box_h = 4, .ofs_x = 11, .ofs_y = 9},
    {.bitmap_index = 865, .adv_w = 224, .box_w = 5, .box_h = 4, .ofs_x = 8, .ofs_y = 9},
    {.bitmap_index = 868, .adv_w = 224, .box_w = 5, .box_h = 4, .ofs_x = 1, .ofs_y = 9},
    {.bitmap_index = 871, .adv_w = 224, .box_w = 11, .box_h = 2, .ofs_x = 2, .ofs_y = 5},
    {.bitmap_index = 874, .adv_w = 224, .box_w = 12, .box_h = 11, .ofs_x = 1, .ofs_y = 0},
    {.bitmap_index = 891, .adv_w = 224, .box_w = 3, .box_h = 3, .ofs_x = 1, .ofs_y = -1},
    {.bitmap_index = 893, .adv_w = 224, .box_w = 4, .box_h = 4, .ofs_x = 0, .ofs_y = -1},
    {.bitmap_index = 895, .adv_w = 224, .box_w = 6, .box_h = 13, .ofs_x = 7, .ofs_y = -1},
    {.bitmap_index = 905, .adv_w = 224, .box_w = 6, .box_h = 13, .ofs_x = 1, .ofs_y = -1},
    {.bitmap_index = 915, .adv_w = 224, .box_w = 5, .box_h = 13, .ofs_x = 9, .ofs_y = -1},
    {.bitmap_index = 924, .adv_w = 224, .box_w = 5, .box_h = 13, .ofs_x = 0, .ofs_y = -1},
    {.bitmap_index = 933, .adv_w = 224, .box_w = 12, .box_h = 2, .ofs_x = 1, .ofs_y = 5},
    {.bitmap_index = 936, .adv_w = 224, .box_w = 13, .box_h = 13, .ofs_x = 1, .ofs_y = -2},
    {.bitmap_index = 958, .adv_w = 224, .box_w = 13, .box_h = 12, .ofs_x = 1, .ofs_y = 0},
    {.bitmap_index = 978, .adv_w = 224, .box_w = 12, .box_h = 12, .ofs_x = 1, .ofs_y = -1},
    {.bitmap_index = 996, .adv_w = 224, .box_w = 13, .box_h = 13, .ofs_x = 1, .ofs_y = -1},
    {.bitmap_index = 1018, .adv_w = 224, .box_w = 13, .box_h = 11, .ofs_x = 1, .ofs_y = 0},
    {.bitmap_index = 1036, .adv_w = 224, .box_w = 13, .box_h = 13, .ofs_x = 0, .ofs_y = -1},
    {.bitmap_index = 1058, .adv_w = 224, .box_w = 13, .box_h = 13, .ofs_x = 0, .ofs_y = -1},
    {.bitmap_index = 1080, .adv_w = 224, .box_w = 14, .box_h = 13, .ofs_x = 0, .ofs_y = -1},
    {.bitmap_index = 1103, .adv_w = 224, .box_w = 12, .box_h = 13, .ofs_x = 1, .ofs_y = -1},
    {.bitmap_index = 1123, .adv_w = 224, .box_w = 13, .box_h = 13, .ofs_x = 0, .ofs_y = -1},
    {.bitmap_index = 1145, .adv_w = 224, .box_w = 13, .box_h = 12, .ofs_x = 1, .ofs_y = 0},
    {.bitmap_index = 1165, .adv_w = 224, .box_w = 12, .box_h = 13, .ofs_x = 1, .ofs_y = -1},
    {.bitmap_index = 1185, .adv_w = 224, .box_w = 13, .box_h = 13, .ofs_x = 1, .ofs_y = -1},
    {.bitmap_index = 1207, .adv_w = 224, .box_w = 13, .box_h = 13, .ofs_x = 1, .ofs_y = -1},
    {.bitmap_index = 1229, .adv_w = 224, .box_w = 13, .box_h = 12, .ofs_x = 0, .ofs_y = 0},
    {.bitmap_index = 1249, .adv_w = 224, .box_w = 13, .box_h = 13, .ofs_x = 1, .ofs_y = -1},
    {.bitmap_index = 1271, .adv_w = 224, .box_w = 12, .box_h = 12, .ofs_x = 1, .ofs_y = -1},
    {.bitmap_index = 1289, .adv_w = 224, .box_w = 13, .box_h = 13, .ofs_x = 0, .ofs_y = -1},
    {.bitmap_index = 1311, .adv_w = 224, .box_w = 13, .box_h = 13, .ofs_x = 1, .ofs_y = -1},
    {.bitmap_index = 1333, .adv_w = 224, .box_w = 12, .box_h = 13, .ofs_x = 1, .ofs_y = -1},
    {.bitmap_index = 1353, .adv_w = 224, .box_w = 13, .box_h = 14, .ofs_x = 0, .ofs_y = -2},
    {.bitmap_index = 1376, .adv_w = 224, .box_w = 13, .box_h = 13, .ofs_x = 0, .ofs_y = -1},
    {.bitmap_index = 1398, .adv_w = 224, .box_w = 13, .box_h = 13, .ofs_x = 0, .ofs_y = -1},
    {.bitmap_index = 1420, .adv_w = 224, .box_w = 13, .box_h = 13, .ofs_x = 0, .ofs_y = -1},
    {.bitmap_index = 1442, .adv_w = 224, .box_w = 13, .box_h = 13, .ofs_x = 0, .ofs_y = -1},
    {.bitmap_index = 1464, .adv_w = 224, .box_w = 12, .box_h = 13, .ofs_x = 1, .ofs_y = -1},
    {.bitmap_index = 1484, .adv_w = 224, .box_w = 13, .box_h = 13, .ofs_x = 0, .ofs_y = -1},
    {.bitmap_index = 1506, .adv_w = 224, .box_w = 11, .box_h = 13, .ofs_x = 2, .ofs_y = -1},
    {.bitmap_index = 1524, .adv_w = 224, .box_w = 13, .box_h = 13, .ofs_x = 1, .ofs_y = -1},
    {.bitmap_index = 1546, .adv_w = 224, .box_w = 13, .box_h = 13, .ofs_x = 0, .ofs_y = -1},
    {.bitmap_index = 1568, .adv_w = 224, .box_w = 14, .box_h = 13, .ofs_x = 0, .ofs_y = -1},
    {.bitmap_index = 1591, .adv_w = 224, .box_w = 13, .box_h = 13, .ofs_x = 1, .ofs_y = -1},
    {.bitmap_index = 1613, .adv_w = 224, .box_w = 13, .box_h = 13, .ofs_x = 0, .ofs_y = -1},
    {.bitmap_index = 1635, .adv_w = 224, .box_w = 13, .box_h = 13, .ofs_x = 1, .ofs_y = -1},
    {.bitmap_index = 1657, .adv_w = 224, .box_w = 13, .box_h = 13, .ofs_x = 0, .ofs_y = -1},
    {.bitmap_index = 1679, .adv_w = 224, .box_w = 13, .box_h = 13, .ofs_x = 0, .ofs_y = -1},
    {.bitmap_index = 1701, .adv_w = 224, .box_w = 14, .box_h = 13, .ofs_x = 0, .ofs_y = -1},
    {.bitmap_index = 1724, .adv_w = 224, .box_w = 13, .box_h = 14, .ofs_x = 1, .ofs_y = -2},
    {.bitmap_index = 1747, .adv_w = 224, .box_w = 13, .box_h = 13, .ofs_x = 1, .ofs_y = -1},
    {.bitmap_index = 1769, .adv_w = 224, .box_w = 13, .box_h = 13, .ofs_x = 0, .ofs_y = -1},
    {.bitmap_index = 1791, .adv_w = 224, .box_w = 12, .box_h = 13, .ofs_x = 1, .ofs_y = -1},
    {.bitmap_index = 1811, .adv_w = 224, .box_w = 14, .box_h = 13, .ofs_x = 0, .ofs_y = -1},
    {.bitmap_index = 1834, .adv_w = 224, .box_w = 13, .box_h = 14, .ofs_x = 1, .ofs_y = -2},
    {.bitmap_index = 1857, .adv_w = 224, .box_w = 13, .box_h = 13, .ofs_x = 1, .ofs_y = -1},
    {.bitmap_index = 1879, .adv_w = 224, .box_w = 13, .box_h = 14, .ofs_x = 1, .ofs_y = -2},
    {.bitmap_index = 1902, .adv_w = 224, .box_w = 13, .box_h = 13, .ofs_x = 1, .ofs_y = -1},
    {.bitmap_index = 1924, .adv_w = 224, .box_w = 13, .box_h = 14, .ofs_x = 1, .ofs_y = -2},
    {.bitmap_index = 1947, .adv_w = 224, .box_w = 13, .box_h = 13, .ofs_x = 0, .ofs_y = -1},
    {.bitmap_index = 1969, .adv_w = 224, .box_w = 13, .box_h = 13, .ofs_x = 1, .ofs_y = -1},
    {.bitmap_index = 1991, .adv_w = 224, .box_w = 14, .box_h = 13, .ofs_x = 0, .ofs_y = -1},
    {.bitmap_index = 2014, .adv_w = 224, .box_w = 12, .box_h = 12, .ofs_x = 1, .ofs_y = 0},
    {.bitmap_index = 2032, .adv_w = 224, .box_w = 13, .box_h = 14, .ofs_x = 1, .ofs_y = -2},
    {.bitmap_index = 2055, .adv_w = 224, .box_w = 12, .box_h = 13, .ofs_x = 1, .ofs_y = -1},
    {.bitmap_index = 2075, .adv_w = 224, .box_w = 13, .box_h = 13, .ofs_x = 0, .ofs_y = -1},
    {.bitmap_index = 2097, .adv_w = 224, .box_w = 12, .box_h = 13, .ofs_x = 1, .ofs_y = -1},
    {.bitmap_index = 2117, .adv_w = 224, .box_w = 12, .box_h = 13, .ofs_x = 1, .ofs_y = -1},
    {.bitmap_index = 2137, .adv_w = 224, .box_w = 13, .box_h = 13, .ofs_x = 1, .ofs_y = -1},
    {.bitmap_index = 2159, .adv_w = 224, .box_w = 14, .box_h = 14, .ofs_x = 1, .ofs_y = -2},
    {.bitmap_index = 2184, .adv_w = 224, .box_w = 13, .box_h = 13, .ofs_x = 0, .ofs_y = -1},
    {.bitmap_index = 2206, .adv_w = 224, .box_w = 13, .box_h = 13, .ofs_x = 1, .ofs_y = -1},
    {.bitmap_index = 2228, .adv_w = 224, .box_w = 11, .box_h = 13, .ofs_x = 2, .ofs_y = -1},
    {.bitmap_index = 2246, .adv_w = 224, .box_w = 13, .box_h = 13, .ofs_x = 1, .ofs_y = -1},
    {.bitmap_index = 2268, .adv_w = 224, .box_w = 13, .box_h = 15, .ofs_x = 0, .ofs_y = -2},
    {.bitmap_index = 2293, .adv_w = 224, .box_w = 13, .box_h = 13, .ofs_x = 1, .ofs_y = -1},
    {.bitmap_index = 2315, .adv_w = 224, .box_w = 12, .box_h = 9, .ofs_x = 1, .ofs_y = 1},
    {.bitmap_index = 2329, .adv_w = 224, .box_w = 13, .box_h = 13, .ofs_x = 1, .ofs_y = -1},
    {.bitmap_index = 2351, .adv_w = 224, .box_w = 12, .box_h = 13, .ofs_x = 1, .ofs_y = -1},
    {.bitmap_index = 2371, .adv_w = 224, .box_w = 13, .box_h = 14, .ofs_x = 1, .ofs_y = -2},
    {.bitmap_index = 2394, .adv_w = 224, .box_w = 12, .box_h = 13, .ofs_x = 1, .ofs_y = -1},
    {.bitmap_index = 2414, .adv_w = 224, .box_w = 13, .box_h = 11, .ofs_x = 0, .ofs_y = 0},
    {.bitmap_index = 2432, .adv_w = 224, .box_w = 13, .box_h = 13, .ofs_x = 0, .ofs_y = -1},
    {.bitmap_index = 2454, .adv_w = 224, .box_w = 12, .box_h = 12, .ofs_x = 1, .ofs_y = 0},
    {.bitmap_index = 2472, .adv_w = 224, .box_w = 13, .box_h = 13, .ofs_x = 1, .ofs_y = -1},
    {.bitmap_index = 2494, .adv_w = 224, .box_w = 13, .box_h = 13, .ofs_x = 1, .ofs_y = -1},
    {.bitmap_index = 2516, .adv_w = 224, .box_w = 13, .box_h = 13, .ofs_x = 1, .ofs_y = -1},
    {.bitmap_index = 2538, .adv_w = 224, .box_w = 12, .box_h = 13, .ofs_x = 1, .ofs_y = -1},
    {.bitmap_index = 2558, .adv_w = 224, .box_w = 14, .box_h = 14, .ofs_x = 0, .ofs_y = -2},
    {.bitmap_index = 2583, .adv_w = 224, .box_w = 13, .box_h = 13, .ofs_x = 0, .ofs_y = -1},
    {.bitmap_index = 2605, .adv_w = 224, .box_w = 13, .box_h = 13, .ofs_x = 0, .ofs_y = -1},
    {.bitmap_index = 2627, .adv_w = 224, .box_w = 14, .box_h = 13, .ofs_x = 0, .ofs_y = -1},
    {.bitmap_index = 2650, .adv_w = 224, .box_w = 14, .box_h = 13, .ofs_x = 0, .ofs_y = -1},
    {.bitmap_index = 2673, .adv_w = 224, .box_w = 14, .box_h = 13, .ofs_x = 0, .ofs_y = -1},
    {.bitmap_index = 2696, .adv_w = 224, .box_w = 13, .box_h = 13, .ofs_x = 0, .ofs_y = -1},
    {.bitmap_index = 2718, .adv_w = 224, .box_w = 13, .box_h = 14, .ofs_x = 1, .ofs_y = -2},
    {.bitmap_index = 2741, .adv_w = 224, .box_w = 13, .box_h = 12, .ofs_x = 0, .ofs_y = -1},
    {.bitmap_index = 2761, .adv_w = 224, .box_w = 13, .box_h = 13, .ofs_x = 0, .ofs_y = -1},
    {.bitmap_index = 2783, .adv_w = 224, .box_w = 13, .box_h = 13, .ofs_x = 1, .ofs_y = -1},
    {.bitmap_index = 2805, .adv_w = 224, .box_w = 13, .box_h = 13, .ofs_x = 0, .ofs_y = -1},
    {.bitmap_index = 2827, .adv_w = 224, .box_w = 13, .box_h = 14, .ofs_x = 1, .ofs_y = -1},
    {.bitmap_index = 2850, .adv_w = 224, .box_w = 13, .box_h = 13, .ofs_x = 1, .ofs_y = -1},
    {.bitmap_index = 2872, .adv_w = 224, .box_w = 14, .box_h = 13, .ofs_x = 0, .ofs_y = -1},
    {.bitmap_index = 2895, .adv_w = 224, .box_w = 14, .box_h = 14, .ofs_x = 0, .ofs_y = -1},
    {.bitmap_index = 2920, .adv_w = 224, .box_w = 13, .box_h = 13, .ofs_x = 0, .ofs_y = -1},
    {.bitmap_index = 2942, .adv_w = 224, .box_w = 14, .box_h = 13, .ofs_x = 0, .ofs_y = -1},
    {.bitmap_index = 2965, .adv_w = 224, .box_w = 13, .box_h = 12, .ofs_x = 1, .ofs_y = -1},
    {.bitmap_index = 2985, .adv_w = 224, .box_w = 13, .box_h = 12, .ofs_x = 1, .ofs_y = -1},
    {.bitmap_index = 3005, .adv_w = 224, .box_w = 13, .box_h = 13, .ofs_x = 0, .ofs_y = -1},
    {.bitmap_index = 3027, .adv_w = 224, .box_w = 13, .box_h = 13, .ofs_x = 0, .ofs_y = -1},
    {.bitmap_index = 3049, .adv_w = 224, .box_w = 13, .box_h = 13, .ofs_x = 0, .ofs_y = -1},
    {.bitmap_index = 3071, .adv_w = 224, .box_w = 14, .box_h = 13, .ofs_x = 0, .ofs_y = -1},
    {.bitmap_index = 3094, .adv_w = 224, .box_w = 14, .box_h = 13, .ofs_x = 0, .ofs_y = -1},
    {.bitmap_index = 3117, .adv_w = 224, .box_w = 14, .box_h = 13, .ofs_x = 0, .ofs_y = -1},
    {.bitmap_index = 3140, .adv_w = 224, .box_w = 13, .box_h = 13, .ofs_x = 1, .ofs_y = -1},
    {.bitmap_index = 3162, .adv_w = 224, .box_w = 14, .box_h = 14, .ofs_x = 0, .ofs_y = -2},
    {.bitmap_index = 3187, .adv_w = 224, .box_w = 13, .box_h = 13, .ofs_x = 1, .ofs_y = -2},
    {.bitmap_index = 3209, .adv_w = 224, .box_w = 13, .box_h = 13, .ofs_x = 0, .ofs_y = -1},
    {.bitmap_index = 3231, .adv_w = 224, .box_w = 14, .box_h = 13, .ofs_x = 0, .ofs_y = -1},
    {.bitmap_index = 3254, .adv_w = 224, .box_w = 14, .box_h = 13, .ofs_x = 0, .ofs_y = -1},
    {.bitmap_index = 3277, .adv_w = 224, .box_w = 14, .box_h = 13, .ofs_x = 0, .ofs_y = -1},
    {.bitmap_index = 3300, .adv_w = 224, .box_w = 13, .box_h = 13, .ofs_x = 0, .ofs_y = -1},
    {.bitmap_index = 3322, .adv_w = 224, .box_w = 14, .box_h = 13, .ofs_x = 0, .ofs_y = -1},
    {.bitmap_index = 3345, .adv_w = 224, .box_w = 14, .box_h = 13, .ofs_x = 0, .ofs_y = -1},
    {.bitmap_index = 3368, .adv_w = 224, .box_w = 13, .box_h = 13, .ofs_x = 0, .ofs_y = -1},
    {.bitmap_index = 3390, .adv_w = 224, .box_w = 13, .box_h = 13, .ofs_x = 1, .ofs_y = -1},
    {.bitmap_index = 3412, .adv_w = 224, .box_w = 14, .box_h = 13, .ofs_x = 0, .ofs_y = -1},
    {.bitmap_index = 3435, .adv_w = 224, .box_w = 14, .box_h = 13, .ofs_x = 0, .ofs_y = -1},
    {.bitmap_index = 3458, .adv_w = 224, .box_w = 13, .box_h = 13, .ofs_x = 0, .ofs_y = -1},
    {.bitmap_index = 3480, .adv_w = 224, .box_w = 13, .box_h = 13, .ofs_x = 0, .ofs_y = -1},
    {.bitmap_index = 3502, .adv_w = 224, .box_w = 13, .box_h = 13, .ofs_x = 0, .ofs_y = -1},
    {.bitmap_index = 3524, .adv_w = 224, .box_w = 14, .box_h = 13, .ofs_x = 1, .ofs_y = -1},
    {.bitmap_index = 3547, .adv_w = 224, .box_w = 13, .box_h = 13, .ofs_x = 1, .ofs_y = -1},
    {.bitmap_index = 3569, .adv_w = 224, .box_w = 13, .box_h = 13, .ofs_x = 1, .ofs_y = -1},
    {.bitmap_index = 3591, .adv_w = 224, .box_w = 14, .box_h = 13, .ofs_x = 0, .ofs_y = -1},
    {.bitmap_index = 3614, .adv_w = 224, .box_w = 14, .box_h = 14, .ofs_x = 0, .ofs_y = -2},
    {.bitmap_index = 3639, .adv_w = 224, .box_w = 13, .box_h = 13, .ofs_x = 1, .ofs_y = -1},
    {.bitmap_index = 3661, .adv_w = 224, .box_w = 13, .box_h = 13, .ofs_x = 1, .ofs_y = -1},
    {.bitmap_index = 3683, .adv_w = 224, .box_w = 13, .box_h = 14, .ofs_x = 0, .ofs_y = -2},
    {.bitmap_index = 3706, .adv_w = 224, .box_w = 13, .box_h = 13, .ofs_x = 0, .ofs_y = -1},
    {.bitmap_index = 3728, .adv_w = 224, .box_w = 14, .box_h = 13, .ofs_x = 0, .ofs_y = -1},
    {.bitmap_index = 3751, .adv_w = 224, .box_w = 13, .box_h = 13, .ofs_x = 0, .ofs_y = -1},
    {.bitmap_index = 3773, .adv_w = 224, .box_w = 13, .box_h = 13, .ofs_x = 0, .ofs_y = -1},
    {.bitmap_index = 3795, .adv_w = 224, .box_w = 13, .box_h = 13, .ofs_x = 0, .ofs_y = -1},
    {.bitmap_index = 3817, .adv_w = 224, .box_w = 14, .box_h = 13, .ofs_x = 0, .ofs_y = -1},
    {.bitmap_index = 3840, .adv_w = 224, .box_w = 13, .box_h = 13, .ofs_x = 0, .ofs_y = -1},
    {.bitmap_index = 3862, .adv_w = 224, .box_w = 13, .box_h = 13, .ofs_x = 0, .ofs_y = -1},
    {.bitmap_index = 3884, .adv_w = 224, .box_w = 13, .box_h = 13, .ofs_x = 1, .ofs_y = -1},
    {.bitmap_index = 3906, .adv_w = 224, .box_w = 14, .box_h = 13, .ofs_x = 0, .ofs_y = -1},
    {.bitmap_index = 3929, .adv_w = 224, .box_w = 13, .box_h = 13, .ofs_x = 0, .ofs_y = -1},
    {.bitmap_index = 3951, .adv_w = 224, .box_w = 14, .box_h = 13, .ofs_x = 0, .ofs_y = -1},
    {.bitmap_index = 3974, .adv_w = 224, .box_w = 13, .box_h = 13, .ofs_x = 0, .ofs_y = -1},
    {.bitmap_index = 3996, .adv_w = 224, .box_w = 14, .box_h = 13, .ofs_x = 0, .ofs_y = -1},
    {.bitmap_index = 4019, .adv_w = 224, .box_w = 14, .box_h = 13, .ofs_x = 0, .ofs_y = -1},
    {.bitmap_index = 4042, .adv_w = 224, .box_w = 13, .box_h = 13, .ofs_x = 0, .ofs_y = -1},
    {.bitmap_index = 4064, .adv_w = 224, .box_w = 14, .box_h = 13, .ofs_x = 0, .ofs_y = -1},
    {.bitmap_index = 4087, .adv_w = 224, .box_w = 13, .box_h = 13, .ofs_x = 0, .ofs_y = -1},
    {.bitmap_index = 4109, .adv_w = 224, .box_w = 14, .box_h = 13, .ofs_x = 0, .ofs_y = -1},
    {.bitmap_index = 4132, .adv_w = 224, .box_w = 13, .box_h = 13, .ofs_x = 0, .ofs_y = -1},
    {.bitmap_index = 4154, .adv_w = 224, .box_w = 13, .box_h = 13, .ofs_x = 1, .ofs_y = -1},
    {.bitmap_index = 4176, .adv_w = 224, .box_w = 14, .box_h = 13, .ofs_x = 0, .ofs_y = -1},
    {.bitmap_index = 4199, .adv_w = 224, .box_w = 14, .box_h = 13, .ofs_x = 0, .ofs_y = -1},
    {.bitmap_index = 4222, .adv_w = 224, .box_w = 14, .box_h = 13, .ofs_x = 0, .ofs_y = -1},
    {.bitmap_index = 4245, .adv_w = 224, .box_w = 14, .box_h = 13, .ofs_x = 0, .ofs_y = -1},
    {.bitmap_index = 4268, .adv_w = 224, .box_w = 13, .box_h = 13, .ofs_x = 0, .ofs_y = -1},
    {.bitmap_index = 4290, .adv_w = 224, .box_w = 14, .box_h = 13, .ofs_x = 0, .ofs_y = -1},
    {.bitmap_index = 4313, .adv_w = 224, .box_w = 13, .box_h = 13, .ofs_x = 0, .ofs_y = -1},
    {.bitmap_index = 4335, .adv_w = 224, .box_w = 14, .box_h = 13, .ofs_x = 0, .ofs_y = -1},
    {.bitmap_index = 4358, .adv_w = 224, .box_w = 14, .box_h = 13, .ofs_x = 0, .ofs_y = -1},
    {.bitmap_index = 4381, .adv_w = 224, .box_w = 14, .box_h = 14, .ofs_x = 0, .ofs_y = -2},
    {.bitmap_index = 4406, .adv_w = 224, .box_w = 13, .box_h = 13, .ofs_x = 0, .ofs_y = -1},
    {.bitmap_index = 4428, .adv_w = 224, .box_w = 13, .box_h = 13, .ofs_x = 0, .ofs_y = -1},
    {.bitmap_index = 4450, .adv_w = 224, .box_w = 13, .box_h = 13, .ofs_x = 1, .ofs_y = -1},
    {.bitmap_index = 4472, .adv_w = 224, .box_w = 13, .box_h = 14, .ofs_x = 0, .ofs_y = -1},
    {.bitmap_index = 4495, .adv_w = 224, .box_w = 14, .box_h = 13, .ofs_x = 0, .ofs_y = -1},
    {.bitmap_index = 4518, .adv_w = 224, .box_w = 14, .box_h = 13, .ofs_x = 0, .ofs_y = -1},
    {.bitmap_index = 4541, .adv_w = 224, .box_w = 13, .box_h = 13, .ofs_x = 0, .ofs_y = -1},
    {.bitmap_index = 4563, .adv_w = 224, .box_w = 14, .box_h = 13, .ofs_x = 0, .ofs_y = -1},
    {.bitmap_index = 4586, .adv_w = 224, .box_w = 13, .box_h = 13, .ofs_x = 0, .ofs_y = -1},
    {.bitmap_index = 4608, .adv_w = 224, .box_w = 14, .box_h = 13, .ofs_x = 0, .ofs_y = -1},
    {.bitmap_index = 4631, .adv_w = 224, .box_w = 13, .box_h = 13, .ofs_x = 0, .ofs_y = -1},
    {.bitmap_index = 4653, .adv_w = 224, .box_w = 13, .box_h = 13, .ofs_x = 0, .ofs_y = -1},
    {.bitmap_index = 4675, .adv_w = 224, .box_w = 14, .box_h = 13, .ofs_x = 0, .ofs_y = -1},
    {.bitmap_index = 4698, .adv_w = 224, .box_w = 14, .box_h = 13, .ofs_x = 0, .ofs_y = -1},
    {.bitmap_index = 4721, .adv_w = 224, .box_w = 13, .box_h = 13, .ofs_x = 0, .ofs_y = -1},
    {.bitmap_index = 4743, .adv_w = 224, .box_w = 14, .box_h = 13, .ofs_x = 0, .ofs_y = -1},
    {.bitmap_index = 4766, .adv_w = 224, .box_w = 14, .box_h = 13, .ofs_x = 0, .ofs_y = -1},
    {.bitmap_index = 4789, .adv_w = 224, .box_w = 13, .box_h = 13, .ofs_x = 0, .ofs_y = -1},
    {.bitmap_index = 4811, .adv_w = 224, .box_w = 14, .box_h = 13, .ofs_x = 0, .ofs_y = -1},
    {.bitmap_index = 4834, .adv_w = 224, .box_w = 13, .box_h = 13, .ofs_x = 0, .ofs_y = -1},
    {.bitmap_index = 4856, .adv_w = 224, .box_w = 14, .box_h = 13, .ofs_x = 0, .ofs_y = -1},
    {.bitmap_index = 4879, .adv_w = 224, .box_w = 13, .box_h = 13, .ofs_x = 0, .ofs_y = -1},
    {.bitmap_index = 4901, .adv_w = 224, .box_w = 14, .box_h = 13, .ofs_x = 0, .ofs_y = -1},
    {.bitmap_index = 4924, .adv_w = 224, .box_w = 14, .box_h = 13, .ofs_x = 0, .ofs_y = -1},
    {.bitmap_index = 4947, .adv_w = 224, .box_w = 14, .box_h = 14, .ofs_x = 0, .ofs_y = -2},
    {.bitmap_index = 4972, .adv_w = 224, .box_w = 13, .box_h = 13, .ofs_x = 0, .ofs_y = -1},
    {.bitmap_index = 4994, .adv_w = 224, .box_w = 13, .box_h = 13, .ofs_x = 0, .ofs_y = -1},
    {.bitmap_index = 5016, .adv_w = 224, .box_w = 14, .box_h = 13, .ofs_x = 0, .ofs_y = -1},
    {.bitmap_index = 5039, .adv_w = 224, .box_w = 13, .box_h = 13, .ofs_x = 0, .ofs_y = -1},
    {.bitmap_index = 5061, .adv_w = 224, .box_w = 14, .box_h = 13, .ofs_x = 0, .ofs_y = -1},
    {.bitmap_index = 5084, .adv_w = 224, .box_w = 14, .box_h = 13, .ofs_x = 0, .ofs_y = -1},
    {.bitmap_index = 5107, .adv_w = 224, .box_w = 13, .box_h = 13, .ofs_x = 0, .ofs_y = -1},
    {.bitmap_index = 5129, .adv_w = 224, .box_w = 13, .box_h = 13, .ofs_x = 0, .ofs_y = -1},
    {.bitmap_index = 5151, .adv_w = 224, .box_w = 13, .box_h = 13, .ofs_x = 0, .ofs_y = -1},
    {.bitmap_index = 5173, .adv_w = 224, .box_w = 14, .box_h = 13, .ofs_x = 0, .ofs_y = -1},
    {.bitmap_index = 5196, .adv_w = 224, .box_w = 13, .box_h = 13, .ofs_x = 0, .ofs_y = -1},
    {.bitmap_index = 5218, .adv_w = 224, .box_w = 14, .box_h = 13, .ofs_x = 0, .ofs_y = -1},
    {.bitmap_index = 5241, .adv_w = 224, .box_w = 14, .box_h = 14, .ofs_x = 0, .ofs_y = -2},
    {.bitmap_index = 5266, .adv_w = 224, .box_w = 14, .box_h = 13, .ofs_x = 0, .ofs_y = -1},
    {.bitmap_index = 5289, .adv_w = 224, .box_w = 13, .box_h = 13, .ofs_x = 0, .ofs_y = -1},
    {.bitmap_index = 5311, .adv_w = 224, .box_w = 14, .box_h = 13, .ofs_x = 0, .ofs_y = -1},
    {.bitmap_index = 5334, .adv_w = 224, .box_w = 14, .box_h = 13, .ofs_x = 0, .ofs_y = -1},
    {.bitmap_index = 5357, .adv_w = 224, .box_w = 14, .box_h = 13, .ofs_x = 0, .ofs_y = -1},
    {.bitmap_index = 5380, .adv_w = 224, .box_w = 14, .box_h = 13, .ofs_x = 0, .ofs_y = -1},
    {.bitmap_index = 5403, .adv_w = 224, .box_w = 13, .box_h = 13, .ofs_x = 0, .ofs_y = -1},
    {.bitmap_index = 5425, .adv_w = 224, .box_w = 13, .box_h = 13, .ofs_x = 0, .ofs_y = -1},
    {.bitmap_index = 5447, .adv_w = 224, .box_w = 14, .box_h = 14, .ofs_x = 0, .ofs_y = -2},
    {.bitmap_index = 5472, .adv_w = 224, .box_w = 14, .box_h = 13, .ofs_x = 0, .ofs_y = -1},
    {.bitmap_index = 5495, .adv_w = 224, .box_w = 13, .box_h = 12, .ofs_x = 0, .ofs_y = -1},
    {.bitmap_index = 5515, .adv_w = 224, .box_w = 13, .box_h = 13, .ofs_x = 0, .ofs_y = -1},
    {.bitmap_index = 5537, .adv_w = 224, .box_w = 13, .box_h = 13, .ofs_x = 1, .ofs_y = -1},
    {.bitmap_index = 5559, .adv_w = 224, .box_w = 14, .box_h = 13, .ofs_x = 0, .ofs_y = -1},
    {.bitmap_index = 5582, .adv_w = 224, .box_w = 13, .box_h = 13, .ofs_x = 1, .ofs_y = -1},
    {.bitmap_index = 5604, .adv_w = 224, .box_w = 14, .box_h = 13, .ofs_x = 0, .ofs_y = -1},
    {.bitmap_index = 5627, .adv_w = 224, .box_w = 13, .box_h = 13, .ofs_x = 0, .ofs_y = -1},
    {.bitmap_index = 5649, .adv_w = 224, .box_w = 14, .box_h = 13, .ofs_x = 0, .ofs_y = -1},
    {.bitmap_index = 5672, .adv_w = 224, .box_w = 13, .box_h = 13, .ofs_x = 0, .ofs_y = -1},
    {.bitmap_index = 5694, .adv_w = 224, .box_w = 14, .box_h = 13, .ofs_x = 0, .ofs_y = -1},
    {.bitmap_index = 5717, .adv_w = 224, .box_w = 14, .box_h = 13, .ofs_x = 0, .ofs_y = -1},
    {.bitmap_index = 5740, .adv_w = 224, .box_w = 14, .box_h = 13, .ofs_x = 0, .ofs_y = -1},
    {.bitmap_index = 5763, .adv_w = 224, .box_w = 13, .box_h = 13, .ofs_x = 0, .ofs_y = -1},
    {.bitmap_index = 5785, .adv_w = 224, .box_w = 13, .box_h = 13, .ofs_x = 0, .ofs_y = -1},
    {.bitmap_index = 5807, .adv_w = 224, .box_w = 14, .box_h = 13, .ofs_x = 0, .ofs_y = -1},
    {.bitmap_index = 5830, .adv_w = 224, .box_w = 13, .box_h = 13, .ofs_x = 1, .ofs_y = -1},
    {.bitmap_index = 5852, .adv_w = 224, .box_w = 13, .box_h = 13, .ofs_x = 1, .ofs_y = -1},
    {.bitmap_index = 5874, .adv_w = 224, .box_w = 12, .box_h = 13, .ofs_x = 1, .ofs_y = -1},
    {.bitmap_index = 5894, .adv_w = 224, .box_w = 13, .box_h = 13, .ofs_x = 1, .ofs_y = -2},
    {.bitmap_index = 5916, .adv_w = 224, .box_w = 13, .box_h = 13, .ofs_x = 0, .ofs_y = -1},
    {.bitmap_index = 5938, .adv_w = 224, .box_w = 14, .box_h = 13, .ofs_x = 0, .ofs_y = -1},
    {.bitmap_index = 5961, .adv_w = 224, .box_w = 12, .box_h = 13, .ofs_x = 1, .ofs_y = -1},
    {.bitmap_index = 5981, .adv_w = 224, .box_w = 13, .box_h = 13, .ofs_x = 0, .ofs_y = -1},
    {.bitmap_index = 6003, .adv_w = 224, .box_w = 13, .box_h = 13, .ofs_x = 0, .ofs_y = -1},
    {.bitmap_index = 6025, .adv_w = 224, .box_w = 14, .box_h = 13, .ofs_x = 0, .ofs_y = -1},
    {.bitmap_index = 6048, .adv_w = 224, .box_w = 13, .box_h = 13, .ofs_x = 0, .ofs_y = -1},
    {.bitmap_index = 6070, .adv_w = 224, .box_w = 13, .box_h = 13, .ofs_x = 0, .ofs_y = -1},
    {.bitmap_index = 6092, .adv_w = 224, .box_w = 14, .box_h = 14, .ofs_x = 0, .ofs_y = -2},
    {.bitmap_index = 6117, .adv_w = 224, .box_w = 14, .box_h = 13, .ofs_x = 0, .ofs_y = -1},
    {.bitmap_index = 6140, .adv_w = 224, .box_w = 13, .box_h = 14, .ofs_x = 0, .ofs_y = -1},
    {.bitmap_index = 6163, .adv_w = 224, .box_w = 13, .box_h = 12, .ofs_x = 1, .ofs_y = -1},
    {.bitmap_index = 6183, .adv_w = 224, .box_w = 14, .box_h = 14, .ofs_x = 0, .ofs_y = -2},
    {.bitmap_index = 6208, .adv_w = 224, .box_w = 13, .box_h = 13, .ofs_x = 1, .ofs_y = -1},
    {.bitmap_index = 6230, .adv_w = 224, .box_w = 12, .box_h = 12, .ofs_x = 1, .ofs_y = 0},
    {.bitmap_index = 6248, .adv_w = 224, .box_w = 14, .box_h = 14, .ofs_x = 0, .ofs_y = -2},
    {.bitmap_index = 6273, .adv_w = 224, .box_w = 13, .box_h = 14, .ofs_x = 0, .ofs_y = -2},
    {.bitmap_index = 6296, .adv_w = 224, .box_w = 13, .box_h = 13, .ofs_x = 1, .ofs_y = -2},
    {.bitmap_index = 6318, .adv_w = 224, .box_w = 13, .box_h = 14, .ofs_x = 0, .ofs_y = -2},
    {.bitmap_index = 6341, .adv_w = 224, .box_w = 14, .box_h = 14, .ofs_x = 1, .ofs_y = -2},
    {.bitmap_index = 6366, .adv_w = 224, .box_w = 14, .box_h = 14, .ofs_x = 0, .ofs_y = -2},
    {.bitmap_index = 6391, .adv_w = 224, .box_w = 15, .box_h = 14, .ofs_x = 0, .ofs_y = -2},
    {.bitmap_index = 6418, .adv_w = 224, .box_w = 13, .box_h = 13, .ofs_x = 0, .ofs_y = -1},
    {.bitmap_index = 6440, .adv_w = 224, .box_w = 14, .box_h = 13, .ofs_x = 0, .ofs_y = -1},
    {.bitmap_index = 6463, .adv_w = 224, .box_w = 13, .box_h = 13, .ofs_x = 0, .ofs_y = -1},
    {.bitmap_index = 6485, .adv_w = 224, .box_w = 13, .box_h = 14, .ofs_x = 1, .ofs_y = -2},
    {.bitmap_index = 6508, .adv_w = 224, .box_w = 12, .box_h = 13, .ofs_x = 2, .ofs_y = -1},
    {.bitmap_index = 6528, .adv_w = 224, .box_w = 12, .box_h = 13, .ofs_x = 2, .ofs_y = -1},
    {.bitmap_index = 6548, .adv_w = 224, .box_w = 14, .box_h = 14, .ofs_x = 0, .ofs_y = -2},
    {.bitmap_index = 6573, .adv_w = 224, .box_w = 13, .box_h = 13, .ofs_x = 0, .ofs_y = -1},
    {.bitmap_index = 6595, .adv_w = 224, .box_w = 11, .box_h = 13, .ofs_x = 2, .ofs_y = -1},
    {.bitmap_index = 6613, .adv_w = 224, .box_w = 13, .box_h = 13, .ofs_x = 0, .ofs_y = -1},
    {.bitmap_index = 6635, .adv_w = 224, .box_w = 13, .box_h = 12, .ofs_x = 0, .ofs_y = -1},
    {.bitmap_index = 6655, .adv_w = 224, .box_w = 12, .box_h = 13, .ofs_x = 1, .ofs_y = -1},
    {.bitmap_index = 6675, .adv_w = 224, .box_w = 13, .box_h = 12, .ofs_x = 1, .ofs_y = -1},
    {.bitmap_index = 6695, .adv_w = 224, .box_w = 13, .box_h = 14, .ofs_x = 0, .ofs_y = -2},
    {.bitmap_index = 6718, .adv_w = 224, .box_w = 13, .box_h = 12, .ofs_x = 0, .ofs_y = -1},
    {.bitmap_index = 6738, .adv_w = 224, .box_w = 12, .box_h = 12, .ofs_x = 1, .ofs_y = -1},
    {.bitmap_index = 6756, .adv_w = 224, .box_w = 13, .box_h = 13, .ofs_x = 1, .ofs_y = -1},
    {.bitmap_index = 6778, .adv_w = 224, .box_w = 13, .box_h = 13, .ofs_x = 1, .ofs_y = -1},
    {.bitmap_index = 6800, .adv_w = 224, .box_w = 13, .box_h = 13, .ofs_x = 1, .ofs_y = -1},
    {.bitmap_index = 6822, .adv_w = 224, .box_w = 13, .box_h = 13, .ofs_x = 1, .ofs_y = -1},
    {.bitmap_index = 6844, .adv_w = 224, .box_w = 13, .box_h = 14, .ofs_x = 1, .ofs_y = -2},
    {.bitmap_index = 6867, .adv_w = 224, .box_w = 13, .box_h = 13, .ofs_x = 1, .ofs_y = -1},
    {.bitmap_index = 6889, .adv_w = 224, .box_w = 14, .box_h = 13, .ofs_x = 1, .ofs_y = -1},
    {.bitmap_index = 6912, .adv_w = 224, .box_w = 13, .box_h = 14, .ofs_x = 0, .ofs_y = -2},
    {.bitmap_index = 6935, .adv_w = 224, .box_w = 13, .box_h = 13, .ofs_x = 1, .ofs_y = -1},
    {.bitmap_index = 6957, .adv_w = 224, .box_w = 13, .box_h = 13, .ofs_x = 0, .ofs_y = -1},
    {.bitmap_index = 6979, .adv_w = 224, .box_w = 13, .box_h = 13, .ofs_x = 1, .ofs_y = -1},
    {.bitmap_index = 7001, .adv_w = 224, .box_w = 13, .box_h = 13, .ofs_x = 1, .ofs_y = -1},
    {.bitmap_index = 7023, .adv_w = 224, .box_w = 14, .box_h = 13, .ofs_x = 0, .ofs_y = -1},
    {.bitmap_index = 7046, .adv_w = 224, .box_w = 13, .box_h = 13, .ofs_x = 1, .ofs_y = -1},
    {.bitmap_index = 7068, .adv_w = 224, .box_w = 13, .box_h = 13, .ofs_x = 1, .ofs_y = -1},
    {.bitmap_index = 7090, .adv_w = 224, .box_w = 13, .box_h = 14, .ofs_x = 1, .ofs_y = -2},
    {.bitmap_index = 7113, .adv_w = 224, .box_w = 13, .box_h = 13, .ofs_x = 1, .ofs_y = -1},
    {.bitmap_index = 7135, .adv_w = 224, .box_w = 13, .box_h = 13, .ofs_x = 1, .ofs_y = -1},
    {.bitmap_index = 7157, .adv_w = 224, .box_w = 13, .box_h = 14, .ofs_x = 0, .ofs_y = -2},
    {.bitmap_index = 7180, .adv_w = 224, .box_w = 14, .box_h = 13, .ofs_x = 0, .ofs_y = -1},
    {.bitmap_index = 7203, .adv_w = 224, .box_w = 14, .box_h = 14, .ofs_x = 0, .ofs_y = -2},
    {.bitmap_index = 7228, .adv_w = 224, .box_w = 13, .box_h = 13, .ofs_x = 0, .ofs_y = -1},
    {.bitmap_index = 7250, .adv_w = 224, .box_w = 12, .box_h = 13, .ofs_x = 1, .ofs_y = -1},
    {.bitmap_index = 7270, .adv_w = 224, .box_w = 13, .box_h = 13, .ofs_x = 1, .ofs_y = -1},
    {.bitmap_index = 7292, .adv_w = 224, .box_w = 14, .box_h = 14, .ofs_x = 0, .ofs_y = -2},
    {.bitmap_index = 7317, .adv_w = 224, .box_w = 13, .box_h = 13, .ofs_x = 0, .ofs_y = -1},
    {.bitmap_index = 7339, .adv_w = 224, .box_w = 13, .box_h = 13, .ofs_x = 0, .ofs_y = -1},
    {.bitmap_index = 7361, .adv_w = 224, .box_w = 12, .box_h = 12, .ofs_x = 1, .ofs_y = -1},
    {.bitmap_index = 7379, .adv_w = 224, .box_w = 12, .box_h = 13, .ofs_x = 1, .ofs_y = -1},
    {.bitmap_index = 7399, .adv_w = 224, .box_w = 11, .box_h = 13, .ofs_x = 2, .ofs_y = -1},
    {.bitmap_index = 7417, .adv_w = 224, .box_w = 13, .box_h = 13, .ofs_x = 0, .ofs_y = -1},
    {.bitmap_index = 7439, .adv_w = 224, .box_w = 13, .box_h = 13, .ofs_x = 0, .ofs_y = -1},
    {.bitmap_index = 7461, .adv_w = 224, .box_w = 12, .box_h = 13, .ofs_x = 1, .ofs_y = -1},
    {.bitmap_index = 7481, .adv_w = 224, .box_w = 12, .box_h = 12, .ofs_x = 1, .ofs_y = -1},
    {.bitmap_index = 7499, .adv_w = 224, .box_w = 12, .box_h = 12, .ofs_x = 1, .ofs_y = -1},
    {.bitmap_index = 7517, .adv_w = 224, .box_w = 13, .box_h = 12, .ofs_x = 0, .ofs_y = -1},
    {.bitmap_index = 7537, .adv_w = 224, .box_w = 13, .box_h = 13, .ofs_x = 1, .ofs_y = -1},
    {.bitmap_index = 7559, .adv_w = 224, .box_w = 13, .box_h = 13, .ofs_x = 0, .ofs_y = -1},
    {.bitmap_index = 7581, .adv_w = 224, .box_w = 13, .box_h = 13, .ofs_x = 1, .ofs_y = -1},
    {.bitmap_index = 7603, .adv_w = 224, .box_w = 13, .box_h = 13, .ofs_x = 0, .ofs_y = -1},
    {.bitmap_index = 7625, .adv_w = 224, .box_w = 13, .box_h = 13, .ofs_x = 1, .ofs_y = -1},
    {.bitmap_index = 7647, .adv_w = 224, .box_w = 14, .box_h = 14, .ofs_x = 0, .ofs_y = -2},
    {.bitmap_index = 7672, .adv_w = 224, .box_w = 14, .box_h = 13, .ofs_x = 0, .ofs_y = -1},
    {.bitmap_index = 7695, .adv_w = 224, .box_w = 13, .box_h = 13, .ofs_x = 0, .ofs_y = -1},
    {.bitmap_index = 7717, .adv_w = 224, .box_w = 13, .box_h = 13, .ofs_x = 1, .ofs_y = -1},
    {.bitmap_index = 7739, .adv_w = 224, .box_w = 14, .box_h = 14, .ofs_x = 0, .ofs_y = -2},
    {.bitmap_index = 7764, .adv_w = 224, .box_w = 14, .box_h = 13, .ofs_x = 0, .ofs_y = -1},
    {.bitmap_index = 7787, .adv_w = 224, .box_w = 13, .box_h = 13, .ofs_x = 1, .ofs_y = -1},
    {.bitmap_index = 7809, .adv_w = 224, .box_w = 13, .box_h = 14, .ofs_x = 1, .ofs_y = -2},
    {.bitmap_index = 7832, .adv_w = 224, .box_w = 13, .box_h = 13, .ofs_x = 1, .ofs_y = -1},
    {.bitmap_index = 7854, .adv_w = 224, .box_w = 14, .box_h = 13, .ofs_x = 0, .ofs_y = -1},
    {.bitmap_index = 7877, .adv_w = 224, .box_w = 13, .box_h = 13, .ofs_x = 1, .ofs_y = -1},
    {.bitmap_index = 7899, .adv_w = 224, .box_w = 13, .box_h = 13, .ofs_x = 0, .ofs_y = -1},
    {.bitmap_index = 7921, .adv_w = 224, .box_w = 13, .box_h = 14, .ofs_x = 1, .ofs_y = -2},
    {.bitmap_index = 7944, .adv_w = 224, .box_w = 14, .box_h = 13, .ofs_x = 0, .ofs_y = -1},
    {.bitmap_index = 7967, .adv_w = 224, .box_w = 13, .box_h = 13, .ofs_x = 0, .ofs_y = -1},
    {.bitmap_index = 7989, .adv_w = 224, .box_w = 13, .box_h = 13, .ofs_x = 0, .ofs_y = -1},
    {.bitmap_index = 8011, .adv_w = 224, .box_w = 14, .box_h = 13, .ofs_x = 0, .ofs_y = -1},
    {.bitmap_index = 8034, .adv_w = 224, .box_w = 13, .box_h = 13, .ofs_x = 0, .ofs_y = -1},
    {.bitmap_index = 8056, .adv_w = 224, .box_w = 14, .box_h = 14, .ofs_x = 0, .ofs_y = -2},
    {.bitmap_index = 8081, .adv_w = 224, .box_w = 14, .box_h = 14, .ofs_x = 0, .ofs_y = -2},
    {.bitmap_index = 8106, .adv_w = 224, .box_w = 13, .box_h = 13, .ofs_x = 1, .ofs_y = -1},
    {.bitmap_index = 8128, .adv_w = 224, .box_w = 14, .box_h = 13, .ofs_x = 0, .ofs_y = -1},
    {.bitmap_index = 8151, .adv_w = 224, .box_w = 12, .box_h = 13, .ofs_x = 1, .ofs_y = -1},
    {.bitmap_index = 8171, .adv_w = 224, .box_w = 12, .box_h = 13, .ofs_x = 1, .ofs_y = -1},
    {.bitmap_index = 8191, .adv_w = 224, .box_w = 14, .box_h = 14, .ofs_x = 0, .ofs_y = -2},
    {.bitmap_index = 8216, .adv_w = 224, .box_w = 14, .box_h = 13, .ofs_x = 0, .ofs_y = -1},
    {.bitmap_index = 8239, .adv_w = 224, .box_w = 13, .box_h = 13, .ofs_x = 1, .ofs_y = -1},
    {.bitmap_index = 8261, .adv_w = 224, .box_w = 14, .box_h = 13, .ofs_x = 0, .ofs_y = -1},
    {.bitmap_index = 8284, .adv_w = 224, .box_w = 13, .box_h = 13, .ofs_x = 0, .ofs_y = -1},
    {.bitmap_index = 8306, .adv_w = 224, .box_w = 14, .box_h = 13, .ofs_x = 0, .ofs_y = -1},
    {.bitmap_index = 8329, .adv_w = 224, .box_w = 12, .box_h = 13, .ofs_x = 1, .ofs_y = -1},
    {.bitmap_index = 8349, .adv_w = 224, .box_w = 14, .box_h = 13, .ofs_x = 0, .ofs_y = -1},
    {.bitmap_index = 8372, .adv_w = 224, .box_w = 13, .box_h = 13, .ofs_x = 1, .ofs_y = -1},
    {.bitmap_index = 8394, .adv_w = 224, .box_w = 13, .box_h = 13, .ofs_x = 1, .ofs_y = -1},
    {.bitmap_index = 8416, .adv_w = 224, .box_w = 13, .box_h = 13, .ofs_x = 1, .ofs_y = -1},
    {.bitmap_index = 8438, .adv_w = 224, .box_w = 12, .box_h = 13, .ofs_x = 1, .ofs_y = -1},
    {.bitmap_index = 8458, .adv_w = 224, .box_w = 13, .box_h = 13, .ofs_x = 1, .ofs_y = -1},
    {.bitmap_index = 8480, .adv_w = 224, .box_w = 14, .box_h = 13, .ofs_x = 0, .ofs_y = -1},
    {.bitmap_index = 8503, .adv_w = 224, .box_w = 13, .box_h = 13, .ofs_x = 1, .ofs_y = -1},
    {.bitmap_index = 8525, .adv_w = 224, .box_w = 14, .box_h = 13, .ofs_x = 0, .ofs_y = -1},
    {.bitmap_index = 8548, .adv_w = 224, .box_w = 13, .box_h = 13, .ofs_x = 1, .ofs_y = -1},
    {.bitmap_index = 8570, .adv_w = 224, .box_w = 13, .box_h = 13, .ofs_x = 1, .ofs_y = -1},
    {.bitmap_index = 8592, .adv_w = 224, .box_w = 13, .box_h = 13, .ofs_x = 1, .ofs_y = -1},
    {.bitmap_index = 8614, .adv_w = 224, .box_w = 13, .box_h = 13, .ofs_x = 1, .ofs_y = -1},
    {.bitmap_index = 8636, .adv_w = 224, .box_w = 13, .box_h = 13, .ofs_x = 1, .ofs_y = -1},
    {.bitmap_index = 8658, .adv_w = 224, .box_w = 13, .box_h = 13, .ofs_x = 0, .ofs_y = -1},
    {.bitmap_index = 8680, .adv_w = 224, .box_w = 13, .box_h = 13, .ofs_x = 0, .ofs_y = -1},
    {.bitmap_index = 8702, .adv_w = 224, .box_w = 13, .box_h = 13, .ofs_x = 1, .ofs_y = -1},
    {.bitmap_index = 8724, .adv_w = 224, .box_w = 13, .box_h = 13, .ofs_x = 0, .ofs_y = -1},
    {.bitmap_index = 8746, .adv_w = 224, .box_w = 13, .box_h = 13, .ofs_x = 0, .ofs_y = -1},
    {.bitmap_index = 8768, .adv_w = 224, .box_w = 13, .box_h = 13, .ofs_x = 1, .ofs_y = -1},
    {.bitmap_index = 8790, .adv_w = 224, .box_w = 12, .box_h = 13, .ofs_x = 0, .ofs_y = -1},
    {.bitmap_index = 8810, .adv_w = 224, .box_w = 13, .box_h = 13, .ofs_x = 0, .ofs_y = -1},
    {.bitmap_index = 8832, .adv_w = 224, .box_w = 14, .box_h = 13, .ofs_x = 0, .ofs_y = -1},
    {.bitmap_index = 8855, .adv_w = 224, .box_w = 14, .box_h = 13, .ofs_x = 0, .ofs_y = -1},
    {.bitmap_index = 8878, .adv_w = 224, .box_w = 13, .box_h = 13, .ofs_x = 0, .ofs_y = -1},
    {.bitmap_index = 8900, .adv_w = 224, .box_w = 14, .box_h = 13, .ofs_x = 0, .ofs_y = -1},
    {.bitmap_index = 8923, .adv_w = 224, .box_w = 14, .box_h = 13, .ofs_x = 0, .ofs_y = -1},
    {.bitmap_index = 8946, .adv_w = 224, .box_w = 13, .box_h = 13, .ofs_x = 1, .ofs_y = -1},
    {.bitmap_index = 8968, .adv_w = 224, .box_w = 13, .box_h = 13, .ofs_x = 1, .ofs_y = -1},
    {.bitmap_index = 8990, .adv_w = 224, .box_w = 13, .box_h = 13, .ofs_x = 1, .ofs_y = -1},
    {.bitmap_index = 9012, .adv_w = 224, .box_w = 13, .box_h = 13, .ofs_x = 0, .ofs_y = -1},
    {.bitmap_index = 9034, .adv_w = 224, .box_w = 13, .box_h = 13, .ofs_x = 1, .ofs_y = -1},
    {.bitmap_index = 9056, .adv_w = 224, .box_w = 13, .box_h = 14, .ofs_x = 1, .ofs_y = -1},
    {.bitmap_index = 9079, .adv_w = 224, .box_w = 13, .box_h = 13, .ofs_x = 1, .ofs_y = -1},
    {.bitmap_index = 9101, .adv_w = 224, .box_w = 10, .box_h = 12, .ofs_x = 3, .ofs_y = -1},
    {.bitmap_index = 9116, .adv_w = 224, .box_w = 13, .box_h = 13, .ofs_x = 1, .ofs_y = -1},
    {.bitmap_index = 9138, .adv_w = 224, .box_w = 13, .box_h = 13, .ofs_x = 1, .ofs_y = -1},
    {.bitmap_index = 9160, .adv_w = 224, .box_w = 13, .box_h = 13, .ofs_x = 1, .ofs_y = -1},
    {.bitmap_index = 9182, .adv_w = 224, .box_w = 12, .box_h = 14, .ofs_x = 1, .ofs_y = -2},
    {.bitmap_index = 9203, .adv_w = 224, .box_w = 12, .box_h = 14, .ofs_x = 1, .ofs_y = -2},
    {.bitmap_index = 9224, .adv_w = 224, .box_w = 12, .box_h = 14, .ofs_x = 1, .ofs_y = -2},
    {.bitmap_index = 9245, .adv_w = 224, .box_w = 12, .box_h = 14, .ofs_x = 1, .ofs_y = -2},
    {.bitmap_index = 9266, .adv_w = 224, .box_w = 12, .box_h = 14, .ofs_x = 1, .ofs_y = -2},
    {.bitmap_index = 9287, .adv_w = 224, .box_w = 12, .box_h = 14, .ofs_x = 1, .ofs_y = -2},
    {.bitmap_index = 9308, .adv_w = 224, .box_w = 12, .box_h = 14, .ofs_x = 1, .ofs_y = -2},
    {.bitmap_index = 9329, .adv_w = 224, .box_w = 12, .box_h = 14, .ofs_x = 1, .ofs_y = -2},
    {.bitmap_index = 9350, .adv_w = 224, .box_w = 13, .box_h = 13, .ofs_x = 0, .ofs_y = -1},
    {.bitmap_index = 9372, .adv_w = 224, .box_w = 13, .box_h = 12, .ofs_x = 1, .ofs_y = -1},
    {.bitmap_index = 9392, .adv_w = 224, .box_w = 14, .box_h = 13, .ofs_x = 0, .ofs_y = -1},
    {.bitmap_index = 9415, .adv_w = 224, .box_w = 13, .box_h = 13, .ofs_x = 1, .ofs_y = -1},
    {.bitmap_index = 9437, .adv_w = 224, .box_w = 13, .box_h = 13, .ofs_x = 0, .ofs_y = -1},
    {.bitmap_index = 9459, .adv_w = 224, .box_w = 14, .box_h = 13, .ofs_x = 0, .ofs_y = -1},
    {.bitmap_index = 9482, .adv_w = 224, .box_w = 14, .box_h = 13, .ofs_x = 0, .ofs_y = -1},
    {.bitmap_index = 9505, .adv_w = 224, .box_w = 13, .box_h = 13, .ofs_x = 0, .ofs_y = -1},
    {.bitmap_index = 9527, .adv_w = 224, .box_w = 13, .box_h = 13, .ofs_x = 0, .ofs_y = -1},
    {.bitmap_index = 9549, .adv_w = 224, .box_w = 13, .box_h = 13, .ofs_x = 1, .ofs_y = -1},
    {.bitmap_index = 9571, .adv_w = 224, .box_w = 13, .box_h = 13, .ofs_x = 0, .ofs_y = -1},
    {.bitmap_index = 9593, .adv_w = 224, .box_w = 13, .box_h = 14, .ofs_x = 0, .ofs_y = -2},
    {.bitmap_index = 9616, .adv_w = 224, .box_w = 12, .box_h = 13, .ofs_x = 1, .ofs_y = -1},
    {.bitmap_index = 9636, .adv_w = 224, .box_w = 13, .box_h = 13, .ofs_x = 0, .ofs_y = -1},
    {.bitmap_index = 9658, .adv_w = 224, .box_w = 8, .box_h = 13, .ofs_x = 6, .ofs_y = -1},
    {.bitmap_index = 9671, .adv_w = 224, .box_w = 11, .box_h = 13, .ofs_x = 2, .ofs_y = -1},
    {.bitmap_index = 9689, .adv_w = 224, .box_w = 13, .box_h = 13, .ofs_x = 0, .ofs_y = -1},
    {.bitmap_index = 9711, .adv_w = 224, .box_w = 12, .box_h = 13, .ofs_x = 0, .ofs_y = -1},
    {.bitmap_index = 9731, .adv_w = 224, .box_w = 11, .box_h = 13, .ofs_x = 2, .ofs_y = -1},
    {.bitmap_index = 9749, .adv_w = 224, .box_w = 13, .box_h = 13, .ofs_x = 1, .ofs_y = -1},
    {.bitmap_index = 9771, .adv_w = 224, .box_w = 13, .box_h = 13, .ofs_x = 1, .ofs_y = -1},
    {.bitmap_index = 9793, .adv_w = 224, .box_w = 13, .box_h = 12, .ofs_x = 1, .ofs_y = 0},
    {.bitmap_index = 9813, .adv_w = 224, .box_w = 12, .box_h = 13, .ofs_x = 1, .ofs_y = -1},
    {.bitmap_index = 9833, .adv_w = 224, .box_w = 12, .box_h = 13, .ofs_x = 1, .ofs_y = -1},
    {.bitmap_index = 9853, .adv_w = 224, .box_w = 12, .box_h = 13, .ofs_x = 2, .ofs_y = -1},
    {.bitmap_index = 9873, .adv_w = 224, .box_w = 13, .box_h = 13, .ofs_x = 1, .ofs_y = -1},
    {.bitmap_index = 9895, .adv_w = 224, .box_w = 12, .box_h = 13, .ofs_x = 2, .ofs_y = -1},
    {.bitmap_index = 9915, .adv_w = 224, .box_w = 13, .box_h = 13, .ofs_x = 1, .ofs_y = -1},
    {.bitmap_index = 9937, .adv_w = 224, .box_w = 13, .box_h = 13, .ofs_x = 1, .ofs_y = -1},
    {.bitmap_index = 9959, .adv_w = 224, .box_w = 14, .box_h = 13, .ofs_x = 0, .ofs_y = -1},
    {.bitmap_index = 9982, .adv_w = 224, .box_w = 12, .box_h = 13, .ofs_x = 1, .ofs_y = -1},
    {.bitmap_index = 10002, .adv_w = 224, .box_w = 14, .box_h = 13, .ofs_x = 0, .ofs_y = -1},
    {.bitmap_index = 10025, .adv_w = 224, .box_w = 13, .box_h = 13, .ofs_x = 0, .ofs_y = -1},
    {.bitmap_index = 10047, .adv_w = 224, .box_w = 13, .box_h = 13, .ofs_x = 1, .ofs_y = -1},
    {.bitmap_index = 10069, .adv_w = 224, .box_w = 13, .box_h = 13, .ofs_x = 0, .ofs_y = -1},
    {.bitmap_index = 10091, .adv_w = 224, .box_w = 12, .box_h = 13, .ofs_x = 1, .ofs_y = -1},
    {.bitmap_index = 10111, .adv_w = 224, .box_w = 13, .box_h = 14, .ofs_x = 0, .ofs_y = -2},
    {.bitmap_index = 10134, .adv_w = 224, .box_w = 13, .box_h = 13, .ofs_x = 1, .ofs_y = -1},
    {.bitmap_index = 10156, .adv_w = 224, .box_w = 14, .box_h = 13, .ofs_x = 0, .ofs_y = -1},
    {.bitmap_index = 10179, .adv_w = 224, .box_w = 13, .box_h = 14, .ofs_x = 1, .ofs_y = -2},
    {.bitmap_index = 10202, .adv_w = 224, .box_w = 13, .box_h = 13, .ofs_x = 0, .ofs_y = -1},
    {.bitmap_index = 10224, .adv_w = 224, .box_w = 13, .box_h = 13, .ofs_x = 1, .ofs_y = -1},
    {.bitmap_index = 10246, .adv_w = 224, .box_w = 13, .box_h = 13, .ofs_x = 1, .ofs_y = -1},
    {.bitmap_index = 10268, .adv_w = 224, .box_w = 13, .box_h = 14, .ofs_x = 0, .ofs_y = -2},
    {.bitmap_index = 10291, .adv_w = 224, .box_w = 12, .box_h = 14, .ofs_x = 1, .ofs_y = -2},
    {.bitmap_index = 10312, .adv_w = 224, .box_w = 14, .box_h = 13, .ofs_x = 0, .ofs_y = -1},
    {.bitmap_index = 10335, .adv_w = 224, .box_w = 13, .box_h = 13, .ofs_x = 1, .ofs_y = -2},
    {.bitmap_index = 10357, .adv_w = 224, .box_w = 13, .box_h = 13, .ofs_x = 1, .ofs_y = -1},
    {.bitmap_index = 10379, .adv_w = 224, .box_w = 14, .box_h = 13, .ofs_x = 0, .ofs_y = -1},
    {.bitmap_index = 10402, .adv_w = 224, .box_w = 13, .box_h = 13, .ofs_x = 1, .ofs_y = -1},
    {.bitmap_index = 10424, .adv_w = 224, .box_w = 14, .box_h = 13, .ofs_x = 0, .ofs_y = -1},
    {.bitmap_index = 10447, .adv_w = 224, .box_w = 13, .box_h = 13, .ofs_x = 1, .ofs_y = -1},
    {.bitmap_index = 10469, .adv_w = 224, .box_w = 13, .box_h = 14, .ofs_x = 0, .ofs_y = -2},
    {.bitmap_index = 10492, .adv_w = 224, .box_w = 13, .box_h = 14, .ofs_x = 1, .ofs_y = -2},
    {.bitmap_index = 10515, .adv_w = 224, .box_w = 13, .box_h = 13, .ofs_x = 0, .ofs_y = -1},
    {.bitmap_index = 10537, .adv_w = 224, .box_w = 13, .box_h = 14, .ofs_x = 1, .ofs_y = -2},
    {.bitmap_index = 10560, .adv_w = 224, .box_w = 14, .box_h = 14, .ofs_x = 0, .ofs_y = -2},
    {.bitmap_index = 10585, .adv_w = 224, .box_w = 13, .box_h = 14, .ofs_x = 1, .ofs_y = -1},
    {.bitmap_index = 10608, .adv_w = 224, .box_w = 14, .box_h = 14, .ofs_x = 0, .ofs_y = -2},
    {.bitmap_index = 10633, .adv_w = 224, .box_w = 13, .box_h = 13, .ofs_x = 1, .ofs_y = -1},
    {.bitmap_index = 10655, .adv_w = 224, .box_w = 11, .box_h = 12, .ofs_x = 2, .ofs_y = -1},
    {.bitmap_index = 10672, .adv_w = 224, .box_w = 13, .box_h = 13, .ofs_x = 1, .ofs_y = -1},
    {.bitmap_index = 10694, .adv_w = 224, .box_w = 13, .box_h = 13, .ofs_x = 0, .ofs_y = -1},
    {.bitmap_index = 10716, .adv_w = 224, .box_w = 12, .box_h = 13, .ofs_x = 1, .ofs_y = -1},
    {.bitmap_index = 10736, .adv_w = 224, .box_w = 13, .box_h = 12, .ofs_x = 1, .ofs_y = -1},
    {.bitmap_index = 10756, .adv_w = 224, .box_w = 13, .box_h = 14, .ofs_x = 1, .ofs_y = -2},
    {.bitmap_index = 10779, .adv_w = 224, .box_w = 12, .box_h = 13, .ofs_x = 1, .ofs_y = -1},
    {.bitmap_index = 10799, .adv_w = 224, .box_w = 12, .box_h = 13, .ofs_x = 1, .ofs_y = -1},
    {.bitmap_index = 10819, .adv_w = 224, .box_w = 13, .box_h = 13, .ofs_x = 1, .ofs_y = -2},
    {.bitmap_index = 10841, .adv_w = 224, .box_w = 12, .box_h = 13, .ofs_x = 1, .ofs_y = -2},
    {.bitmap_index = 10861, .adv_w = 224, .box_w = 13, .box_h = 13, .ofs_x = 0, .ofs_y = -1},
    {.bitmap_index = 10883, .adv_w = 224, .box_w = 11, .box_h = 13, .ofs_x = 2, .ofs_y = -1},
    {.bitmap_index = 10901, .adv_w = 224, .box_w = 11, .box_h = 13, .ofs_x = 1, .ofs_y = -1},
    {.bitmap_index = 10919, .adv_w = 224, .box_w = 13, .box_h = 13, .ofs_x = 1, .ofs_y = -1},
    {.bitmap_index = 10941, .adv_w = 224, .box_w = 13, .box_h = 13, .ofs_x = 1, .ofs_y = -1},
    {.bitmap_index = 10963, .adv_w = 224, .box_w = 12, .box_h = 13, .ofs_x = 1, .ofs_y = -1},
    {.bitmap_index = 10983, .adv_w = 224, .box_w = 12, .box_h = 13, .ofs_x = 1, .ofs_y = -1},
    {.bitmap_index = 11003, .adv_w = 224, .box_w = 13, .box_h = 13, .ofs_x = 1, .ofs_y = -2},
    {.bitmap_index = 11025, .adv_w = 224, .box_w = 12, .box_h = 12, .ofs_x = 1, .ofs_y = -1},
    {.bitmap_index = 11043, .adv_w = 224, .box_w = 12, .box_h = 14, .ofs_x = 1, .ofs_y = -2},
    {.bitmap_index = 11064, .adv_w = 224, .box_w = 13, .box_h = 13, .ofs_x = 1, .ofs_y = -1},
    {.bitmap_index = 11086, .adv_w = 224, .box_w = 13, .box_h = 13, .ofs_x = 1, .ofs_y = -1},
    {.bitmap_index = 11108, .adv_w = 224, .box_w = 13, .box_h = 13, .ofs_x = 0, .ofs_y = -1},
    {.bitmap_index = 11130, .adv_w = 224, .box_w = 13, .box_h = 14, .ofs_x = 1, .ofs_y = -2},
    {.bitmap_index = 11153, .adv_w = 224, .box_w = 14, .box_h = 13, .ofs_x = 0, .ofs_y = -1},
    {.bitmap_index = 11176, .adv_w = 224, .box_w = 12, .box_h = 13, .ofs_x = 1, .ofs_y = -1},
    {.bitmap_index = 11196, .adv_w = 224, .box_w = 11, .box_h = 13, .ofs_x = 2, .ofs_y = -1},
    {.bitmap_index = 11214, .adv_w = 224, .box_w = 12, .box_h = 13, .ofs_x = 2, .ofs_y = -1},
    {.bitmap_index = 11234, .adv_w = 224, .box_w = 13, .box_h = 13, .ofs_x = 0, .ofs_y = -1},
    {.bitmap_index = 11256, .adv_w = 224, .box_w = 13, .box_h = 13, .ofs_x = 0, .ofs_y = -1},
    {.bitmap_index = 11278, .adv_w = 224, .box_w = 13, .box_h = 14, .ofs_x = 0, .ofs_y = -2},
    {.bitmap_index = 11301, .adv_w = 224, .box_w = 12, .box_h = 13, .ofs_x = 1, .ofs_y = -1},
    {.bitmap_index = 11321, .adv_w = 224, .box_w = 12, .box_h = 13, .ofs_x = 1, .ofs_y = -1},
    {.bitmap_index = 11341, .adv_w = 224, .box_w = 13, .box_h = 13, .ofs_x = 1, .ofs_y = -1},
    {.bitmap_index = 11363, .adv_w = 224, .box_w = 13, .box_h = 13, .ofs_x = 1, .ofs_y = -1},
    {.bitmap_index = 11385, .adv_w = 224, .box_w = 10, .box_h = 13, .ofs_x = 2, .ofs_y = -1},
    {.bitmap_index = 11402, .adv_w = 224, .box_w = 13, .box_h = 13, .ofs_x = 1, .ofs_y = -1},
    {.bitmap_index = 11424, .adv_w = 224, .box_w = 12, .box_h = 13, .ofs_x = 1, .ofs_y = -1},
    {.bitmap_index = 11444, .adv_w = 224, .box_w = 13, .box_h = 13, .ofs_x = 0, .ofs_y = -1},
    {.bitmap_index = 11466, .adv_w = 224, .box_w = 14, .box_h = 13, .ofs_x = 0, .ofs_y = -1},
    {.bitmap_index = 11489, .adv_w = 224, .box_w = 13, .box_h = 13, .ofs_x = 1, .ofs_y = -1},
    {.bitmap_index = 11511, .adv_w = 224, .box_w = 13, .box_h = 13, .ofs_x = 1, .ofs_y = -1},
    {.bitmap_index = 11533, .adv_w = 224, .box_w = 13, .box_h = 13, .ofs_x = 1, .ofs_y = -1},
    {.bitmap_index = 11555, .adv_w = 224, .box_w = 13, .box_h = 12, .ofs_x = 1, .ofs_y = -1},
    {.bitmap_index = 11575, .adv_w = 224, .box_w = 13, .box_h = 13, .ofs_x = 1, .ofs_y = -1},
    {.bitmap_index = 11597, .adv_w = 224, .box_w = 13, .box_h = 13, .ofs_x = 1, .ofs_y = -1},
    {.bitmap_index = 11619, .adv_w = 224, .box_w = 12, .box_h = 13, .ofs_x = 1, .ofs_y = -1},
    {.bitmap_index = 11639, .adv_w = 224, .box_w = 13, .box_h = 13, .ofs_x = 1, .ofs_y = -1},
    {.bitmap_index = 11661, .adv_w = 224, .box_w = 13, .box_h = 13, .ofs_x = 1, .ofs_y = -1},
    {.bitmap_index = 11683, .adv_w = 224, .box_w = 13, .box_h = 13, .ofs_x = 1, .ofs_y = -1},
    {.bitmap_index = 11705, .adv_w = 224, .box_w = 13, .box_h = 13, .ofs_x = 1, .ofs_y = -1},
    {.bitmap_index = 11727, .adv_w = 224, .box_w = 12, .box_h = 13, .ofs_x = 1, .ofs_y = -1},
    {.bitmap_index = 11747, .adv_w = 224, .box_w = 13, .box_h = 13, .ofs_x = 1, .ofs_y = -1},
    {.bitmap_index = 11769, .adv_w = 224, .box_w = 13, .box_h = 13, .ofs_x = 1, .ofs_y = -1},
    {.bitmap_index = 11791, .adv_w = 224, .box_w = 13, .box_h = 13, .ofs_x = 1, .ofs_y = -1},
    {.bitmap_index = 11813, .adv_w = 224, .box_w = 13, .box_h = 13, .ofs_x = 1, .ofs_y = -1},
    {.bitmap_index = 11835, .adv_w = 224, .box_w = 13, .box_h = 13, .ofs_x = 1, .ofs_y = -1},
    {.bitmap_index = 11857, .adv_w = 224, .box_w = 13, .box_h = 13, .ofs_x = 1, .ofs_y = -1},
    {.bitmap_index = 11879, .adv_w = 224, .box_w = 13, .box_h = 13, .ofs_x = 1, .ofs_y = -1},
    {.bitmap_index = 11901, .adv_w = 224, .box_w = 13, .box_h = 13, .ofs_x = 1, .ofs_y = -1},
    {.bitmap_index = 11923, .adv_w = 224, .box_w = 13, .box_h = 13, .ofs_x = 1, .ofs_y = -1},
    {.bitmap_index = 11945, .adv_w = 224, .box_w = 13, .box_h = 13, .ofs_x = 1, .ofs_y = -1},
    {.bitmap_index = 11967, .adv_w = 224, .box_w = 13, .box_h = 13, .ofs_x = 1, .ofs_y = -1},
    {.bitmap_index = 11989, .adv_w = 224, .box_w = 13, .box_h = 14, .ofs_x = 1, .ofs_y = -2},
    {.bitmap_index = 12012, .adv_w = 224, .box_w = 15, .box_h = 14, .ofs_x = 0, .ofs_y = -2},
    {.bitmap_index = 12039, .adv_w = 224, .box_w = 13, .box_h = 13, .ofs_x = 1, .ofs_y = -1},
    {.bitmap_index = 12061, .adv_w = 224, .box_w = 13, .box_h = 13, .ofs_x = 1, .ofs_y = -1},
    {.bitmap_index = 12083, .adv_w = 224, .box_w = 13, .box_h = 14, .ofs_x = 1, .ofs_y = -2},
    {.bitmap_index = 12106, .adv_w = 224, .box_w = 13, .box_h = 13, .ofs_x = 0, .ofs_y = -1},
    {.bitmap_index = 12128, .adv_w = 224, .box_w = 12, .box_h = 13, .ofs_x = 1, .ofs_y = -1},
    {.bitmap_index = 12148, .adv_w = 224, .box_w = 12, .box_h = 12, .ofs_x = 1, .ofs_y = -1},
    {.bitmap_index = 12166, .adv_w = 224, .box_w = 13, .box_h = 13, .ofs_x = 1, .ofs_y = -1},
    {.bitmap_index = 12188, .adv_w = 224, .box_w = 13, .box_h = 13, .ofs_x = 1, .ofs_y = -1},
    {.bitmap_index = 12210, .adv_w = 224, .box_w = 14, .box_h = 13, .ofs_x = 0, .ofs_y = -1},
    {.bitmap_index = 12233, .adv_w = 224, .box_w = 12, .box_h = 13, .ofs_x = 1, .ofs_y = -1},
    {.bitmap_index = 12253, .adv_w = 224, .box_w = 13, .box_h = 13, .ofs_x = 0, .ofs_y = -1},
    {.bitmap_index = 12275, .adv_w = 224, .box_w = 13, .box_h = 13, .ofs_x = 1, .ofs_y = -1},
    {.bitmap_index = 12297, .adv_w = 224, .box_w = 13, .box_h = 13, .ofs_x = 1, .ofs_y = -1},
    {.bitmap_index = 12319, .adv_w = 224, .box_w = 12, .box_h = 13, .ofs_x = 1, .ofs_y = -1},
    {.bitmap_index = 12339, .adv_w = 224, .box_w = 12, .box_h = 13, .ofs_x = 1, .ofs_y = -1},
    {.bitmap_index = 12359, .adv_w = 224, .box_w = 12, .box_h = 13, .ofs_x = 1, .ofs_y = -1},
    {.bitmap_index = 12379, .adv_w = 224, .box_w = 13, .box_h = 13, .ofs_x = 1, .ofs_y = -1},
    {.bitmap_index = 12401, .adv_w = 224, .box_w = 13, .box_h = 13, .ofs_x = 1, .ofs_y = -1},
    {.bitmap_index = 12423, .adv_w = 224, .box_w = 12, .box_h = 13, .ofs_x = 1, .ofs_y = -1},
    {.bitmap_index = 12443, .adv_w = 224, .box_w = 13, .box_h = 13, .ofs_x = 1, .ofs_y = -1},
    {.bitmap_index = 12465, .adv_w = 224, .box_w = 13, .box_h = 13, .ofs_x = 1, .ofs_y = -1},
    {.bitmap_index = 12487, .adv_w = 224, .box_w = 12, .box_h = 13, .ofs_x = 1, .ofs_y = -1},
    {.bitmap_index = 12507, .adv_w = 224, .box_w = 14, .box_h = 14, .ofs_x = 1, .ofs_y = -2},
    {.bitmap_index = 12532, .adv_w = 224, .box_w = 13, .box_h = 14, .ofs_x = 1, .ofs_y = -2},
    {.bitmap_index = 12555, .adv_w = 224, .box_w = 13, .box_h = 13, .ofs_x = 1, .ofs_y = -1},
    {.bitmap_index = 12577, .adv_w = 224, .box_w = 13, .box_h = 14, .ofs_x = 1, .ofs_y = -2},
    {.bitmap_index = 12600, .adv_w = 224, .box_w = 13, .box_h = 13, .ofs_x = 1, .ofs_y = -1},
    {.bitmap_index = 12622, .adv_w = 224, .box_w = 13, .box_h = 13, .ofs_x = 1, .ofs_y = -2},
    {.bitmap_index = 12644, .adv_w = 224, .box_w = 13, .box_h = 14, .ofs_x = 1, .ofs_y = -2},
    {.bitmap_index = 12667, .adv_w = 224, .box_w = 13, .box_h = 13, .ofs_x = 1, .ofs_y = -1},
    {.bitmap_index = 12689, .adv_w = 224, .box_w = 13, .box_h = 13, .ofs_x = 1, .ofs_y = -1},
    {.bitmap_index = 12711, .adv_w = 224, .box_w = 13, .box_h = 14, .ofs_x = 1, .ofs_y = -2},
    {.bitmap_index = 12734, .adv_w = 224, .box_w = 12, .box_h = 13, .ofs_x = 1, .ofs_y = -1},
    {.bitmap_index = 12754, .adv_w = 224, .box_w = 12, .box_h = 14, .ofs_x = 1, .ofs_y = -1},
    {.bitmap_index = 12775, .adv_w = 224, .box_w = 13, .box_h = 13, .ofs_x = 1, .ofs_y = -1},
    {.bitmap_index = 12797, .adv_w = 224, .box_w = 13, .box_h = 13, .ofs_x = 1, .ofs_y = -1},
    {.bitmap_index = 12819, .adv_w = 224, .box_w = 13, .box_h = 13, .ofs_x = 1, .ofs_y = -1},
    {.bitmap_index = 12841, .adv_w = 224, .box_w = 13, .box_h = 13, .ofs_x = 1, .ofs_y = -1},
    {.bitmap_index = 12863, .adv_w = 224, .box_w = 12, .box_h = 13, .ofs_x = 1, .ofs_y = -1},
    {.bitmap_index = 12883, .adv_w = 224, .box_w = 13, .box_h = 13, .ofs_x = 1, .ofs_y = -1},
    {.bitmap_index = 12905, .adv_w = 224, .box_w = 13, .box_h = 13, .ofs_x = 1, .ofs_y = -1},
    {.bitmap_index = 12927, .adv_w = 224, .box_w = 13, .box_h = 13, .ofs_x = 1, .ofs_y = -1},
    {.bitmap_index = 12949, .adv_w = 224, .box_w = 13, .box_h = 13, .ofs_x = 1, .ofs_y = -1},
    {.bitmap_index = 12971, .adv_w = 224, .box_w = 12, .box_h = 13, .ofs_x = 1, .ofs_y = -1},
    {.bitmap_index = 12991, .adv_w = 224, .box_w = 12, .box_h = 13, .ofs_x = 1, .ofs_y = -1},
    {.bitmap_index = 13011, .adv_w = 224, .box_w = 13, .box_h = 14, .ofs_x = 1, .ofs_y = -1},
    {.bitmap_index = 13034, .adv_w = 224, .box_w = 13, .box_h = 13, .ofs_x = 0, .ofs_y = -1},
    {.bitmap_index = 13056, .adv_w = 224, .box_w = 13, .box_h = 14, .ofs_x = 1, .ofs_y = -2},
    {.bitmap_index = 13079, .adv_w = 224, .box_w = 13, .box_h = 13, .ofs_x = 0, .ofs_y = -1},
    {.bitmap_index = 13101, .adv_w = 224, .box_w = 12, .box_h = 13, .ofs_x = 1, .ofs_y = -1},
    {.bitmap_index = 13121, .adv_w = 224, .box_w = 13, .box_h = 13, .ofs_x = 1, .ofs_y = -1},
    {.bitmap_index = 13143, .adv_w = 224, .box_w = 13, .box_h = 13, .ofs_x = 1, .ofs_y = -1},
    {.bitmap_index = 13165, .adv_w = 224, .box_w = 12, .box_h = 13, .ofs_x = 1, .ofs_y = -1},
    {.bitmap_index = 13185, .adv_w = 224, .box_w = 13, .box_h = 13, .ofs_x = 1, .ofs_y = -1},
    {.bitmap_index = 13207, .adv_w = 224, .box_w = 13, .box_h = 13, .ofs_x = 1, .ofs_y = -1},
    {.bitmap_index = 13229, .adv_w = 224, .box_w = 12, .box_h = 13, .ofs_x = 1, .ofs_y = -1},
    {.bitmap_index = 13249, .adv_w = 224, .box_w = 12, .box_h = 13, .ofs_x = 1, .ofs_y = -1},
    {.bitmap_index = 13269, .adv_w = 224, .box_w = 12, .box_h = 13, .ofs_x = 1, .ofs_y = -1},
    {.bitmap_index = 13289, .adv_w = 224, .box_w = 12, .box_h = 13, .ofs_x = 1, .ofs_y = -1},
    {.bitmap_index = 13309, .adv_w = 224, .box_w = 12, .box_h = 13, .ofs_x = 1, .ofs_y = -1},
    {.bitmap_index = 13329, .adv_w = 224, .box_w = 13, .box_h = 13, .ofs_x = 1, .ofs_y = -1},
    {.bitmap_index = 13351, .adv_w = 224, .box_w = 12, .box_h = 13, .ofs_x = 1, .ofs_y = -1},
    {.bitmap_index = 13371, .adv_w = 224, .box_w = 13, .box_h = 13, .ofs_x = 1, .ofs_y = -1},
    {.bitmap_index = 13393, .adv_w = 224, .box_w = 12, .box_h = 13, .ofs_x = 1, .ofs_y = -1},
    {.bitmap_index = 13413, .adv_w = 224, .box_w = 13, .box_h = 14, .ofs_x = 1, .ofs_y = -2},
    {.bitmap_index = 13436, .adv_w = 224, .box_w = 13, .box_h = 13, .ofs_x = 1, .ofs_y = -1},
    {.bitmap_index = 13458, .adv_w = 224, .box_w = 12, .box_h = 13, .ofs_x = 1, .ofs_y = -1},
    {.bitmap_index = 13478, .adv_w = 224, .box_w = 13, .box_h = 13, .ofs_x = 1, .ofs_y = -1},
    {.bitmap_index = 13500, .adv_w = 224, .box_w = 12, .box_h = 13, .ofs_x = 1, .ofs_y = -1},
    {.bitmap_index = 13520, .adv_w = 224, .box_w = 12, .box_h = 13, .ofs_x = 1, .ofs_y = -1},
    {.bitmap_index = 13540, .adv_w = 224, .box_w = 13, .box_h = 13, .ofs_x = 1, .ofs_y = -1},
    {.bitmap_index = 13562, .adv_w = 224, .box_w = 12, .box_h = 13, .ofs_x = 1, .ofs_y = -1},
    {.bitmap_index = 13582, .adv_w = 224, .box_w = 12, .box_h = 13, .ofs_x = 1, .ofs_y = -1},
    {.bitmap_index = 13602, .adv_w = 224, .box_w = 13, .box_h = 13, .ofs_x = 1, .ofs_y = -1},
    {.bitmap_index = 13624, .adv_w = 224, .box_w = 12, .box_h = 13, .ofs_x = 1, .ofs_y = -1},
    {.bitmap_index = 13644, .adv_w = 224, .box_w = 13, .box_h = 13, .ofs_x = 1, .ofs_y = -1},
    {.bitmap_index = 13666, .adv_w = 224, .box_w = 13, .box_h = 13, .ofs_x = 1, .ofs_y = -1},
    {.bitmap_index = 13688, .adv_w = 224, .box_w = 13, .box_h = 13, .ofs_x = 1, .ofs_y = -1},
    {.bitmap_index = 13710, .adv_w = 224, .box_w = 12, .box_h = 13, .ofs_x = 1, .ofs_y = -1},
    {.bitmap_index = 13730, .adv_w = 224, .box_w = 13, .box_h = 13, .ofs_x = 1, .ofs_y = -1},
    {.bitmap_index = 13752, .adv_w = 224, .box_w = 12, .box_h = 13, .ofs_x = 1, .ofs_y = -1},
    {.bitmap_index = 13772, .adv_w = 224, .box_w = 12, .box_h = 13, .ofs_x = 1, .ofs_y = -1},
    {.bitmap_index = 13792, .adv_w = 224, .box_w = 12, .box_h = 13, .ofs_x = 1, .ofs_y = -1},
    {.bitmap_index = 13812, .adv_w = 224, .box_w = 13, .box_h = 13, .ofs_x = 1, .ofs_y = -1},
    {.bitmap_index = 13834, .adv_w = 224, .box_w = 13, .box_h = 14, .ofs_x = 1, .ofs_y = -2},
    {.bitmap_index = 13857, .adv_w = 224, .box_w = 13, .box_h = 13, .ofs_x = 1, .ofs_y = -1},
    {.bitmap_index = 13879, .adv_w = 224, .box_w = 13, .box_h = 13, .ofs_x = 1, .ofs_y = -1},
    {.bitmap_index = 13901, .adv_w = 224, .box_w = 12, .box_h = 13, .ofs_x = 1, .ofs_y = -1},
    {.bitmap_index = 13921, .adv_w = 224, .box_w = 13, .box_h = 13, .ofs_x = 1, .ofs_y = -1},
    {.bitmap_index = 13943, .adv_w = 224, .box_w = 13, .box_h = 13, .ofs_x = 0, .ofs_y = -1},
    {.bitmap_index = 13965, .adv_w = 224, .box_w = 13, .box_h = 13, .ofs_x = 1, .ofs_y = -1},
    {.bitmap_index = 13987, .adv_w = 224, .box_w = 13, .box_h = 13, .ofs_x = 1, .ofs_y = -1},
    {.bitmap_index = 14009, .adv_w = 224, .box_w = 12, .box_h = 13, .ofs_x = 1, .ofs_y = -1},
    {.bitmap_index = 14029, .adv_w = 224, .box_w = 12, .box_h = 13, .ofs_x = 1, .ofs_y = -1},
    {.bitmap_index = 14049, .adv_w = 224, .box_w = 13, .box_h = 14, .ofs_x = 1, .ofs_y = -2},
    {.bitmap_index = 14072, .adv_w = 224, .box_w = 13, .box_h = 14, .ofs_x = 1, .ofs_y = -2},
    {.bitmap_index = 14095, .adv_w = 224, .box_w = 14, .box_h = 13, .ofs_x = 0, .ofs_y = -1},
    {.bitmap_index = 14118, .adv_w = 224, .box_w = 13, .box_h = 13, .ofs_x = 1, .ofs_y = -1},
    {.bitmap_index = 14140, .adv_w = 224, .box_w = 13, .box_h = 12, .ofs_x = 1, .ofs_y = -1},
    {.bitmap_index = 14160, .adv_w = 224, .box_w = 13, .box_h = 13, .ofs_x = 1, .ofs_y = -1},
    {.bitmap_index = 14182, .adv_w = 224, .box_w = 13, .box_h = 13, .ofs_x = 0, .ofs_y = -1},
    {.bitmap_index = 14204, .adv_w = 224, .box_w = 12, .box_h = 13, .ofs_x = 1, .ofs_y = -1},
    {.bitmap_index = 14224, .adv_w = 224, .box_w = 12, .box_h = 13, .ofs_x = 1, .ofs_y = -1},
    {.bitmap_index = 14244, .adv_w = 224, .box_w = 14, .box_h = 13, .ofs_x = 0, .ofs_y = -1},
    {.bitmap_index = 14267, .adv_w = 224, .box_w = 12, .box_h = 13, .ofs_x = 1, .ofs_y = -1},
    {.bitmap_index = 14287, .adv_w = 224, .box_w = 12, .box_h = 13, .ofs_x = 1, .ofs_y = -1},
    {.bitmap_index = 14307, .adv_w = 224, .box_w = 12, .box_h = 13, .ofs_x = 1, .ofs_y = -1},
    {.bitmap_index = 14327, .adv_w = 224, .box_w = 12, .box_h = 13, .ofs_x = 1, .ofs_y = -1},
    {.bitmap_index = 14347, .adv_w = 224, .box_w = 12, .box_h = 13, .ofs_x = 1, .ofs_y = -1},
    {.bitmap_index = 14367, .adv_w = 224, .box_w = 12, .box_h = 13, .ofs_x = 1, .ofs_y = -1},
    {.bitmap_index = 14387, .adv_w = 224, .box_w = 12, .box_h = 13, .ofs_x = 1, .ofs_y = -1},
    {.bitmap_index = 14407, .adv_w = 224, .box_w = 12, .box_h = 13, .ofs_x = 1, .ofs_y = -1},
    {.bitmap_index = 14427, .adv_w = 224, .box_w = 12, .box_h = 13, .ofs_x = 2, .ofs_y = -1},
    {.bitmap_index = 14447, .adv_w = 224, .box_w = 12, .box_h = 13, .ofs_x = 1, .ofs_y = -1},
    {.bitmap_index = 14467, .adv_w = 224, .box_w = 12, .box_h = 13, .ofs_x = 1, .ofs_y = -1},
    {.bitmap_index = 14487, .adv_w = 224, .box_w = 12, .box_h = 13, .ofs_x = 1, .ofs_y = -1},
    {.bitmap_index = 14507, .adv_w = 224, .box_w = 12, .box_h = 13, .ofs_x = 2, .ofs_y = -1},
    {.bitmap_index = 14527, .adv_w = 224, .box_w = 12, .box_h = 13, .ofs_x = 1, .ofs_y = -1},
    {.bitmap_index = 14547, .adv_w = 224, .box_w = 12, .box_h = 13, .ofs_x = 1, .ofs_y = -1},
    {.bitmap_index = 14567, .adv_w = 224, .box_w = 12, .box_h = 13, .ofs_x = 1, .ofs_y = -1},
    {.bitmap_index = 14587, .adv_w = 224, .box_w = 13, .box_h = 13, .ofs_x = 0, .ofs_y = -1},
    {.bitmap_index = 14609, .adv_w = 224, .box_w = 13, .box_h = 13, .ofs_x = 0, .ofs_y = -1},
    {.bitmap_index = 14631, .adv_w = 224, .box_w = 13, .box_h = 13, .ofs_x = 0, .ofs_y = -1},
    {.bitmap_index = 14653, .adv_w = 224, .box_w = 14, .box_h = 13, .ofs_x = 0, .ofs_y = -1},
    {.bitmap_index = 14676, .adv_w = 224, .box_w = 13, .box_h = 13, .ofs_x = 0, .ofs_y = -1},
    {.bitmap_index = 14698, .adv_w = 224, .box_w = 14, .box_h = 14, .ofs_x = 0, .ofs_y = -2},
    {.bitmap_index = 14723, .adv_w = 224, .box_w = 13, .box_h = 13, .ofs_x = 0, .ofs_y = -1},
    {.bitmap_index = 14745, .adv_w = 224, .box_w = 14, .box_h = 13, .ofs_x = 0, .ofs_y = -1},
    {.bitmap_index = 14768, .adv_w = 224, .box_w = 13, .box_h = 13, .ofs_x = 0, .ofs_y = -1},
    {.bitmap_index = 14790, .adv_w = 224, .box_w = 13, .box_h = 14, .ofs_x = 1, .ofs_y = -2},
    {.bitmap_index = 14813, .adv_w = 224, .box_w = 13, .box_h = 13, .ofs_x = 1, .ofs_y = -1},
    {.bitmap_index = 14835, .adv_w = 224, .box_w = 13, .box_h = 13, .ofs_x = 0, .ofs_y = -1},
    {.bitmap_index = 14857, .adv_w = 224, .box_w = 14, .box_h = 13, .ofs_x = 0, .ofs_y = -1},
    {.bitmap_index = 14880, .adv_w = 224, .box_w = 13, .box_h = 14, .ofs_x = 0, .ofs_y = -2},
    {.bitmap_index = 14903, .adv_w = 224, .box_w = 13, .box_h = 13, .ofs_x = 1, .ofs_y = -1},
    {.bitmap_index = 14925, .adv_w = 224, .box_w = 14, .box_h = 13, .ofs_x = 1, .ofs_y = -2},
    {.bitmap_index = 14948, .adv_w = 224, .box_w = 13, .box_h = 14, .ofs_x = 1, .ofs_y = -2},
    {.bitmap_index = 14971, .adv_w = 224, .box_w = 13, .box_h = 13, .ofs_x = 1, .ofs_y = -1},
    {.bitmap_index = 14993, .adv_w = 224, .box_w = 13, .box_h = 13, .ofs_x = 0, .ofs_y = -1},
    {.bitmap_index = 15015, .adv_w = 224, .box_w = 13, .box_h = 13, .ofs_x = 1, .ofs_y = -1},
    {.bitmap_index = 15037, .adv_w = 224, .box_w = 13, .box_h = 14, .ofs_x = 0, .ofs_y = -2},
    {.bitmap_index = 15060, .adv_w = 224, .box_w = 13, .box_h = 13, .ofs_x = 0, .ofs_y = -1},
    {.bitmap_index = 15082, .adv_w = 224, .box_w = 14, .box_h = 13, .ofs_x = 1, .ofs_y = -1},
    {.bitmap_index = 15105, .adv_w = 224, .box_w = 13, .box_h = 13, .ofs_x = 0, .ofs_y = -1},
    {.bitmap_index = 15127, .adv_w = 224, .box_w = 14, .box_h = 13, .ofs_x = 0, .ofs_y = -1},
    {.bitmap_index = 15150, .adv_w = 224, .box_w = 13, .box_h = 13, .ofs_x = 0, .ofs_y = -1},
    {.bitmap_index = 15172, .adv_w = 224, .box_w = 13, .box_h = 13, .ofs_x = 0, .ofs_y = -1},
    {.bitmap_index = 15194, .adv_w = 224, .box_w = 13, .box_h = 13, .ofs_x = 0, .ofs_y = -1},
    {.bitmap_index = 15216, .adv_w = 224, .box_w = 13, .box_h = 13, .ofs_x = 0, .ofs_y = -1},
    {.bitmap_index = 15238, .adv_w = 224, .box_w = 13, .box_h = 13, .ofs_x = 1, .ofs_y = -1},
    {.bitmap_index = 15260, .adv_w = 224, .box_w = 13, .box_h = 14, .ofs_x = 1, .ofs_y = -1},
    {.bitmap_index = 15283, .adv_w = 224, .box_w = 14, .box_h = 13, .ofs_x = 0, .ofs_y = -1},
    {.bitmap_index = 15306, .adv_w = 224, .box_w = 13, .box_h = 13, .ofs_x = 0, .ofs_y = -1},
    {.bitmap_index = 15328, .adv_w = 224, .box_w = 13, .box_h = 13, .ofs_x = 1, .ofs_y = -1},
    {.bitmap_index = 15350, .adv_w = 224, .box_w = 13, .box_h = 13, .ofs_x = 0, .ofs_y = -1},
    {.bitmap_index = 15372, .adv_w = 224, .box_w = 13, .box_h = 13, .ofs_x = 0, .ofs_y = -1},
    {.bitmap_index = 15394, .adv_w = 224, .box_w = 13, .box_h = 13, .ofs_x = 0, .ofs_y = -1},
    {.bitmap_index = 15416, .adv_w = 224, .box_w = 14, .box_h = 13, .ofs_x = 0, .ofs_y = -1},
    {.bitmap_index = 15439, .adv_w = 224, .box_w = 13, .box_h = 13, .ofs_x = 0, .ofs_y = -1},
    {.bitmap_index = 15461, .adv_w = 224, .box_w = 13, .box_h = 14, .ofs_x = 0, .ofs_y = -2},
    {.bitmap_index = 15484, .adv_w = 224, .box_w = 14, .box_h = 13, .ofs_x = 0, .ofs_y = -1},
    {.bitmap_index = 15507, .adv_w = 224, .box_w = 14, .box_h = 13, .ofs_x = 0, .ofs_y = -1},
    {.bitmap_index = 15530, .adv_w = 224, .box_w = 13, .box_h = 13, .ofs_x = 0, .ofs_y = -1},
    {.bitmap_index = 15552, .adv_w = 224, .box_w = 14, .box_h = 13, .ofs_x = 1, .ofs_y = -1},
    {.bitmap_index = 15575, .adv_w = 224, .box_w = 13, .box_h = 13, .ofs_x = 0, .ofs_y = -1},
    {.bitmap_index = 15597, .adv_w = 224, .box_w = 13, .box_h = 13, .ofs_x = 0, .ofs_y = -1},
    {.bitmap_index = 15619, .adv_w = 224, .box_w = 13, .box_h = 14, .ofs_x = 0, .ofs_y = -1},
    {.bitmap_index = 15642, .adv_w = 224, .box_w = 13, .box_h = 13, .ofs_x = 0, .ofs_y = -1},
    {.bitmap_index = 15664, .adv_w = 224, .box_w = 13, .box_h = 13, .ofs_x = 0, .ofs_y = -1},
    {.bitmap_index = 15686, .adv_w = 224, .box_w = 13, .box_h = 14, .ofs_x = 0, .ofs_y = -2},
    {.bitmap_index = 15709, .adv_w = 224, .box_w = 13, .box_h = 13, .ofs_x = 0, .ofs_y = -1},
    {.bitmap_index = 15731, .adv_w = 224, .box_w = 13, .box_h = 13, .ofs_x = 0, .ofs_y = -1},
    {.bitmap_index = 15753, .adv_w = 224, .box_w = 13, .box_h = 14, .ofs_x = 0, .ofs_y = -2},
    {.bitmap_index = 15776, .adv_w = 224, .box_w = 13, .box_h = 13, .ofs_x = 0, .ofs_y = -1},
    {.bitmap_index = 15798, .adv_w = 224, .box_w = 14, .box_h = 13, .ofs_x = 0, .ofs_y = -1},
    {.bitmap_index = 15821, .adv_w = 224, .box_w = 14, .box_h = 13, .ofs_x = 0, .ofs_y = -1},
    {.bitmap_index = 15844, .adv_w = 224, .box_w = 13, .box_h = 13, .ofs_x = 1, .ofs_y = -1},
    {.bitmap_index = 15866, .adv_w = 224, .box_w = 15, .box_h = 14, .ofs_x = 0, .ofs_y = -2},
    {.bitmap_index = 15893, .adv_w = 224, .box_w = 13, .box_h = 13, .ofs_x = 0, .ofs_y = -1},
    {.bitmap_index = 15915, .adv_w = 224, .box_w = 13, .box_h = 13, .ofs_x = 0, .ofs_y = -1},
    {.bitmap_index = 15937, .adv_w = 224, .box_w = 12, .box_h = 13, .ofs_x = 1, .ofs_y = -1},
    {.bitmap_index = 15957, .adv_w = 224, .box_w = 13, .box_h = 13, .ofs_x = 0, .ofs_y = -1},
    {.bitmap_index = 15979, .adv_w = 224, .box_w = 13, .box_h = 13, .ofs_x = 0, .ofs_y = -1},
    {.bitmap_index = 16001, .adv_w = 224, .box_w = 13, .box_h = 12, .ofs_x = 1, .ofs_y = -1},
    {.bitmap_index = 16021, .adv_w = 224, .box_w = 14, .box_h = 14, .ofs_x = 0, .ofs_y = -2},
    {.bitmap_index = 16046, .adv_w = 224, .box_w = 13, .box_h = 13, .ofs_x = 0, .ofs_y = -1},
    {.bitmap_index = 16068, .adv_w = 224, .box_w = 14, .box_h = 13, .ofs_x = 0, .ofs_y = -1},
    {.bitmap_index = 16091, .adv_w = 224, .box_w = 13, .box_h = 13, .ofs_x = 0, .ofs_y = -1},
    {.bitmap_index = 16113, .adv_w = 224, .box_w = 13, .box_h = 13, .ofs_x = 1, .ofs_y = -1},
    {.bitmap_index = 16135, .adv_w = 224, .box_w = 13, .box_h = 13, .ofs_x = 0, .ofs_y = -1},
    {.bitmap_index = 16157, .adv_w = 224, .box_w = 13, .box_h = 14, .ofs_x = 0, .ofs_y = -1},
    {.bitmap_index = 16180, .adv_w = 224, .box_w = 13, .box_h = 13, .ofs_x = 0, .ofs_y = -1},
    {.bitmap_index = 16202, .adv_w = 224, .box_w = 13, .box_h = 13, .ofs_x = 0, .ofs_y = -1},
    {.bitmap_index = 16224, .adv_w = 224, .box_w = 14, .box_h = 13, .ofs_x = 0, .ofs_y = -1},
    {.bitmap_index = 16247, .adv_w = 224, .box_w = 13, .box_h = 13, .ofs_x = 1, .ofs_y = -1},
    {.bitmap_index = 16269, .adv_w = 224, .box_w = 12, .box_h = 13, .ofs_x = 1, .ofs_y = -1},
    {.bitmap_index = 16289, .adv_w = 224, .box_w = 14, .box_h = 13, .ofs_x = 0, .ofs_y = -1},
    {.bitmap_index = 16312, .adv_w = 224, .box_w = 13, .box_h = 13, .ofs_x = 1, .ofs_y = -1},
    {.bitmap_index = 16334, .adv_w = 224, .box_w = 12, .box_h = 13, .ofs_x = 1, .ofs_y = -1},
    {.bitmap_index = 16354, .adv_w = 224, .box_w = 13, .box_h = 13, .ofs_x = 1, .ofs_y = -1},
    {.bitmap_index = 16376, .adv_w = 224, .box_w = 12, .box_h = 14, .ofs_x = 1, .ofs_y = -2},
    {.bitmap_index = 16397, .adv_w = 224, .box_w = 13, .box_h = 13, .ofs_x = 1, .ofs_y = -1},
    {.bitmap_index = 16419, .adv_w = 224, .box_w = 13, .box_h = 13, .ofs_x = 0, .ofs_y = -1},
    {.bitmap_index = 16441, .adv_w = 224, .box_w = 13, .box_h = 13, .ofs_x = 0, .ofs_y = -1},
    {.bitmap_index = 16463, .adv_w = 224, .box_w = 13, .box_h = 13, .ofs_x = 0, .ofs_y = -1},
    {.bitmap_index = 16485, .adv_w = 224, .box_w = 13, .box_h = 14, .ofs_x = 0, .ofs_y = -2},
    {.bitmap_index = 16508, .adv_w = 224, .box_w = 13, .box_h = 13, .ofs_x = 0, .ofs_y = -1},
    {.bitmap_index = 16530, .adv_w = 224, .box_w = 13, .box_h = 13, .ofs_x = 0, .ofs_y = -1},
    {.bitmap_index = 16552, .adv_w = 224, .box_w = 13, .box_h = 13, .ofs_x = 0, .ofs_y = -1},
    {.bitmap_index = 16574, .adv_w = 224, .box_w = 13, .box_h = 14, .ofs_x = 1, .ofs_y = -1},
    {.bitmap_index = 16597, .adv_w = 224, .box_w = 13, .box_h = 13, .ofs_x = 1, .ofs_y = -1},
    {.bitmap_index = 16619, .adv_w = 224, .box_w = 14, .box_h = 14, .ofs_x = 1, .ofs_y = -2},
    {.bitmap_index = 16644, .adv_w = 224, .box_w = 13, .box_h = 13, .ofs_x = 0, .ofs_y = -1},
    {.bitmap_index = 16666, .adv_w = 224, .box_w = 14, .box_h = 13, .ofs_x = 0, .ofs_y = -1},
    {.bitmap_index = 16689, .adv_w = 224, .box_w = 13, .box_h = 13, .ofs_x = 0, .ofs_y = -1},
    {.bitmap_index = 16711, .adv_w = 224, .box_w = 14, .box_h = 13, .ofs_x = 0, .ofs_y = -1},
    {.bitmap_index = 16734, .adv_w = 224, .box_w = 13, .box_h = 13, .ofs_x = 1, .ofs_y = -1},
    {.bitmap_index = 16756, .adv_w = 224, .box_w = 13, .box_h = 13, .ofs_x = 1, .ofs_y = -1},
    {.bitmap_index = 16778, .adv_w = 224, .box_w = 13, .box_h = 13, .ofs_x = 0, .ofs_y = -1},
    {.bitmap_index = 16800, .adv_w = 224, .box_w = 13, .box_h = 13, .ofs_x = 0, .ofs_y = -1},
    {.bitmap_index = 16822, .adv_w = 224, .box_w = 13, .box_h = 13, .ofs_x = 1, .ofs_y = -1},
    {.bitmap_index = 16844, .adv_w = 224, .box_w = 13, .box_h = 14, .ofs_x = 0, .ofs_y = -2},
    {.bitmap_index = 16867, .adv_w = 224, .box_w = 13, .box_h = 14, .ofs_x = 0, .ofs_y = -2},
    {.bitmap_index = 16890, .adv_w = 224, .box_w = 15, .box_h = 13, .ofs_x = 0, .ofs_y = -1},
    {.bitmap_index = 16915, .adv_w = 224, .box_w = 14, .box_h = 14, .ofs_x = 0, .ofs_y = -2},
    {.bitmap_index = 16940, .adv_w = 224, .box_w = 14, .box_h = 13, .ofs_x = 0, .ofs_y = -1},
    {.bitmap_index = 16963, .adv_w = 224, .box_w = 14, .box_h = 14, .ofs_x = 0, .ofs_y = -2},
    {.bitmap_index = 16988, .adv_w = 224, .box_w = 13, .box_h = 13, .ofs_x = 0, .ofs_y = -1},
    {.bitmap_index = 17010, .adv_w = 224, .box_w = 12, .box_h = 14, .ofs_x = 1, .ofs_y = -1},
    {.bitmap_index = 17031, .adv_w = 224, .box_w = 14, .box_h = 14, .ofs_x = 0, .ofs_y = -2},
    {.bitmap_index = 17056, .adv_w = 224, .box_w = 12, .box_h = 14, .ofs_x = 1, .ofs_y = -2},
    {.bitmap_index = 17077, .adv_w = 224, .box_w = 13, .box_h = 13, .ofs_x = 1, .ofs_y = -1},
    {.bitmap_index = 17099, .adv_w = 224, .box_w = 14, .box_h = 13, .ofs_x = 0, .ofs_y = -1},
    {.bitmap_index = 17122, .adv_w = 224, .box_w = 13, .box_h = 13, .ofs_x = 1, .ofs_y = -1},
    {.bitmap_index = 17144, .adv_w = 224, .box_w = 13, .box_h = 13, .ofs_x = 0, .ofs_y = -1},
    {.bitmap_index = 17166, .adv_w = 224, .box_w = 14, .box_h = 13, .ofs_x = 0, .ofs_y = -1},
    {.bitmap_index = 17189, .adv_w = 224, .box_w = 13, .box_h = 13, .ofs_x = 0, .ofs_y = -1},
    {.bitmap_index = 17211, .adv_w = 224, .box_w = 14, .box_h = 14, .ofs_x = 1, .ofs_y = -2},
    {.bitmap_index = 17236, .adv_w = 224, .box_w = 14, .box_h = 14, .ofs_x = 0, .ofs_y = -2},
    {.bitmap_index = 17261, .adv_w = 224, .box_w = 13, .box_h = 13, .ofs_x = 1, .ofs_y = -1},
    {.bitmap_index = 17283, .adv_w = 224, .box_w = 14, .box_h = 13, .ofs_x = 0, .ofs_y = -1},
    {.bitmap_index = 17306, .adv_w = 224, .box_w = 13, .box_h = 13, .ofs_x = 1, .ofs_y = -1},
    {.bitmap_index = 17328, .adv_w = 224, .box_w = 13, .box_h = 13, .ofs_x = 1, .ofs_y = -1},
    {.bitmap_index = 17350, .adv_w = 224, .box_w = 13, .box_h = 14, .ofs_x = 1, .ofs_y = -2},
    {.bitmap_index = 17373, .adv_w = 224, .box_w = 13, .box_h = 13, .ofs_x = 1, .ofs_y = -1},
    {.bitmap_index = 17395, .adv_w = 224, .box_w = 13, .box_h = 14, .ofs_x = 1, .ofs_y = -2},
    {.bitmap_index = 17418, .adv_w = 224, .box_w = 13, .box_h = 13, .ofs_x = 1, .ofs_y = -1},
    {.bitmap_index = 17440, .adv_w = 224, .box_w = 13, .box_h = 13, .ofs_x = 1, .ofs_y = -1},
    {.bitmap_index = 17462, .adv_w = 224, .box_w = 14, .box_h = 13, .ofs_x = 0, .ofs_y = -1},
    {.bitmap_index = 17485, .adv_w = 224, .box_w = 14, .box_h = 13, .ofs_x = 0, .ofs_y = -1},
    {.bitmap_index = 17508, .adv_w = 224, .box_w = 13, .box_h = 13, .ofs_x = 1, .ofs_y = -1},
    {.bitmap_index = 17530, .adv_w = 224, .box_w = 14, .box_h = 13, .ofs_x = 1, .ofs_y = -1},
    {.bitmap_index = 17553, .adv_w = 224, .box_w = 13, .box_h = 14, .ofs_x = 1, .ofs_y = -2},
    {.bitmap_index = 17576, .adv_w = 224, .box_w = 14, .box_h = 13, .ofs_x = 0, .ofs_y = -1},
    {.bitmap_index = 17599, .adv_w = 224, .box_w = 13, .box_h = 14, .ofs_x = 1, .ofs_y = -2},
    {.bitmap_index = 17622, .adv_w = 224, .box_w = 13, .box_h = 14, .ofs_x = 1, .ofs_y = -2},
    {.bitmap_index = 17645, .adv_w = 224, .box_w = 13, .box_h = 13, .ofs_x = 0, .ofs_y = -1},
    {.bitmap_index = 17667, .adv_w = 224, .box_w = 14, .box_h = 14, .ofs_x = 0, .ofs_y = -2},
    {.bitmap_index = 17692, .adv_w = 224, .box_w = 14, .box_h = 13, .ofs_x = 0, .ofs_y = -1},
    {.bitmap_index = 17715, .adv_w = 224, .box_w = 13, .box_h = 13, .ofs_x = 0, .ofs_y = -1},
    {.bitmap_index = 17737, .adv_w = 224, .box_w = 13, .box_h = 13, .ofs_x = 1, .ofs_y = -1},
    {.bitmap_index = 17759, .adv_w = 224, .box_w = 13, .box_h = 14, .ofs_x = 1, .ofs_y = -2},
    {.bitmap_index = 17782, .adv_w = 224, .box_w = 12, .box_h = 13, .ofs_x = 1, .ofs_y = -1},
    {.bitmap_index = 17802, .adv_w = 224, .box_w = 13, .box_h = 14, .ofs_x = 1, .ofs_y = -2},
    {.bitmap_index = 17825, .adv_w = 224, .box_w = 14, .box_h = 14, .ofs_x = 1, .ofs_y = -2},
    {.bitmap_index = 17850, .adv_w = 224, .box_w = 13, .box_h = 13, .ofs_x = 0, .ofs_y = -1},
    {.bitmap_index = 17872, .adv_w = 224, .box_w = 14, .box_h = 13, .ofs_x = 0, .ofs_y = -1},
    {.bitmap_index = 17895, .adv_w = 224, .box_w = 13, .box_h = 13, .ofs_x = 0, .ofs_y = -1},
    {.bitmap_index = 17917, .adv_w = 224, .box_w = 14, .box_h = 13, .ofs_x = 0, .ofs_y = -1},
    {.bitmap_index = 17940, .adv_w = 224, .box_w = 14, .box_h = 13, .ofs_x = 0, .ofs_y = -1},
    {.bitmap_index = 17963, .adv_w = 224, .box_w = 14, .box_h = 13, .ofs_x = 0, .ofs_y = -1},
    {.bitmap_index = 17986, .adv_w = 224, .box_w = 13, .box_h = 14, .ofs_x = 0, .ofs_y = -2},
    {.bitmap_index = 18009, .adv_w = 224, .box_w = 13, .box_h = 14, .ofs_x = 0, .ofs_y = -1},
    {.bitmap_index = 18032, .adv_w = 224, .box_w = 13, .box_h = 13, .ofs_x = 1, .ofs_y = -1},
    {.bitmap_index = 18054, .adv_w = 224, .box_w = 13, .box_h = 13, .ofs_x = 0, .ofs_y = -1},
    {.bitmap_index = 18076, .adv_w = 224, .box_w = 13, .box_h = 14, .ofs_x = 1, .ofs_y = -2},
    {.bitmap_index = 18099, .adv_w = 224, .box_w = 13, .box_h = 13, .ofs_x = 1, .ofs_y = -1},
    {.bitmap_index = 18121, .adv_w = 224, .box_w = 13, .box_h = 13, .ofs_x = 0, .ofs_y = -1},
    {.bitmap_index = 18143, .adv_w = 224, .box_w = 12, .box_h = 13, .ofs_x = 1, .ofs_y = -1},
    {.bitmap_index = 18163, .adv_w = 224, .box_w = 13, .box_h = 13, .ofs_x = 1, .ofs_y = -1},
    {.bitmap_index = 18185, .adv_w = 224, .box_w = 14, .box_h = 13, .ofs_x = 0, .ofs_y = -1},
    {.bitmap_index = 18208, .adv_w = 224, .box_w = 14, .box_h = 13, .ofs_x = 0, .ofs_y = -1},
    {.bitmap_index = 18231, .adv_w = 224, .box_w = 13, .box_h = 14, .ofs_x = 1, .ofs_y = -2},
    {.bitmap_index = 18254, .adv_w = 224, .box_w = 13, .box_h = 13, .ofs_x = 0, .ofs_y = -1},
    {.bitmap_index = 18276, .adv_w = 224, .box_w = 14, .box_h = 13, .ofs_x = 0, .ofs_y = -1},
    {.bitmap_index = 18299, .adv_w = 224, .box_w = 13, .box_h = 13, .ofs_x = 0, .ofs_y = -1},
    {.bitmap_index = 18321, .adv_w = 224, .box_w = 13, .box_h = 13, .ofs_x = 1, .ofs_y = -1},
    {.bitmap_index = 18343, .adv_w = 224, .box_w = 13, .box_h = 13, .ofs_x = 0, .ofs_y = -1},
    {.bitmap_index = 18365, .adv_w = 224, .box_w = 13, .box_h = 13, .ofs_x = 1, .ofs_y = -1},
    {.bitmap_index = 18387, .adv_w = 224, .box_w = 13, .box_h = 14, .ofs_x = 0, .ofs_y = -2},
    {.bitmap_index = 18410, .adv_w = 224, .box_w = 13, .box_h = 13, .ofs_x = 0, .ofs_y = -1},
    {.bitmap_index = 18432, .adv_w = 224, .box_w = 13, .box_h = 14, .ofs_x = 1, .ofs_y = -2},
    {.bitmap_index = 18455, .adv_w = 224, .box_w = 13, .box_h = 13, .ofs_x = 0, .ofs_y = -1},
    {.bitmap_index = 18477, .adv_w = 224, .box_w = 13, .box_h = 13, .ofs_x = 1, .ofs_y = -1},
    {.bitmap_index = 18499, .adv_w = 224, .box_w = 14, .box_h = 14, .ofs_x = 0, .ofs_y = -2},
    {.bitmap_index = 18524, .adv_w = 224, .box_w = 13, .box_h = 13, .ofs_x = 1, .ofs_y = -1},
    {.bitmap_index = 18546, .adv_w = 224, .box_w = 13, .box_h = 14, .ofs_x = 1, .ofs_y = -2},
    {.bitmap_index = 18569, .adv_w = 224, .box_w = 13, .box_h = 13, .ofs_x = 1, .ofs_y = -1},
    {.bitmap_index = 18591, .adv_w = 224, .box_w = 13, .box_h = 13, .ofs_x = 1, .ofs_y = -1},
    {.bitmap_index = 18613, .adv_w = 224, .box_w = 13, .box_h = 14, .ofs_x = 1, .ofs_y = -2},
    {.bitmap_index = 18636, .adv_w = 224, .box_w = 13, .box_h = 13, .ofs_x = 1, .ofs_y = -1},
    {.bitmap_index = 18658, .adv_w = 224, .box_w = 13, .box_h = 13, .ofs_x = 0, .ofs_y = -1},
    {.bitmap_index = 18680, .adv_w = 224, .box_w = 13, .box_h = 13, .ofs_x = 1, .ofs_y = -1},
    {.bitmap_index = 18702, .adv_w = 224, .box_w = 13, .box_h = 13, .ofs_x = 1, .ofs_y = -1},
    {.bitmap_index = 18724, .adv_w = 224, .box_w = 13, .box_h = 13, .ofs_x = 1, .ofs_y = -1},
    {.bitmap_index = 18746, .adv_w = 224, .box_w = 13, .box_h = 13, .ofs_x = 1, .ofs_y = -1},
    {.bitmap_index = 18768, .adv_w = 224, .box_w = 13, .box_h = 14, .ofs_x = 0, .ofs_y = -2},
    {.bitmap_index = 18791, .adv_w = 224, .box_w = 13, .box_h = 14, .ofs_x = 1, .ofs_y = -2},
    {.bitmap_index = 18814, .adv_w = 224, .box_w = 13, .box_h = 13, .ofs_x = 0, .ofs_y = -1},
    {.bitmap_index = 18836, .adv_w = 224, .box_w = 13, .box_h = 13, .ofs_x = 1, .ofs_y = -1},
    {.bitmap_index = 18858, .adv_w = 224, .box_w = 13, .box_h = 14, .ofs_x = 1, .ofs_y = -2},
    {.bitmap_index = 18881, .adv_w = 224, .box_w = 13, .box_h = 14, .ofs_x = 1, .ofs_y = -2},
    {.bitmap_index = 18904, .adv_w = 224, .box_w = 13, .box_h = 13, .ofs_x = 0, .ofs_y = -1},
    {.bitmap_index = 18926, .adv_w = 224, .box_w = 13, .box_h = 13, .ofs_x = 1, .ofs_y = -1},
    {.bitmap_index = 18948, .adv_w = 224, .box_w = 13, .box_h = 13, .ofs_x = 0, .ofs_y = -1},
    {.bitmap_index = 18970, .adv_w = 224, .box_w = 13, .box_h = 13, .ofs_x = 1, .ofs_y = -1},
    {.bitmap_index = 18992, .adv_w = 224, .box_w = 13, .box_h = 13, .ofs_x = 1, .ofs_y = -1},
    {.bitmap_index = 19014, .adv_w = 224, .box_w = 13, .box_h = 13, .ofs_x = 1, .ofs_y = -1},
    {.bitmap_index = 19036, .adv_w = 224, .box_w = 13, .box_h = 14, .ofs_x = 0, .ofs_y = -2},
    {.bitmap_index = 19059, .adv_w = 224, .box_w = 12, .box_h = 13, .ofs_x = 1, .ofs_y = -1},
    {.bitmap_index = 19079, .adv_w = 224, .box_w = 13, .box_h = 13, .ofs_x = 1, .ofs_y = -1},
    {.bitmap_index = 19101, .adv_w = 224, .box_w = 13, .box_h = 13, .ofs_x = 1, .ofs_y = -1},
    {.bitmap_index = 19123, .adv_w = 224, .box_w = 13, .box_h = 13, .ofs_x = 0, .ofs_y = -1},
    {.bitmap_index = 19145, .adv_w = 224, .box_w = 13, .box_h = 13, .ofs_x = 1, .ofs_y = -1},
    {.bitmap_index = 19167, .adv_w = 224, .box_w = 13, .box_h = 14, .ofs_x = 1, .ofs_y = -2},
    {.bitmap_index = 19190, .adv_w = 224, .box_w = 12, .box_h = 13, .ofs_x = 1, .ofs_y = -1},
    {.bitmap_index = 19210, .adv_w = 224, .box_w = 13, .box_h = 13, .ofs_x = 1, .ofs_y = -1},
    {.bitmap_index = 19232, .adv_w = 224, .box_w = 13, .box_h = 13, .ofs_x = 1, .ofs_y = -1},
    {.bitmap_index = 19254, .adv_w = 224, .box_w = 12, .box_h = 13, .ofs_x = 1, .ofs_y = -1},
    {.bitmap_index = 19274, .adv_w = 224, .box_w = 13, .box_h = 14, .ofs_x = 0, .ofs_y = -2},
    {.bitmap_index = 19297, .adv_w = 224, .box_w = 12, .box_h = 13, .ofs_x = 1, .ofs_y = -1},
    {.bitmap_index = 19317, .adv_w = 224, .box_w = 12, .box_h = 13, .ofs_x = 1, .ofs_y = -1},
    {.bitmap_index = 19337, .adv_w = 224, .box_w = 13, .box_h = 13, .ofs_x = 0, .ofs_y = -1},
    {.bitmap_index = 19359, .adv_w = 224, .box_w = 12, .box_h = 13, .ofs_x = 1, .ofs_y = -1},
    {.bitmap_index = 19379, .adv_w = 224, .box_w = 14, .box_h = 13, .ofs_x = 0, .ofs_y = -1},
    {.bitmap_index = 19402, .adv_w = 224, .box_w = 13, .box_h = 13, .ofs_x = 1, .ofs_y = -1},
    {.bitmap_index = 19424, .adv_w = 224, .box_w = 13, .box_h = 14, .ofs_x = 1, .ofs_y = -2},
    {.bitmap_index = 19447, .adv_w = 224, .box_w = 13, .box_h = 13, .ofs_x = 1, .ofs_y = -1},
    {.bitmap_index = 19469, .adv_w = 224, .box_w = 14, .box_h = 13, .ofs_x = 0, .ofs_y = -1},
    {.bitmap_index = 19492, .adv_w = 224, .box_w = 13, .box_h = 13, .ofs_x = 0, .ofs_y = -1},
    {.bitmap_index = 19514, .adv_w = 224, .box_w = 13, .box_h = 13, .ofs_x = 0, .ofs_y = -1},
    {.bitmap_index = 19536, .adv_w = 224, .box_w = 13, .box_h = 14, .ofs_x = 1, .ofs_y = -2},
    {.bitmap_index = 19559, .adv_w = 224, .box_w = 13, .box_h = 13, .ofs_x = 1, .ofs_y = -1},
    {.bitmap_index = 19581, .adv_w = 224, .box_w = 13, .box_h = 13, .ofs_x = 0, .ofs_y = -1},
    {.bitmap_index = 19603, .adv_w = 224, .box_w = 14, .box_h = 14, .ofs_x = 0, .ofs_y = -2},
    {.bitmap_index = 19628, .adv_w = 224, .box_w = 13, .box_h = 14, .ofs_x = 0, .ofs_y = -2},
    {.bitmap_index = 19651, .adv_w = 224, .box_w = 13, .box_h = 13, .ofs_x = 1, .ofs_y = -1},
    {.bitmap_index = 19673, .adv_w = 224, .box_w = 13, .box_h = 13, .ofs_x = 0, .ofs_y = -1},
    {.bitmap_index = 19695, .adv_w = 224, .box_w = 13, .box_h = 14, .ofs_x = 1, .ofs_y = -2},
    {.bitmap_index = 19718, .adv_w = 224, .box_w = 13, .box_h = 13, .ofs_x = 1, .ofs_y = -1},
    {.bitmap_index = 19740, .adv_w = 224, .box_w = 13, .box_h = 13, .ofs_x = 0, .ofs_y = -1},
    {.bitmap_index = 19762, .adv_w = 224, .box_w = 14, .box_h = 14, .ofs_x = 0, .ofs_y = -2},
    {.bitmap_index = 19787, .adv_w = 224, .box_w = 13, .box_h = 13, .ofs_x = 0, .ofs_y = -1},
    {.bitmap_index = 19809, .adv_w = 224, .box_w = 13, .box_h = 14, .ofs_x = 1, .ofs_y = -2},
    {.bitmap_index = 19832, .adv_w = 224, .box_w = 13, .box_h = 13, .ofs_x = 0, .ofs_y = -1},
    {.bitmap_index = 19854, .adv_w = 224, .box_w = 13, .box_h = 14, .ofs_x = 0, .ofs_y = -2},
    {.bitmap_index = 19877, .adv_w = 224, .box_w = 13, .box_h = 13, .ofs_x = 1, .ofs_y = -1},
    {.bitmap_index = 19899, .adv_w = 224, .box_w = 13, .box_h = 13, .ofs_x = 0, .ofs_y = -1},
    {.bitmap_index = 19921, .adv_w = 224, .box_w = 13, .box_h = 13, .ofs_x = 1, .ofs_y = -1},
    {.bitmap_index = 19943, .adv_w = 224, .box_w = 13, .box_h = 13, .ofs_x = 0, .ofs_y = -1},
    {.bitmap_index = 19965, .adv_w = 224, .box_w = 13, .box_h = 13, .ofs_x = 1, .ofs_y = -1},
    {.bitmap_index = 19987, .adv_w = 224, .box_w = 13, .box_h = 13, .ofs_x = 1, .ofs_y = -1},
    {.bitmap_index = 20009, .adv_w = 224, .box_w = 13, .box_h = 14, .ofs_x = 1, .ofs_y = -2},
    {.bitmap_index = 20032, .adv_w = 224, .box_w = 13, .box_h = 14, .ofs_x = 1, .ofs_y = -2},
    {.bitmap_index = 20055, .adv_w = 224, .box_w = 13, .box_h = 13, .ofs_x = 1, .ofs_y = -1},
    {.bitmap_index = 20077, .adv_w = 224, .box_w = 12, .box_h = 13, .ofs_x = 1, .ofs_y = -1},
    {.bitmap_index = 20097, .adv_w = 224, .box_w = 13, .box_h = 14, .ofs_x = 1, .ofs_y = -2},
    {.bitmap_index = 20120, .adv_w = 224, .box_w = 13, .box_h = 15, .ofs_x = 0, .ofs_y = -2},
    {.bitmap_index = 20145, .adv_w = 224, .box_w = 14, .box_h = 13, .ofs_x = 0, .ofs_y = -1},
    {.bitmap_index = 20168, .adv_w = 224, .box_w = 13, .box_h = 13, .ofs_x = 0, .ofs_y = -1},
    {.bitmap_index = 20190, .adv_w = 224, .box_w = 13, .box_h = 13, .ofs_x = 1, .ofs_y = -1},
    {.bitmap_index = 20212, .adv_w = 224, .box_w = 13, .box_h = 13, .ofs_x = 0, .ofs_y = -1},
    {.bitmap_index = 20234, .adv_w = 224, .box_w = 14, .box_h = 13, .ofs_x = 0, .ofs_y = -1},
    {.bitmap_index = 20257, .adv_w = 224, .box_w = 13, .box_h = 13, .ofs_x = 0, .ofs_y = -1},
    {.bitmap_index = 20279, .adv_w = 224, .box_w = 13, .box_h = 13, .ofs_x = 0, .ofs_y = -1},
    {.bitmap_index = 20301, .adv_w = 224, .box_w = 13, .box_h = 13, .ofs_x = 0, .ofs_y = -1},
    {.bitmap_index = 20323, .adv_w = 224, .box_w = 14, .box_h = 14, .ofs_x = 0, .ofs_y = -2},
    {.bitmap_index = 20348, .adv_w = 224, .box_w = 14, .box_h = 14, .ofs_x = 0, .ofs_y = -2},
    {.bitmap_index = 20373, .adv_w = 224, .box_w = 14, .box_h = 13, .ofs_x = 0, .ofs_y = -1},
    {.bitmap_index = 20396, .adv_w = 224, .box_w = 13, .box_h = 13, .ofs_x = 0, .ofs_y = -1},
    {.bitmap_index = 20418, .adv_w = 224, .box_w = 13, .box_h = 14, .ofs_x = 1, .ofs_y = -2},
    {.bitmap_index = 20441, .adv_w = 224, .box_w = 13, .box_h = 13, .ofs_x = 0, .ofs_y = -1},
    {.bitmap_index = 20463, .adv_w = 224, .box_w = 13, .box_h = 14, .ofs_x = 0, .ofs_y = -2},
    {.bitmap_index = 20486, .adv_w = 224, .box_w = 13, .box_h = 13, .ofs_x = 0, .ofs_y = -1},
    {.bitmap_index = 20508, .adv_w = 224, .box_w = 13, .box_h = 13, .ofs_x = 0, .ofs_y = -1},
    {.bitmap_index = 20530, .adv_w = 224, .box_w = 13, .box_h = 13, .ofs_x = 0, .ofs_y = -1},
    {.bitmap_index = 20552, .adv_w = 224, .box_w = 13, .box_h = 14, .ofs_x = 0, .ofs_y = -2},
    {.bitmap_index = 20575, .adv_w = 224, .box_w = 12, .box_h = 13, .ofs_x = 0, .ofs_y = -1},
    {.bitmap_index = 20595, .adv_w = 224, .box_w = 14, .box_h = 13, .ofs_x = 0, .ofs_y = -1},
    {.bitmap_index = 20618, .adv_w = 224, .box_w = 13, .box_h = 14, .ofs_x = 1, .ofs_y = -2},
    {.bitmap_index = 20641, .adv_w = 224, .box_w = 13, .box_h = 13, .ofs_x = 1, .ofs_y = -1},
    {.bitmap_index = 20663, .adv_w = 224, .box_w = 13, .box_h = 13, .ofs_x = 0, .ofs_y = -1},
    {.bitmap_index = 20685, .adv_w = 224, .box_w = 13, .box_h = 13, .ofs_x = 1, .ofs_y = -1},
    {.bitmap_index = 20707, .adv_w = 224, .box_w = 13, .box_h = 14, .ofs_x = 1, .ofs_y = -1},
    {.bitmap_index = 20730, .adv_w = 224, .box_w = 13, .box_h = 13, .ofs_x = 1, .ofs_y = -1},
    {.bitmap_index = 20752, .adv_w = 224, .box_w = 12, .box_h = 14, .ofs_x = 0, .ofs_y = -2},
    {.bitmap_index = 20773, .adv_w = 224, .box_w = 12, .box_h = 13, .ofs_x = 1, .ofs_y = -1},
    {.bitmap_index = 20793, .adv_w = 224, .box_w = 13, .box_h = 14, .ofs_x = 0, .ofs_y = -1},
    {.bitmap_index = 20816, .adv_w = 224, .box_w = 13, .box_h = 14, .ofs_x = 1, .ofs_y = -2},
    {.bitmap_index = 20839, .adv_w = 224, .box_w = 11, .box_h = 13, .ofs_x = 2, .ofs_y = -1},
    {.bitmap_index = 20857, .adv_w = 224, .box_w = 13, .box_h = 13, .ofs_x = 1, .ofs_y = -1},
    {.bitmap_index = 20879, .adv_w = 224, .box_w = 13, .box_h = 13, .ofs_x = 0, .ofs_y = -1},
    {.bitmap_index = 20901, .adv_w = 224, .box_w = 13, .box_h = 14, .ofs_x = 1, .ofs_y = -2},
    {.bitmap_index = 20924, .adv_w = 224, .box_w = 14, .box_h = 14, .ofs_x = 0, .ofs_y = -1},
    {.bitmap_index = 20949, .adv_w = 224, .box_w = 12, .box_h = 13, .ofs_x = 1, .ofs_y = -1},
    {.bitmap_index = 20969, .adv_w = 224, .box_w = 13, .box_h = 13, .ofs_x = 1, .ofs_y = -1},
    {.bitmap_index = 20991, .adv_w = 224, .box_w = 13, .box_h = 13, .ofs_x = 1, .ofs_y = -1},
    {.bitmap_index = 21013, .adv_w = 224, .box_w = 13, .box_h = 13, .ofs_x = 1, .ofs_y = -1},
    {.bitmap_index = 21035, .adv_w = 224, .box_w = 13, .box_h = 14, .ofs_x = 1, .ofs_y = -1},
    {.bitmap_index = 21058, .adv_w = 224, .box_w = 13, .box_h = 14, .ofs_x = 1, .ofs_y = -2},
    {.bitmap_index = 21081, .adv_w = 224, .box_w = 12, .box_h = 13, .ofs_x = 1, .ofs_y = -1},
    {.bitmap_index = 21101, .adv_w = 224, .box_w = 12, .box_h = 13, .ofs_x = 1, .ofs_y = -1},
    {.bitmap_index = 21121, .adv_w = 224, .box_w = 13, .box_h = 13, .ofs_x = 0, .ofs_y = -1},
    {.bitmap_index = 21143, .adv_w = 224, .box_w = 13, .box_h = 13, .ofs_x = 0, .ofs_y = -1},
    {.bitmap_index = 21165, .adv_w = 224, .box_w = 13, .box_h = 14, .ofs_x = 1, .ofs_y = -2},
    {.bitmap_index = 21188, .adv_w = 224, .box_w = 13, .box_h = 13, .ofs_x = 0, .ofs_y = -1},
    {.bitmap_index = 21210, .adv_w = 224, .box_w = 12, .box_h = 13, .ofs_x = 1, .ofs_y = -1},
    {.bitmap_index = 21230, .adv_w = 224, .box_w = 13, .box_h = 13, .ofs_x = 1, .ofs_y = -1},
    {.bitmap_index = 21252, .adv_w = 224, .box_w = 12, .box_h = 12, .ofs_x = 1, .ofs_y = -1},
    {.bitmap_index = 21270, .adv_w = 224, .box_w = 13, .box_h = 12, .ofs_x = 0, .ofs_y = -1},
    {.bitmap_index = 21290, .adv_w = 224, .box_w = 14, .box_h = 13, .ofs_x = 0, .ofs_y = -1},
    {.bitmap_index = 21313, .adv_w = 224, .box_w = 13, .box_h = 13, .ofs_x = 1, .ofs_y = -1},
    {.bitmap_index = 21335, .adv_w = 224, .box_w = 13, .box_h = 11, .ofs_x = 0, .ofs_y = 0},
    {.bitmap_index = 21353, .adv_w = 224, .box_w = 13, .box_h = 13, .ofs_x = 0, .ofs_y = -1},
    {.bitmap_index = 21375, .adv_w = 224, .box_w = 13, .box_h = 12, .ofs_x = 1, .ofs_y = -1},
    {.bitmap_index = 21395, .adv_w = 224, .box_w = 11, .box_h = 14, .ofs_x = 2, .ofs_y = -2},
    {.bitmap_index = 21415, .adv_w = 224, .box_w = 13, .box_h = 13, .ofs_x = 1, .ofs_y = -2},
    {.bitmap_index = 21437, .adv_w = 224, .box_w = 13, .box_h = 13, .ofs_x = 0, .ofs_y = -1},
    {.bitmap_index = 21459, .adv_w = 224, .box_w = 13, .box_h = 13, .ofs_x = 0, .ofs_y = -1},
    {.bitmap_index = 21481, .adv_w = 224, .box_w = 11, .box_h = 13, .ofs_x = 2, .ofs_y = -1},
    {.bitmap_index = 21499, .adv_w = 224, .box_w = 12, .box_h = 13, .ofs_x = 1, .ofs_y = -1},
    {.bitmap_index = 21519, .adv_w = 224, .box_w = 12, .box_h = 13, .ofs_x = 2, .ofs_y = -1},
    {.bitmap_index = 21539, .adv_w = 224, .box_w = 13, .box_h = 13, .ofs_x = 1, .ofs_y = -1},
    {.bitmap_index = 21561, .adv_w = 224, .box_w = 11, .box_h = 13, .ofs_x = 2, .ofs_y = -1},
    {.bitmap_index = 21579, .adv_w = 224, .box_w = 12, .box_h = 13, .ofs_x = 1, .ofs_y = -1},
    {.bitmap_index = 21599, .adv_w = 224, .box_w = 13, .box_h = 13, .ofs_x = 0, .ofs_y = -1},
    {.bitmap_index = 21621, .adv_w = 224, .box_w = 13, .box_h = 13, .ofs_x = 1, .ofs_y = -1},
    {.bitmap_index = 21643, .adv_w = 224, .box_w = 13, .box_h = 13, .ofs_x = 1, .ofs_y = -1},
    {.bitmap_index = 21665, .adv_w = 224, .box_w = 13, .box_h = 13, .ofs_x = 1, .ofs_y = -1},
    {.bitmap_index = 21687, .adv_w = 224, .box_w = 12, .box_h = 13, .ofs_x = 1, .ofs_y = -1},
    {.bitmap_index = 21707, .adv_w = 224, .box_w = 13, .box_h = 13, .ofs_x = 1, .ofs_y = -1},
    {.bitmap_index = 21729, .adv_w = 224, .box_w = 13, .box_h = 13, .ofs_x = 1, .ofs_y = -1},
    {.bitmap_index = 21751, .adv_w = 224, .box_w = 13, .box_h = 13, .ofs_x = 1, .ofs_y = -1},
    {.bitmap_index = 21773, .adv_w = 224, .box_w = 12, .box_h = 13, .ofs_x = 1, .ofs_y = -1},
    {.bitmap_index = 21793, .adv_w = 224, .box_w = 13, .box_h = 13, .ofs_x = 0, .ofs_y = -1},
    {.bitmap_index = 21815, .adv_w = 224, .box_w = 13, .box_h = 13, .ofs_x = 0, .ofs_y = -1},
    {.bitmap_index = 21837, .adv_w = 224, .box_w = 13, .box_h = 14, .ofs_x = 1, .ofs_y = -2},
    {.bitmap_index = 21860, .adv_w = 224, .box_w = 13, .box_h = 13, .ofs_x = 1, .ofs_y = -1},
    {.bitmap_index = 21882, .adv_w = 224, .box_w = 14, .box_h = 13, .ofs_x = 0, .ofs_y = -1},
    {.bitmap_index = 21905, .adv_w = 224, .box_w = 13, .box_h = 13, .ofs_x = 1, .ofs_y = -1},
    {.bitmap_index = 21927, .adv_w = 224, .box_w = 13, .box_h = 13, .ofs_x = 1, .ofs_y = -1},
    {.bitmap_index = 21949, .adv_w = 224, .box_w = 13, .box_h = 13, .ofs_x = 0, .ofs_y = -1},
    {.bitmap_index = 21971, .adv_w = 224, .box_w = 13, .box_h = 13, .ofs_x = 1, .ofs_y = -1},
    {.bitmap_index = 21993, .adv_w = 224, .box_w = 12, .box_h = 13, .ofs_x = 1, .ofs_y = -1},
    {.bitmap_index = 22013, .adv_w = 224, .box_w = 13, .box_h = 13, .ofs_x = 1, .ofs_y = -1},
    {.bitmap_index = 22035, .adv_w = 224, .box_w = 13, .box_h = 13, .ofs_x = 1, .ofs_y = -1},
    {.bitmap_index = 22057, .adv_w = 224, .box_w = 13, .box_h = 13, .ofs_x = 1, .ofs_y = -1},
    {.bitmap_index = 22079, .adv_w = 224, .box_w = 13, .box_h = 14, .ofs_x = 1, .ofs_y = -1},
    {.bitmap_index = 22102, .adv_w = 224, .box_w = 13, .box_h = 13, .ofs_x = 0, .ofs_y = -1},
    {.bitmap_index = 22124, .adv_w = 224, .box_w = 13, .box_h = 13, .ofs_x = 1, .ofs_y = -1},
    {.bitmap_index = 22146, .adv_w = 224, .box_w = 13, .box_h = 13, .ofs_x = 0, .ofs_y = -1},
    {.bitmap_index = 22168, .adv_w = 224, .box_w = 13, .box_h = 13, .ofs_x = 0, .ofs_y = -1},
    {.bitmap_index = 22190, .adv_w = 224, .box_w = 13, .box_h = 13, .ofs_x = 1, .ofs_y = -1},
    {.bitmap_index = 22212, .adv_w = 224, .box_w = 13, .box_h = 13, .ofs_x = 1, .ofs_y = -1},
    {.bitmap_index = 22234, .adv_w = 224, .box_w = 13, .box_h = 13, .ofs_x = 0, .ofs_y = -1},
    {.bitmap_index = 22256, .adv_w = 224, .box_w = 14, .box_h = 13, .ofs_x = 0, .ofs_y = -1},
    {.bitmap_index = 22279, .adv_w = 224, .box_w = 13, .box_h = 13, .ofs_x = 1, .ofs_y = -1},
    {.bitmap_index = 22301, .adv_w = 224, .box_w = 12, .box_h = 14, .ofs_x = 1, .ofs_y = -2},
    {.bitmap_index = 22322, .adv_w = 224, .box_w = 13, .box_h = 14, .ofs_x = 0, .ofs_y = -2},
    {.bitmap_index = 22345, .adv_w = 224, .box_w = 13, .box_h = 13, .ofs_x = 1, .ofs_y = -1},
    {.bitmap_index = 22367, .adv_w = 224, .box_w = 13, .box_h = 13, .ofs_x = 1, .ofs_y = -1},
    {.bitmap_index = 22389, .adv_w = 224, .box_w = 13, .box_h = 14, .ofs_x = 1, .ofs_y = -2},
    {.bitmap_index = 22412, .adv_w = 224, .box_w = 13, .box_h = 14, .ofs_x = 1, .ofs_y = -2},
    {.bitmap_index = 22435, .adv_w = 224, .box_w = 13, .box_h = 13, .ofs_x = 1, .ofs_y = -1},
    {.bitmap_index = 22457, .adv_w = 224, .box_w = 13, .box_h = 14, .ofs_x = 0, .ofs_y = -2},
    {.bitmap_index = 22480, .adv_w = 224, .box_w = 12, .box_h = 14, .ofs_x = 1, .ofs_y = -2},
    {.bitmap_index = 22501, .adv_w = 224, .box_w = 14, .box_h = 13, .ofs_x = 0, .ofs_y = -1},
    {.bitmap_index = 22524, .adv_w = 224, .box_w = 13, .box_h = 13, .ofs_x = 1, .ofs_y = -1},
    {.bitmap_index = 22546, .adv_w = 224, .box_w = 13, .box_h = 13, .ofs_x = 1, .ofs_y = -1},
    {.bitmap_index = 22568, .adv_w = 224, .box_w = 13, .box_h = 14, .ofs_x = 1, .ofs_y = -2},
    {.bitmap_index = 22591, .adv_w = 224, .box_w = 13, .box_h = 13, .ofs_x = 1, .ofs_y = -1},
    {.bitmap_index = 22613, .adv_w = 224, .box_w = 12, .box_h = 13, .ofs_x = 1, .ofs_y = -1},
    {.bitmap_index = 22633, .adv_w = 224, .box_w = 13, .box_h = 14, .ofs_x = 1, .ofs_y = -2},
    {.bitmap_index = 22656, .adv_w = 224, .box_w = 13, .box_h = 13, .ofs_x = 1, .ofs_y = -1},
    {.bitmap_index = 22678, .adv_w = 224, .box_w = 13, .box_h = 13, .ofs_x = 1, .ofs_y = -1},
    {.bitmap_index = 22700, .adv_w = 224, .box_w = 13, .box_h = 14, .ofs_x = 1, .ofs_y = -2},
    {.bitmap_index = 22723, .adv_w = 224, .box_w = 13, .box_h = 14, .ofs_x = 1, .ofs_y = -2},
    {.bitmap_index = 22746, .adv_w = 224, .box_w = 13, .box_h = 13, .ofs_x = 1, .ofs_y = -1},
    {.bitmap_index = 22768, .adv_w = 224, .box_w = 13, .box_h = 13, .ofs_x = 1, .ofs_y = -1},
    {.bitmap_index = 22790, .adv_w = 224, .box_w = 12, .box_h = 13, .ofs_x = 1, .ofs_y = -1},
    {.bitmap_index = 22810, .adv_w = 224, .box_w = 12, .box_h = 13, .ofs_x = 1, .ofs_y = -1},
    {.bitmap_index = 22830, .adv_w = 224, .box_w = 14, .box_h = 13, .ofs_x = 0, .ofs_y = -1},
    {.bitmap_index = 22853, .adv_w = 224, .box_w = 13, .box_h = 13, .ofs_x = 1, .ofs_y = -1},
    {.bitmap_index = 22875, .adv_w = 224, .box_w = 14, .box_h = 14, .ofs_x = 0, .ofs_y = -1},
    {.bitmap_index = 22900, .adv_w = 224, .box_w = 13, .box_h = 13, .ofs_x = 1, .ofs_y = -1},
    {.bitmap_index = 22922, .adv_w = 224, .box_w = 13, .box_h = 13, .ofs_x = 0, .ofs_y = -1},
    {.bitmap_index = 22944, .adv_w = 224, .box_w = 13, .box_h = 13, .ofs_x = 0, .ofs_y = -1},
    {.bitmap_index = 22966, .adv_w = 224, .box_w = 13, .box_h = 13, .ofs_x = 0, .ofs_y = -1},
    {.bitmap_index = 22988, .adv_w = 224, .box_w = 13, .box_h = 13, .ofs_x = 0, .ofs_y = -1},
    {.bitmap_index = 23010, .adv_w = 224, .box_w = 13, .box_h = 13, .ofs_x = 0, .ofs_y = -1},
    {.bitmap_index = 23032, .adv_w = 224, .box_w = 13, .box_h = 14, .ofs_x = 1, .ofs_y = -2},
    {.bitmap_index = 23055, .adv_w = 224, .box_w = 11, .box_h = 13, .ofs_x = 2, .ofs_y = -1},
    {.bitmap_index = 23073, .adv_w = 224, .box_w = 12, .box_h = 13, .ofs_x = 1, .ofs_y = -1},
    {.bitmap_index = 23093, .adv_w = 224, .box_w = 13, .box_h = 13, .ofs_x = 1, .ofs_y = -1},
    {.bitmap_index = 23115, .adv_w = 224, .box_w = 12, .box_h = 14, .ofs_x = 0, .ofs_y = -1},
    {.bitmap_index = 23136, .adv_w = 224, .box_w = 14, .box_h = 13, .ofs_x = 0, .ofs_y = -1},
    {.bitmap_index = 23159, .adv_w = 224, .box_w = 14, .box_h = 13, .ofs_x = 0, .ofs_y = -1},
    {.bitmap_index = 23182, .adv_w = 224, .box_w = 14, .box_h = 14, .ofs_x = 0, .ofs_y = -2},
    {.bitmap_index = 23207, .adv_w = 224, .box_w = 13, .box_h = 13, .ofs_x = 1, .ofs_y = -1},
    {.bitmap_index = 23229, .adv_w = 224, .box_w = 13, .box_h = 13, .ofs_x = 1, .ofs_y = -1},
    {.bitmap_index = 23251, .adv_w = 224, .box_w = 12, .box_h = 13, .ofs_x = 1, .ofs_y = -1},
    {.bitmap_index = 23271, .adv_w = 224, .box_w = 13, .box_h = 13, .ofs_x = 1, .ofs_y = -1},
    {.bitmap_index = 23293, .adv_w = 224, .box_w = 14, .box_h = 14, .ofs_x = 0, .ofs_y = -2},
    {.bitmap_index = 23318, .adv_w = 224, .box_w = 12, .box_h = 13, .ofs_x = 1, .ofs_y = -1},
    {.bitmap_index = 23338, .adv_w = 224, .box_w = 11, .box_h = 13, .ofs_x = 2, .ofs_y = -1},
    {.bitmap_index = 23356, .adv_w = 224, .box_w = 13, .box_h = 13, .ofs_x = 0, .ofs_y = -1},
    {.bitmap_index = 23378, .adv_w = 224, .box_w = 13, .box_h = 13, .ofs_x = 0, .ofs_y = -1},
    {.bitmap_index = 23400, .adv_w = 224, .box_w = 13, .box_h = 13, .ofs_x = 0, .ofs_y = -1},
    {.bitmap_index = 23422, .adv_w = 224, .box_w = 14, .box_h = 12, .ofs_x = 0, .ofs_y = -1},
    {.bitmap_index = 23443, .adv_w = 224, .box_w = 13, .box_h = 13, .ofs_x = 0, .ofs_y = -1},
    {.bitmap_index = 23465, .adv_w = 224, .box_w = 13, .box_h = 13, .ofs_x = 0, .ofs_y = -1},
    {.bitmap_index = 23487, .adv_w = 224, .box_w = 13, .box_h = 14, .ofs_x = 0, .ofs_y = -2},
    {.bitmap_index = 23510, .adv_w = 224, .box_w = 13, .box_h = 13, .ofs_x = 1, .ofs_y = -1},
    {.bitmap_index = 23532, .adv_w = 224, .box_w = 13, .box_h = 13, .ofs_x = 1, .ofs_y = -1},
    {.bitmap_index = 23554, .adv_w = 224, .box_w = 13, .box_h = 13, .ofs_x = 1, .ofs_y = -1},
    {.bitmap_index = 23576, .adv_w = 224, .box_w = 14, .box_h = 13, .ofs_x = 0, .ofs_y = -1},
    {.bitmap_index = 23599, .adv_w = 224, .box_w = 13, .box_h = 14, .ofs_x = 0, .ofs_y = -1},
    {.bitmap_index = 23622, .adv_w = 224, .box_w = 13, .box_h = 13, .ofs_x = 0, .ofs_y = -1},
    {.bitmap_index = 23644, .adv_w = 224, .box_w = 13, .box_h = 13, .ofs_x = 0, .ofs_y = -1},
    {.bitmap_index = 23666, .adv_w = 224, .box_w = 14, .box_h = 13, .ofs_x = 0, .ofs_y = -1},
    {.bitmap_index = 23689, .adv_w = 224, .box_w = 14, .box_h = 13, .ofs_x = 0, .ofs_y = -1},
    {.bitmap_index = 23712, .adv_w = 224, .box_w = 13, .box_h = 13, .ofs_x = 1, .ofs_y = -1},
    {.bitmap_index = 23734, .adv_w = 224, .box_w = 14, .box_h = 13, .ofs_x = 0, .ofs_y = -1},
    {.bitmap_index = 23757, .adv_w = 224, .box_w = 14, .box_h = 13, .ofs_x = 0, .ofs_y = -1},
    {.bitmap_index = 23780, .adv_w = 224, .box_w = 14, .box_h = 13, .ofs_x = 0, .ofs_y = -1},
    {.bitmap_index = 23803, .adv_w = 224, .box_w = 13, .box_h = 13, .ofs_x = 0, .ofs_y = -1},
    {.bitmap_index = 23825, .adv_w = 224, .box_w = 14, .box_h = 13, .ofs_x = 0, .ofs_y = -1},
    {.bitmap_index = 23848, .adv_w = 224, .box_w = 13, .box_h = 13, .ofs_x = 0, .ofs_y = -1},
    {.bitmap_index = 23870, .adv_w = 224, .box_w = 13, .box_h = 13, .ofs_x = 0, .ofs_y = -1},
    {.bitmap_index = 23892, .adv_w = 224, .box_w = 13, .box_h = 13, .ofs_x = 0, .ofs_y = -1},
    {.bitmap_index = 23914, .adv_w = 224, .box_w = 13, .box_h = 13, .ofs_x = 0, .ofs_y = -1},
    {.bitmap_index = 23936, .adv_w = 224, .box_w = 14, .box_h = 13, .ofs_x = 0, .ofs_y = -1},
    {.bitmap_index = 23959, .adv_w = 224, .box_w = 14, .box_h = 13, .ofs_x = 0, .ofs_y = -1},
    {.bitmap_index = 23982, .adv_w = 224, .box_w = 14, .box_h = 13, .ofs_x = 0, .ofs_y = -1},
    {.bitmap_index = 24005, .adv_w = 224, .box_w = 14, .box_h = 12, .ofs_x = 0, .ofs_y = -1},
    {.bitmap_index = 24026, .adv_w = 224, .box_w = 13, .box_h = 13, .ofs_x = 1, .ofs_y = -1},
    {.bitmap_index = 24048, .adv_w = 224, .box_w = 14, .box_h = 13, .ofs_x = 0, .ofs_y = -1},
    {.bitmap_index = 24071, .adv_w = 224, .box_w = 13, .box_h = 13, .ofs_x = 1, .ofs_y = -1},
    {.bitmap_index = 24093, .adv_w = 224, .box_w = 13, .box_h = 13, .ofs_x = 1, .ofs_y = -1},
    {.bitmap_index = 24115, .adv_w = 224, .box_w = 14, .box_h = 13, .ofs_x = 0, .ofs_y = -1},
    {.bitmap_index = 24138, .adv_w = 224, .box_w = 13, .box_h = 13, .ofs_x = 0, .ofs_y = -1},
    {.bitmap_index = 24160, .adv_w = 224, .box_w = 13, .box_h = 13, .ofs_x = 1, .ofs_y = -1},
    {.bitmap_index = 24182, .adv_w = 224, .box_w = 13, .box_h = 13, .ofs_x = 1, .ofs_y = -1},
    {.bitmap_index = 24204, .adv_w = 224, .box_w = 13, .box_h = 13, .ofs_x = 1, .ofs_y = -1},
    {.bitmap_index = 24226, .adv_w = 224, .box_w = 13, .box_h = 13, .ofs_x = 1, .ofs_y = -1},
    {.bitmap_index = 24248, .adv_w = 224, .box_w = 14, .box_h = 13, .ofs_x = 0, .ofs_y = -1},
    {.bitmap_index = 24271, .adv_w = 224, .box_w = 13, .box_h = 13, .ofs_x = 1, .ofs_y = -1},
    {.bitmap_index = 24293, .adv_w = 224, .box_w = 14, .box_h = 14, .ofs_x = 0, .ofs_y = -1},
    {.bitmap_index = 24318, .adv_w = 224, .box_w = 13, .box_h = 13, .ofs_x = 1, .ofs_y = -1},
    {.bitmap_index = 24340, .adv_w = 224, .box_w = 14, .box_h = 13, .ofs_x = 0, .ofs_y = -1},
    {.bitmap_index = 24363, .adv_w = 224, .box_w = 13, .box_h = 13, .ofs_x = 1, .ofs_y = -1},
    {.bitmap_index = 24385, .adv_w = 224, .box_w = 13, .box_h = 13, .ofs_x = 1, .ofs_y = -1},
    {.bitmap_index = 24407, .adv_w = 224, .box_w = 13, .box_h = 13, .ofs_x = 1, .ofs_y = -1},
    {.bitmap_index = 24429, .adv_w = 224, .box_w = 13, .box_h = 13, .ofs_x = 1, .ofs_y = -1},
    {.bitmap_index = 24451, .adv_w = 224, .box_w = 13, .box_h = 13, .ofs_x = 1, .ofs_y = -1},
    {.bitmap_index = 24473, .adv_w = 224, .box_w = 13, .box_h = 13, .ofs_x = 1, .ofs_y = -1},
    {.bitmap_index = 24495, .adv_w = 224, .box_w = 13, .box_h = 13, .ofs_x = 1, .ofs_y = -1},
    {.bitmap_index = 24517, .adv_w = 224, .box_w = 13, .box_h = 13, .ofs_x = 1, .ofs_y = -1},
    {.bitmap_index = 24539, .adv_w = 224, .box_w = 13, .box_h = 14, .ofs_x = 1, .ofs_y = -1},
    {.bitmap_index = 24562, .adv_w = 224, .box_w = 13, .box_h = 13, .ofs_x = 1, .ofs_y = -1},
    {.bitmap_index = 24584, .adv_w = 224, .box_w = 14, .box_h = 13, .ofs_x = 0, .ofs_y = -1},
    {.bitmap_index = 24607, .adv_w = 224, .box_w = 13, .box_h = 13, .ofs_x = 0, .ofs_y = -1},
    {.bitmap_index = 24629, .adv_w = 224, .box_w = 14, .box_h = 14, .ofs_x = 1, .ofs_y = -2},
    {.bitmap_index = 24654, .adv_w = 224, .box_w = 13, .box_h = 13, .ofs_x = 1, .ofs_y = -1},
    {.bitmap_index = 24676, .adv_w = 224, .box_w = 13, .box_h = 13, .ofs_x = 0, .ofs_y = -1},
    {.bitmap_index = 24698, .adv_w = 224, .box_w = 13, .box_h = 13, .ofs_x = 1, .ofs_y = -1},
    {.bitmap_index = 24720, .adv_w = 224, .box_w = 13, .box_h = 13, .ofs_x = 1, .ofs_y = -1},
    {.bitmap_index = 24742, .adv_w = 224, .box_w = 13, .box_h = 13, .ofs_x = 1, .ofs_y = -1},
    {.bitmap_index = 24764, .adv_w = 224, .box_w = 13, .box_h = 13, .ofs_x = 1, .ofs_y = -1},
    {.bitmap_index = 24786, .adv_w = 224, .box_w = 13, .box_h = 13, .ofs_x = 1, .ofs_y = -1},
    {.bitmap_index = 24808, .adv_w = 224, .box_w = 14, .box_h = 13, .ofs_x = 0, .ofs_y = -1},
    {.bitmap_index = 24831, .adv_w = 224, .box_w = 14, .box_h = 14, .ofs_x = 0, .ofs_y = -1},
    {.bitmap_index = 24856, .adv_w = 224, .box_w = 13, .box_h = 13, .ofs_x = 1, .ofs_y = -1},
    {.bitmap_index = 24878, .adv_w = 224, .box_w = 14, .box_h = 13, .ofs_x = 0, .ofs_y = -1},
    {.bitmap_index = 24901, .adv_w = 224, .box_w = 13, .box_h = 13, .ofs_x = 1, .ofs_y = -1},
    {.bitmap_index = 24923, .adv_w = 224, .box_w = 14, .box_h = 14, .ofs_x = 0, .ofs_y = -2},
    {.bitmap_index = 24948, .adv_w = 224, .box_w = 13, .box_h = 14, .ofs_x = 1, .ofs_y = -1},
    {.bitmap_index = 24971, .adv_w = 224, .box_w = 13, .box_h = 13, .ofs_x = 1, .ofs_y = -1},
    {.bitmap_index = 24993, .adv_w = 224, .box_w = 13, .box_h = 13, .ofs_x = 1, .ofs_y = -1},
    {.bitmap_index = 25015, .adv_w = 224, .box_w = 13, .box_h = 13, .ofs_x = 1, .ofs_y = -1},
    {.bitmap_index = 25037, .adv_w = 224, .box_w = 13, .box_h = 13, .ofs_x = 0, .ofs_y = -1},
    {.bitmap_index = 25059, .adv_w = 224, .box_w = 13, .box_h = 13, .ofs_x = 1, .ofs_y = -1},
    {.bitmap_index = 25081, .adv_w = 224, .box_w = 13, .box_h = 13, .ofs_x = 1, .ofs_y = -1},
    {.bitmap_index = 25103, .adv_w = 224, .box_w = 13, .box_h = 13, .ofs_x = 1, .ofs_y = -1},
    {.bitmap_index = 25125, .adv_w = 224, .box_w = 14, .box_h = 13, .ofs_x = 0, .ofs_y = -1},
    {.bitmap_index = 25148, .adv_w = 224, .box_w = 13, .box_h = 13, .ofs_x = 1, .ofs_y = -1},
    {.bitmap_index = 25170, .adv_w = 224, .box_w = 14, .box_h = 13, .ofs_x = 0, .ofs_y = -1},
    {.bitmap_index = 25193, .adv_w = 224, .box_w = 13, .box_h = 13, .ofs_x = 1, .ofs_y = -1},
    {.bitmap_index = 25215, .adv_w = 224, .box_w = 13, .box_h = 13, .ofs_x = 1, .ofs_y = -1},
    {.bitmap_index = 25237, .adv_w = 224, .box_w = 14, .box_h = 13, .ofs_x = 0, .ofs_y = -1},
    {.bitmap_index = 25260, .adv_w = 224, .box_w = 13, .box_h = 13, .ofs_x = 1, .ofs_y = -1},
    {.bitmap_index = 25282, .adv_w = 224, .box_w = 14, .box_h = 13, .ofs_x = 0, .ofs_y = -1},
    {.bitmap_index = 25305, .adv_w = 224, .box_w = 13, .box_h = 13, .ofs_x = 1, .ofs_y = -1},
    {.bitmap_index = 25327, .adv_w = 224, .box_w = 13, .box_h = 13, .ofs_x = 1, .ofs_y = -1},
    {.bitmap_index = 25349, .adv_w = 224, .box_w = 13, .box_h = 13, .ofs_x = 0, .ofs_y = -1},
    {.bitmap_index = 25371, .adv_w = 224, .box_w = 13, .box_h = 13, .ofs_x = 1, .ofs_y = -1},
    {.bitmap_index = 25393, .adv_w = 224, .box_w = 13, .box_h = 13, .ofs_x = 1, .ofs_y = -1},
    {.bitmap_index = 25415, .adv_w = 224, .box_w = 13, .box_h = 13, .ofs_x = 0, .ofs_y = -1},
    {.bitmap_index = 25437, .adv_w = 224, .box_w = 13, .box_h = 13, .ofs_x = 1, .ofs_y = -1},
    {.bitmap_index = 25459, .adv_w = 224, .box_w = 13, .box_h = 13, .ofs_x = 0, .ofs_y = -1},
    {.bitmap_index = 25481, .adv_w = 224, .box_w = 13, .box_h = 13, .ofs_x = 1, .ofs_y = -1},
    {.bitmap_index = 25503, .adv_w = 224, .box_w = 14, .box_h = 13, .ofs_x = 1, .ofs_y = -1},
    {.bitmap_index = 25526, .adv_w = 224, .box_w = 13, .box_h = 13, .ofs_x = 1, .ofs_y = -1},
    {.bitmap_index = 25548, .adv_w = 224, .box_w = 13, .box_h = 13, .ofs_x = 1, .ofs_y = -1},
    {.bitmap_index = 25570, .adv_w = 224, .box_w = 13, .box_h = 13, .ofs_x = 0, .ofs_y = -1},
    {.bitmap_index = 25592, .adv_w = 224, .box_w = 13, .box_h = 13, .ofs_x = 1, .ofs_y = -1},
    {.bitmap_index = 25614, .adv_w = 224, .box_w = 13, .box_h = 13, .ofs_x = 1, .ofs_y = -1},
    {.bitmap_index = 25636, .adv_w = 224, .box_w = 14, .box_h = 13, .ofs_x = 0, .ofs_y = -1},
    {.bitmap_index = 25659, .adv_w = 224, .box_w = 13, .box_h = 13, .ofs_x = 0, .ofs_y = -1},
    {.bitmap_index = 25681, .adv_w = 224, .box_w = 13, .box_h = 13, .ofs_x = 0, .ofs_y = -1},
    {.bitmap_index = 25703, .adv_w = 224, .box_w = 14, .box_h = 13, .ofs_x = 0, .ofs_y = -1},
    {.bitmap_index = 25726, .adv_w = 224, .box_w = 13, .box_h = 13, .ofs_x = 1, .ofs_y = -1},
    {.bitmap_index = 25748, .adv_w = 224, .box_w = 13, .box_h = 14, .ofs_x = 1, .ofs_y = -1},
    {.bitmap_index = 25771, .adv_w = 224, .box_w = 14, .box_h = 13, .ofs_x = 0, .ofs_y = -1},
    {.bitmap_index = 25794, .adv_w = 224, .box_w = 14, .box_h = 13, .ofs_x = 0, .ofs_y = -1},
    {.bitmap_index = 25817, .adv_w = 224, .box_w = 13, .box_h = 13, .ofs_x = 0, .ofs_y = -1},
    {.bitmap_index = 25839, .adv_w = 224, .box_w = 13, .box_h = 13, .ofs_x = 1, .ofs_y = -1},
    {.bitmap_index = 25861, .adv_w = 224, .box_w = 13, .box_h = 13, .ofs_x = 0, .ofs_y = -1},
    {.bitmap_index = 25883, .adv_w = 224, .box_w = 13, .box_h = 13, .ofs_x = 1, .ofs_y = -1},
    {.bitmap_index = 25905, .adv_w = 224, .box_w = 13, .box_h = 13, .ofs_x = 1, .ofs_y = -1},
    {.bitmap_index = 25927, .adv_w = 224, .box_w = 13, .box_h = 13, .ofs_x = 0, .ofs_y = -1},
    {.bitmap_index = 25949, .adv_w = 224, .box_w = 14, .box_h = 13, .ofs_x = 0, .ofs_y = -1},
    {.bitmap_index = 25972, .adv_w = 224, .box_w = 13, .box_h = 13, .ofs_x = 1, .ofs_y = -1},
    {.bitmap_index = 25994, .adv_w = 224, .box_w = 13, .box_h = 13, .ofs_x = 1, .ofs_y = -1},
    {.bitmap_index = 26016, .adv_w = 224, .box_w = 14, .box_h = 13, .ofs_x = 0, .ofs_y = -1},
    {.bitmap_index = 26039, .adv_w = 224, .box_w = 14, .box_h = 14, .ofs_x = 1, .ofs_y = -2},
    {.bitmap_index = 26064, .adv_w = 224, .box_w = 13, .box_h = 13, .ofs_x = 1, .ofs_y = -1},
    {.bitmap_index = 26086, .adv_w = 224, .box_w = 14, .box_h = 13, .ofs_x = 0, .ofs_y = -1},
    {.bitmap_index = 26109, .adv_w = 224, .box_w = 14, .box_h = 13, .ofs_x = 0, .ofs_y = -1},
    {.bitmap_index = 26132, .adv_w = 224, .box_w = 13, .box_h = 13, .ofs_x = 0, .ofs_y = -1},
    {.bitmap_index = 26154, .adv_w = 224, .box_w = 14, .box_h = 13, .ofs_x = 0, .ofs_y = -1},
    {.bitmap_index = 26177, .adv_w = 224, .box_w = 14, .box_h = 13, .ofs_x = 0, .ofs_y = -1},
    {.bitmap_index = 26200, .adv_w = 224, .box_w = 13, .box_h = 13, .ofs_x = 1, .ofs_y = -1},
    {.bitmap_index = 26222, .adv_w = 224, .box_w = 13, .box_h = 13, .ofs_x = 0, .ofs_y = -1},
    {.bitmap_index = 26244, .adv_w = 224, .box_w = 14, .box_h = 14, .ofs_x = 0, .ofs_y = -1},
    {.bitmap_index = 26269, .adv_w = 224, .box_w = 13, .box_h = 13, .ofs_x = 1, .ofs_y = -1},
    {.bitmap_index = 26291, .adv_w = 224, .box_w = 14, .box_h = 13, .ofs_x = 0, .ofs_y = -1},
    {.bitmap_index = 26314, .adv_w = 224, .box_w = 14, .box_h = 13, .ofs_x = 0, .ofs_y = -1},
    {.bitmap_index = 26337, .adv_w = 224, .box_w = 14, .box_h = 13, .ofs_x = 0, .ofs_y = -1},
    {.bitmap_index = 26360, .adv_w = 224, .box_w = 13, .box_h = 13, .ofs_x = 0, .ofs_y = -1},
    {.bitmap_index = 26382, .adv_w = 224, .box_w = 14, .box_h = 14, .ofs_x = 0, .ofs_y = -2},
    {.bitmap_index = 26407, .adv_w = 224, .box_w = 13, .box_h = 13, .ofs_x = 0, .ofs_y = -1},
    {.bitmap_index = 26429, .adv_w = 224, .box_w = 13, .box_h = 13, .ofs_x = 1, .ofs_y = -1},
    {.bitmap_index = 26451, .adv_w = 224, .box_w = 13, .box_h = 14, .ofs_x = 1, .ofs_y = -2},
    {.bitmap_index = 26474, .adv_w = 224, .box_w = 12, .box_h = 13, .ofs_x = 1, .ofs_y = -1},
    {.bitmap_index = 26494, .adv_w = 224, .box_w = 13, .box_h = 13, .ofs_x = 1, .ofs_y = -1},
    {.bitmap_index = 26516, .adv_w = 224, .box_w = 13, .box_h = 13, .ofs_x = 0, .ofs_y = -2},
    {.bitmap_index = 26538, .adv_w = 224, .box_w = 13, .box_h = 14, .ofs_x = 1, .ofs_y = -2},
    {.bitmap_index = 26561, .adv_w = 224, .box_w = 13, .box_h = 13, .ofs_x = 1, .ofs_y = -1},
    {.bitmap_index = 26583, .adv_w = 224, .box_w = 12, .box_h = 14, .ofs_x = 1, .ofs_y = -2},
    {.bitmap_index = 26604, .adv_w = 224, .box_w = 13, .box_h = 13, .ofs_x = 0, .ofs_y = -1},
    {.bitmap_index = 26626, .adv_w = 224, .box_w = 13, .box_h = 13, .ofs_x = 1, .ofs_y = -1},
    {.bitmap_index = 26648, .adv_w = 224, .box_w = 13, .box_h = 14, .ofs_x = 1, .ofs_y = -2},
    {.bitmap_index = 26671, .adv_w = 224, .box_w = 12, .box_h = 13, .ofs_x = 1, .ofs_y = -1},
    {.bitmap_index = 26691, .adv_w = 224, .box_w = 13, .box_h = 13, .ofs_x = 0, .ofs_y = -1},
    {.bitmap_index = 26713, .adv_w = 224, .box_w = 13, .box_h = 13, .ofs_x = 1, .ofs_y = -1},
    {.bitmap_index = 26735, .adv_w = 224, .box_w = 13, .box_h = 13, .ofs_x = 0, .ofs_y = -1},
    {.bitmap_index = 26757, .adv_w = 224, .box_w = 13, .box_h = 14, .ofs_x = 0, .ofs_y = -2},
    {.bitmap_index = 26780, .adv_w = 224, .box_w = 13, .box_h = 13, .ofs_x = 1, .ofs_y = -1},
    {.bitmap_index = 26802, .adv_w = 224, .box_w = 13, .box_h = 13, .ofs_x = 0, .ofs_y = -1},
    {.bitmap_index = 26824, .adv_w = 224, .box_w = 14, .box_h = 13, .ofs_x = 0, .ofs_y = -1},
    {.bitmap_index = 26847, .adv_w = 224, .box_w = 14, .box_h = 13, .ofs_x = 0, .ofs_y = -1},
    {.bitmap_index = 26870, .adv_w = 224, .box_w = 13, .box_h = 13, .ofs_x = 1, .ofs_y = -1},
    {.bitmap_index = 26892, .adv_w = 224, .box_w = 14, .box_h = 13, .ofs_x = 0, .ofs_y = -1},
    {.bitmap_index = 26915, .adv_w = 224, .box_w = 13, .box_h = 13, .ofs_x = 1, .ofs_y = -1},
    {.bitmap_index = 26937, .adv_w = 224, .box_w = 13, .box_h = 13, .ofs_x = 1, .ofs_y = -1},
    {.bitmap_index = 26959, .adv_w = 224, .box_w = 13, .box_h = 14, .ofs_x = 1, .ofs_y = -2},
    {.bitmap_index = 26982, .adv_w = 224, .box_w = 14, .box_h = 13, .ofs_x = 0, .ofs_y = -1},
    {.bitmap_index = 27005, .adv_w = 224, .box_w = 13, .box_h = 13, .ofs_x = 1, .ofs_y = -1},
    {.bitmap_index = 27027, .adv_w = 224, .box_w = 12, .box_h = 13, .ofs_x = 1, .ofs_y = -1},
    {.bitmap_index = 27047, .adv_w = 224, .box_w = 13, .box_h = 13, .ofs_x = 1, .ofs_y = -1},
    {.bitmap_index = 27069, .adv_w = 224, .box_w = 13, .box_h = 13, .ofs_x = 1, .ofs_y = -1},
    {.bitmap_index = 27091, .adv_w = 224, .box_w = 13, .box_h = 14, .ofs_x = 1, .ofs_y = -2},
    {.bitmap_index = 27114, .adv_w = 224, .box_w = 13, .box_h = 13, .ofs_x = 1, .ofs_y = -1},
    {.bitmap_index = 27136, .adv_w = 224, .box_w = 13, .box_h = 14, .ofs_x = 1, .ofs_y = -2},
    {.bitmap_index = 27159, .adv_w = 224, .box_w = 13, .box_h = 14, .ofs_x = 1, .ofs_y = -2},
    {.bitmap_index = 27182, .adv_w = 224, .box_w = 13, .box_h = 13, .ofs_x = 1, .ofs_y = -1},
    {.bitmap_index = 27204, .adv_w = 224, .box_w = 13, .box_h = 13, .ofs_x = 1, .ofs_y = -1},
    {.bitmap_index = 27226, .adv_w = 224, .box_w = 13, .box_h = 13, .ofs_x = 0, .ofs_y = -1},
    {.bitmap_index = 27248, .adv_w = 224, .box_w = 13, .box_h = 14, .ofs_x = 0, .ofs_y = -2},
    {.bitmap_index = 27271, .adv_w = 224, .box_w = 13, .box_h = 14, .ofs_x = 1, .ofs_y = -2},
    {.bitmap_index = 27294, .adv_w = 224, .box_w = 13, .box_h = 13, .ofs_x = 0, .ofs_y = -1},
    {.bitmap_index = 27316, .adv_w = 224, .box_w = 13, .box_h = 13, .ofs_x = 1, .ofs_y = -1},
    {.bitmap_index = 27338, .adv_w = 224, .box_w = 13, .box_h = 13, .ofs_x = 1, .ofs_y = -1},
    {.bitmap_index = 27360, .adv_w = 224, .box_w = 13, .box_h = 13, .ofs_x = 1, .ofs_y = -1},
    {.bitmap_index = 27382, .adv_w = 224, .box_w = 13, .box_h = 13, .ofs_x = 0, .ofs_y = -1},
    {.bitmap_index = 27404, .adv_w = 224, .box_w = 13, .box_h = 13, .ofs_x = 1, .ofs_y = -1},
    {.bitmap_index = 27426, .adv_w = 224, .box_w = 13, .box_h = 13, .ofs_x = 0, .ofs_y = -1},
    {.bitmap_index = 27448, .adv_w = 224, .box_w = 13, .box_h = 13, .ofs_x = 1, .ofs_y = -1},
    {.bitmap_index = 27470, .adv_w = 224, .box_w = 13, .box_h = 13, .ofs_x = 1, .ofs_y = -1},
    {.bitmap_index = 27492, .adv_w = 224, .box_w = 13, .box_h = 13, .ofs_x = 1, .ofs_y = -1},
    {.bitmap_index = 27514, .adv_w = 224, .box_w = 13, .box_h = 13, .ofs_x = 1, .ofs_y = -1},
    {.bitmap_index = 27536, .adv_w = 224, .box_w = 12, .box_h = 13, .ofs_x = 1, .ofs_y = -1},
    {.bitmap_index = 27556, .adv_w = 224, .box_w = 13, .box_h = 14, .ofs_x = 0, .ofs_y = -1},
    {.bitmap_index = 27579, .adv_w = 224, .box_w = 13, .box_h = 14, .ofs_x = 1, .ofs_y = -2},
    {.bitmap_index = 27602, .adv_w = 224, .box_w = 13, .box_h = 13, .ofs_x = 0, .ofs_y = -1},
    {.bitmap_index = 27624, .adv_w = 224, .box_w = 13, .box_h = 13, .ofs_x = 1, .ofs_y = -1},
    {.bitmap_index = 27646, .adv_w = 224, .box_w = 13, .box_h = 13, .ofs_x = 1, .ofs_y = -1},
    {.bitmap_index = 27668, .adv_w = 224, .box_w = 13, .box_h = 13, .ofs_x = 0, .ofs_y = -1},
    {.bitmap_index = 27690, .adv_w = 224, .box_w = 13, .box_h = 14, .ofs_x = 0, .ofs_y = -2},
    {.bitmap_index = 27713, .adv_w = 224, .box_w = 14, .box_h = 13, .ofs_x = 1, .ofs_y = -1},
    {.bitmap_index = 27736, .adv_w = 224, .box_w = 13, .box_h = 13, .ofs_x = 1, .ofs_y = -1},
    {.bitmap_index = 27758, .adv_w = 224, .box_w = 14, .box_h = 13, .ofs_x = 1, .ofs_y = -1},
    {.bitmap_index = 27781, .adv_w = 224, .box_w = 13, .box_h = 13, .ofs_x = 1, .ofs_y = -1},
    {.bitmap_index = 27803, .adv_w = 224, .box_w = 13, .box_h = 13, .ofs_x = 1, .ofs_y = -1},
    {.bitmap_index = 27825, .adv_w = 224, .box_w = 13, .box_h = 13, .ofs_x = 1, .ofs_y = -1},
    {.bitmap_index = 27847, .adv_w = 224, .box_w = 13, .box_h = 13, .ofs_x = 0, .ofs_y = -1},
    {.bitmap_index = 27869, .adv_w = 224, .box_w = 13, .box_h = 14, .ofs_x = 1, .ofs_y = -2},
    {.bitmap_index = 27892, .adv_w = 224, .box_w = 13, .box_h = 14, .ofs_x = 1, .ofs_y = -2},
    {.bitmap_index = 27915, .adv_w = 224, .box_w = 13, .box_h = 13, .ofs_x = 1, .ofs_y = -1},
    {.bitmap_index = 27937, .adv_w = 224, .box_w = 14, .box_h = 13, .ofs_x = 1, .ofs_y = -1},
    {.bitmap_index = 27960, .adv_w = 224, .box_w = 13, .box_h = 13, .ofs_x = 1, .ofs_y = -1},
    {.bitmap_index = 27982, .adv_w = 224, .box_w = 13, .box_h = 13, .ofs_x = 1, .ofs_y = -1},
    {.bitmap_index = 28004, .adv_w = 224, .box_w = 13, .box_h = 13, .ofs_x = 1, .ofs_y = -1},
    {.bitmap_index = 28026, .adv_w = 224, .box_w = 13, .box_h = 13, .ofs_x = 1, .ofs_y = -1},
    {.bitmap_index = 28048, .adv_w = 224, .box_w = 13, .box_h = 14, .ofs_x = 1, .ofs_y = -2},
    {.bitmap_index = 28071, .adv_w = 224, .box_w = 13, .box_h = 13, .ofs_x = 1, .ofs_y = -1},
    {.bitmap_index = 28093, .adv_w = 224, .box_w = 13, .box_h = 14, .ofs_x = 1, .ofs_y = -2},
    {.bitmap_index = 28116, .adv_w = 224, .box_w = 13, .box_h = 13, .ofs_x = 1, .ofs_y = -1},
    {.bitmap_index = 28138, .adv_w = 224, .box_w = 14, .box_h = 13, .ofs_x = 0, .ofs_y = -1},
    {.bitmap_index = 28161, .adv_w = 224, .box_w = 13, .box_h = 13, .ofs_x = 0, .ofs_y = -1},
    {.bitmap_index = 28183, .adv_w = 224, .box_w = 13, .box_h = 13, .ofs_x = 1, .ofs_y = -1},
    {.bitmap_index = 28205, .adv_w = 224, .box_w = 13, .box_h = 13, .ofs_x = 1, .ofs_y = -1},
    {.bitmap_index = 28227, .adv_w = 224, .box_w = 13, .box_h = 13, .ofs_x = 0, .ofs_y = -1},
    {.bitmap_index = 28249, .adv_w = 224, .box_w = 14, .box_h = 14, .ofs_x = 1, .ofs_y = -2},
    {.bitmap_index = 28274, .adv_w = 224, .box_w = 13, .box_h = 13, .ofs_x = 1, .ofs_y = -1},
    {.bitmap_index = 28296, .adv_w = 224, .box_w = 13, .box_h = 13, .ofs_x = 1, .ofs_y = -1},
    {.bitmap_index = 28318, .adv_w = 224, .box_w = 13, .box_h = 13, .ofs_x = 1, .ofs_y = -1},
    {.bitmap_index = 28340, .adv_w = 224, .box_w = 13, .box_h = 13, .ofs_x = 1, .ofs_y = -1},
    {.bitmap_index = 28362, .adv_w = 224, .box_w = 14, .box_h = 14, .ofs_x = 1, .ofs_y = -2},
    {.bitmap_index = 28387, .adv_w = 224, .box_w = 13, .box_h = 14, .ofs_x = 1, .ofs_y = -2},
    {.bitmap_index = 28410, .adv_w = 224, .box_w = 13, .box_h = 13, .ofs_x = 0, .ofs_y = -1},
    {.bitmap_index = 28432, .adv_w = 224, .box_w = 13, .box_h = 13, .ofs_x = 1, .ofs_y = -1},
    {.bitmap_index = 28454, .adv_w = 224, .box_w = 13, .box_h = 14, .ofs_x = 1, .ofs_y = -2},
    {.bitmap_index = 28477, .adv_w = 224, .box_w = 13, .box_h = 14, .ofs_x = 0, .ofs_y = -2},
    {.bitmap_index = 28500, .adv_w = 224, .box_w = 13, .box_h = 15, .ofs_x = 1, .ofs_y = -2},
    {.bitmap_index = 28525, .adv_w = 224, .box_w = 13, .box_h = 14, .ofs_x = 0, .ofs_y = -2},
    {.bitmap_index = 28548, .adv_w = 224, .box_w = 13, .box_h = 14, .ofs_x = 1, .ofs_y = -2},
    {.bitmap_index = 28571, .adv_w = 224, .box_w = 13, .box_h = 13, .ofs_x = 1, .ofs_y = -1},
    {.bitmap_index = 28593, .adv_w = 224, .box_w = 13, .box_h = 13, .ofs_x = 1, .ofs_y = -1},
    {.bitmap_index = 28615, .adv_w = 224, .box_w = 14, .box_h = 13, .ofs_x = 1, .ofs_y = -1},
    {.bitmap_index = 28638, .adv_w = 224, .box_w = 12, .box_h = 13, .ofs_x = 1, .ofs_y = -1},
    {.bitmap_index = 28658, .adv_w = 224, .box_w = 13, .box_h = 13, .ofs_x = 1, .ofs_y = -1},
    {.bitmap_index = 28680, .adv_w = 224, .box_w = 13, .box_h = 14, .ofs_x = 1, .ofs_y = -2},
    {.bitmap_index = 28703, .adv_w = 224, .box_w = 13, .box_h = 13, .ofs_x = 1, .ofs_y = -1},
    {.bitmap_index = 28725, .adv_w = 224, .box_w = 14, .box_h = 14, .ofs_x = 1, .ofs_y = -2},
    {.bitmap_index = 28750, .adv_w = 224, .box_w = 13, .box_h = 13, .ofs_x = 1, .ofs_y = -1},
    {.bitmap_index = 28772, .adv_w = 224, .box_w = 13, .box_h = 13, .ofs_x = 0, .ofs_y = -1},
    {.bitmap_index = 28794, .adv_w = 224, .box_w = 14, .box_h = 14, .ofs_x = 0, .ofs_y = -1},
    {.bitmap_index = 28819, .adv_w = 224, .box_w = 13, .box_h = 14, .ofs_x = 1, .ofs_y = -2},
    {.bitmap_index = 28842, .adv_w = 224, .box_w = 13, .box_h = 13, .ofs_x = 1, .ofs_y = -1},
    {.bitmap_index = 28864, .adv_w = 224, .box_w = 13, .box_h = 13, .ofs_x = 0, .ofs_y = -1},
    {.bitmap_index = 28886, .adv_w = 224, .box_w = 13, .box_h = 13, .ofs_x = 1, .ofs_y = -1},
    {.bitmap_index = 28908, .adv_w = 224, .box_w = 14, .box_h = 14, .ofs_x = 0, .ofs_y = -2},
    {.bitmap_index = 28933, .adv_w = 224, .box_w = 13, .box_h = 13, .ofs_x = 1, .ofs_y = -1},
    {.bitmap_index = 28955, .adv_w = 224, .box_w = 13, .box_h = 12, .ofs_x = 1, .ofs_y = -1},
    {.bitmap_index = 28975, .adv_w = 224, .box_w = 13, .box_h = 13, .ofs_x = 1, .ofs_y = -1},
    {.bitmap_index = 28997, .adv_w = 224, .box_w = 13, .box_h = 13, .ofs_x = 0, .ofs_y = -1},
    {.bitmap_index = 29019, .adv_w = 224, .box_w = 14, .box_h = 14, .ofs_x = 0, .ofs_y = -2},
    {.bitmap_index = 29044, .adv_w = 224, .box_w = 13, .box_h = 14, .ofs_x = 0, .ofs_y = -2},
    {.bitmap_index = 29067, .adv_w = 224, .box_w = 13, .box_h = 13, .ofs_x = 0, .ofs_y = -1},
    {.bitmap_index = 29089, .adv_w = 224, .box_w = 13, .box_h = 13, .ofs_x = 1, .ofs_y = -1},
    {.bitmap_index = 29111, .adv_w = 224, .box_w = 13, .box_h = 13, .ofs_x = 0, .ofs_y = -1},
    {.bitmap_index = 29133, .adv_w = 224, .box_w = 13, .box_h = 13, .ofs_x = 1, .ofs_y = -1},
    {.bitmap_index = 29155, .adv_w = 224, .box_w = 14, .box_h = 13, .ofs_x = 0, .ofs_y = -1},
    {.bitmap_index = 29178, .adv_w = 224, .box_w = 13, .box_h = 13, .ofs_x = 1, .ofs_y = -1},
    {.bitmap_index = 29200, .adv_w = 224, .box_w = 14, .box_h = 13, .ofs_x = 0, .ofs_y = -1},
    {.bitmap_index = 29223, .adv_w = 224, .box_w = 13, .box_h = 13, .ofs_x = 1, .ofs_y = -1},
    {.bitmap_index = 29245, .adv_w = 224, .box_w = 13, .box_h = 13, .ofs_x = 1, .ofs_y = -1},
    {.bitmap_index = 29267, .adv_w = 224, .box_w = 13, .box_h = 14, .ofs_x = 1, .ofs_y = -2},
    {.bitmap_index = 29290, .adv_w = 224, .box_w = 13, .box_h = 13, .ofs_x = 1, .ofs_y = -1},
    {.bitmap_index = 29312, .adv_w = 224, .box_w = 13, .box_h = 12, .ofs_x = 0, .ofs_y = -1},
    {.bitmap_index = 29332, .adv_w = 224, .box_w = 14, .box_h = 13, .ofs_x = 0, .ofs_y = -1},
    {.bitmap_index = 29355, .adv_w = 224, .box_w = 13, .box_h = 13, .ofs_x = 1, .ofs_y = -1},
    {.bitmap_index = 29377, .adv_w = 224, .box_w = 13, .box_h = 14, .ofs_x = 1, .ofs_y = -2},
    {.bitmap_index = 29400, .adv_w = 224, .box_w = 14, .box_h = 13, .ofs_x = 0, .ofs_y = -1},
    {.bitmap_index = 29423, .adv_w = 224, .box_w = 14, .box_h = 13, .ofs_x = 0, .ofs_y = -1},
    {.bitmap_index = 29446, .adv_w = 224, .box_w = 14, .box_h = 13, .ofs_x = 0, .ofs_y = -1},
    {.bitmap_index = 29469, .adv_w = 224, .box_w = 13, .box_h = 13, .ofs_x = 0, .ofs_y = -1},
    {.bitmap_index = 29491, .adv_w = 224, .box_w = 13, .box_h = 13, .ofs_x = 0, .ofs_y = -1},
    {.bitmap_index = 29513, .adv_w = 224, .box_w = 13, .box_h = 13, .ofs_x = 0, .ofs_y = -1},
    {.bitmap_index = 29535, .adv_w = 224, .box_w = 14, .box_h = 14, .ofs_x = 0, .ofs_y = -2},
    {.bitmap_index = 29560, .adv_w = 224, .box_w = 14, .box_h = 14, .ofs_x = 1, .ofs_y = -2},
    {.bitmap_index = 29585, .adv_w = 224, .box_w = 14, .box_h = 13, .ofs_x = 0, .ofs_y = -1},
    {.bitmap_index = 29608, .adv_w = 224, .box_w = 13, .box_h = 13, .ofs_x = 1, .ofs_y = -1},
    {.bitmap_index = 29630, .adv_w = 224, .box_w = 13, .box_h = 14, .ofs_x = 1, .ofs_y = -2},
    {.bitmap_index = 29653, .adv_w = 224, .box_w = 13, .box_h = 14, .ofs_x = 1, .ofs_y = -1},
    {.bitmap_index = 29676, .adv_w = 224, .box_w = 13, .box_h = 14, .ofs_x = 0, .ofs_y = -2},
    {.bitmap_index = 29699, .adv_w = 224, .box_w = 13, .box_h = 13, .ofs_x = 0, .ofs_y = -1},
    {.bitmap_index = 29721, .adv_w = 224, .box_w = 13, .box_h = 13, .ofs_x = 1, .ofs_y = -1},
    {.bitmap_index = 29743, .adv_w = 224, .box_w = 13, .box_h = 13, .ofs_x = 0, .ofs_y = -1},
    {.bitmap_index = 29765, .adv_w = 224, .box_w = 13, .box_h = 13, .ofs_x = 1, .ofs_y = -1},
    {.bitmap_index = 29787, .adv_w = 224, .box_w = 13, .box_h = 13, .ofs_x = 0, .ofs_y = -1},
    {.bitmap_index = 29809, .adv_w = 224, .box_w = 13, .box_h = 13, .ofs_x = 1, .ofs_y = -1},
    {.bitmap_index = 29831, .adv_w = 224, .box_w = 13, .box_h = 12, .ofs_x = 1, .ofs_y = -1},
    {.bitmap_index = 29851, .adv_w = 224, .box_w = 14, .box_h = 13, .ofs_x = 0, .ofs_y = -1},
    {.bitmap_index = 29874, .adv_w = 224, .box_w = 14, .box_h = 14, .ofs_x = 0, .ofs_y = -2},
    {.bitmap_index = 29899, .adv_w = 224, .box_w = 13, .box_h = 13, .ofs_x = 1, .ofs_y = -1},
    {.bitmap_index = 29921, .adv_w = 224, .box_w = 14, .box_h = 13, .ofs_x = 0, .ofs_y = -1},
    {.bitmap_index = 29944, .adv_w = 224, .box_w = 13, .box_h = 13, .ofs_x = 1, .ofs_y = -1},
    {.bitmap_index = 29966, .adv_w = 224, .box_w = 13, .box_h = 13, .ofs_x = 0, .ofs_y = -1},
    {.bitmap_index = 29988, .adv_w = 224, .box_w = 13, .box_h = 13, .ofs_x = 0, .ofs_y = -1},
    {.bitmap_index = 30010, .adv_w = 224, .box_w = 13, .box_h = 13, .ofs_x = 1, .ofs_y = -1},
    {.bitmap_index = 30032, .adv_w = 224, .box_w = 13, .box_h = 14, .ofs_x = 0, .ofs_y = -2},
    {.bitmap_index = 30055, .adv_w = 224, .box_w = 13, .box_h = 13, .ofs_x = 0, .ofs_y = -1},
    {.bitmap_index = 30077, .adv_w = 224, .box_w = 13, .box_h = 14, .ofs_x = 0, .ofs_y = -2},
    {.bitmap_index = 30100, .adv_w = 224, .box_w = 13, .box_h = 13, .ofs_x = 1, .ofs_y = -1},
    {.bitmap_index = 30122, .adv_w = 224, .box_w = 13, .box_h = 13, .ofs_x = 1, .ofs_y = -1},
    {.bitmap_index = 30144, .adv_w = 224, .box_w = 13, .box_h = 13, .ofs_x = 0, .ofs_y = -1},
    {.bitmap_index = 30166, .adv_w = 224, .box_w = 14, .box_h = 13, .ofs_x = 1, .ofs_y = -1},
    {.bitmap_index = 30189, .adv_w = 224, .box_w = 13, .box_h = 14, .ofs_x = 0, .ofs_y = -2},
    {.bitmap_index = 30212, .adv_w = 224, .box_w = 13, .box_h = 13, .ofs_x = 1, .ofs_y = -1},
    {.bitmap_index = 30234, .adv_w = 224, .box_w = 13, .box_h = 13, .ofs_x = 1, .ofs_y = -1},
    {.bitmap_index = 30256, .adv_w = 224, .box_w = 14, .box_h = 13, .ofs_x = 0, .ofs_y = -1},
    {.bitmap_index = 30279, .adv_w = 224, .box_w = 13, .box_h = 13, .ofs_x = 1, .ofs_y = -1},
    {.bitmap_index = 30301, .adv_w = 224, .box_w = 13, .box_h = 14, .ofs_x = 0, .ofs_y = -2},
    {.bitmap_index = 30324, .adv_w = 224, .box_w = 14, .box_h = 13, .ofs_x = 0, .ofs_y = -1},
    {.bitmap_index = 30347, .adv_w = 224, .box_w = 13, .box_h = 13, .ofs_x = 0, .ofs_y = -1},
    {.bitmap_index = 30369, .adv_w = 224, .box_w = 14, .box_h = 13, .ofs_x = 0, .ofs_y = -1},
    {.bitmap_index = 30392, .adv_w = 224, .box_w = 14, .box_h = 14, .ofs_x = 0, .ofs_y = -2},
    {.bitmap_index = 30417, .adv_w = 224, .box_w = 14, .box_h = 13, .ofs_x = 0, .ofs_y = -1},
    {.bitmap_index = 30440, .adv_w = 224, .box_w = 13, .box_h = 13, .ofs_x = 0, .ofs_y = -2},
    {.bitmap_index = 30462, .adv_w = 224, .box_w = 14, .box_h = 14, .ofs_x = 0, .ofs_y = -2},
    {.bitmap_index = 30487, .adv_w = 224, .box_w = 14, .box_h = 14, .ofs_x = 1, .ofs_y = -2},
    {.bitmap_index = 30512, .adv_w = 224, .box_w = 13, .box_h = 14, .ofs_x = 0, .ofs_y = -2},
    {.bitmap_index = 30535, .adv_w = 224, .box_w = 14, .box_h = 13, .ofs_x = 0, .ofs_y = -1},
    {.bitmap_index = 30558, .adv_w = 224, .box_w = 13, .box_h = 13, .ofs_x = 0, .ofs_y = -1},
    {.bitmap_index = 30580, .adv_w = 224, .box_w = 13, .box_h = 13, .ofs_x = 0, .ofs_y = -1},
    {.bitmap_index = 30602, .adv_w = 224, .box_w = 13, .box_h = 13, .ofs_x = 1, .ofs_y = -1},
    {.bitmap_index = 30624, .adv_w = 224, .box_w = 13, .box_h = 13, .ofs_x = 0, .ofs_y = -1},
    {.bitmap_index = 30646, .adv_w = 224, .box_w = 13, .box_h = 13, .ofs_x = 0, .ofs_y = -1},
    {.bitmap_index = 30668, .adv_w = 224, .box_w = 13, .box_h = 14, .ofs_x = 0, .ofs_y = -2},
    {.bitmap_index = 30691, .adv_w = 224, .box_w = 13, .box_h = 13, .ofs_x = 0, .ofs_y = -1},
    {.bitmap_index = 30713, .adv_w = 224, .box_w = 13, .box_h = 13, .ofs_x = 0, .ofs_y = -1},
    {.bitmap_index = 30735, .adv_w = 224, .box_w = 14, .box_h = 13, .ofs_x = 0, .ofs_y = -1},
    {.bitmap_index = 30758, .adv_w = 224, .box_w = 13, .box_h = 13, .ofs_x = 1, .ofs_y = -1},
    {.bitmap_index = 30780, .adv_w = 224, .box_w = 13, .box_h = 13, .ofs_x = 0, .ofs_y = -1},
    {.bitmap_index = 30802, .adv_w = 224, .box_w = 13, .box_h = 13, .ofs_x = 1, .ofs_y = -1},
    {.bitmap_index = 30824, .adv_w = 224, .box_w = 14, .box_h = 13, .ofs_x = 1, .ofs_y = -1},
    {.bitmap_index = 30847, .adv_w = 224, .box_w = 13, .box_h = 13, .ofs_x = 1, .ofs_y = -1},
    {.bitmap_index = 30869, .adv_w = 224, .box_w = 14, .box_h = 13, .ofs_x = 0, .ofs_y = -1},
    {.bitmap_index = 30892, .adv_w = 224, .box_w = 14, .box_h = 14, .ofs_x = 0, .ofs_y = -2},
    {.bitmap_index = 30917, .adv_w = 224, .box_w = 14, .box_h = 13, .ofs_x = 0, .ofs_y = -1},
    {.bitmap_index = 30940, .adv_w = 224, .box_w = 13, .box_h = 13, .ofs_x = 0, .ofs_y = -1},
    {.bitmap_index = 30962, .adv_w = 224, .box_w = 13, .box_h = 13, .ofs_x = 0, .ofs_y = -1},
    {.bitmap_index = 30984, .adv_w = 224, .box_w = 13, .box_h = 13, .ofs_x = 0, .ofs_y = -1},
    {.bitmap_index = 31006, .adv_w = 224, .box_w = 14, .box_h = 13, .ofs_x = 0, .ofs_y = -1},
    {.bitmap_index = 31029, .adv_w = 224, .box_w = 13, .box_h = 13, .ofs_x = 0, .ofs_y = -1},
    {.bitmap_index = 31051, .adv_w = 224, .box_w = 13, .box_h = 13, .ofs_x = 1, .ofs_y = -1},
    {.bitmap_index = 31073, .adv_w = 224, .box_w = 14, .box_h = 13, .ofs_x = 0, .ofs_y = -1},
    {.bitmap_index = 31096, .adv_w = 224, .box_w = 13, .box_h = 13, .ofs_x = 1, .ofs_y = -1},
    {.bitmap_index = 31118, .adv_w = 224, .box_w = 14, .box_h = 13, .ofs_x = 0, .ofs_y = -1},
    {.bitmap_index = 31141, .adv_w = 224, .box_w = 14, .box_h = 13, .ofs_x = 0, .ofs_y = -1},
    {.bitmap_index = 31164, .adv_w = 224, .box_w = 13, .box_h = 13, .ofs_x = 0, .ofs_y = -1},
    {.bitmap_index = 31186, .adv_w = 224, .box_w = 13, .box_h = 13, .ofs_x = 0, .ofs_y = -1},
    {.bitmap_index = 31208, .adv_w = 224, .box_w = 13, .box_h = 13, .ofs_x = 0, .ofs_y = -1},
    {.bitmap_index = 31230, .adv_w = 224, .box_w = 13, .box_h = 13, .ofs_x = 1, .ofs_y = -1},
    {.bitmap_index = 31252, .adv_w = 224, .box_w = 14, .box_h = 14, .ofs_x = 0, .ofs_y = -1},
    {.bitmap_index = 31277, .adv_w = 224, .box_w = 14, .box_h = 13, .ofs_x = 0, .ofs_y = -1},
    {.bitmap_index = 31300, .adv_w = 224, .box_w = 13, .box_h = 13, .ofs_x = 1, .ofs_y = -1},
    {.bitmap_index = 31322, .adv_w = 224, .box_w = 14, .box_h = 14, .ofs_x = 0, .ofs_y = -2},
    {.bitmap_index = 31347, .adv_w = 224, .box_w = 13, .box_h = 14, .ofs_x = 0, .ofs_y = -1},
    {.bitmap_index = 31370, .adv_w = 224, .box_w = 13, .box_h = 13, .ofs_x = 1, .ofs_y = -1},
    {.bitmap_index = 31392, .adv_w = 224, .box_w = 13, .box_h = 13, .ofs_x = 1, .ofs_y = -1},
    {.bitmap_index = 31414, .adv_w = 224, .box_w = 13, .box_h = 14, .ofs_x = 1, .ofs_y = -1},
    {.bitmap_index = 31437, .adv_w = 224, .box_w = 13, .box_h = 13, .ofs_x = 1, .ofs_y = -1},
    {.bitmap_index = 31459, .adv_w = 224, .box_w = 13, .box_h = 13, .ofs_x = 0, .ofs_y = -1},
    {.bitmap_index = 31481, .adv_w = 224, .box_w = 13, .box_h = 13, .ofs_x = 0, .ofs_y = -1},
    {.bitmap_index = 31503, .adv_w = 224, .box_w = 14, .box_h = 13, .ofs_x = 0, .ofs_y = -1},
    {.bitmap_index = 31526, .adv_w = 224, .box_w = 14, .box_h = 13, .ofs_x = 0, .ofs_y = -1},
    {.bitmap_index = 31549, .adv_w = 224, .box_w = 13, .box_h = 13, .ofs_x = 0, .ofs_y = -1},
    {.bitmap_index = 31571, .adv_w = 224, .box_w = 13, .box_h = 13, .ofs_x = 1, .ofs_y = -1},
    {.bitmap_index = 31593, .adv_w = 224, .box_w = 13, .box_h = 13, .ofs_x = 0, .ofs_y = -1},
    {.bitmap_index = 31615, .adv_w = 224, .box_w = 14, .box_h = 14, .ofs_x = 0, .ofs_y = -2},
    {.bitmap_index = 31640, .adv_w = 224, .box_w = 14, .box_h = 13, .ofs_x = 0, .ofs_y = -1},
    {.bitmap_index = 31663, .adv_w = 224, .box_w = 12, .box_h = 13, .ofs_x = 1, .ofs_y = -1},
    {.bitmap_index = 31683, .adv_w = 224, .box_w = 14, .box_h = 13, .ofs_x = 1, .ofs_y = -1},
    {.bitmap_index = 31706, .adv_w = 224, .box_w = 13, .box_h = 13, .ofs_x = 0, .ofs_y = -1},
    {.bitmap_index = 31728, .adv_w = 224, .box_w = 13, .box_h = 14, .ofs_x = 0, .ofs_y = -2},
    {.bitmap_index = 31751, .adv_w = 224, .box_w = 13, .box_h = 13, .ofs_x = 1, .ofs_y = -1},
    {.bitmap_index = 31773, .adv_w = 224, .box_w = 13, .box_h = 14, .ofs_x = 1, .ofs_y = -2},
    {.bitmap_index = 31796, .adv_w = 224, .box_w = 13, .box_h = 13, .ofs_x = 1, .ofs_y = -1},
    {.bitmap_index = 31818, .adv_w = 224, .box_w = 14, .box_h = 13, .ofs_x = 0, .ofs_y = -1},
    {.bitmap_index = 31841, .adv_w = 224, .box_w = 14, .box_h = 13, .ofs_x = 0, .ofs_y = -1},
    {.bitmap_index = 31864, .adv_w = 224, .box_w = 13, .box_h = 13, .ofs_x = 1, .ofs_y = -1},
    {.bitmap_index = 31886, .adv_w = 224, .box_w = 14, .box_h = 13, .ofs_x = 0, .ofs_y = -1},
    {.bitmap_index = 31909, .adv_w = 224, .box_w = 13, .box_h = 14, .ofs_x = 0, .ofs_y = -2},
    {.bitmap_index = 31932, .adv_w = 224, .box_w = 13, .box_h = 13, .ofs_x = 0, .ofs_y = -1},
    {.bitmap_index = 31954, .adv_w = 224, .box_w = 13, .box_h = 13, .ofs_x = 0, .ofs_y = -1},
    {.bitmap_index = 31976, .adv_w = 224, .box_w = 13, .box_h = 13, .ofs_x = 1, .ofs_y = -1},
    {.bitmap_index = 31998, .adv_w = 224, .box_w = 14, .box_h = 13, .ofs_x = 0, .ofs_y = -1},
    {.bitmap_index = 32021, .adv_w = 224, .box_w = 12, .box_h = 13, .ofs_x = 1, .ofs_y = -1},
    {.bitmap_index = 32041, .adv_w = 224, .box_w = 12, .box_h = 13, .ofs_x = 1, .ofs_y = -1},
    {.bitmap_index = 32061, .adv_w = 224, .box_w = 14, .box_h = 13, .ofs_x = 0, .ofs_y = -1},
    {.bitmap_index = 32084, .adv_w = 224, .box_w = 13, .box_h = 13, .ofs_x = 0, .ofs_y = -1},
    {.bitmap_index = 32106, .adv_w = 224, .box_w = 13, .box_h = 13, .ofs_x = 1, .ofs_y = -1},
    {.bitmap_index = 32128, .adv_w = 224, .box_w = 13, .box_h = 13, .ofs_x = 1, .ofs_y = -1},
    {.bitmap_index = 32150, .adv_w = 224, .box_w = 13, .box_h = 13, .ofs_x = 0, .ofs_y = -1},
    {.bitmap_index = 32172, .adv_w = 224, .box_w = 12, .box_h = 13, .ofs_x = 1, .ofs_y = -1},
    {.bitmap_index = 32192, .adv_w = 224, .box_w = 14, .box_h = 13, .ofs_x = 0, .ofs_y = -1},
    {.bitmap_index = 32215, .adv_w = 224, .box_w = 13, .box_h = 13, .ofs_x = 0, .ofs_y = -1},
    {.bitmap_index = 32237, .adv_w = 224, .box_w = 14, .box_h = 13, .ofs_x = 0, .ofs_y = -1},
    {.bitmap_index = 32260, .adv_w = 224, .box_w = 14, .box_h = 13, .ofs_x = 0, .ofs_y = -1},
    {.bitmap_index = 32283, .adv_w = 224, .box_w = 14, .box_h = 13, .ofs_x = 0, .ofs_y = -1},
    {.bitmap_index = 32306, .adv_w = 224, .box_w = 14, .box_h = 13, .ofs_x = 0, .ofs_y = -1},
    {.bitmap_index = 32329, .adv_w = 224, .box_w = 12, .box_h = 14, .ofs_x = 1, .ofs_y = -2},
    {.bitmap_index = 32350, .adv_w = 224, .box_w = 13, .box_h = 13, .ofs_x = 1, .ofs_y = -1},
    {.bitmap_index = 32372, .adv_w = 224, .box_w = 9, .box_h = 13, .ofs_x = 3, .ofs_y = -1},
    {.bitmap_index = 32387, .adv_w = 224, .box_w = 12, .box_h = 12, .ofs_x = 1, .ofs_y = 0},
    {.bitmap_index = 32405, .adv_w = 224, .box_w = 12, .box_h = 13, .ofs_x = 2, .ofs_y = -1},
    {.bitmap_index = 32425, .adv_w = 224, .box_w = 10, .box_h = 12, .ofs_x = 3, .ofs_y = -1},
    {.bitmap_index = 32440, .adv_w = 224, .box_w = 13, .box_h = 13, .ofs_x = 1, .ofs_y = -1},
    {.bitmap_index = 32462, .adv_w = 224, .box_w = 13, .box_h = 13, .ofs_x = 0, .ofs_y = -1},
    {.bitmap_index = 32484, .adv_w = 224, .box_w = 13, .box_h = 13, .ofs_x = 0, .ofs_y = -1},
    {.bitmap_index = 32506, .adv_w = 224, .box_w = 12, .box_h = 13, .ofs_x = 1, .ofs_y = -1},
    {.bitmap_index = 32526, .adv_w = 224, .box_w = 12, .box_h = 13, .ofs_x = 1, .ofs_y = -1},
    {.bitmap_index = 32546, .adv_w = 224, .box_w = 12, .box_h = 14, .ofs_x = 1, .ofs_y = -2},
    {.bitmap_index = 32567, .adv_w = 224, .box_w = 13, .box_h = 12, .ofs_x = 1, .ofs_y = -1},
    {.bitmap_index = 32587, .adv_w = 224, .box_w = 11, .box_h = 13, .ofs_x = 2, .ofs_y = -1},
    {.bitmap_index = 32605, .adv_w = 224, .box_w = 11, .box_h = 13, .ofs_x = 2, .ofs_y = -1},
    {.bitmap_index = 32623, .adv_w = 224, .box_w = 11, .box_h = 13, .ofs_x = 2, .ofs_y = -1},
    {.bitmap_index = 32641, .adv_w = 224, .box_w = 13, .box_h = 13, .ofs_x = 1, .ofs_y = -1},
    {.bitmap_index = 32663, .adv_w = 224, .box_w = 12, .box_h = 13, .ofs_x = 2, .ofs_y = -1},
    {.bitmap_index = 32683, .adv_w = 224, .box_w = 12, .box_h = 13, .ofs_x = 1, .ofs_y = -1},
    {.bitmap_index = 32703, .adv_w = 224, .box_w = 13, .box_h = 13, .ofs_x = 1, .ofs_y = -1},
    {.bitmap_index = 32725, .adv_w = 224, .box_w = 13, .box_h = 14, .ofs_x = 1, .ofs_y = -2},
    {.bitmap_index = 32748, .adv_w = 224, .box_w = 13, .box_h = 13, .ofs_x = 1, .ofs_y = -1},
    {.bitmap_index = 32770, .adv_w = 224, .box_w = 13, .box_h = 13, .ofs_x = 1, .ofs_y = -1},
    {.bitmap_index = 32792, .adv_w = 224, .box_w = 13, .box_h = 14, .ofs_x = 1, .ofs_y = -1},
    {.bitmap_index = 32815, .adv_w = 224, .box_w = 12, .box_h = 13, .ofs_x = 1, .ofs_y = -1},
    {.bitmap_index = 32835, .adv_w = 224, .box_w = 12, .box_h = 13, .ofs_x = 1, .ofs_y = -1},
    {.bitmap_index = 32855, .adv_w = 224, .box_w = 12, .box_h = 13, .ofs_x = 1, .ofs_y = -1},
    {.bitmap_index = 32875, .adv_w = 224, .box_w = 14, .box_h = 13, .ofs_x = 0, .ofs_y = -1},
    {.bitmap_index = 32898, .adv_w = 224, .box_w = 12, .box_h = 13, .ofs_x = 1, .ofs_y = -1},
    {.bitmap_index = 32918, .adv_w = 224, .box_w = 13, .box_h = 13, .ofs_x = 1, .ofs_y = -1},
    {.bitmap_index = 32940, .adv_w = 224, .box_w = 13, .box_h = 13, .ofs_x = 1, .ofs_y = -1},
    {.bitmap_index = 32962, .adv_w = 224, .box_w = 12, .box_h = 13, .ofs_x = 1, .ofs_y = -1},
    {.bitmap_index = 32982, .adv_w = 224, .box_w = 12, .box_h = 13, .ofs_x = 1, .ofs_y = -1},
    {.bitmap_index = 33002, .adv_w = 224, .box_w = 13, .box_h = 13, .ofs_x = 1, .ofs_y = -1},
    {.bitmap_index = 33024, .adv_w = 224, .box_w = 13, .box_h = 13, .ofs_x = 1, .ofs_y = -1},
    {.bitmap_index = 33046, .adv_w = 224, .box_w = 12, .box_h = 14, .ofs_x = 1, .ofs_y = -1},
    {.bitmap_index = 33067, .adv_w = 224, .box_w = 12, .box_h = 13, .ofs_x = 1, .ofs_y = -1},
    {.bitmap_index = 33087, .adv_w = 224, .box_w = 13, .box_h = 13, .ofs_x = 1, .ofs_y = -1},
    {.bitmap_index = 33109, .adv_w = 224, .box_w = 13, .box_h = 13, .ofs_x = 1, .ofs_y = -1},
    {.bitmap_index = 33131, .adv_w = 224, .box_w = 13, .box_h = 13, .ofs_x = 1, .ofs_y = -1},
    {.bitmap_index = 33153, .adv_w = 224, .box_w = 13, .box_h = 13, .ofs_x = 0, .ofs_y = -1},
    {.bitmap_index = 33175, .adv_w = 224, .box_w = 14, .box_h = 13, .ofs_x = 0, .ofs_y = -1},
    {.bitmap_index = 33198, .adv_w = 224, .box_w = 13, .box_h = 13, .ofs_x = 1, .ofs_y = -1},
    {.bitmap_index = 33220, .adv_w = 224, .box_w = 12, .box_h = 13, .ofs_x = 1, .ofs_y = -1},
    {.bitmap_index = 33240, .adv_w = 224, .box_w = 12, .box_h = 13, .ofs_x = 1, .ofs_y = -1},
    {.bitmap_index = 33260, .adv_w = 224, .box_w = 13, .box_h = 13, .ofs_x = 1, .ofs_y = -1},
    {.bitmap_index = 33282, .adv_w = 224, .box_w = 13, .box_h = 13, .ofs_x = 0, .ofs_y = -1},
    {.bitmap_index = 33304, .adv_w = 224, .box_w = 13, .box_h = 14, .ofs_x = 1, .ofs_y = -2},
    {.bitmap_index = 33327, .adv_w = 224, .box_w = 12, .box_h = 14, .ofs_x = 1, .ofs_y = -1},
    {.bitmap_index = 33348, .adv_w = 224, .box_w = 13, .box_h = 13, .ofs_x = 1, .ofs_y = -1},
    {.bitmap_index = 33370, .adv_w = 224, .box_w = 13, .box_h = 13, .ofs_x = 1, .ofs_y = -1},
    {.bitmap_index = 33392, .adv_w = 224, .box_w = 13, .box_h = 13, .ofs_x = 1, .ofs_y = -1},
    {.bitmap_index = 33414, .adv_w = 224, .box_w = 13, .box_h = 13, .ofs_x = 1, .ofs_y = -1},
    {.bitmap_index = 33436, .adv_w = 224, .box_w = 13, .box_h = 13, .ofs_x = 0, .ofs_y = -1},
    {.bitmap_index = 33458, .adv_w = 224, .box_w = 14, .box_h = 14, .ofs_x = 0, .ofs_y = -2},
    {.bitmap_index = 33483, .adv_w = 224, .box_w = 13, .box_h = 13, .ofs_x = 1, .ofs_y = -1},
    {.bitmap_index = 33505, .adv_w = 224, .box_w = 12, .box_h = 13, .ofs_x = 1, .ofs_y = -1},
    {.bitmap_index = 33525, .adv_w = 224, .box_w = 13, .box_h = 13, .ofs_x = 1, .ofs_y = -1},
    {.bitmap_index = 33547, .adv_w = 224, .box_w = 12, .box_h = 13, .ofs_x = 1, .ofs_y = -1},
    {.bitmap_index = 33567, .adv_w = 224, .box_w = 13, .box_h = 14, .ofs_x = 1, .ofs_y = -2},
    {.bitmap_index = 33590, .adv_w = 224, .box_w = 11, .box_h = 13, .ofs_x = 2, .ofs_y = -1},
    {.bitmap_index = 33608, .adv_w = 224, .box_w = 13, .box_h = 13, .ofs_x = 0, .ofs_y = -1},
    {.bitmap_index = 33630, .adv_w = 224, .box_w = 13, .box_h = 13, .ofs_x = 0, .ofs_y = -1},
    {.bitmap_index = 33652, .adv_w = 224, .box_w = 11, .box_h = 13, .ofs_x = 0, .ofs_y = -1},
    {.bitmap_index = 33670, .adv_w = 224, .box_w = 12, .box_h = 13, .ofs_x = 1, .ofs_y = -1},
    {.bitmap_index = 33690, .adv_w = 224, .box_w = 13, .box_h = 13, .ofs_x = 1, .ofs_y = -1},
    {.bitmap_index = 33712, .adv_w = 224, .box_w = 13, .box_h = 13, .ofs_x = 0, .ofs_y = -1},
    {.bitmap_index = 33734, .adv_w = 224, .box_w = 12, .box_h = 13, .ofs_x = 1, .ofs_y = -1},
    {.bitmap_index = 33754, .adv_w = 224, .box_w = 13, .box_h = 13, .ofs_x = 0, .ofs_y = -1},
    {.bitmap_index = 33776, .adv_w = 224, .box_w = 13, .box_h = 13, .ofs_x = 0, .ofs_y = -1},
    {.bitmap_index = 33798, .adv_w = 224, .box_w = 14, .box_h = 13, .ofs_x = 0, .ofs_y = -1},
    {.bitmap_index = 33821, .adv_w = 224, .box_w = 14, .box_h = 13, .ofs_x = 0, .ofs_y = -1},
    {.bitmap_index = 33844, .adv_w = 224, .box_w = 13, .box_h = 13, .ofs_x = 0, .ofs_y = -1},
    {.bitmap_index = 33866, .adv_w = 224, .box_w = 13, .box_h = 13, .ofs_x = 0, .ofs_y = -1},
    {.bitmap_index = 33888, .adv_w = 224, .box_w = 13, .box_h = 13, .ofs_x = 0, .ofs_y = -1},
    {.bitmap_index = 33910, .adv_w = 224, .box_w = 13, .box_h = 13, .ofs_x = 0, .ofs_y = -1},
    {.bitmap_index = 33932, .adv_w = 224, .box_w = 13, .box_h = 13, .ofs_x = 0, .ofs_y = -1},
    {.bitmap_index = 33954, .adv_w = 224, .box_w = 13, .box_h = 13, .ofs_x = 0, .ofs_y = -1},
    {.bitmap_index = 33976, .adv_w = 224, .box_w = 14, .box_h = 13, .ofs_x = 1, .ofs_y = -1},
    {.bitmap_index = 33999, .adv_w = 224, .box_w = 14, .box_h = 13, .ofs_x = 0, .ofs_y = -1},
    {.bitmap_index = 34022, .adv_w = 224, .box_w = 12, .box_h = 13, .ofs_x = 1, .ofs_y = -1},
    {.bitmap_index = 34042, .adv_w = 224, .box_w = 14, .box_h = 13, .ofs_x = 0, .ofs_y = -1},
    {.bitmap_index = 34065, .adv_w = 224, .box_w = 13, .box_h = 14, .ofs_x = 1, .ofs_y = -2},
    {.bitmap_index = 34088, .adv_w = 224, .box_w = 13, .box_h = 13, .ofs_x = 1, .ofs_y = -1},
    {.bitmap_index = 34110, .adv_w = 224, .box_w = 13, .box_h = 13, .ofs_x = 1, .ofs_y = -1},
    {.bitmap_index = 34132, .adv_w = 224, .box_w = 14, .box_h = 13, .ofs_x = 0, .ofs_y = -1},
    {.bitmap_index = 34155, .adv_w = 224, .box_w = 14, .box_h = 13, .ofs_x = 0, .ofs_y = -1},
    {.bitmap_index = 34178, .adv_w = 224, .box_w = 13, .box_h = 13, .ofs_x = 0, .ofs_y = -1},
    {.bitmap_index = 34200, .adv_w = 224, .box_w = 13, .box_h = 13, .ofs_x = 1, .ofs_y = -1},
    {.bitmap_index = 34222, .adv_w = 224, .box_w = 14, .box_h = 13, .ofs_x = 0, .ofs_y = -1},
    {.bitmap_index = 34245, .adv_w = 224, .box_w = 13, .box_h = 13, .ofs_x = 0, .ofs_y = -1},
    {.bitmap_index = 34267, .adv_w = 224, .box_w = 13, .box_h = 13, .ofs_x = 0, .ofs_y = -1},
    {.bitmap_index = 34289, .adv_w = 224, .box_w = 14, .box_h = 13, .ofs_x = 0, .ofs_y = -1},
    {.bitmap_index = 34312, .adv_w = 224, .box_w = 14, .box_h = 13, .ofs_x = 0, .ofs_y = -1},
    {.bitmap_index = 34335, .adv_w = 224, .box_w = 13, .box_h = 13, .ofs_x = 0, .ofs_y = -1},
    {.bitmap_index = 34357, .adv_w = 224, .box_w = 14, .box_h = 13, .ofs_x = 0, .ofs_y = -1},
    {.bitmap_index = 34380, .adv_w = 224, .box_w = 13, .box_h = 14, .ofs_x = 1, .ofs_y = -2},
    {.bitmap_index = 34403, .adv_w = 224, .box_w = 13, .box_h = 13, .ofs_x = 0, .ofs_y = -1},
    {.bitmap_index = 34425, .adv_w = 224, .box_w = 13, .box_h = 13, .ofs_x = 1, .ofs_y = -1},
    {.bitmap_index = 34447, .adv_w = 224, .box_w = 12, .box_h = 13, .ofs_x = 1, .ofs_y = -1},
    {.bitmap_index = 34467, .adv_w = 224, .box_w = 14, .box_h = 13, .ofs_x = 0, .ofs_y = -1},
    {.bitmap_index = 34490, .adv_w = 224, .box_w = 14, .box_h = 15, .ofs_x = 0, .ofs_y = -2},
    {.bitmap_index = 34517, .adv_w = 224, .box_w = 14, .box_h = 14, .ofs_x = 0, .ofs_y = -2},
    {.bitmap_index = 34542, .adv_w = 224, .box_w = 12, .box_h = 13, .ofs_x = 1, .ofs_y = -1},
    {.bitmap_index = 34562, .adv_w = 224, .box_w = 14, .box_h = 13, .ofs_x = 0, .ofs_y = -1},
    {.bitmap_index = 34585, .adv_w = 224, .box_w = 14, .box_h = 13, .ofs_x = 0, .ofs_y = -1},
    {.bitmap_index = 34608, .adv_w = 224, .box_w = 13, .box_h = 13, .ofs_x = 1, .ofs_y = -1},
    {.bitmap_index = 34630, .adv_w = 224, .box_w = 12, .box_h = 13, .ofs_x = 1, .ofs_y = -1},
    {.bitmap_index = 34650, .adv_w = 224, .box_w = 13, .box_h = 13, .ofs_x = 1, .ofs_y = -1},
    {.bitmap_index = 34672, .adv_w = 224, .box_w = 14, .box_h = 13, .ofs_x = 0, .ofs_y = -1},
    {.bitmap_index = 34695, .adv_w = 224, .box_w = 14, .box_h = 13, .ofs_x = 0, .ofs_y = -1},
    {.bitmap_index = 34718, .adv_w = 224, .box_w = 13, .box_h = 13, .ofs_x = 0, .ofs_y = -1},
    {.bitmap_index = 34740, .adv_w = 224, .box_w = 13, .box_h = 13, .ofs_x = 1, .ofs_y = -1},
    {.bitmap_index = 34762, .adv_w = 224, .box_w = 13, .box_h = 13, .ofs_x = 1, .ofs_y = -1},
    {.bitmap_index = 34784, .adv_w = 224, .box_w = 13, .box_h = 13, .ofs_x = 0, .ofs_y = -1},
    {.bitmap_index = 34806, .adv_w = 224, .box_w = 13, .box_h = 13, .ofs_x = 1, .ofs_y = -1},
    {.bitmap_index = 34828, .adv_w = 224, .box_w = 14, .box_h = 13, .ofs_x = 1, .ofs_y = -1},
    {.bitmap_index = 34851, .adv_w = 224, .box_w = 13, .box_h = 13, .ofs_x = 1, .ofs_y = -1},
    {.bitmap_index = 34873, .adv_w = 224, .box_w = 13, .box_h = 13, .ofs_x = 1, .ofs_y = -1},
    {.bitmap_index = 34895, .adv_w = 224, .box_w = 14, .box_h = 13, .ofs_x = 0, .ofs_y = -1},
    {.bitmap_index = 34918, .adv_w = 224, .box_w = 13, .box_h = 13, .ofs_x = 1, .ofs_y = -1},
    {.bitmap_index = 34940, .adv_w = 224, .box_w = 13, .box_h = 13, .ofs_x = 1, .ofs_y = -1},
    {.bitmap_index = 34962, .adv_w = 224, .box_w = 14, .box_h = 13, .ofs_x = 1, .ofs_y = -1},
    {.bitmap_index = 34985, .adv_w = 224, .box_w = 13, .box_h = 13, .ofs_x = 1, .ofs_y = -1},
    {.bitmap_index = 35007, .adv_w = 224, .box_w = 13, .box_h = 12, .ofs_x = 0, .ofs_y = -1},
    {.bitmap_index = 35027, .adv_w = 224, .box_w = 14, .box_h = 12, .ofs_x = 0, .ofs_y = -1},
    {.bitmap_index = 35048, .adv_w = 224, .box_w = 13, .box_h = 13, .ofs_x = 0, .ofs_y = -1},
    {.bitmap_index = 35070, .adv_w = 224, .box_w = 13, .box_h = 13, .ofs_x = 0, .ofs_y = -1},
    {.bitmap_index = 35092, .adv_w = 224, .box_w = 13, .box_h = 13, .ofs_x = 1, .ofs_y = -1},
    {.bitmap_index = 35114, .adv_w = 224, .box_w = 13, .box_h = 13, .ofs_x = 0, .ofs_y = -1},
    {.bitmap_index = 35136, .adv_w = 224, .box_w = 12, .box_h = 14, .ofs_x = 1, .ofs_y = -1},
    {.bitmap_index = 35157, .adv_w = 224, .box_w = 13, .box_h = 13, .ofs_x = 1, .ofs_y = -1},
    {.bitmap_index = 35179, .adv_w = 224, .box_w = 14, .box_h = 13, .ofs_x = 0, .ofs_y = -1},
    {.bitmap_index = 35202, .adv_w = 224, .box_w = 13, .box_h = 14, .ofs_x = 1, .ofs_y = -1},
    {.bitmap_index = 35225, .adv_w = 224, .box_w = 13, .box_h = 13, .ofs_x = 1, .ofs_y = -1},
    {.bitmap_index = 35247, .adv_w = 224, .box_w = 13, .box_h = 13, .ofs_x = 0, .ofs_y = -1},
    {.bitmap_index = 35269, .adv_w = 224, .box_w = 13, .box_h = 13, .ofs_x = 1, .ofs_y = -1},
    {.bitmap_index = 35291, .adv_w = 224, .box_w = 13, .box_h = 13, .ofs_x = 1, .ofs_y = -1},
    {.bitmap_index = 35313, .adv_w = 224, .box_w = 13, .box_h = 13, .ofs_x = 1, .ofs_y = -1},
    {.bitmap_index = 35335, .adv_w = 224, .box_w = 13, .box_h = 13, .ofs_x = 1, .ofs_y = -1},
    {.bitmap_index = 35357, .adv_w = 224, .box_w = 13, .box_h = 13, .ofs_x = 0, .ofs_y = -1},
    {.bitmap_index = 35379, .adv_w = 224, .box_w = 13, .box_h = 13, .ofs_x = 1, .ofs_y = -1},
    {.bitmap_index = 35401, .adv_w = 224, .box_w = 13, .box_h = 13, .ofs_x = 1, .ofs_y = -1},
    {.bitmap_index = 35423, .adv_w = 224, .box_w = 14, .box_h = 13, .ofs_x = 0, .ofs_y = -1},
    {.bitmap_index = 35446, .adv_w = 224, .box_w = 13, .box_h = 13, .ofs_x = 1, .ofs_y = -1},
    {.bitmap_index = 35468, .adv_w = 224, .box_w = 13, .box_h = 13, .ofs_x = 1, .ofs_y = -1},
    {.bitmap_index = 35490, .adv_w = 224, .box_w = 14, .box_h = 13, .ofs_x = 0, .ofs_y = -1},
    {.bitmap_index = 35513, .adv_w = 224, .box_w = 14, .box_h = 14, .ofs_x = 1, .ofs_y = -2},
    {.bitmap_index = 35538, .adv_w = 224, .box_w = 13, .box_h = 13, .ofs_x = 1, .ofs_y = -1},
    {.bitmap_index = 35560, .adv_w = 224, .box_w = 13, .box_h = 13, .ofs_x = 1, .ofs_y = -1},
    {.bitmap_index = 35582, .adv_w = 224, .box_w = 13, .box_h = 13, .ofs_x = 1, .ofs_y = -1},
    {.bitmap_index = 35604, .adv_w = 224, .box_w = 13, .box_h = 13, .ofs_x = 1, .ofs_y = -1},
    {.bitmap_index = 35626, .adv_w = 224, .box_w = 13, .box_h = 13, .ofs_x = 1, .ofs_y = -1},
    {.bitmap_index = 35648, .adv_w = 224, .box_w = 13, .box_h = 14, .ofs_x = 1, .ofs_y = -1},
    {.bitmap_index = 35671, .adv_w = 224, .box_w = 13, .box_h = 13, .ofs_x = 1, .ofs_y = -1},
    {.bitmap_index = 35693, .adv_w = 224, .box_w = 13, .box_h = 13, .ofs_x = 0, .ofs_y = -1},
    {.bitmap_index = 35715, .adv_w = 224, .box_w = 13, .box_h = 13, .ofs_x = 1, .ofs_y = -1},
    {.bitmap_index = 35737, .adv_w = 224, .box_w = 13, .box_h = 13, .ofs_x = 1, .ofs_y = -1},
    {.bitmap_index = 35759, .adv_w = 224, .box_w = 13, .box_h = 13, .ofs_x = 0, .ofs_y = -1},
    {.bitmap_index = 35781, .adv_w = 224, .box_w = 13, .box_h = 13, .ofs_x = 1, .ofs_y = -1},
    {.bitmap_index = 35803, .adv_w = 224, .box_w = 13, .box_h = 13, .ofs_x = 1, .ofs_y = -1},
    {.bitmap_index = 35825, .adv_w = 224, .box_w = 13, .box_h = 13, .ofs_x = 1, .ofs_y = -1},
    {.bitmap_index = 35847, .adv_w = 224, .box_w = 13, .box_h = 14, .ofs_x = 0, .ofs_y = -1},
    {.bitmap_index = 35870, .adv_w = 224, .box_w = 13, .box_h = 13, .ofs_x = 0, .ofs_y = -1},
    {.bitmap_index = 35892, .adv_w = 224, .box_w = 13, .box_h = 13, .ofs_x = 1, .ofs_y = -1},
    {.bitmap_index = 35914, .adv_w = 224, .box_w = 14, .box_h = 13, .ofs_x = 1, .ofs_y = -1},
    {.bitmap_index = 35937, .adv_w = 224, .box_w = 14, .box_h = 13, .ofs_x = 1, .ofs_y = -1},
    {.bitmap_index = 35960, .adv_w = 224, .box_w = 13, .box_h = 13, .ofs_x = 0, .ofs_y = -1},
    {.bitmap_index = 35982, .adv_w = 224, .box_w = 13, .box_h = 13, .ofs_x = 1, .ofs_y = -1},
    {.bitmap_index = 36004, .adv_w = 224, .box_w = 13, .box_h = 13, .ofs_x = 1, .ofs_y = -1},
    {.bitmap_index = 36026, .adv_w = 224, .box_w = 14, .box_h = 13, .ofs_x = 0, .ofs_y = -1},
    {.bitmap_index = 36049, .adv_w = 224, .box_w = 13, .box_h = 13, .ofs_x = 1, .ofs_y = -1},
    {.bitmap_index = 36071, .adv_w = 224, .box_w = 12, .box_h = 13, .ofs_x = 1, .ofs_y = -1},
    {.bitmap_index = 36091, .adv_w = 224, .box_w = 14, .box_h = 13, .ofs_x = 0, .ofs_y = -1},
    {.bitmap_index = 36114, .adv_w = 224, .box_w = 13, .box_h = 13, .ofs_x = 1, .ofs_y = -1},
    {.bitmap_index = 36136, .adv_w = 224, .box_w = 13, .box_h = 14, .ofs_x = 1, .ofs_y = -2},
    {.bitmap_index = 36159, .adv_w = 224, .box_w = 13, .box_h = 13, .ofs_x = 1, .ofs_y = -1},
    {.bitmap_index = 36181, .adv_w = 224, .box_w = 13, .box_h = 13, .ofs_x = 1, .ofs_y = -1},
    {.bitmap_index = 36203, .adv_w = 224, .box_w = 13, .box_h = 13, .ofs_x = 1, .ofs_y = -1},
    {.bitmap_index = 36225, .adv_w = 224, .box_w = 13, .box_h = 14, .ofs_x = 1, .ofs_y = -2},
    {.bitmap_index = 36248, .adv_w = 224, .box_w = 13, .box_h = 13, .ofs_x = 1, .ofs_y = -1},
    {.bitmap_index = 36270, .adv_w = 224, .box_w = 13, .box_h = 13, .ofs_x = 1, .ofs_y = -1},
    {.bitmap_index = 36292, .adv_w = 224, .box_w = 13, .box_h = 13, .ofs_x = 1, .ofs_y = -1},
    {.bitmap_index = 36314, .adv_w = 224, .box_w = 14, .box_h = 13, .ofs_x = 0, .ofs_y = -1},
    {.bitmap_index = 36337, .adv_w = 224, .box_w = 14, .box_h = 13, .ofs_x = 0, .ofs_y = -1},
    {.bitmap_index = 36360, .adv_w = 224, .box_w = 13, .box_h = 13, .ofs_x = 1, .ofs_y = -1},
    {.bitmap_index = 36382, .adv_w = 224, .box_w = 13, .box_h = 13, .ofs_x = 0, .ofs_y = -1},
    {.bitmap_index = 36404, .adv_w = 224, .box_w = 13, .box_h = 13, .ofs_x = 1, .ofs_y = -1},
    {.bitmap_index = 36426, .adv_w = 224, .box_w = 13, .box_h = 13, .ofs_x = 1, .ofs_y = -1},
    {.bitmap_index = 36448, .adv_w = 224, .box_w = 13, .box_h = 13, .ofs_x = 1, .ofs_y = -1},
    {.bitmap_index = 36470, .adv_w = 224, .box_w = 13, .box_h = 13, .ofs_x = 1, .ofs_y = -1},
    {.bitmap_index = 36492, .adv_w = 224, .box_w = 13, .box_h = 13, .ofs_x = 1, .ofs_y = -1},
    {.bitmap_index = 36514, .adv_w = 224, .box_w = 13, .box_h = 13, .ofs_x = 1, .ofs_y = -1},
    {.bitmap_index = 36536, .adv_w = 224, .box_w = 13, .box_h = 13, .ofs_x = 1, .ofs_y = -1},
    {.bitmap_index = 36558, .adv_w = 224, .box_w = 13, .box_h = 13, .ofs_x = 0, .ofs_y = -1},
    {.bitmap_index = 36580, .adv_w = 224, .box_w = 13, .box_h = 13, .ofs_x = 0, .ofs_y = -1},
    {.bitmap_index = 36602, .adv_w = 224, .box_w = 13, .box_h = 13, .ofs_x = 1, .ofs_y = -1},
    {.bitmap_index = 36624, .adv_w = 224, .box_w = 14, .box_h = 13, .ofs_x = 0, .ofs_y = -1},
    {.bitmap_index = 36647, .adv_w = 224, .box_w = 12, .box_h = 13, .ofs_x = 1, .ofs_y = -1},
    {.bitmap_index = 36667, .adv_w = 224, .box_w = 13, .box_h = 13, .ofs_x = 0, .ofs_y = -1},
    {.bitmap_index = 36689, .adv_w = 224, .box_w = 13, .box_h = 13, .ofs_x = 1, .ofs_y = -1},
    {.bitmap_index = 36711, .adv_w = 224, .box_w = 13, .box_h = 13, .ofs_x = 1, .ofs_y = -1},
    {.bitmap_index = 36733, .adv_w = 224, .box_w = 13, .box_h = 13, .ofs_x = 1, .ofs_y = -1},
    {.bitmap_index = 36755, .adv_w = 224, .box_w = 13, .box_h = 13, .ofs_x = 0, .ofs_y = -1},
    {.bitmap_index = 36777, .adv_w = 224, .box_w = 14, .box_h = 13, .ofs_x = 0, .ofs_y = -1},
    {.bitmap_index = 36800, .adv_w = 224, .box_w = 13, .box_h = 13, .ofs_x = 0, .ofs_y = -1},
    {.bitmap_index = 36822, .adv_w = 224, .box_w = 13, .box_h = 13, .ofs_x = 0, .ofs_y = -1},
    {.bitmap_index = 36844, .adv_w = 224, .box_w = 14, .box_h = 13, .ofs_x = 0, .ofs_y = -1},
    {.bitmap_index = 36867, .adv_w = 224, .box_w = 13, .box_h = 13, .ofs_x = 0, .ofs_y = -1},
    {.bitmap_index = 36889, .adv_w = 224, .box_w = 13, .box_h = 13, .ofs_x = 1, .ofs_y = -1},
    {.bitmap_index = 36911, .adv_w = 224, .box_w = 13, .box_h = 13, .ofs_x = 1, .ofs_y = -1},
    {.bitmap_index = 36933, .adv_w = 224, .box_w = 13, .box_h = 13, .ofs_x = 0, .ofs_y = -1},
    {.bitmap_index = 36955, .adv_w = 224, .box_w = 13, .box_h = 13, .ofs_x = 1, .ofs_y = -1},
    {.bitmap_index = 36977, .adv_w = 224, .box_w = 13, .box_h = 13, .ofs_x = 0, .ofs_y = -1},
    {.bitmap_index = 36999, .adv_w = 224, .box_w = 13, .box_h = 14, .ofs_x = 1, .ofs_y = -2},
    {.bitmap_index = 37022, .adv_w = 224, .box_w = 13, .box_h = 13, .ofs_x = 1, .ofs_y = -1},
    {.bitmap_index = 37044, .adv_w = 224, .box_w = 14, .box_h = 13, .ofs_x = 1, .ofs_y = -1},
    {.bitmap_index = 37067, .adv_w = 224, .box_w = 13, .box_h = 13, .ofs_x = 0, .ofs_y = -1},
    {.bitmap_index = 37089, .adv_w = 224, .box_w = 14, .box_h = 13, .ofs_x = 0, .ofs_y = -1},
    {.bitmap_index = 37112, .adv_w = 224, .box_w = 13, .box_h = 13, .ofs_x = 0, .ofs_y = -1},
    {.bitmap_index = 37134, .adv_w = 224, .box_w = 14, .box_h = 13, .ofs_x = 0, .ofs_y = -1},
    {.bitmap_index = 37157, .adv_w = 224, .box_w = 13, .box_h = 13, .ofs_x = 0, .ofs_y = -1},
    {.bitmap_index = 37179, .adv_w = 224, .box_w = 13, .box_h = 13, .ofs_x = 0, .ofs_y = -1},
    {.bitmap_index = 37201, .adv_w = 224, .box_w = 13, .box_h = 13, .ofs_x = 0, .ofs_y = -1},
    {.bitmap_index = 37223, .adv_w = 224, .box_w = 14, .box_h = 13, .ofs_x = 0, .ofs_y = -1},
    {.bitmap_index = 37246, .adv_w = 224, .box_w = 13, .box_h = 13, .ofs_x = 0, .ofs_y = -1},
    {.bitmap_index = 37268, .adv_w = 224, .box_w = 14, .box_h = 13, .ofs_x = 0, .ofs_y = -1},
    {.bitmap_index = 37291, .adv_w = 224, .box_w = 14, .box_h = 13, .ofs_x = 0, .ofs_y = -1},
    {.bitmap_index = 37314, .adv_w = 224, .box_w = 12, .box_h = 14, .ofs_x = 1, .ofs_y = -2},
    {.bitmap_index = 37335, .adv_w = 224, .box_w = 13, .box_h = 14, .ofs_x = 1, .ofs_y = -2},
    {.bitmap_index = 37358, .adv_w = 224, .box_w = 14, .box_h = 14, .ofs_x = 0, .ofs_y = -2},
    {.bitmap_index = 37383, .adv_w = 224, .box_w = 14, .box_h = 13, .ofs_x = 0, .ofs_y = -1},
    {.bitmap_index = 37406, .adv_w = 224, .box_w = 13, .box_h = 14, .ofs_x = 0, .ofs_y = -2},
    {.bitmap_index = 37429, .adv_w = 224, .box_w = 13, .box_h = 14, .ofs_x = 0, .ofs_y = -2},
    {.bitmap_index = 37452, .adv_w = 224, .box_w = 13, .box_h = 13, .ofs_x = 0, .ofs_y = -1},
    {.bitmap_index = 37474, .adv_w = 224, .box_w = 13, .box_h = 13, .ofs_x = 0, .ofs_y = -1},
    {.bitmap_index = 37496, .adv_w = 224, .box_w = 13, .box_h = 13, .ofs_x = 0, .ofs_y = -1},
    {.bitmap_index = 37518, .adv_w = 224, .box_w = 13, .box_h = 13, .ofs_x = 1, .ofs_y = -1},
    {.bitmap_index = 37540, .adv_w = 224, .box_w = 13, .box_h = 13, .ofs_x = 0, .ofs_y = -1},
    {.bitmap_index = 37562, .adv_w = 224, .box_w = 13, .box_h = 13, .ofs_x = 1, .ofs_y = -1},
    {.bitmap_index = 37584, .adv_w = 224, .box_w = 13, .box_h = 13, .ofs_x = 1, .ofs_y = -1},
    {.bitmap_index = 37606, .adv_w = 224, .box_w = 12, .box_h = 13, .ofs_x = 1, .ofs_y = -1},
    {.bitmap_index = 37626, .adv_w = 224, .box_w = 13, .box_h = 13, .ofs_x = 0, .ofs_y = -1},
    {.bitmap_index = 37648, .adv_w = 224, .box_w = 12, .box_h = 14, .ofs_x = 1, .ofs_y = -2},
    {.bitmap_index = 37669, .adv_w = 224, .box_w = 13, .box_h = 14, .ofs_x = 0, .ofs_y = -2},
    {.bitmap_index = 37692, .adv_w = 224, .box_w = 14, .box_h = 13, .ofs_x = 0, .ofs_y = -1},
    {.bitmap_index = 37715, .adv_w = 224, .box_w = 12, .box_h = 13, .ofs_x = 1, .ofs_y = -1},
    {.bitmap_index = 37735, .adv_w = 224, .box_w = 13, .box_h = 13, .ofs_x = 1, .ofs_y = -1},
    {.bitmap_index = 37757, .adv_w = 224, .box_w = 14, .box_h = 13, .ofs_x = 0, .ofs_y = -1},
    {.bitmap_index = 37780, .adv_w = 224, .box_w = 15, .box_h = 14, .ofs_x = 0, .ofs_y = -2},
    {.bitmap_index = 37807, .adv_w = 224, .box_w = 13, .box_h = 13, .ofs_x = 0, .ofs_y = -1},
    {.bitmap_index = 37829, .adv_w = 224, .box_w = 13, .box_h = 13, .ofs_x = 1, .ofs_y = -1},
    {.bitmap_index = 37851, .adv_w = 224, .box_w = 13, .box_h = 14, .ofs_x = 1, .ofs_y = -2},
    {.bitmap_index = 37874, .adv_w = 224, .box_w = 13, .box_h = 14, .ofs_x = 0, .ofs_y = -2},
    {.bitmap_index = 37897, .adv_w = 224, .box_w = 13, .box_h = 14, .ofs_x = 0, .ofs_y = -2},
    {.bitmap_index = 37920, .adv_w = 224, .box_w = 13, .box_h = 13, .ofs_x = 1, .ofs_y = -1},
    {.bitmap_index = 37942, .adv_w = 224, .box_w = 13, .box_h = 13, .ofs_x = 0, .ofs_y = -1},
    {.bitmap_index = 37964, .adv_w = 224, .box_w = 13, .box_h = 14, .ofs_x = 0, .ofs_y = -2},
    {.bitmap_index = 37987, .adv_w = 224, .box_w = 14, .box_h = 13, .ofs_x = 0, .ofs_y = -1},
    {.bitmap_index = 38010, .adv_w = 224, .box_w = 14, .box_h = 13, .ofs_x = 0, .ofs_y = -1},
    {.bitmap_index = 38033, .adv_w = 224, .box_w = 13, .box_h = 13, .ofs_x = 0, .ofs_y = -1},
    {.bitmap_index = 38055, .adv_w = 224, .box_w = 13, .box_h = 13, .ofs_x = 0, .ofs_y = -1},
    {.bitmap_index = 38077, .adv_w = 224, .box_w = 13, .box_h = 13, .ofs_x = 0, .ofs_y = -1},
    {.bitmap_index = 38099, .adv_w = 224, .box_w = 13, .box_h = 13, .ofs_x = 1, .ofs_y = -1},
    {.bitmap_index = 38121, .adv_w = 224, .box_w = 13, .box_h = 13, .ofs_x = 0, .ofs_y = -1},
    {.bitmap_index = 38143, .adv_w = 224, .box_w = 13, .box_h = 14, .ofs_x = 0, .ofs_y = -2},
    {.bitmap_index = 38166, .adv_w = 224, .box_w = 13, .box_h = 12, .ofs_x = 1, .ofs_y = -1},
    {.bitmap_index = 38186, .adv_w = 224, .box_w = 13, .box_h = 13, .ofs_x = 1, .ofs_y = -1},
    {.bitmap_index = 38208, .adv_w = 224, .box_w = 13, .box_h = 13, .ofs_x = 0, .ofs_y = -1},
    {.bitmap_index = 38230, .adv_w = 224, .box_w = 13, .box_h = 13, .ofs_x = 1, .ofs_y = -1},
    {.bitmap_index = 38252, .adv_w = 224, .box_w = 13, .box_h = 13, .ofs_x = 1, .ofs_y = -1},
    {.bitmap_index = 38274, .adv_w = 224, .box_w = 11, .box_h = 14, .ofs_x = 2, .ofs_y = -2},
    {.bitmap_index = 38294, .adv_w = 224, .box_w = 13, .box_h = 13, .ofs_x = 0, .ofs_y = -1},
    {.bitmap_index = 38316, .adv_w = 224, .box_w = 13, .box_h = 14, .ofs_x = 0, .ofs_y = -2},
    {.bitmap_index = 38339, .adv_w = 224, .box_w = 13, .box_h = 14, .ofs_x = 1, .ofs_y = -1},
    {.bitmap_index = 38362, .adv_w = 224, .box_w = 13, .box_h = 14, .ofs_x = 1, .ofs_y = -2},
    {.bitmap_index = 38385, .adv_w = 224, .box_w = 13, .box_h = 13, .ofs_x = 1, .ofs_y = -1},
    {.bitmap_index = 38407, .adv_w = 224, .box_w = 13, .box_h = 13, .ofs_x = 1, .ofs_y = -1},
    {.bitmap_index = 38429, .adv_w = 224, .box_w = 14, .box_h = 13, .ofs_x = 0, .ofs_y = -1},
    {.bitmap_index = 38452, .adv_w = 224, .box_w = 13, .box_h = 14, .ofs_x = 1, .ofs_y = -2},
    {.bitmap_index = 38475, .adv_w = 224, .box_w = 13, .box_h = 13, .ofs_x = 1, .ofs_y = -1},
    {.bitmap_index = 38497, .adv_w = 224, .box_w = 13, .box_h = 13, .ofs_x = 1, .ofs_y = -1},
    {.bitmap_index = 38519, .adv_w = 224, .box_w = 13, .box_h = 13, .ofs_x = 0, .ofs_y = -1},
    {.bitmap_index = 38541, .adv_w = 224, .box_w = 13, .box_h = 13, .ofs_x = 0, .ofs_y = -1},
    {.bitmap_index = 38563, .adv_w = 224, .box_w = 13, .box_h = 13, .ofs_x = 1, .ofs_y = -1},
    {.bitmap_index = 38585, .adv_w = 224, .box_w = 13, .box_h = 13, .ofs_x = 1, .ofs_y = -1},
    {.bitmap_index = 38607, .adv_w = 224, .box_w = 12, .box_h = 13, .ofs_x = 1, .ofs_y = -1},
    {.bitmap_index = 38627, .adv_w = 224, .box_w = 13, .box_h = 14, .ofs_x = 1, .ofs_y = -2},
    {.bitmap_index = 38650, .adv_w = 224, .box_w = 13, .box_h = 13, .ofs_x = 0, .ofs_y = -1},
    {.bitmap_index = 38672, .adv_w = 224, .box_w = 14, .box_h = 13, .ofs_x = 0, .ofs_y = -1},
    {.bitmap_index = 38695, .adv_w = 224, .box_w = 13, .box_h = 13, .ofs_x = 1, .ofs_y = -1},
    {.bitmap_index = 38717, .adv_w = 224, .box_w = 13, .box_h = 13, .ofs_x = 1, .ofs_y = -1},
    {.bitmap_index = 38739, .adv_w = 224, .box_w = 14, .box_h = 13, .ofs_x = 0, .ofs_y = -1},
    {.bitmap_index = 38762, .adv_w = 224, .box_w = 13, .box_h = 13, .ofs_x = 1, .ofs_y = -1},
    {.bitmap_index = 38784, .adv_w = 224, .box_w = 13, .box_h = 13, .ofs_x = 1, .ofs_y = -1},
    {.bitmap_index = 38806, .adv_w = 224, .box_w = 14, .box_h = 13, .ofs_x = 0, .ofs_y = -1},
    {.bitmap_index = 38829, .adv_w = 224, .box_w = 14, .box_h = 13, .ofs_x = 0, .ofs_y = -1},
    {.bitmap_index = 38852, .adv_w = 224, .box_w = 13, .box_h = 13, .ofs_x = 0, .ofs_y = -1},
    {.bitmap_index = 38874, .adv_w = 224, .box_w = 13, .box_h = 13, .ofs_x = 0, .ofs_y = -1},
    {.bitmap_index = 38896, .adv_w = 224, .box_w = 14, .box_h = 13, .ofs_x = 0, .ofs_y = -1},
    {.bitmap_index = 38919, .adv_w = 224, .box_w = 14, .box_h = 13, .ofs_x = 0, .ofs_y = -1},
    {.bitmap_index = 38942, .adv_w = 224, .box_w = 14, .box_h = 12, .ofs_x = 0, .ofs_y = -1},
    {.bitmap_index = 38963, .adv_w = 224, .box_w = 14, .box_h = 13, .ofs_x = 0, .ofs_y = -1},
    {.bitmap_index = 38986, .adv_w = 224, .box_w = 13, .box_h = 14, .ofs_x = 1, .ofs_y = -1},
    {.bitmap_index = 39009, .adv_w = 224, .box_w = 13, .box_h = 13, .ofs_x = 1, .ofs_y = -1},
    {.bitmap_index = 39031, .adv_w = 224, .box_w = 13, .box_h = 13, .ofs_x = 1, .ofs_y = -1},
    {.bitmap_index = 39053, .adv_w = 224, .box_w = 13, .box_h = 13, .ofs_x = 1, .ofs_y = -1},
    {.bitmap_index = 39075, .adv_w = 224, .box_w = 13, .box_h = 13, .ofs_x = 1, .ofs_y = -1},
    {.bitmap_index = 39097, .adv_w = 224, .box_w = 13, .box_h = 13, .ofs_x = 1, .ofs_y = -1},
    {.bitmap_index = 39119, .adv_w = 224, .box_w = 14, .box_h = 12, .ofs_x = 0, .ofs_y = -1},
    {.bitmap_index = 39140, .adv_w = 224, .box_w = 13, .box_h = 13, .ofs_x = 1, .ofs_y = -1},
    {.bitmap_index = 39162, .adv_w = 224, .box_w = 13, .box_h = 13, .ofs_x = 1, .ofs_y = -1},
    {.bitmap_index = 39184, .adv_w = 224, .box_w = 13, .box_h = 13, .ofs_x = 1, .ofs_y = -1},
    {.bitmap_index = 39206, .adv_w = 224, .box_w = 13, .box_h = 13, .ofs_x = 1, .ofs_y = -1},
    {.bitmap_index = 39228, .adv_w = 224, .box_w = 13, .box_h = 13, .ofs_x = 1, .ofs_y = -1},
    {.bitmap_index = 39250, .adv_w = 224, .box_w = 13, .box_h = 13, .ofs_x = 0, .ofs_y = -1},
    {.bitmap_index = 39272, .adv_w = 224, .box_w = 13, .box_h = 13, .ofs_x = 1, .ofs_y = -1},
    {.bitmap_index = 39294, .adv_w = 224, .box_w = 12, .box_h = 13, .ofs_x = 1, .ofs_y = -1},
    {.bitmap_index = 39314, .adv_w = 224, .box_w = 14, .box_h = 13, .ofs_x = 0, .ofs_y = -1},
    {.bitmap_index = 39337, .adv_w = 224, .box_w = 13, .box_h = 13, .ofs_x = 1, .ofs_y = -1},
    {.bitmap_index = 39359, .adv_w = 224, .box_w = 13, .box_h = 14, .ofs_x = 1, .ofs_y = -2},
    {.bitmap_index = 39382, .adv_w = 224, .box_w = 13, .box_h = 13, .ofs_x = 1, .ofs_y = -1},
    {.bitmap_index = 39404, .adv_w = 224, .box_w = 15, .box_h = 13, .ofs_x = 0, .ofs_y = -1},
    {.bitmap_index = 39429, .adv_w = 224, .box_w = 13, .box_h = 14, .ofs_x = 1, .ofs_y = -2},
    {.bitmap_index = 39452, .adv_w = 224, .box_w = 13, .box_h = 13, .ofs_x = 1, .ofs_y = -1},
    {.bitmap_index = 39474, .adv_w = 224, .box_w = 14, .box_h = 13, .ofs_x = 0, .ofs_y = -1},
    {.bitmap_index = 39497, .adv_w = 224, .box_w = 13, .box_h = 13, .ofs_x = 0, .ofs_y = -1},
    {.bitmap_index = 39519, .adv_w = 224, .box_w = 13, .box_h = 13, .ofs_x = 1, .ofs_y = -1},
    {.bitmap_index = 39541, .adv_w = 224, .box_w = 13, .box_h = 13, .ofs_x = 1, .ofs_y = -1},
    {.bitmap_index = 39563, .adv_w = 224, .box_w = 13, .box_h = 13, .ofs_x = 1, .ofs_y = -1},
    {.bitmap_index = 39585, .adv_w = 224, .box_w = 12, .box_h = 13, .ofs_x = 1, .ofs_y = -1},
    {.bitmap_index = 39605, .adv_w = 224, .box_w = 13, .box_h = 13, .ofs_x = 1, .ofs_y = -1},
    {.bitmap_index = 39627, .adv_w = 224, .box_w = 13, .box_h = 13, .ofs_x = 0, .ofs_y = -1},
    {.bitmap_index = 39649, .adv_w = 224, .box_w = 13, .box_h = 13, .ofs_x = 1, .ofs_y = -1},
    {.bitmap_index = 39671, .adv_w = 224, .box_w = 13, .box_h = 13, .ofs_x = 1, .ofs_y = -1},
    {.bitmap_index = 39693, .adv_w = 224, .box_w = 13, .box_h = 13, .ofs_x = 1, .ofs_y = -1},
    {.bitmap_index = 39715, .adv_w = 224, .box_w = 13, .box_h = 13, .ofs_x = 1, .ofs_y = -1},
    {.bitmap_index = 39737, .adv_w = 224, .box_w = 14, .box_h = 13, .ofs_x = 0, .ofs_y = -1},
    {.bitmap_index = 39760, .adv_w = 224, .box_w = 12, .box_h = 13, .ofs_x = 1, .ofs_y = -1},
    {.bitmap_index = 39780, .adv_w = 224, .box_w = 14, .box_h = 13, .ofs_x = 0, .ofs_y = -1},
    {.bitmap_index = 39803, .adv_w = 224, .box_w = 14, .box_h = 13, .ofs_x = 0, .ofs_y = -1},
    {.bitmap_index = 39826, .adv_w = 224, .box_w = 14, .box_h = 13, .ofs_x = 0, .ofs_y = -1},
    {.bitmap_index = 39849, .adv_w = 224, .box_w = 14, .box_h = 13, .ofs_x = 0, .ofs_y = -1},
    {.bitmap_index = 39872, .adv_w = 224, .box_w = 14, .box_h = 13, .ofs_x = 0, .ofs_y = -1},
    {.bitmap_index = 39895, .adv_w = 224, .box_w = 14, .box_h = 13, .ofs_x = 0, .ofs_y = -1},
    {.bitmap_index = 39918, .adv_w = 224, .box_w = 13, .box_h = 14, .ofs_x = 1, .ofs_y = -2},
    {.bitmap_index = 39941, .adv_w = 224, .box_w = 13, .box_h = 13, .ofs_x = 1, .ofs_y = -1},
    {.bitmap_index = 39963, .adv_w = 224, .box_w = 12, .box_h = 13, .ofs_x = 1, .ofs_y = -1},
    {.bitmap_index = 39983, .adv_w = 224, .box_w = 13, .box_h = 13, .ofs_x = 0, .ofs_y = -1},
    {.bitmap_index = 40005, .adv_w = 224, .box_w = 13, .box_h = 13, .ofs_x = 1, .ofs_y = -1},
    {.bitmap_index = 40027, .adv_w = 224, .box_w = 13, .box_h = 13, .ofs_x = 1, .ofs_y = -1},
    {.bitmap_index = 40049, .adv_w = 224, .box_w = 13, .box_h = 13, .ofs_x = 1, .ofs_y = -1},
    {.bitmap_index = 40071, .adv_w = 224, .box_w = 14, .box_h = 13, .ofs_x = 0, .ofs_y = -1},
    {.bitmap_index = 40094, .adv_w = 224, .box_w = 13, .box_h = 13, .ofs_x = 0, .ofs_y = -1},
    {.bitmap_index = 40116, .adv_w = 224, .box_w = 12, .box_h = 14, .ofs_x = 1, .ofs_y = -1},
    {.bitmap_index = 40137, .adv_w = 224, .box_w = 14, .box_h = 14, .ofs_x = 1, .ofs_y = -2},
    {.bitmap_index = 40162, .adv_w = 224, .box_w = 12, .box_h = 13, .ofs_x = 1, .ofs_y = -1},
    {.bitmap_index = 40182, .adv_w = 224, .box_w = 13, .box_h = 13, .ofs_x = 1, .ofs_y = -1},
    {.bitmap_index = 40204, .adv_w = 224, .box_w = 13, .box_h = 13, .ofs_x = 1, .ofs_y = -1},
    {.bitmap_index = 40226, .adv_w = 224, .box_w = 13, .box_h = 14, .ofs_x = 1, .ofs_y = -1},
    {.bitmap_index = 40249, .adv_w = 224, .box_w = 13, .box_h = 13, .ofs_x = 1, .ofs_y = -1},
    {.bitmap_index = 40271, .adv_w = 224, .box_w = 13, .box_h = 13, .ofs_x = 1, .ofs_y = -1},
    {.bitmap_index = 40293, .adv_w = 224, .box_w = 13, .box_h = 13, .ofs_x = 1, .ofs_y = -1},
    {.bitmap_index = 40315, .adv_w = 224, .box_w = 13, .box_h = 13, .ofs_x = 1, .ofs_y = -1},
    {.bitmap_index = 40337, .adv_w = 224, .box_w = 13, .box_h = 13, .ofs_x = 0, .ofs_y = -1},
    {.bitmap_index = 40359, .adv_w = 224, .box_w = 13, .box_h = 13, .ofs_x = 1, .ofs_y = -1},
    {.bitmap_index = 40381, .adv_w = 224, .box_w = 13, .box_h = 13, .ofs_x = 1, .ofs_y = -1},
    {.bitmap_index = 40403, .adv_w = 224, .box_w = 14, .box_h = 13, .ofs_x = 0, .ofs_y = -1},
    {.bitmap_index = 40426, .adv_w = 224, .box_w = 14, .box_h = 14, .ofs_x = 0, .ofs_y = -1},
    {.bitmap_index = 40451, .adv_w = 224, .box_w = 12, .box_h = 13, .ofs_x = 1, .ofs_y = -1},
    {.bitmap_index = 40471, .adv_w = 224, .box_w = 13, .box_h = 13, .ofs_x = 1, .ofs_y = -1},
    {.bitmap_index = 40493, .adv_w = 224, .box_w = 14, .box_h = 13, .ofs_x = 0, .ofs_y = -1},
    {.bitmap_index = 40516, .adv_w = 224, .box_w = 14, .box_h = 13, .ofs_x = 0, .ofs_y = -1},
    {.bitmap_index = 40539, .adv_w = 224, .box_w = 14, .box_h = 14, .ofs_x = 0, .ofs_y = -1},
    {.bitmap_index = 40564, .adv_w = 224, .box_w = 13, .box_h = 13, .ofs_x = 1, .ofs_y = -1},
    {.bitmap_index = 40586, .adv_w = 224, .box_w = 13, .box_h = 13, .ofs_x = 1, .ofs_y = -1},
    {.bitmap_index = 40608, .adv_w = 224, .box_w = 12, .box_h = 13, .ofs_x = 1, .ofs_y = -1},
    {.bitmap_index = 40628, .adv_w = 224, .box_w = 13, .box_h = 13, .ofs_x = 1, .ofs_y = -1},
    {.bitmap_index = 40650, .adv_w = 224, .box_w = 13, .box_h = 14, .ofs_x = 1, .ofs_y = -1},
    {.bitmap_index = 40673, .adv_w = 224, .box_w = 14, .box_h = 13, .ofs_x = 0, .ofs_y = -1},
    {.bitmap_index = 40696, .adv_w = 224, .box_w = 14, .box_h = 13, .ofs_x = 0, .ofs_y = -1},
    {.bitmap_index = 40719, .adv_w = 224, .box_w = 14, .box_h = 13, .ofs_x = 0, .ofs_y = -1},
    {.bitmap_index = 40742, .adv_w = 224, .box_w = 13, .box_h = 13, .ofs_x = 1, .ofs_y = -1},
    {.bitmap_index = 40764, .adv_w = 224, .box_w = 13, .box_h = 13, .ofs_x = 1, .ofs_y = -1},
    {.bitmap_index = 40786, .adv_w = 224, .box_w = 14, .box_h = 13, .ofs_x = 0, .ofs_y = -1},
    {.bitmap_index = 40809, .adv_w = 224, .box_w = 14, .box_h = 13, .ofs_x = 0, .ofs_y = -1},
    {.bitmap_index = 40832, .adv_w = 224, .box_w = 13, .box_h = 13, .ofs_x = 1, .ofs_y = -1},
    {.bitmap_index = 40854, .adv_w = 224, .box_w = 13, .box_h = 13, .ofs_x = 1, .ofs_y = -1},
    {.bitmap_index = 40876, .adv_w = 224, .box_w = 14, .box_h = 13, .ofs_x = 0, .ofs_y = -1},
    {.bitmap_index = 40899, .adv_w = 224, .box_w = 13, .box_h = 13, .ofs_x = 0, .ofs_y = -1},
    {.bitmap_index = 40921, .adv_w = 224, .box_w = 13, .box_h = 13, .ofs_x = 1, .ofs_y = -1},
    {.bitmap_index = 40943, .adv_w = 224, .box_w = 14, .box_h = 13, .ofs_x = 0, .ofs_y = -1},
    {.bitmap_index = 40966, .adv_w = 224, .box_w = 14, .box_h = 13, .ofs_x = 0, .ofs_y = -1},
    {.bitmap_index = 40989, .adv_w = 224, .box_w = 15, .box_h = 13, .ofs_x = 0, .ofs_y = -1},
    {.bitmap_index = 41014, .adv_w = 224, .box_w = 14, .box_h = 13, .ofs_x = 0, .ofs_y = -1},
    {.bitmap_index = 41037, .adv_w = 224, .box_w = 13, .box_h = 13, .ofs_x = 1, .ofs_y = -1},
    {.bitmap_index = 41059, .adv_w = 224, .box_w = 14, .box_h = 13, .ofs_x = 0, .ofs_y = -1},
    {.bitmap_index = 41082, .adv_w = 224, .box_w = 14, .box_h = 13, .ofs_x = 1, .ofs_y = -1},
    {.bitmap_index = 41105, .adv_w = 224, .box_w = 13, .box_h = 13, .ofs_x = 1, .ofs_y = -1},
    {.bitmap_index = 41127, .adv_w = 224, .box_w = 13, .box_h = 13, .ofs_x = 1, .ofs_y = -1},
    {.bitmap_index = 41149, .adv_w = 224, .box_w = 14, .box_h = 13, .ofs_x = 0, .ofs_y = -1},
    {.bitmap_index = 41172, .adv_w = 224, .box_w = 13, .box_h = 13, .ofs_x = 1, .ofs_y = -1},
    {.bitmap_index = 41194, .adv_w = 224, .box_w = 13, .box_h = 13, .ofs_x = 0, .ofs_y = -1},
    {.bitmap_index = 41216, .adv_w = 224, .box_w = 13, .box_h = 13, .ofs_x = 1, .ofs_y = -1},
    {.bitmap_index = 41238, .adv_w = 224, .box_w = 15, .box_h = 13, .ofs_x = 0, .ofs_y = -1},
    {.bitmap_index = 41263, .adv_w = 224, .box_w = 14, .box_h = 13, .ofs_x = 0, .ofs_y = -1},
    {.bitmap_index = 41286, .adv_w = 224, .box_w = 13, .box_h = 13, .ofs_x = 1, .ofs_y = -1},
    {.bitmap_index = 41308, .adv_w = 224, .box_w = 13, .box_h = 13, .ofs_x = 1, .ofs_y = -1},
    {.bitmap_index = 41330, .adv_w = 224, .box_w = 14, .box_h = 13, .ofs_x = 0, .ofs_y = -1},
    {.bitmap_index = 41353, .adv_w = 224, .box_w = 14, .box_h = 13, .ofs_x = 0, .ofs_y = -1},
    {.bitmap_index = 41376, .adv_w = 224, .box_w = 14, .box_h = 13, .ofs_x = 0, .ofs_y = -1},
    {.bitmap_index = 41399, .adv_w = 224, .box_w = 13, .box_h = 13, .ofs_x = 0, .ofs_y = -1},
    {.bitmap_index = 41421, .adv_w = 224, .box_w = 14, .box_h = 13, .ofs_x = 0, .ofs_y = -1},
    {.bitmap_index = 41444, .adv_w = 224, .box_w = 13, .box_h = 13, .ofs_x = 1, .ofs_y = -1},
    {.bitmap_index = 41466, .adv_w = 224, .box_w = 13, .box_h = 13, .ofs_x = 0, .ofs_y = -1},
    {.bitmap_index = 41488, .adv_w = 224, .box_w = 14, .box_h = 13, .ofs_x = 1, .ofs_y = -1},
    {.bitmap_index = 41511, .adv_w = 224, .box_w = 14, .box_h = 13, .ofs_x = 0, .ofs_y = -1},
    {.bitmap_index = 41534, .adv_w = 224, .box_w = 14, .box_h = 13, .ofs_x = 0, .ofs_y = -1},
    {.bitmap_index = 41557, .adv_w = 224, .box_w = 13, .box_h = 13, .ofs_x = 0, .ofs_y = -1},
    {.bitmap_index = 41579, .adv_w = 224, .box_w = 13, .box_h = 13, .ofs_x = 0, .ofs_y = -1},
    {.bitmap_index = 41601, .adv_w = 224, .box_w = 13, .box_h = 13, .ofs_x = 1, .ofs_y = -1},
    {.bitmap_index = 41623, .adv_w = 224, .box_w = 14, .box_h = 13, .ofs_x = 0, .ofs_y = -1},
    {.bitmap_index = 41646, .adv_w = 224, .box_w = 13, .box_h = 13, .ofs_x = 1, .ofs_y = -1},
    {.bitmap_index = 41668, .adv_w = 224, .box_w = 14, .box_h = 13, .ofs_x = 0, .ofs_y = -1},
    {.bitmap_index = 41691, .adv_w = 224, .box_w = 14, .box_h = 13, .ofs_x = 0, .ofs_y = -1},
    {.bitmap_index = 41714, .adv_w = 224, .box_w = 13, .box_h = 13, .ofs_x = 1, .ofs_y = -1},
    {.bitmap_index = 41736, .adv_w = 224, .box_w = 12, .box_h = 13, .ofs_x = 1, .ofs_y = -1},
    {.bitmap_index = 41756, .adv_w = 224, .box_w = 13, .box_h = 13, .ofs_x = 1, .ofs_y = -1},
    {.bitmap_index = 41778, .adv_w = 224, .box_w = 13, .box_h = 13, .ofs_x = 1, .ofs_y = -1},
    {.bitmap_index = 41800, .adv_w = 224, .box_w = 14, .box_h = 13, .ofs_x = 0, .ofs_y = -1},
    {.bitmap_index = 41823, .adv_w = 224, .box_w = 13, .box_h = 13, .ofs_x = 1, .ofs_y = -1},
    {.bitmap_index = 41845, .adv_w = 224, .box_w = 13, .box_h = 13, .ofs_x = 0, .ofs_y = -1},
    {.bitmap_index = 41867, .adv_w = 224, .box_w = 13, .box_h = 14, .ofs_x = 1, .ofs_y = -2},
    {.bitmap_index = 41890, .adv_w = 224, .box_w = 13, .box_h = 13, .ofs_x = 1, .ofs_y = -1},
    {.bitmap_index = 41912, .adv_w = 224, .box_w = 13, .box_h = 13, .ofs_x = 1, .ofs_y = -1},
    {.bitmap_index = 41934, .adv_w = 224, .box_w = 12, .box_h = 13, .ofs_x = 1, .ofs_y = -1},
    {.bitmap_index = 41954, .adv_w = 224, .box_w = 14, .box_h = 13, .ofs_x = 1, .ofs_y = -1},
    {.bitmap_index = 41977, .adv_w = 224, .box_w = 14, .box_h = 13, .ofs_x = 0, .ofs_y = -1},
    {.bitmap_index = 42000, .adv_w = 224, .box_w = 13, .box_h = 13, .ofs_x = 1, .ofs_y = -1},
    {.bitmap_index = 42022, .adv_w = 224, .box_w = 14, .box_h = 13, .ofs_x = 0, .ofs_y = -1},
    {.bitmap_index = 42045, .adv_w = 224, .box_w = 14, .box_h = 13, .ofs_x = 0, .ofs_y = -1},
    {.bitmap_index = 42068, .adv_w = 224, .box_w = 14, .box_h = 13, .ofs_x = 0, .ofs_y = -1},
    {.bitmap_index = 42091, .adv_w = 224, .box_w = 14, .box_h = 13, .ofs_x = 0, .ofs_y = -1},
    {.bitmap_index = 42114, .adv_w = 224, .box_w = 14, .box_h = 13, .ofs_x = 0, .ofs_y = -1},
    {.bitmap_index = 42137, .adv_w = 224, .box_w = 13, .box_h = 13, .ofs_x = 1, .ofs_y = -1},
    {.bitmap_index = 42159, .adv_w = 224, .box_w = 14, .box_h = 13, .ofs_x = 0, .ofs_y = -1},
    {.bitmap_index = 42182, .adv_w = 224, .box_w = 13, .box_h = 13, .ofs_x = 0, .ofs_y = -1},
    {.bitmap_index = 42204, .adv_w = 224, .box_w = 13, .box_h = 13, .ofs_x = 1, .ofs_y = -1},
    {.bitmap_index = 42226, .adv_w = 224, .box_w = 15, .box_h = 14, .ofs_x = 0, .ofs_y = -2},
    {.bitmap_index = 42253, .adv_w = 224, .box_w = 14, .box_h = 13, .ofs_x = 0, .ofs_y = -1},
    {.bitmap_index = 42276, .adv_w = 224, .box_w = 13, .box_h = 13, .ofs_x = 1, .ofs_y = -1},
    {.bitmap_index = 42298, .adv_w = 224, .box_w = 14, .box_h = 13, .ofs_x = 0, .ofs_y = -1},
    {.bitmap_index = 42321, .adv_w = 224, .box_w = 14, .box_h = 13, .ofs_x = 0, .ofs_y = -1},
    {.bitmap_index = 42344, .adv_w = 224, .box_w = 14, .box_h = 13, .ofs_x = 1, .ofs_y = -1},
    {.bitmap_index = 42367, .adv_w = 224, .box_w = 14, .box_h = 13, .ofs_x = 1, .ofs_y = -1},
    {.bitmap_index = 42390, .adv_w = 224, .box_w = 14, .box_h = 13, .ofs_x = 0, .ofs_y = -1},
    {.bitmap_index = 42413, .adv_w = 224, .box_w = 14, .box_h = 13, .ofs_x = 0, .ofs_y = -1},
    {.bitmap_index = 42436, .adv_w = 224, .box_w = 13, .box_h = 13, .ofs_x = 1, .ofs_y = -1},
    {.bitmap_index = 42458, .adv_w = 224, .box_w = 13, .box_h = 13, .ofs_x = 0, .ofs_y = -1},
    {.bitmap_index = 42480, .adv_w = 224, .box_w = 13, .box_h = 13, .ofs_x = 1, .ofs_y = -1},
    {.bitmap_index = 42502, .adv_w = 224, .box_w = 13, .box_h = 13, .ofs_x = 1, .ofs_y = -1},
    {.bitmap_index = 42524, .adv_w = 224, .box_w = 14, .box_h = 13, .ofs_x = 0, .ofs_y = -1},
    {.bitmap_index = 42547, .adv_w = 224, .box_w = 14, .box_h = 13, .ofs_x = 0, .ofs_y = -1},
    {.bitmap_index = 42570, .adv_w = 224, .box_w = 13, .box_h = 13, .ofs_x = 0, .ofs_y = -1},
    {.bitmap_index = 42592, .adv_w = 224, .box_w = 13, .box_h = 13, .ofs_x = 1, .ofs_y = -1},
    {.bitmap_index = 42614, .adv_w = 224, .box_w = 14, .box_h = 13, .ofs_x = 0, .ofs_y = -1},
    {.bitmap_index = 42637, .adv_w = 224, .box_w = 13, .box_h = 13, .ofs_x = 0, .ofs_y = -1},
    {.bitmap_index = 42659, .adv_w = 224, .box_w = 14, .box_h = 14, .ofs_x = 0, .ofs_y = -2},
    {.bitmap_index = 42684, .adv_w = 224, .box_w = 14, .box_h = 13, .ofs_x = 0, .ofs_y = -1},
    {.bitmap_index = 42707, .adv_w = 224, .box_w = 13, .box_h = 13, .ofs_x = 1, .ofs_y = -1},
    {.bitmap_index = 42729, .adv_w = 224, .box_w = 13, .box_h = 13, .ofs_x = 0, .ofs_y = -1},
    {.bitmap_index = 42751, .adv_w = 224, .box_w = 13, .box_h = 13, .ofs_x = 0, .ofs_y = -1},
    {.bitmap_index = 42773, .adv_w = 224, .box_w = 14, .box_h = 13, .ofs_x = 0, .ofs_y = -1},
    {.bitmap_index = 42796, .adv_w = 224, .box_w = 13, .box_h = 13, .ofs_x = 1, .ofs_y = -1},
    {.bitmap_index = 42818, .adv_w = 224, .box_w = 13, .box_h = 14, .ofs_x = 0, .ofs_y = -2},
    {.bitmap_index = 42841, .adv_w = 224, .box_w = 14, .box_h = 14, .ofs_x = 0, .ofs_y = -2},
    {.bitmap_index = 42866, .adv_w = 224, .box_w = 13, .box_h = 13, .ofs_x = 1, .ofs_y = -1},
    {.bitmap_index = 42888, .adv_w = 224, .box_w = 14, .box_h = 13, .ofs_x = 0, .ofs_y = -1},
    {.bitmap_index = 42911, .adv_w = 224, .box_w = 13, .box_h = 13, .ofs_x = 0, .ofs_y = -1},
    {.bitmap_index = 42933, .adv_w = 224, .box_w = 13, .box_h = 13, .ofs_x = 1, .ofs_y = -1},
    {.bitmap_index = 42955, .adv_w = 224, .box_w = 14, .box_h = 13, .ofs_x = 0, .ofs_y = -1},
    {.bitmap_index = 42978, .adv_w = 224, .box_w = 14, .box_h = 14, .ofs_x = 0, .ofs_y = -2},
    {.bitmap_index = 43003, .adv_w = 224, .box_w = 14, .box_h = 13, .ofs_x = 0, .ofs_y = -1},
    {.bitmap_index = 43026, .adv_w = 224, .box_w = 14, .box_h = 13, .ofs_x = 0, .ofs_y = -1},
    {.bitmap_index = 43049, .adv_w = 224, .box_w = 13, .box_h = 13, .ofs_x = 0, .ofs_y = -1},
    {.bitmap_index = 43071, .adv_w = 224, .box_w = 14, .box_h = 14, .ofs_x = 0, .ofs_y = -2},
    {.bitmap_index = 43096, .adv_w = 224, .box_w = 14, .box_h = 14, .ofs_x = 0, .ofs_y = -2},
    {.bitmap_index = 43121, .adv_w = 224, .box_w = 14, .box_h = 13, .ofs_x = 0, .ofs_y = -1},
    {.bitmap_index = 43144, .adv_w = 224, .box_w = 14, .box_h = 13, .ofs_x = 0, .ofs_y = -1},
    {.bitmap_index = 43167, .adv_w = 224, .box_w = 13, .box_h = 13, .ofs_x = 0, .ofs_y = -1},
    {.bitmap_index = 43189, .adv_w = 224, .box_w = 13, .box_h = 14, .ofs_x = 1, .ofs_y = -2},
    {.bitmap_index = 43212, .adv_w = 224, .box_w = 14, .box_h = 14, .ofs_x = 0, .ofs_y = -2},
    {.bitmap_index = 43237, .adv_w = 224, .box_w = 14, .box_h = 14, .ofs_x = 0, .ofs_y = -2},
    {.bitmap_index = 43262, .adv_w = 224, .box_w = 14, .box_h = 14, .ofs_x = 0, .ofs_y = -2},
    {.bitmap_index = 43287, .adv_w = 224, .box_w = 14, .box_h = 14, .ofs_x = 0, .ofs_y = -2},
    {.bitmap_index = 43312, .adv_w = 224, .box_w = 14, .box_h = 14, .ofs_x = 0, .ofs_y = -2},
    {.bitmap_index = 43337, .adv_w = 224, .box_w = 14, .box_h = 13, .ofs_x = 0, .ofs_y = -1},
    {.bitmap_index = 43360, .adv_w = 224, .box_w = 15, .box_h = 14, .ofs_x = 0, .ofs_y = -2},
    {.bitmap_index = 43387, .adv_w = 224, .box_w = 14, .box_h = 13, .ofs_x = 0, .ofs_y = -1},
    {.bitmap_index = 43410, .adv_w = 224, .box_w = 14, .box_h = 13, .ofs_x = 0, .ofs_y = -1},
    {.bitmap_index = 43433, .adv_w = 224, .box_w = 14, .box_h = 14, .ofs_x = 0, .ofs_y = -2},
    {.bitmap_index = 43458, .adv_w = 224, .box_w = 14, .box_h = 13, .ofs_x = 0, .ofs_y = -1},
    {.bitmap_index = 43481, .adv_w = 224, .box_w = 13, .box_h = 13, .ofs_x = 1, .ofs_y = -1},
    {.bitmap_index = 43503, .adv_w = 224, .box_w = 13, .box_h = 14, .ofs_x = 1, .ofs_y = -2},
    {.bitmap_index = 43526, .adv_w = 224, .box_w = 14, .box_h = 14, .ofs_x = 0, .ofs_y = -2},
    {.bitmap_index = 43551, .adv_w = 224, .box_w = 14, .box_h = 13, .ofs_x = 0, .ofs_y = -1},
    {.bitmap_index = 43574, .adv_w = 224, .box_w = 15, .box_h = 13, .ofs_x = -1, .ofs_y = -1},
    {.bitmap_index = 43599, .adv_w = 224, .box_w = 14, .box_h = 13, .ofs_x = 0, .ofs_y = -1},
    {.bitmap_index = 43622, .adv_w = 224, .box_w = 14, .box_h = 13, .ofs_x = 1, .ofs_y = -1},
    {.bitmap_index = 43645, .adv_w = 224, .box_w = 13, .box_h = 14, .ofs_x = 1, .ofs_y = -2},
    {.bitmap_index = 43668, .adv_w = 224, .box_w = 14, .box_h = 13, .ofs_x = 0, .ofs_y = -1},
    {.bitmap_index = 43691, .adv_w = 224, .box_w = 13, .box_h = 14, .ofs_x = 1, .ofs_y = -2},
    {.bitmap_index = 43714, .adv_w = 224, .box_w = 14, .box_h = 14, .ofs_x = 0, .ofs_y = -1},
    {.bitmap_index = 43739, .adv_w = 224, .box_w = 13, .box_h = 14, .ofs_x = 1, .ofs_y = -2},
    {.bitmap_index = 43762, .adv_w = 224, .box_w = 13, .box_h = 14, .ofs_x = 1, .ofs_y = -2},
    {.bitmap_index = 43785, .adv_w = 224, .box_w = 14, .box_h = 13, .ofs_x = 0, .ofs_y = -1},
    {.bitmap_index = 43808, .adv_w = 224, .box_w = 13, .box_h = 14, .ofs_x = 1, .ofs_y = -2},
    {.bitmap_index = 43831, .adv_w = 224, .box_w = 13, .box_h = 15, .ofs_x = 1, .ofs_y = -2},
    {.bitmap_index = 43856, .adv_w = 224, .box_w = 15, .box_h = 13, .ofs_x = 0, .ofs_y = -1},
    {.bitmap_index = 43881, .adv_w = 224, .box_w = 13, .box_h = 14, .ofs_x = 1, .ofs_y = -2},
    {.bitmap_index = 43904, .adv_w = 224, .box_w = 14, .box_h = 14, .ofs_x = 0, .ofs_y = -2},
    {.bitmap_index = 43929, .adv_w = 224, .box_w = 14, .box_h = 13, .ofs_x = 0, .ofs_y = -1},
    {.bitmap_index = 43952, .adv_w = 224, .box_w = 14, .box_h = 14, .ofs_x = 0, .ofs_y = -2},
    {.bitmap_index = 43977, .adv_w = 224, .box_w = 13, .box_h = 14, .ofs_x = 1, .ofs_y = -2},
    {.bitmap_index = 44000, .adv_w = 224, .box_w = 13, .box_h = 14, .ofs_x = 1, .ofs_y = -2},
    {.bitmap_index = 44023, .adv_w = 224, .box_w = 14, .box_h = 14, .ofs_x = 0, .ofs_y = -2},
    {.bitmap_index = 44048, .adv_w = 224, .box_w = 14, .box_h = 14, .ofs_x = 0, .ofs_y = -2},
    {.bitmap_index = 44073, .adv_w = 224, .box_w = 14, .box_h = 14, .ofs_x = 0, .ofs_y = -2},
    {.bitmap_index = 44098, .adv_w = 224, .box_w = 14, .box_h = 13, .ofs_x = 0, .ofs_y = -1},
    {.bitmap_index = 44121, .adv_w = 224, .box_w = 13, .box_h = 13, .ofs_x = 0, .ofs_y = -1},
    {.bitmap_index = 44143, .adv_w = 224, .box_w = 14, .box_h = 13, .ofs_x = 0, .ofs_y = -1},
    {.bitmap_index = 44166, .adv_w = 224, .box_w = 12, .box_h = 13, .ofs_x = 1, .ofs_y = -1},
    {.bitmap_index = 44186, .adv_w = 224, .box_w = 13, .box_h = 13, .ofs_x = 0, .ofs_y = -1},
    {.bitmap_index = 44208, .adv_w = 224, .box_w = 13, .box_h = 13, .ofs_x = 1, .ofs_y = -1},
    {.bitmap_index = 44230, .adv_w = 224, .box_w = 13, .box_h = 12, .ofs_x = 1, .ofs_y = -1},
    {.bitmap_index = 44250, .adv_w = 224, .box_w = 13, .box_h = 13, .ofs_x = 1, .ofs_y = -1},
    {.bitmap_index = 44272, .adv_w = 224, .box_w = 13, .box_h = 13, .ofs_x = 1, .ofs_y = -1},
    {.bitmap_index = 44294, .adv_w = 224, .box_w = 14, .box_h = 13, .ofs_x = 0, .ofs_y = -1},
    {.bitmap_index = 44317, .adv_w = 224, .box_w = 13, .box_h = 14, .ofs_x = 0, .ofs_y = -2},
    {.bitmap_index = 44340, .adv_w = 224, .box_w = 14, .box_h = 13, .ofs_x = 0, .ofs_y = -1},
    {.bitmap_index = 44363, .adv_w = 224, .box_w = 13, .box_h = 13, .ofs_x = 0, .ofs_y = -1},
    {.bitmap_index = 44385, .adv_w = 224, .box_w = 13, .box_h = 13, .ofs_x = 0, .ofs_y = -1},
    {.bitmap_index = 44407, .adv_w = 224, .box_w = 14, .box_h = 13, .ofs_x = 0, .ofs_y = -1},
    {.bitmap_index = 44430, .adv_w = 224, .box_w = 13, .box_h = 13, .ofs_x = 0, .ofs_y = -1},
    {.bitmap_index = 44452, .adv_w = 224, .box_w = 13, .box_h = 13, .ofs_x = 1, .ofs_y = -1},
    {.bitmap_index = 44474, .adv_w = 224, .box_w = 14, .box_h = 13, .ofs_x = 0, .ofs_y = -1},
    {.bitmap_index = 44497, .adv_w = 224, .box_w = 13, .box_h = 13, .ofs_x = 0, .ofs_y = -1},
    {.bitmap_index = 44519, .adv_w = 224, .box_w = 14, .box_h = 13, .ofs_x = 0, .ofs_y = -1},
    {.bitmap_index = 44542, .adv_w = 224, .box_w = 13, .box_h = 13, .ofs_x = 1, .ofs_y = -1},
    {.bitmap_index = 44564, .adv_w = 224, .box_w = 13, .box_h = 13, .ofs_x = 1, .ofs_y = -1},
    {.bitmap_index = 44586, .adv_w = 224, .box_w = 13, .box_h = 13, .ofs_x = 1, .ofs_y = -1},
    {.bitmap_index = 44608, .adv_w = 224, .box_w = 13, .box_h = 13, .ofs_x = 1, .ofs_y = -1},
    {.bitmap_index = 44630, .adv_w = 224, .box_w = 13, .box_h = 13, .ofs_x = 1, .ofs_y = -1},
    {.bitmap_index = 44652, .adv_w = 224, .box_w = 13, .box_h = 13, .ofs_x = 0, .ofs_y = -1},
    {.bitmap_index = 44674, .adv_w = 224, .box_w = 13, .box_h = 13, .ofs_x = 1, .ofs_y = -1},
    {.bitmap_index = 44696, .adv_w = 224, .box_w = 13, .box_h = 13, .ofs_x = 0, .ofs_y = -1},
    {.bitmap_index = 44718, .adv_w = 224, .box_w = 12, .box_h = 13, .ofs_x = 1, .ofs_y = -1},
    {.bitmap_index = 44738, .adv_w = 224, .box_w = 13, .box_h = 13, .ofs_x = 0, .ofs_y = -1},
    {.bitmap_index = 44760, .adv_w = 224, .box_w = 13, .box_h = 13, .ofs_x = 1, .ofs_y = -1},
    {.bitmap_index = 44782, .adv_w = 224, .box_w = 13, .box_h = 13, .ofs_x = 1, .ofs_y = -1},
    {.bitmap_index = 44804, .adv_w = 224, .box_w = 13, .box_h = 14, .ofs_x = 1, .ofs_y = -2},
    {.bitmap_index = 44827, .adv_w = 224, .box_w = 13, .box_h = 13, .ofs_x = 0, .ofs_y = -1},
    {.bitmap_index = 44849, .adv_w = 224, .box_w = 13, .box_h = 13, .ofs_x = 1, .ofs_y = -1},
    {.bitmap_index = 44871, .adv_w = 224, .box_w = 14, .box_h = 13, .ofs_x = 0, .ofs_y = -1},
    {.bitmap_index = 44894, .adv_w = 224, .box_w = 13, .box_h = 13, .ofs_x = 1, .ofs_y = -1},
    {.bitmap_index = 44916, .adv_w = 224, .box_w = 13, .box_h = 14, .ofs_x = 1, .ofs_y = -1},
    {.bitmap_index = 44939, .adv_w = 224, .box_w = 14, .box_h = 14, .ofs_x = 1, .ofs_y = -2},
    {.bitmap_index = 44964, .adv_w = 224, .box_w = 13, .box_h = 14, .ofs_x = 0, .ofs_y = -1},
    {.bitmap_index = 44987, .adv_w = 224, .box_w = 13, .box_h = 13, .ofs_x = 1, .ofs_y = -1},
    {.bitmap_index = 45009, .adv_w = 224, .box_w = 14, .box_h = 13, .ofs_x = 0, .ofs_y = -1},
    {.bitmap_index = 45032, .adv_w = 224, .box_w = 13, .box_h = 13, .ofs_x = 0, .ofs_y = -1},
    {.bitmap_index = 45054, .adv_w = 224, .box_w = 13, .box_h = 13, .ofs_x = 0, .ofs_y = -1},
    {.bitmap_index = 45076, .adv_w = 224, .box_w = 14, .box_h = 13, .ofs_x = 0, .ofs_y = -1},
    {.bitmap_index = 45099, .adv_w = 224, .box_w = 14, .box_h = 13, .ofs_x = 0, .ofs_y = -1},
    {.bitmap_index = 45122, .adv_w = 224, .box_w = 14, .box_h = 13, .ofs_x = 0, .ofs_y = -1},
    {.bitmap_index = 45145, .adv_w = 224, .box_w = 14, .box_h = 13, .ofs_x = 0, .ofs_y = -1},
    {.bitmap_index = 45168, .adv_w = 224, .box_w = 13, .box_h = 13, .ofs_x = 0, .ofs_y = -1},
    {.bitmap_index = 45190, .adv_w = 224, .box_w = 13, .box_h = 13, .ofs_x = 0, .ofs_y = -1},
    {.bitmap_index = 45212, .adv_w = 224, .box_w = 12, .box_h = 13, .ofs_x = 1, .ofs_y = -1},
    {.bitmap_index = 45232, .adv_w = 224, .box_w = 14, .box_h = 13, .ofs_x = 0, .ofs_y = -1},
    {.bitmap_index = 45255, .adv_w = 224, .box_w = 13, .box_h = 13, .ofs_x = 0, .ofs_y = -1},
    {.bitmap_index = 45277, .adv_w = 224, .box_w = 13, .box_h = 13, .ofs_x = 1, .ofs_y = -1},
    {.bitmap_index = 45299, .adv_w = 224, .box_w = 13, .box_h = 13, .ofs_x = 0, .ofs_y = -1},
    {.bitmap_index = 45321, .adv_w = 224, .box_w = 13, .box_h = 13, .ofs_x = 0, .ofs_y = -1},
    {.bitmap_index = 45343, .adv_w = 224, .box_w = 14, .box_h = 13, .ofs_x = 0, .ofs_y = -1},
    {.bitmap_index = 45366, .adv_w = 224, .box_w = 13, .box_h = 14, .ofs_x = 1, .ofs_y = -2},
    {.bitmap_index = 45389, .adv_w = 224, .box_w = 14, .box_h = 13, .ofs_x = 0, .ofs_y = -1},
    {.bitmap_index = 45412, .adv_w = 224, .box_w = 13, .box_h = 13, .ofs_x = 0, .ofs_y = -1},
    {.bitmap_index = 45434, .adv_w = 224, .box_w = 13, .box_h = 13, .ofs_x = 0, .ofs_y = -1},
    {.bitmap_index = 45456, .adv_w = 224, .box_w = 13, .box_h = 13, .ofs_x = 1, .ofs_y = -1},
    {.bitmap_index = 45478, .adv_w = 224, .box_w = 13, .box_h = 13, .ofs_x = 1, .ofs_y = -1},
    {.bitmap_index = 45500, .adv_w = 224, .box_w = 13, .box_h = 13, .ofs_x = 1, .ofs_y = -1},
    {.bitmap_index = 45522, .adv_w = 224, .box_w = 13, .box_h = 13, .ofs_x = 0, .ofs_y = -1},
    {.bitmap_index = 45544, .adv_w = 224, .box_w = 13, .box_h = 13, .ofs_x = 1, .ofs_y = -1},
    {.bitmap_index = 45566, .adv_w = 224, .box_w = 14, .box_h = 13, .ofs_x = 0, .ofs_y = -1},
    {.bitmap_index = 45589, .adv_w = 224, .box_w = 13, .box_h = 14, .ofs_x = 0, .ofs_y = -2},
    {.bitmap_index = 45612, .adv_w = 224, .box_w = 13, .box_h = 13, .ofs_x = 1, .ofs_y = -1},
    {.bitmap_index = 45634, .adv_w = 224, .box_w = 13, .box_h = 13, .ofs_x = 0, .ofs_y = -1},
    {.bitmap_index = 45656, .adv_w = 224, .box_w = 13, .box_h = 13, .ofs_x = 0, .ofs_y = -1},
    {.bitmap_index = 45678, .adv_w = 224, .box_w = 13, .box_h = 13, .ofs_x = 1, .ofs_y = -1},
    {.bitmap_index = 45700, .adv_w = 224, .box_w = 13, .box_h = 13, .ofs_x = 0, .ofs_y = -1},
    {.bitmap_index = 45722, .adv_w = 224, .box_w = 14, .box_h = 14, .ofs_x = 0, .ofs_y = -2},
    {.bitmap_index = 45747, .adv_w = 224, .box_w = 13, .box_h = 13, .ofs_x = 0, .ofs_y = -1},
    {.bitmap_index = 45769, .adv_w = 224, .box_w = 14, .box_h = 13, .ofs_x = 0, .ofs_y = -1},
    {.bitmap_index = 45792, .adv_w = 224, .box_w = 13, .box_h = 13, .ofs_x = 0, .ofs_y = -1},
    {.bitmap_index = 45814, .adv_w = 224, .box_w = 14, .box_h = 13, .ofs_x = 0, .ofs_y = -1},
    {.bitmap_index = 45837, .adv_w = 224, .box_w = 13, .box_h = 14, .ofs_x = 1, .ofs_y = -1},
    {.bitmap_index = 45860, .adv_w = 224, .box_w = 13, .box_h = 13, .ofs_x = 0, .ofs_y = -1},
    {.bitmap_index = 45882, .adv_w = 224, .box_w = 14, .box_h = 13, .ofs_x = 0, .ofs_y = -1},
    {.bitmap_index = 45905, .adv_w = 224, .box_w = 13, .box_h = 13, .ofs_x = 0, .ofs_y = -1},
    {.bitmap_index = 45927, .adv_w = 224, .box_w = 14, .box_h = 13, .ofs_x = 0, .ofs_y = -1},
    {.bitmap_index = 45950, .adv_w = 224, .box_w = 13, .box_h = 13, .ofs_x = 0, .ofs_y = -1},
    {.bitmap_index = 45972, .adv_w = 224, .box_w = 13, .box_h = 14, .ofs_x = 1, .ofs_y = -2},
    {.bitmap_index = 45995, .adv_w = 224, .box_w = 14, .box_h = 13, .ofs_x = 0, .ofs_y = -1},
    {.bitmap_index = 46018, .adv_w = 224, .box_w = 13, .box_h = 13, .ofs_x = 0, .ofs_y = -1},
    {.bitmap_index = 46040, .adv_w = 224, .box_w = 13, .box_h = 13, .ofs_x = 1, .ofs_y = -1},
    {.bitmap_index = 46062, .adv_w = 224, .box_w = 14, .box_h = 13, .ofs_x = 0, .ofs_y = -1},
    {.bitmap_index = 46085, .adv_w = 224, .box_w = 14, .box_h = 13, .ofs_x = 0, .ofs_y = -1},
    {.bitmap_index = 46108, .adv_w = 224, .box_w = 13, .box_h = 13, .ofs_x = 0, .ofs_y = -1},
    {.bitmap_index = 46130, .adv_w = 224, .box_w = 14, .box_h = 14, .ofs_x = 0, .ofs_y = -2},
    {.bitmap_index = 46155, .adv_w = 224, .box_w = 13, .box_h = 13, .ofs_x = 1, .ofs_y = -1},
    {.bitmap_index = 46177, .adv_w = 224, .box_w = 13, .box_h = 13, .ofs_x = 1, .ofs_y = -1},
    {.bitmap_index = 46199, .adv_w = 224, .box_w = 14, .box_h = 13, .ofs_x = 0, .ofs_y = -1},
    {.bitmap_index = 46222, .adv_w = 224, .box_w = 13, .box_h = 13, .ofs_x = 1, .ofs_y = -1},
    {.bitmap_index = 46244, .adv_w = 224, .box_w = 13, .box_h = 13, .ofs_x = 1, .ofs_y = -1},
    {.bitmap_index = 46266, .adv_w = 224, .box_w = 13, .box_h = 14, .ofs_x = 1, .ofs_y = -2},
    {.bitmap_index = 46289, .adv_w = 224, .box_w = 14, .box_h = 13, .ofs_x = 0, .ofs_y = -1},
    {.bitmap_index = 46312, .adv_w = 224, .box_w = 13, .box_h = 13, .ofs_x = 0, .ofs_y = -1},
    {.bitmap_index = 46334, .adv_w = 224, .box_w = 13, .box_h = 13, .ofs_x = 1, .ofs_y = -1},
    {.bitmap_index = 46356, .adv_w = 224, .box_w = 13, .box_h = 13, .ofs_x = 0, .ofs_y = -1},
    {.bitmap_index = 46378, .adv_w = 224, .box_w = 13, .box_h = 14, .ofs_x = 0, .ofs_y = -2},
    {.bitmap_index = 46401, .adv_w = 224, .box_w = 13, .box_h = 12, .ofs_x = 0, .ofs_y = -1},
    {.bitmap_index = 46421, .adv_w = 224, .box_w = 12, .box_h = 13, .ofs_x = 2, .ofs_y = -1},
    {.bitmap_index = 46441, .adv_w = 224, .box_w = 11, .box_h = 13, .ofs_x = 2, .ofs_y = -1},
    {.bitmap_index = 46459, .adv_w = 224, .box_w = 12, .box_h = 13, .ofs_x = 2, .ofs_y = -1},
    {.bitmap_index = 46479, .adv_w = 224, .box_w = 12, .box_h = 13, .ofs_x = 2, .ofs_y = -1},
    {.bitmap_index = 46499, .adv_w = 224, .box_w = 12, .box_h = 13, .ofs_x = 2, .ofs_y = -1},
    {.bitmap_index = 46519, .adv_w = 224, .box_w = 12, .box_h = 13, .ofs_x = 0, .ofs_y = -1},
    {.bitmap_index = 46539, .adv_w = 224, .box_w = 13, .box_h = 13, .ofs_x = 1, .ofs_y = -1},
    {.bitmap_index = 46561, .adv_w = 224, .box_w = 13, .box_h = 13, .ofs_x = 0, .ofs_y = -1},
    {.bitmap_index = 46583, .adv_w = 224, .box_w = 13, .box_h = 13, .ofs_x = 1, .ofs_y = -1},
    {.bitmap_index = 46605, .adv_w = 224, .box_w = 13, .box_h = 13, .ofs_x = 1, .ofs_y = -1},
    {.bitmap_index = 46627, .adv_w = 224, .box_w = 13, .box_h = 13, .ofs_x = 1, .ofs_y = -1},
    {.bitmap_index = 46649, .adv_w = 224, .box_w = 13, .box_h = 13, .ofs_x = 1, .ofs_y = -1},
    {.bitmap_index = 46671, .adv_w = 224, .box_w = 12, .box_h = 13, .ofs_x = 2, .ofs_y = -1},
    {.bitmap_index = 46691, .adv_w = 224, .box_w = 13, .box_h = 13, .ofs_x = 1, .ofs_y = -1},
    {.bitmap_index = 46713, .adv_w = 224, .box_w = 13, .box_h = 13, .ofs_x = 1, .ofs_y = -1},
    {.bitmap_index = 46735, .adv_w = 224, .box_w = 13, .box_h = 13, .ofs_x = 1, .ofs_y = -1},
    {.bitmap_index = 46757, .adv_w = 224, .box_w = 12, .box_h = 13, .ofs_x = 1, .ofs_y = -1},
    {.bitmap_index = 46777, .adv_w = 224, .box_w = 13, .box_h = 13, .ofs_x = 1, .ofs_y = -1},
    {.bitmap_index = 46799, .adv_w = 224, .box_w = 13, .box_h = 13, .ofs_x = 1, .ofs_y = -1},
    {.bitmap_index = 46821, .adv_w = 224, .box_w = 14, .box_h = 13, .ofs_x = 0, .ofs_y = -1},
    {.bitmap_index = 46844, .adv_w = 224, .box_w = 14, .box_h = 13, .ofs_x = 0, .ofs_y = -1},
    {.bitmap_index = 46867, .adv_w = 224, .box_w = 14, .box_h = 13, .ofs_x = 1, .ofs_y = -1},
    {.bitmap_index = 46890, .adv_w = 224, .box_w = 14, .box_h = 13, .ofs_x = 0, .ofs_y = -1},
    {.bitmap_index = 46913, .adv_w = 224, .box_w = 14, .box_h = 13, .ofs_x = 0, .ofs_y = -1},
    {.bitmap_index = 46936, .adv_w = 224, .box_w = 14, .box_h = 14, .ofs_x = 0, .ofs_y = -2},
    {.bitmap_index = 46961, .adv_w = 224, .box_w = 13, .box_h = 14, .ofs_x = 1, .ofs_y = -2},
    {.bitmap_index = 46984, .adv_w = 224, .box_w = 13, .box_h = 14, .ofs_x = 0, .ofs_y = -2},
    {.bitmap_index = 47007, .adv_w = 224, .box_w = 13, .box_h = 13, .ofs_x = 1, .ofs_y = -1},
    {.bitmap_index = 47029, .adv_w = 224, .box_w = 14, .box_h = 14, .ofs_x = 0, .ofs_y = -2},
    {.bitmap_index = 47054, .adv_w = 224, .box_w = 13, .box_h = 14, .ofs_x = 1, .ofs_y = -2},
    {.bitmap_index = 47077, .adv_w = 224, .box_w = 13, .box_h = 14, .ofs_x = 1, .ofs_y = -2},
    {.bitmap_index = 47100, .adv_w = 224, .box_w = 13, .box_h = 14, .ofs_x = 1, .ofs_y = -2},
    {.bitmap_index = 47123, .adv_w = 224, .box_w = 13, .box_h = 14, .ofs_x = 1, .ofs_y = -2},
    {.bitmap_index = 47146, .adv_w = 224, .box_w = 13, .box_h = 13, .ofs_x = 1, .ofs_y = -1},
    {.bitmap_index = 47168, .adv_w = 224, .box_w = 13, .box_h = 13, .ofs_x = 1, .ofs_y = -1},
    {.bitmap_index = 47190, .adv_w = 224, .box_w = 13, .box_h = 14, .ofs_x = 0, .ofs_y = -2},
    {.bitmap_index = 47213, .adv_w = 224, .box_w = 13, .box_h = 14, .ofs_x = 1, .ofs_y = -2},
    {.bitmap_index = 47236, .adv_w = 224, .box_w = 13, .box_h = 13, .ofs_x = 1, .ofs_y = -1},
    {.bitmap_index = 47258, .adv_w = 224, .box_w = 13, .box_h = 14, .ofs_x = 1, .ofs_y = -2},
    {.bitmap_index = 47281, .adv_w = 224, .box_w = 13, .box_h = 14, .ofs_x = 1, .ofs_y = -2},
    {.bitmap_index = 47304, .adv_w = 224, .box_w = 13, .box_h = 13, .ofs_x = 1, .ofs_y = -1},
    {.bitmap_index = 47326, .adv_w = 224, .box_w = 13, .box_h = 13, .ofs_x = 1, .ofs_y = -1},
    {.bitmap_index = 47348, .adv_w = 224, .box_w = 13, .box_h = 14, .ofs_x = 1, .ofs_y = -2},
    {.bitmap_index = 47371, .adv_w = 224, .box_w = 13, .box_h = 14, .ofs_x = 1, .ofs_y = -2},
    {.bitmap_index = 47394, .adv_w = 224, .box_w = 13, .box_h = 13, .ofs_x = 1, .ofs_y = -1},
    {.bitmap_index = 47416, .adv_w = 224, .box_w = 13, .box_h = 13, .ofs_x = 1, .ofs_y = -1},
    {.bitmap_index = 47438, .adv_w = 224, .box_w = 13, .box_h = 14, .ofs_x = 1, .ofs_y = -2},
    {.bitmap_index = 47461, .adv_w = 224, .box_w = 13, .box_h = 13, .ofs_x = 1, .ofs_y = -1},
    {.bitmap_index = 47483, .adv_w = 224, .box_w = 13, .box_h = 14, .ofs_x = 1, .ofs_y = -2},
    {.bitmap_index = 47506, .adv_w = 224, .box_w = 13, .box_h = 13, .ofs_x = 1, .ofs_y = -1},
    {.bitmap_index = 47528, .adv_w = 224, .box_w = 13, .box_h = 14, .ofs_x = 1, .ofs_y = -1},
    {.bitmap_index = 47551, .adv_w = 224, .box_w = 14, .box_h = 13, .ofs_x = 0, .ofs_y = -1},
    {.bitmap_index = 47574, .adv_w = 224, .box_w = 13, .box_h = 13, .ofs_x = 1, .ofs_y = -1},
    {.bitmap_index = 47596, .adv_w = 224, .box_w = 14, .box_h = 13, .ofs_x = 0, .ofs_y = -1},
    {.bitmap_index = 47619, .adv_w = 224, .box_w = 13, .box_h = 13, .ofs_x = 1, .ofs_y = -1},
    {.bitmap_index = 47641, .adv_w = 224, .box_w = 14, .box_h = 13, .ofs_x = 0, .ofs_y = -1},
    {.bitmap_index = 47664, .adv_w = 224, .box_w = 13, .box_h = 13, .ofs_x = 0, .ofs_y = -1},
    {.bitmap_index = 47686, .adv_w = 224, .box_w = 13, .box_h = 13, .ofs_x = 0, .ofs_y = -1},
    {.bitmap_index = 47708, .adv_w = 224, .box_w = 11, .box_h = 13, .ofs_x = 2, .ofs_y = -1},
    {.bitmap_index = 47726, .adv_w = 224, .box_w = 13, .box_h = 13, .ofs_x = 1, .ofs_y = -1},
    {.bitmap_index = 47748, .adv_w = 224, .box_w = 13, .box_h = 13, .ofs_x = 1, .ofs_y = -1},
    {.bitmap_index = 47770, .adv_w = 224, .box_w = 13, .box_h = 13, .ofs_x = 1, .ofs_y = -1},
    {.bitmap_index = 47792, .adv_w = 224, .box_w = 11, .box_h = 13, .ofs_x = 2, .ofs_y = -1},
    {.bitmap_index = 47810, .adv_w = 224, .box_w = 13, .box_h = 13, .ofs_x = 1, .ofs_y = -1},
    {.bitmap_index = 47832, .adv_w = 224, .box_w = 13, .box_h = 13, .ofs_x = 0, .ofs_y = -1},
    {.bitmap_index = 47854, .adv_w = 224, .box_w = 13, .box_h = 13, .ofs_x = 1, .ofs_y = -1},
    {.bitmap_index = 47876, .adv_w = 224, .box_w = 14, .box_h = 11, .ofs_x = 0, .ofs_y = 0},
    {.bitmap_index = 47896, .adv_w = 224, .box_w = 13, .box_h = 13, .ofs_x = 0, .ofs_y = -1},
    {.bitmap_index = 47918, .adv_w = 224, .box_w = 13, .box_h = 13, .ofs_x = 1, .ofs_y = -1},
    {.bitmap_index = 47940, .adv_w = 224, .box_w = 13, .box_h = 13, .ofs_x = 0, .ofs_y = -1},
    {.bitmap_index = 47962, .adv_w = 224, .box_w = 13, .box_h = 13, .ofs_x = 1, .ofs_y = -1},
    {.bitmap_index = 47984, .adv_w = 224, .box_w = 13, .box_h = 12, .ofs_x = 1, .ofs_y = -1},
    {.bitmap_index = 48004, .adv_w = 224, .box_w = 14, .box_h = 13, .ofs_x = 0, .ofs_y = -1},
    {.bitmap_index = 48027, .adv_w = 224, .box_w = 13, .box_h = 13, .ofs_x = 1, .ofs_y = -1},
    {.bitmap_index = 48049, .adv_w = 224, .box_w = 13, .box_h = 13, .ofs_x = 1, .ofs_y = -1},
    {.bitmap_index = 48071, .adv_w = 224, .box_w = 13, .box_h = 13, .ofs_x = 0, .ofs_y = -1},
    {.bitmap_index = 48093, .adv_w = 224, .box_w = 13, .box_h = 13, .ofs_x = 1, .ofs_y = -1},
    {.bitmap_index = 48115, .adv_w = 224, .box_w = 13, .box_h = 13, .ofs_x = 0, .ofs_y = -1},
    {.bitmap_index = 48137, .adv_w = 224, .box_w = 14, .box_h = 14, .ofs_x = 0, .ofs_y = -1},
    {.bitmap_index = 48162, .adv_w = 224, .box_w = 13, .box_h = 12, .ofs_x = 0, .ofs_y = -1},
    {.bitmap_index = 48182, .adv_w = 224, .box_w = 13, .box_h = 13, .ofs_x = 1, .ofs_y = -1},
    {.bitmap_index = 48204, .adv_w = 224, .box_w = 10, .box_h = 13, .ofs_x = 3, .ofs_y = -1},
    {.bitmap_index = 48221, .adv_w = 224, .box_w = 12, .box_h = 13, .ofs_x = 1, .ofs_y = -1},
    {.bitmap_index = 48241, .adv_w = 224, .box_w = 13, .box_h = 13, .ofs_x = 1, .ofs_y = -1},
    {.bitmap_index = 48263, .adv_w = 224, .box_w = 13, .box_h = 13, .ofs_x = 1, .ofs_y = -1},
    {.bitmap_index = 48285, .adv_w = 224, .box_w = 14, .box_h = 13, .ofs_x = 0, .ofs_y = -1},
    {.bitmap_index = 48308, .adv_w = 224, .box_w = 13, .box_h = 13, .ofs_x = 1, .ofs_y = -1},
    {.bitmap_index = 48330, .adv_w = 224, .box_w = 13, .box_h = 13, .ofs_x = 1, .ofs_y = -1},
    {.bitmap_index = 48352, .adv_w = 224, .box_w = 13, .box_h = 13, .ofs_x = 0, .ofs_y = -1},
    {.bitmap_index = 48374, .adv_w = 224, .box_w = 13, .box_h = 13, .ofs_x = 1, .ofs_y = -1},
    {.bitmap_index = 48396, .adv_w = 224, .box_w = 12, .box_h = 13, .ofs_x = 0, .ofs_y = -1},
    {.bitmap_index = 48416, .adv_w = 224, .box_w = 13, .box_h = 13, .ofs_x = 1, .ofs_y = -1},
    {.bitmap_index = 48438, .adv_w = 224, .box_w = 13, .box_h = 14, .ofs_x = 1, .ofs_y = -2},
    {.bitmap_index = 48461, .adv_w = 224, .box_w = 13, .box_h = 13, .ofs_x = 1, .ofs_y = -1},
    {.bitmap_index = 48483, .adv_w = 224, .box_w = 13, .box_h = 13, .ofs_x = 1, .ofs_y = -1},
    {.bitmap_index = 48505, .adv_w = 224, .box_w = 13, .box_h = 13, .ofs_x = 1, .ofs_y = -1},
    {.bitmap_index = 48527, .adv_w = 224, .box_w = 12, .box_h = 14, .ofs_x = 1, .ofs_y = -2},
    {.bitmap_index = 48548, .adv_w = 224, .box_w = 13, .box_h = 13, .ofs_x = 0, .ofs_y = -1},
    {.bitmap_index = 48570, .adv_w = 224, .box_w = 12, .box_h = 13, .ofs_x = 1, .ofs_y = -1},
    {.bitmap_index = 48590, .adv_w = 224, .box_w = 13, .box_h = 13, .ofs_x = 0, .ofs_y = -1},
    {.bitmap_index = 48612, .adv_w = 224, .box_w = 13, .box_h = 15, .ofs_x = 1, .ofs_y = -2},
    {.bitmap_index = 48637, .adv_w = 224, .box_w = 12, .box_h = 13, .ofs_x = 1, .ofs_y = -1},
    {.bitmap_index = 48657, .adv_w = 224, .box_w = 13, .box_h = 13, .ofs_x = 1, .ofs_y = -1},
    {.bitmap_index = 48679, .adv_w = 224, .box_w = 12, .box_h = 13, .ofs_x = 1, .ofs_y = -1},
    {.bitmap_index = 48699, .adv_w = 224, .box_w = 13, .box_h = 13, .ofs_x = 1, .ofs_y = -1},
    {.bitmap_index = 48721, .adv_w = 224, .box_w = 13, .box_h = 13, .ofs_x = 1, .ofs_y = -1},
    {.bitmap_index = 48743, .adv_w = 224, .box_w = 12, .box_h = 13, .ofs_x = 1, .ofs_y = -1},
    {.bitmap_index = 48763, .adv_w = 224, .box_w = 13, .box_h = 13, .ofs_x = 1, .ofs_y = -1},
    {.bitmap_index = 48785, .adv_w = 224, .box_w = 13, .box_h = 13, .ofs_x = 1, .ofs_y = -1},
    {.bitmap_index = 48807, .adv_w = 224, .box_w = 13, .box_h = 13, .ofs_x = 1, .ofs_y = -1},
    {.bitmap_index = 48829, .adv_w = 224, .box_w = 13, .box_h = 14, .ofs_x = 1, .ofs_y = -2},
    {.bitmap_index = 48852, .adv_w = 224, .box_w = 13, .box_h = 13, .ofs_x = 1, .ofs_y = -1},
    {.bitmap_index = 48874, .adv_w = 224, .box_w = 13, .box_h = 13, .ofs_x = 1, .ofs_y = -1},
    {.bitmap_index = 48896, .adv_w = 224, .box_w = 13, .box_h = 13, .ofs_x = 1, .ofs_y = -1},
    {.bitmap_index = 48918, .adv_w = 224, .box_w = 12, .box_h = 13, .ofs_x = 1, .ofs_y = -1},
    {.bitmap_index = 48938, .adv_w = 224, .box_w = 12, .box_h = 13, .ofs_x = 1, .ofs_y = -1},
    {.bitmap_index = 48958, .adv_w = 224, .box_w = 13, .box_h = 13, .ofs_x = 1, .ofs_y = -1},
    {.bitmap_index = 48980, .adv_w = 224, .box_w = 13, .box_h = 13, .ofs_x = 1, .ofs_y = -1},
    {.bitmap_index = 49002, .adv_w = 224, .box_w = 13, .box_h = 13, .ofs_x = 0, .ofs_y = -1},
    {.bitmap_index = 49024, .adv_w = 224, .box_w = 13, .box_h = 14, .ofs_x = 1, .ofs_y = -2},
    {.bitmap_index = 49047, .adv_w = 224, .box_w = 13, .box_h = 14, .ofs_x = 0, .ofs_y = -2},
    {.bitmap_index = 49070, .adv_w = 224, .box_w = 13, .box_h = 13, .ofs_x = 1, .ofs_y = -1},
    {.bitmap_index = 49092, .adv_w = 224, .box_w = 12, .box_h = 14, .ofs_x = 1, .ofs_y = -2},
    {.bitmap_index = 49113, .adv_w = 224, .box_w = 14, .box_h = 14, .ofs_x = 1, .ofs_y = -2},
    {.bitmap_index = 49138, .adv_w = 224, .box_w = 12, .box_h = 13, .ofs_x = 1, .ofs_y = -1},
    {.bitmap_index = 49158, .adv_w = 224, .box_w = 13, .box_h = 14, .ofs_x = 1, .ofs_y = -2},
    {.bitmap_index = 49181, .adv_w = 224, .box_w = 13, .box_h = 13, .ofs_x = 1, .ofs_y = -1},
    {.bitmap_index = 49203, .adv_w = 224, .box_w = 13, .box_h = 13, .ofs_x = 1, .ofs_y = -1},
    {.bitmap_index = 49225, .adv_w = 224, .box_w = 13, .box_h = 14, .ofs_x = 1, .ofs_y = -2},
    {.bitmap_index = 49248, .adv_w = 224, .box_w = 13, .box_h = 13, .ofs_x = 1, .ofs_y = -1},
    {.bitmap_index = 49270, .adv_w = 224, .box_w = 13, .box_h = 13, .ofs_x = 1, .ofs_y = -1},
    {.bitmap_index = 49292, .adv_w = 224, .box_w = 13, .box_h = 13, .ofs_x = 1, .ofs_y = -1},
    {.bitmap_index = 49314, .adv_w = 224, .box_w = 13, .box_h = 14, .ofs_x = 1, .ofs_y = -1},
    {.bitmap_index = 49337, .adv_w = 224, .box_w = 14, .box_h = 13, .ofs_x = 1, .ofs_y = -1},
    {.bitmap_index = 49360, .adv_w = 224, .box_w = 13, .box_h = 13, .ofs_x = 1, .ofs_y = -1},
    {.bitmap_index = 49382, .adv_w = 224, .box_w = 13, .box_h = 13, .ofs_x = 1, .ofs_y = -1},
    {.bitmap_index = 49404, .adv_w = 224, .box_w = 13, .box_h = 14, .ofs_x = 0, .ofs_y = -2},
    {.bitmap_index = 49427, .adv_w = 224, .box_w = 14, .box_h = 13, .ofs_x = 1, .ofs_y = -1},
    {.bitmap_index = 49450, .adv_w = 224, .box_w = 13, .box_h = 13, .ofs_x = 1, .ofs_y = -1},
    {.bitmap_index = 49472, .adv_w = 224, .box_w = 13, .box_h = 12, .ofs_x = 1, .ofs_y = -1},
    {.bitmap_index = 49492, .adv_w = 224, .box_w = 13, .box_h = 14, .ofs_x = 1, .ofs_y = -2},
    {.bitmap_index = 49515, .adv_w = 224, .box_w = 14, .box_h = 13, .ofs_x = 0, .ofs_y = -1},
    {.bitmap_index = 49538, .adv_w = 224, .box_w = 13, .box_h = 13, .ofs_x = 1, .ofs_y = -1},
    {.bitmap_index = 49560, .adv_w = 224, .box_w = 13, .box_h = 13, .ofs_x = 1, .ofs_y = -1},
    {.bitmap_index = 49582, .adv_w = 224, .box_w = 13, .box_h = 14, .ofs_x = 1, .ofs_y = -2},
    {.bitmap_index = 49605, .adv_w = 224, .box_w = 14, .box_h = 13, .ofs_x = 1, .ofs_y = -1},
    {.bitmap_index = 49628, .adv_w = 224, .box_w = 13, .box_h = 13, .ofs_x = 1, .ofs_y = -1},
    {.bitmap_index = 49650, .adv_w = 224, .box_w = 13, .box_h = 12, .ofs_x = 1, .ofs_y = -1},
    {.bitmap_index = 49670, .adv_w = 224, .box_w = 13, .box_h = 13, .ofs_x = 1, .ofs_y = -1},
    {.bitmap_index = 49692, .adv_w = 224, .box_w = 13, .box_h = 13, .ofs_x = 1, .ofs_y = -1},
    {.bitmap_index = 49714, .adv_w = 224, .box_w = 13, .box_h = 13, .ofs_x = 1, .ofs_y = -1},
    {.bitmap_index = 49736, .adv_w = 224, .box_w = 13, .box_h = 13, .ofs_x = 1, .ofs_y = -1},
    {.bitmap_index = 49758, .adv_w = 224, .box_w = 13, .box_h = 14, .ofs_x = 1, .ofs_y = -2},
    {.bitmap_index = 49781, .adv_w = 224, .box_w = 13, .box_h = 13, .ofs_x = 1, .ofs_y = -1},
    {.bitmap_index = 49803, .adv_w = 224, .box_w = 13, .box_h = 13, .ofs_x = 0, .ofs_y = -1},
    {.bitmap_index = 49825, .adv_w = 224, .box_w = 13, .box_h = 13, .ofs_x = 1, .ofs_y = -1},
    {.bitmap_index = 49847, .adv_w = 224, .box_w = 14, .box_h = 13, .ofs_x = 0, .ofs_y = -1},
    {.bitmap_index = 49870, .adv_w = 224, .box_w = 13, .box_h = 13, .ofs_x = 1, .ofs_y = -1},
    {.bitmap_index = 49892, .adv_w = 224, .box_w = 13, .box_h = 13, .ofs_x = 1, .ofs_y = -1},
    {.bitmap_index = 49914, .adv_w = 224, .box_w = 14, .box_h = 12, .ofs_x = 1, .ofs_y = -1},
    {.bitmap_index = 49935, .adv_w = 224, .box_w = 13, .box_h = 14, .ofs_x = 0, .ofs_y = -2},
    {.bitmap_index = 49958, .adv_w = 224, .box_w = 13, .box_h = 13, .ofs_x = 1, .ofs_y = -1},
    {.bitmap_index = 49980, .adv_w = 224, .box_w = 13, .box_h = 13, .ofs_x = 1, .ofs_y = -1},
    {.bitmap_index = 50002, .adv_w = 224, .box_w = 13, .box_h = 13, .ofs_x = 1, .ofs_y = -1},
    {.bitmap_index = 50024, .adv_w = 224, .box_w = 13, .box_h = 13, .ofs_x = 1, .ofs_y = -1},
    {.bitmap_index = 50046, .adv_w = 224, .box_w = 13, .box_h = 13, .ofs_x = 1, .ofs_y = -1},
    {.bitmap_index = 50068, .adv_w = 224, .box_w = 14, .box_h = 14, .ofs_x = 1, .ofs_y = -2},
    {.bitmap_index = 50093, .adv_w = 224, .box_w = 13, .box_h = 14, .ofs_x = 1, .ofs_y = -2},
    {.bitmap_index = 50116, .adv_w = 224, .box_w = 14, .box_h = 13, .ofs_x = 0, .ofs_y = -1},
    {.bitmap_index = 50139, .adv_w = 224, .box_w = 14, .box_h = 13, .ofs_x = 0, .ofs_y = -1},
    {.bitmap_index = 50162, .adv_w = 224, .box_w = 12, .box_h = 13, .ofs_x = 1, .ofs_y = -1},
    {.bitmap_index = 50182, .adv_w = 224, .box_w = 13, .box_h = 13, .ofs_x = 1, .ofs_y = -1},
    {.bitmap_index = 50204, .adv_w = 224, .box_w = 13, .box_h = 13, .ofs_x = 1, .ofs_y = -1},
    {.bitmap_index = 50226, .adv_w = 224, .box_w = 13, .box_h = 13, .ofs_x = 1, .ofs_y = -1},
    {.bitmap_index = 50248, .adv_w = 224, .box_w = 13, .box_h = 14, .ofs_x = 1, .ofs_y = -2},
    {.bitmap_index = 50271, .adv_w = 224, .box_w = 14, .box_h = 13, .ofs_x = 0, .ofs_y = -1},
    {.bitmap_index = 50294, .adv_w = 224, .box_w = 13, .box_h = 13, .ofs_x = 1, .ofs_y = -1},
    {.bitmap_index = 50316, .adv_w = 224, .box_w = 12, .box_h = 13, .ofs_x = 1, .ofs_y = -1},
    {.bitmap_index = 50336, .adv_w = 224, .box_w = 13, .box_h = 14, .ofs_x = 0, .ofs_y = -2},
    {.bitmap_index = 50359, .adv_w = 224, .box_w = 13, .box_h = 13, .ofs_x = 1, .ofs_y = -1},
    {.bitmap_index = 50381, .adv_w = 224, .box_w = 13, .box_h = 13, .ofs_x = 1, .ofs_y = -1},
    {.bitmap_index = 50403, .adv_w = 224, .box_w = 13, .box_h = 13, .ofs_x = 0, .ofs_y = -1},
    {.bitmap_index = 50425, .adv_w = 224, .box_w = 13, .box_h = 13, .ofs_x = 0, .ofs_y = -1},
    {.bitmap_index = 50447, .adv_w = 224, .box_w = 12, .box_h = 13, .ofs_x = 1, .ofs_y = -1},
    {.bitmap_index = 50467, .adv_w = 224, .box_w = 12, .box_h = 13, .ofs_x = 1, .ofs_y = -1},
    {.bitmap_index = 50487, .adv_w = 224, .box_w = 12, .box_h = 13, .ofs_x = 1, .ofs_y = -1},
    {.bitmap_index = 50507, .adv_w = 224, .box_w = 13, .box_h = 13, .ofs_x = 0, .ofs_y = -1},
    {.bitmap_index = 50529, .adv_w = 224, .box_w = 13, .box_h = 13, .ofs_x = 1, .ofs_y = -1},
    {.bitmap_index = 50551, .adv_w = 224, .box_w = 14, .box_h = 13, .ofs_x = 0, .ofs_y = -1},
    {.bitmap_index = 50574, .adv_w = 224, .box_w = 13, .box_h = 13, .ofs_x = 0, .ofs_y = -1},
    {.bitmap_index = 50596, .adv_w = 224, .box_w = 14, .box_h = 13, .ofs_x = 0, .ofs_y = -1},
    {.bitmap_index = 50619, .adv_w = 224, .box_w = 13, .box_h = 13, .ofs_x = 0, .ofs_y = -1},
    {.bitmap_index = 50641, .adv_w = 224, .box_w = 14, .box_h = 13, .ofs_x = 0, .ofs_y = -1},
    {.bitmap_index = 50664, .adv_w = 224, .box_w = 14, .box_h = 13, .ofs_x = 0, .ofs_y = -1},
    {.bitmap_index = 50687, .adv_w = 224, .box_w = 13, .box_h = 13, .ofs_x = 0, .ofs_y = -1},
    {.bitmap_index = 50709, .adv_w = 224, .box_w = 14, .box_h = 13, .ofs_x = 0, .ofs_y = -1},
    {.bitmap_index = 50732, .adv_w = 224, .box_w = 13, .box_h = 13, .ofs_x = 1, .ofs_y = -1},
    {.bitmap_index = 50754, .adv_w = 224, .box_w = 14, .box_h = 13, .ofs_x = 0, .ofs_y = -1},
    {.bitmap_index = 50777, .adv_w = 224, .box_w = 14, .box_h = 13, .ofs_x = 0, .ofs_y = -1},
    {.bitmap_index = 50800, .adv_w = 224, .box_w = 14, .box_h = 13, .ofs_x = 0, .ofs_y = -1},
    {.bitmap_index = 50823, .adv_w = 224, .box_w = 13, .box_h = 14, .ofs_x = 1, .ofs_y = -2},
    {.bitmap_index = 50846, .adv_w = 224, .box_w = 14, .box_h = 13, .ofs_x = 0, .ofs_y = -1},
    {.bitmap_index = 50869, .adv_w = 224, .box_w = 14, .box_h = 13, .ofs_x = 0, .ofs_y = -1},
    {.bitmap_index = 50892, .adv_w = 224, .box_w = 14, .box_h = 13, .ofs_x = 0, .ofs_y = -1},
    {.bitmap_index = 50915, .adv_w = 224, .box_w = 13, .box_h = 14, .ofs_x = 1, .ofs_y = -2},
    {.bitmap_index = 50938, .adv_w = 224, .box_w = 14, .box_h = 13, .ofs_x = 0, .ofs_y = -1},
    {.bitmap_index = 50961, .adv_w = 224, .box_w = 14, .box_h = 13, .ofs_x = 0, .ofs_y = -1},
    {.bitmap_index = 50984, .adv_w = 224, .box_w = 14, .box_h = 13, .ofs_x = 0, .ofs_y = -1},
    {.bitmap_index = 51007, .adv_w = 224, .box_w = 13, .box_h = 13, .ofs_x = 1, .ofs_y = -1},
    {.bitmap_index = 51029, .adv_w = 224, .box_w = 14, .box_h = 13, .ofs_x = 0, .ofs_y = -1},
    {.bitmap_index = 51052, .adv_w = 224, .box_w = 14, .box_h = 13, .ofs_x = 0, .ofs_y = -1},
    {.bitmap_index = 51075, .adv_w = 224, .box_w = 14, .box_h = 13, .ofs_x = 0, .ofs_y = -1},
    {.bitmap_index = 51098, .adv_w = 224, .box_w = 14, .box_h = 13, .ofs_x = 0, .ofs_y = -1},
    {.bitmap_index = 51121, .adv_w = 224, .box_w = 13, .box_h = 13, .ofs_x = 1, .ofs_y = -1},
    {.bitmap_index = 51143, .adv_w = 224, .box_w = 13, .box_h = 13, .ofs_x = 1, .ofs_y = -1},
    {.bitmap_index = 51165, .adv_w = 224, .box_w = 14, .box_h = 13, .ofs_x = 1, .ofs_y = -1},
    {.bitmap_index = 51188, .adv_w = 224, .box_w = 14, .box_h = 13, .ofs_x = 0, .ofs_y = -1},
    {.bitmap_index = 51211, .adv_w = 224, .box_w = 13, .box_h = 13, .ofs_x = 1, .ofs_y = -1},
    {.bitmap_index = 51233, .adv_w = 224, .box_w = 12, .box_h = 13, .ofs_x = 1, .ofs_y = -1},
    {.bitmap_index = 51253, .adv_w = 224, .box_w = 13, .box_h = 13, .ofs_x = 1, .ofs_y = -1},
    {.bitmap_index = 51275, .adv_w = 224, .box_w = 13, .box_h = 13, .ofs_x = 1, .ofs_y = -1},
    {.bitmap_index = 51297, .adv_w = 224, .box_w = 13, .box_h = 13, .ofs_x = 1, .ofs_y = -1},
    {.bitmap_index = 51319, .adv_w = 224, .box_w = 13, .box_h = 14, .ofs_x = 1, .ofs_y = -2},
    {.bitmap_index = 51342, .adv_w = 224, .box_w = 13, .box_h = 13, .ofs_x = 0, .ofs_y = -1},
    {.bitmap_index = 51364, .adv_w = 224, .box_w = 13, .box_h = 13, .ofs_x = 0, .ofs_y = -1},
    {.bitmap_index = 51386, .adv_w = 224, .box_w = 13, .box_h = 13, .ofs_x = 1, .ofs_y = -1},
    {.bitmap_index = 51408, .adv_w = 224, .box_w = 13, .box_h = 14, .ofs_x = 0, .ofs_y = -2},
    {.bitmap_index = 51431, .adv_w = 224, .box_w = 13, .box_h = 13, .ofs_x = 0, .ofs_y = -1},
    {.bitmap_index = 51453, .adv_w = 224, .box_w = 13, .box_h = 13, .ofs_x = 1, .ofs_y = -1},
    {.bitmap_index = 51475, .adv_w = 224, .box_w = 12, .box_h = 13, .ofs_x = 1, .ofs_y = -1},
    {.bitmap_index = 51495, .adv_w = 224, .box_w = 14, .box_h = 13, .ofs_x = 0, .ofs_y = -1},
    {.bitmap_index = 51518, .adv_w = 224, .box_w = 13, .box_h = 13, .ofs_x = 0, .ofs_y = -1},
    {.bitmap_index = 51540, .adv_w = 224, .box_w = 13, .box_h = 13, .ofs_x = 1, .ofs_y = -1},
    {.bitmap_index = 51562, .adv_w = 224, .box_w = 12, .box_h = 13, .ofs_x = 1, .ofs_y = -1},
    {.bitmap_index = 51582, .adv_w = 224, .box_w = 14, .box_h = 13, .ofs_x = 0, .ofs_y = -1},
    {.bitmap_index = 51605, .adv_w = 224, .box_w = 13, .box_h = 13, .ofs_x = 1, .ofs_y = -1},
    {.bitmap_index = 51627, .adv_w = 224, .box_w = 12, .box_h = 13, .ofs_x = 1, .ofs_y = -1},
    {.bitmap_index = 51647, .adv_w = 224, .box_w = 13, .box_h = 13, .ofs_x = 1, .ofs_y = -1},
    {.bitmap_index = 51669, .adv_w = 224, .box_w = 13, .box_h = 13, .ofs_x = 1, .ofs_y = -1},
    {.bitmap_index = 51691, .adv_w = 224, .box_w = 13, .box_h = 13, .ofs_x = 1, .ofs_y = -1},
    {.bitmap_index = 51713, .adv_w = 224, .box_w = 13, .box_h = 13, .ofs_x = 1, .ofs_y = -1},
    {.bitmap_index = 51735, .adv_w = 224, .box_w = 12, .box_h = 12, .ofs_x = 1, .ofs_y = 0},
    {.bitmap_index = 51753, .adv_w = 224, .box_w = 12, .box_h = 13, .ofs_x = 1, .ofs_y = -1},
    {.bitmap_index = 51773, .adv_w = 224, .box_w = 13, .box_h = 13, .ofs_x = 0, .ofs_y = -1},
    {.bitmap_index = 51795, .adv_w = 224, .box_w = 13, .box_h = 13, .ofs_x = 1, .ofs_y = -1},
    {.bitmap_index = 51817, .adv_w = 224, .box_w = 13, .box_h = 13, .ofs_x = 1, .ofs_y = -1},
    {.bitmap_index = 51839, .adv_w = 224, .box_w = 13, .box_h = 13, .ofs_x = 1, .ofs_y = -1},
    {.bitmap_index = 51861, .adv_w = 224, .box_w = 14, .box_h = 14, .ofs_x = 0, .ofs_y = -2},
    {.bitmap_index = 51886, .adv_w = 224, .box_w = 13, .box_h = 13, .ofs_x = 1, .ofs_y = -1},
    {.bitmap_index = 51908, .adv_w = 224, .box_w = 13, .box_h = 13, .ofs_x = 0, .ofs_y = -1},
    {.bitmap_index = 51930, .adv_w = 224, .box_w = 13, .box_h = 13, .ofs_x = 0, .ofs_y = -1},
    {.bitmap_index = 51952, .adv_w = 224, .box_w = 13, .box_h = 13, .ofs_x = 1, .ofs_y = -1},
    {.bitmap_index = 51974, .adv_w = 224, .box_w = 13, .box_h = 13, .ofs_x = 1, .ofs_y = -1},
    {.bitmap_index = 51996, .adv_w = 224, .box_w = 13, .box_h = 13, .ofs_x = 0, .ofs_y = -1},
    {.bitmap_index = 52018, .adv_w = 224, .box_w = 13, .box_h = 14, .ofs_x = 0, .ofs_y = -2},
    {.bitmap_index = 52041, .adv_w = 224, .box_w = 13, .box_h = 13, .ofs_x = 0, .ofs_y = -1},
    {.bitmap_index = 52063, .adv_w = 224, .box_w = 13, .box_h = 13, .ofs_x = 1, .ofs_y = -1},
    {.bitmap_index = 52085, .adv_w = 224, .box_w = 13, .box_h = 13, .ofs_x = 1, .ofs_y = -1},
    {.bitmap_index = 52107, .adv_w = 224, .box_w = 14, .box_h = 13, .ofs_x = 0, .ofs_y = -1},
    {.bitmap_index = 52130, .adv_w = 224, .box_w = 13, .box_h = 14, .ofs_x = 1, .ofs_y = -1},
    {.bitmap_index = 52153, .adv_w = 224, .box_w = 13, .box_h = 13, .ofs_x = 1, .ofs_y = -1},
    {.bitmap_index = 52175, .adv_w = 224, .box_w = 13, .box_h = 13, .ofs_x = 0, .ofs_y = -1},
    {.bitmap_index = 52197, .adv_w = 224, .box_w = 13, .box_h = 13, .ofs_x = 1, .ofs_y = -1},
    {.bitmap_index = 52219, .adv_w = 224, .box_w = 13, .box_h = 13, .ofs_x = 0, .ofs_y = -1},
    {.bitmap_index = 52241, .adv_w = 224, .box_w = 13, .box_h = 13, .ofs_x = 0, .ofs_y = -1},
    {.bitmap_index = 52263, .adv_w = 224, .box_w = 13, .box_h = 13, .ofs_x = 1, .ofs_y = -1},
    {.bitmap_index = 52285, .adv_w = 224, .box_w = 13, .box_h = 13, .ofs_x = 1, .ofs_y = -1},
    {.bitmap_index = 52307, .adv_w = 224, .box_w = 13, .box_h = 13, .ofs_x = 0, .ofs_y = -1},
    {.bitmap_index = 52329, .adv_w = 224, .box_w = 13, .box_h = 13, .ofs_x = 1, .ofs_y = -1},
    {.bitmap_index = 52351, .adv_w = 224, .box_w = 12, .box_h = 13, .ofs_x = 1, .ofs_y = -1},
    {.bitmap_index = 52371, .adv_w = 224, .box_w = 14, .box_h = 13, .ofs_x = 0, .ofs_y = -1},
    {.bitmap_index = 52394, .adv_w = 224, .box_w = 13, .box_h = 14, .ofs_x = 0, .ofs_y = -1},
    {.bitmap_index = 52417, .adv_w = 224, .box_w = 13, .box_h = 14, .ofs_x = 1, .ofs_y = -1},
    {.bitmap_index = 52440, .adv_w = 224, .box_w = 13, .box_h = 13, .ofs_x = 0, .ofs_y = -1},
    {.bitmap_index = 52462, .adv_w = 224, .box_w = 13, .box_h = 13, .ofs_x = 1, .ofs_y = -1},
    {.bitmap_index = 52484, .adv_w = 224, .box_w = 13, .box_h = 14, .ofs_x = 0, .ofs_y = -2},
    {.bitmap_index = 52507, .adv_w = 224, .box_w = 14, .box_h = 13, .ofs_x = 0, .ofs_y = -1},
    {.bitmap_index = 52530, .adv_w = 224, .box_w = 13, .box_h = 13, .ofs_x = 1, .ofs_y = -1},
    {.bitmap_index = 52552, .adv_w = 224, .box_w = 13, .box_h = 14, .ofs_x = 1, .ofs_y = -2},
    {.bitmap_index = 52575, .adv_w = 224, .box_w = 14, .box_h = 14, .ofs_x = 0, .ofs_y = -2},
    {.bitmap_index = 52600, .adv_w = 224, .box_w = 13, .box_h = 14, .ofs_x = 1, .ofs_y = -1},
    {.bitmap_index = 52623, .adv_w = 224, .box_w = 13, .box_h = 13, .ofs_x = 0, .ofs_y = -1},
    {.bitmap_index = 52645, .adv_w = 224, .box_w = 13, .box_h = 14, .ofs_x = 0, .ofs_y = -1},
    {.bitmap_index = 52668, .adv_w = 224, .box_w = 13, .box_h = 14, .ofs_x = 0, .ofs_y = -1},
    {.bitmap_index = 52691, .adv_w = 224, .box_w = 12, .box_h = 13, .ofs_x = 1, .ofs_y = -1},
    {.bitmap_index = 52711, .adv_w = 224, .box_w = 13, .box_h = 13, .ofs_x = 0, .ofs_y = -1},
    {.bitmap_index = 52733, .adv_w = 224, .box_w = 13, .box_h = 13, .ofs_x = 0, .ofs_y = -1},
    {.bitmap_index = 52755, .adv_w = 224, .box_w = 13, .box_h = 14, .ofs_x = 0, .ofs_y = -2},
    {.bitmap_index = 52778, .adv_w = 224, .box_w = 12, .box_h = 13, .ofs_x = 1, .ofs_y = -1},
    {.bitmap_index = 52798, .adv_w = 224, .box_w = 13, .box_h = 14, .ofs_x = 1, .ofs_y = -2},
    {.bitmap_index = 52821, .adv_w = 224, .box_w = 13, .box_h = 14, .ofs_x = 1, .ofs_y = -1},
    {.bitmap_index = 52844, .adv_w = 224, .box_w = 12, .box_h = 13, .ofs_x = 1, .ofs_y = -1},
    {.bitmap_index = 52864, .adv_w = 224, .box_w = 12, .box_h = 13, .ofs_x = 1, .ofs_y = -1},
    {.bitmap_index = 52884, .adv_w = 224, .box_w = 13, .box_h = 14, .ofs_x = 0, .ofs_y = -1},
    {.bitmap_index = 52907, .adv_w = 224, .box_w = 13, .box_h = 14, .ofs_x = 0, .ofs_y = -1},
    {.bitmap_index = 52930, .adv_w = 224, .box_w = 14, .box_h = 13, .ofs_x = 0, .ofs_y = -1},
    {.bitmap_index = 52953, .adv_w = 224, .box_w = 13, .box_h = 13, .ofs_x = 0, .ofs_y = -1},
    {.bitmap_index = 52975, .adv_w = 224, .box_w = 13, .box_h = 13, .ofs_x = 0, .ofs_y = -1},
    {.bitmap_index = 52997, .adv_w = 224, .box_w = 13, .box_h = 13, .ofs_x = 0, .ofs_y = -1},
    {.bitmap_index = 53019, .adv_w = 224, .box_w = 14, .box_h = 13, .ofs_x = 0, .ofs_y = -1},
    {.bitmap_index = 53042, .adv_w = 224, .box_w = 13, .box_h = 13, .ofs_x = 1, .ofs_y = -1},
    {.bitmap_index = 53064, .adv_w = 224, .box_w = 14, .box_h = 13, .ofs_x = 0, .ofs_y = -1},
    {.bitmap_index = 53087, .adv_w = 224, .box_w = 14, .box_h = 13, .ofs_x = 0, .ofs_y = -1},
    {.bitmap_index = 53110, .adv_w = 224, .box_w = 14, .box_h = 13, .ofs_x = 0, .ofs_y = -1},
    {.bitmap_index = 53133, .adv_w = 224, .box_w = 14, .box_h = 13, .ofs_x = 0, .ofs_y = -1},
    {.bitmap_index = 53156, .adv_w = 224, .box_w = 13, .box_h = 13, .ofs_x = 1, .ofs_y = -1},
    {.bitmap_index = 53178, .adv_w = 224, .box_w = 14, .box_h = 13, .ofs_x = 0, .ofs_y = -1},
    {.bitmap_index = 53201, .adv_w = 224, .box_w = 14, .box_h = 14, .ofs_x = 0, .ofs_y = -2},
    {.bitmap_index = 53226, .adv_w = 224, .box_w = 13, .box_h = 13, .ofs_x = 1, .ofs_y = -1},
    {.bitmap_index = 53248, .adv_w = 224, .box_w = 14, .box_h = 13, .ofs_x = 0, .ofs_y = -1},
    {.bitmap_index = 53271, .adv_w = 224, .box_w = 13, .box_h = 13, .ofs_x = 1, .ofs_y = -1},
    {.bitmap_index = 53293, .adv_w = 224, .box_w = 13, .box_h = 13, .ofs_x = 1, .ofs_y = -1},
    {.bitmap_index = 53315, .adv_w = 224, .box_w = 14, .box_h = 13, .ofs_x = 0, .ofs_y = -1},
    {.bitmap_index = 53338, .adv_w = 224, .box_w = 14, .box_h = 15, .ofs_x = 1, .ofs_y = -2},
    {.bitmap_index = 53365, .adv_w = 224, .box_w = 14, .box_h = 13, .ofs_x = 0, .ofs_y = -1},
    {.bitmap_index = 53388, .adv_w = 224, .box_w = 13, .box_h = 13, .ofs_x = 0, .ofs_y = -1},
    {.bitmap_index = 53410, .adv_w = 224, .box_w = 13, .box_h = 13, .ofs_x = 1, .ofs_y = -1},
    {.bitmap_index = 53432, .adv_w = 224, .box_w = 13, .box_h = 13, .ofs_x = 0, .ofs_y = -1},
    {.bitmap_index = 53454, .adv_w = 224, .box_w = 14, .box_h = 13, .ofs_x = 0, .ofs_y = -1},
    {.bitmap_index = 53477, .adv_w = 224, .box_w = 13, .box_h = 13, .ofs_x = 0, .ofs_y = -1},
    {.bitmap_index = 53499, .adv_w = 224, .box_w = 14, .box_h = 13, .ofs_x = 0, .ofs_y = -1},
    {.bitmap_index = 53522, .adv_w = 224, .box_w = 13, .box_h = 14, .ofs_x = 0, .ofs_y = -2},
    {.bitmap_index = 53545, .adv_w = 224, .box_w = 13, .box_h = 14, .ofs_x = 0, .ofs_y = -2},
    {.bitmap_index = 53568, .adv_w = 224, .box_w = 14, .box_h = 14, .ofs_x = 0, .ofs_y = -2},
    {.bitmap_index = 53593, .adv_w = 224, .box_w = 12, .box_h = 14, .ofs_x = 1, .ofs_y = -2},
    {.bitmap_index = 53614, .adv_w = 224, .box_w = 13, .box_h = 14, .ofs_x = 1, .ofs_y = -2},
    {.bitmap_index = 53637, .adv_w = 224, .box_w = 13, .box_h = 13, .ofs_x = 0, .ofs_y = -1},
    {.bitmap_index = 53659, .adv_w = 224, .box_w = 13, .box_h = 13, .ofs_x = 0, .ofs_y = -1},
    {.bitmap_index = 53681, .adv_w = 224, .box_w = 12, .box_h = 13, .ofs_x = 1, .ofs_y = -1},
    {.bitmap_index = 53701, .adv_w = 224, .box_w = 13, .box_h = 13, .ofs_x = 0, .ofs_y = -1},
    {.bitmap_index = 53723, .adv_w = 224, .box_w = 13, .box_h = 13, .ofs_x = 1, .ofs_y = -1},
    {.bitmap_index = 53745, .adv_w = 224, .box_w = 13, .box_h = 13, .ofs_x = 1, .ofs_y = -1},
    {.bitmap_index = 53767, .adv_w = 224, .box_w = 13, .box_h = 13, .ofs_x = 1, .ofs_y = -1},
    {.bitmap_index = 53789, .adv_w = 224, .box_w = 13, .box_h = 14, .ofs_x = 1, .ofs_y = -2},
    {.bitmap_index = 53812, .adv_w = 224, .box_w = 13, .box_h = 13, .ofs_x = 0, .ofs_y = -1},
    {.bitmap_index = 53834, .adv_w = 224, .box_w = 13, .box_h = 13, .ofs_x = 0, .ofs_y = -1},
    {.bitmap_index = 53856, .adv_w = 224, .box_w = 14, .box_h = 13, .ofs_x = 0, .ofs_y = -1},
    {.bitmap_index = 53879, .adv_w = 224, .box_w = 13, .box_h = 13, .ofs_x = 1, .ofs_y = -1},
    {.bitmap_index = 53901, .adv_w = 224, .box_w = 13, .box_h = 13, .ofs_x = 1, .ofs_y = -1},
    {.bitmap_index = 53923, .adv_w = 224, .box_w = 13, .box_h = 13, .ofs_x = 1, .ofs_y = -1},
    {.bitmap_index = 53945, .adv_w = 224, .box_w = 13, .box_h = 13, .ofs_x = 1, .ofs_y = -1},
    {.bitmap_index = 53967, .adv_w = 224, .box_w = 14, .box_h = 13, .ofs_x = 0, .ofs_y = -1},
    {.bitmap_index = 53990, .adv_w = 224, .box_w = 13, .box_h = 13, .ofs_x = 1, .ofs_y = -1},
    {.bitmap_index = 54012, .adv_w = 224, .box_w = 14, .box_h = 14, .ofs_x = 0, .ofs_y = -2},
    {.bitmap_index = 54037, .adv_w = 224, .box_w = 13, .box_h = 14, .ofs_x = 1, .ofs_y = -2},
    {.bitmap_index = 54060, .adv_w = 224, .box_w = 13, .box_h = 13, .ofs_x = 0, .ofs_y = -1},
    {.bitmap_index = 54082, .adv_w = 224, .box_w = 13, .box_h = 13, .ofs_x = 1, .ofs_y = -1},
    {.bitmap_index = 54104, .adv_w = 224, .box_w = 13, .box_h = 13, .ofs_x = 1, .ofs_y = -1},
    {.bitmap_index = 54126, .adv_w = 224, .box_w = 14, .box_h = 14, .ofs_x = 0, .ofs_y = -2},
    {.bitmap_index = 54151, .adv_w = 224, .box_w = 14, .box_h = 13, .ofs_x = 0, .ofs_y = -1},
    {.bitmap_index = 54174, .adv_w = 224, .box_w = 13, .box_h = 13, .ofs_x = 1, .ofs_y = -1},
    {.bitmap_index = 54196, .adv_w = 224, .box_w = 13, .box_h = 13, .ofs_x = 1, .ofs_y = -1},
    {.bitmap_index = 54218, .adv_w = 224, .box_w = 14, .box_h = 14, .ofs_x = 0, .ofs_y = -2},
    {.bitmap_index = 54243, .adv_w = 224, .box_w = 14, .box_h = 13, .ofs_x = 0, .ofs_y = -1},
    {.bitmap_index = 54266, .adv_w = 224, .box_w = 13, .box_h = 13, .ofs_x = 1, .ofs_y = -1},
    {.bitmap_index = 54288, .adv_w = 224, .box_w = 13, .box_h = 13, .ofs_x = 0, .ofs_y = -1},
    {.bitmap_index = 54310, .adv_w = 224, .box_w = 13, .box_h = 13, .ofs_x = 0, .ofs_y = -1},
    {.bitmap_index = 54332, .adv_w = 224, .box_w = 13, .box_h = 13, .ofs_x = 1, .ofs_y = -1},
    {.bitmap_index = 54354, .adv_w = 224, .box_w = 13, .box_h = 13, .ofs_x = 0, .ofs_y = -1},
    {.bitmap_index = 54376, .adv_w = 224, .box_w = 14, .box_h = 14, .ofs_x = 0, .ofs_y = -2},
    {.bitmap_index = 54401, .adv_w = 224, .box_w = 14, .box_h = 13, .ofs_x = 0, .ofs_y = -1},
    {.bitmap_index = 54424, .adv_w = 224, .box_w = 13, .box_h = 14, .ofs_x = 0, .ofs_y = -1},
    {.bitmap_index = 54447, .adv_w = 224, .box_w = 14, .box_h = 14, .ofs_x = 0, .ofs_y = -2},
    {.bitmap_index = 54472, .adv_w = 224, .box_w = 14, .box_h = 13, .ofs_x = 0, .ofs_y = -1},
    {.bitmap_index = 54495, .adv_w = 224, .box_w = 13, .box_h = 13, .ofs_x = 0, .ofs_y = -1},
    {.bitmap_index = 54517, .adv_w = 224, .box_w = 13, .box_h = 13, .ofs_x = 1, .ofs_y = -1},
    {.bitmap_index = 54539, .adv_w = 224, .box_w = 14, .box_h = 14, .ofs_x = 0, .ofs_y = -1},
    {.bitmap_index = 54564, .adv_w = 224, .box_w = 14, .box_h = 13, .ofs_x = 0, .ofs_y = -1},
    {.bitmap_index = 54587, .adv_w = 224, .box_w = 12, .box_h = 13, .ofs_x = 1, .ofs_y = -1},
    {.bitmap_index = 54607, .adv_w = 224, .box_w = 13, .box_h = 13, .ofs_x = 1, .ofs_y = -1},
    {.bitmap_index = 54629, .adv_w = 224, .box_w = 13, .box_h = 14, .ofs_x = 1, .ofs_y = -2},
    {.bitmap_index = 54652, .adv_w = 224, .box_w = 14, .box_h = 13, .ofs_x = 1, .ofs_y = -1},
    {.bitmap_index = 54675, .adv_w = 224, .box_w = 13, .box_h = 13, .ofs_x = 1, .ofs_y = -1},
    {.bitmap_index = 54697, .adv_w = 224, .box_w = 13, .box_h = 14, .ofs_x = 0, .ofs_y = -2},
    {.bitmap_index = 54720, .adv_w = 224, .box_w = 12, .box_h = 14, .ofs_x = 1, .ofs_y = -1},
    {.bitmap_index = 54741, .adv_w = 224, .box_w = 13, .box_h = 13, .ofs_x = 0, .ofs_y = -1},
    {.bitmap_index = 54763, .adv_w = 224, .box_w = 13, .box_h = 13, .ofs_x = 1, .ofs_y = -1},
    {.bitmap_index = 54785, .adv_w = 224, .box_w = 13, .box_h = 13, .ofs_x = 1, .ofs_y = -1},
    {.bitmap_index = 54807, .adv_w = 224, .box_w = 14, .box_h = 13, .ofs_x = 0, .ofs_y = -1},
    {.bitmap_index = 54830, .adv_w = 224, .box_w = 13, .box_h = 13, .ofs_x = 0, .ofs_y = -1},
    {.bitmap_index = 54852, .adv_w = 224, .box_w = 13, .box_h = 14, .ofs_x = 1, .ofs_y = -2},
    {.bitmap_index = 54875, .adv_w = 224, .box_w = 13, .box_h = 13, .ofs_x = 1, .ofs_y = -1},
    {.bitmap_index = 54897, .adv_w = 224, .box_w = 13, .box_h = 13, .ofs_x = 0, .ofs_y = -1},
    {.bitmap_index = 54919, .adv_w = 224, .box_w = 14, .box_h = 14, .ofs_x = 0, .ofs_y = -2},
    {.bitmap_index = 54944, .adv_w = 224, .box_w = 13, .box_h = 13, .ofs_x = 0, .ofs_y = -1},
    {.bitmap_index = 54966, .adv_w = 224, .box_w = 14, .box_h = 13, .ofs_x = 0, .ofs_y = -1},
    {.bitmap_index = 54989, .adv_w = 224, .box_w = 14, .box_h = 13, .ofs_x = 0, .ofs_y = -1},
    {.bitmap_index = 55012, .adv_w = 224, .box_w = 13, .box_h = 14, .ofs_x = 1, .ofs_y = -2},
    {.bitmap_index = 55035, .adv_w = 224, .box_w = 13, .box_h = 13, .ofs_x = 1, .ofs_y = -1},
    {.bitmap_index = 55057, .adv_w = 224, .box_w = 14, .box_h = 14, .ofs_x = 1, .ofs_y = -2},
    {.bitmap_index = 55082, .adv_w = 224, .box_w = 14, .box_h = 13, .ofs_x = 0, .ofs_y = -1},
    {.bitmap_index = 55105, .adv_w = 224, .box_w = 13, .box_h = 13, .ofs_x = 1, .ofs_y = -1},
    {.bitmap_index = 55127, .adv_w = 224, .box_w = 13, .box_h = 14, .ofs_x = 1, .ofs_y = -2},
    {.bitmap_index = 55150, .adv_w = 224, .box_w = 13, .box_h = 13, .ofs_x = 0, .ofs_y = -1},
    {.bitmap_index = 55172, .adv_w = 224, .box_w = 13, .box_h = 13, .ofs_x = 0, .ofs_y = -1},
    {.bitmap_index = 55194, .adv_w = 224, .box_w = 14, .box_h = 14, .ofs_x = 0, .ofs_y = -2},
    {.bitmap_index = 55219, .adv_w = 224, .box_w = 13, .box_h = 14, .ofs_x = 1, .ofs_y = -2},
    {.bitmap_index = 55242, .adv_w = 224, .box_w = 13, .box_h = 13, .ofs_x = 0, .ofs_y = -1},
    {.bitmap_index = 55264, .adv_w = 224, .box_w = 13, .box_h = 14, .ofs_x = 1, .ofs_y = -2},
    {.bitmap_index = 55287, .adv_w = 224, .box_w = 14, .box_h = 13, .ofs_x = 0, .ofs_y = -1},
    {.bitmap_index = 55310, .adv_w = 224, .box_w = 13, .box_h = 13, .ofs_x = 1, .ofs_y = -1},
    {.bitmap_index = 55332, .adv_w = 224, .box_w = 13, .box_h = 13, .ofs_x = 0, .ofs_y = -1},
    {.bitmap_index = 55354, .adv_w = 224, .box_w = 14, .box_h = 14, .ofs_x = 0, .ofs_y = -2},
    {.bitmap_index = 55379, .adv_w = 224, .box_w = 14, .box_h = 13, .ofs_x = 0, .ofs_y = -1},
    {.bitmap_index = 55402, .adv_w = 224, .box_w = 12, .box_h = 13, .ofs_x = 1, .ofs_y = -1},
    {.bitmap_index = 55422, .adv_w = 224, .box_w = 13, .box_h = 12, .ofs_x = 0, .ofs_y = -1},
    {.bitmap_index = 55442, .adv_w = 224, .box_w = 12, .box_h = 13, .ofs_x = 1, .ofs_y = -1},
    {.bitmap_index = 55462, .adv_w = 224, .box_w = 12, .box_h = 13, .ofs_x = 1, .ofs_y = -1},
    {.bitmap_index = 55482, .adv_w = 224, .box_w = 12, .box_h = 14, .ofs_x = 1, .ofs_y = -2},
    {.bitmap_index = 55503, .adv_w = 224, .box_w = 13, .box_h = 13, .ofs_x = 1, .ofs_y = -1},
    {.bitmap_index = 55525, .adv_w = 224, .box_w = 12, .box_h = 13, .ofs_x = 1, .ofs_y = -1},
    {.bitmap_index = 55545, .adv_w = 224, .box_w = 13, .box_h = 13, .ofs_x = 0, .ofs_y = -1},
    {.bitmap_index = 55567, .adv_w = 224, .box_w = 12, .box_h = 13, .ofs_x = 1, .ofs_y = -1},
    {.bitmap_index = 55587, .adv_w = 224, .box_w = 13, .box_h = 13, .ofs_x = 0, .ofs_y = -1},
    {.bitmap_index = 55609, .adv_w = 224, .box_w = 13, .box_h = 14, .ofs_x = 0, .ofs_y = -2},
    {.bitmap_index = 55632, .adv_w = 224, .box_w = 14, .box_h = 15, .ofs_x = 0, .ofs_y = -2},
    {.bitmap_index = 55659, .adv_w = 224, .box_w = 13, .box_h = 13, .ofs_x = 0, .ofs_y = -1},
    {.bitmap_index = 55681, .adv_w = 224, .box_w = 13, .box_h = 13, .ofs_x = 0, .ofs_y = -1},
    {.bitmap_index = 55703, .adv_w = 224, .box_w = 14, .box_h = 13, .ofs_x = 0, .ofs_y = -1},
    {.bitmap_index = 55726, .adv_w = 224, .box_w = 13, .box_h = 14, .ofs_x = 1, .ofs_y = -1},
    {.bitmap_index = 55749, .adv_w = 224, .box_w = 13, .box_h = 13, .ofs_x = 0, .ofs_y = -1},
    {.bitmap_index = 55771, .adv_w = 224, .box_w = 13, .box_h = 13, .ofs_x = 0, .ofs_y = -1},
    {.bitmap_index = 55793, .adv_w = 224, .box_w = 13, .box_h = 13, .ofs_x = 1, .ofs_y = -1},
    {.bitmap_index = 55815, .adv_w = 224, .box_w = 14, .box_h = 14, .ofs_x = 0, .ofs_y = -2},
    {.bitmap_index = 55840, .adv_w = 224, .box_w = 13, .box_h = 14, .ofs_x = 1, .ofs_y = -2},
    {.bitmap_index = 55863, .adv_w = 224, .box_w = 14, .box_h = 13, .ofs_x = 0, .ofs_y = -1},
    {.bitmap_index = 55886, .adv_w = 224, .box_w = 13, .box_h = 13, .ofs_x = 0, .ofs_y = -1},
    {.bitmap_index = 55908, .adv_w = 224, .box_w = 14, .box_h = 13, .ofs_x = 0, .ofs_y = -1},
    {.bitmap_index = 55931, .adv_w = 224, .box_w = 14, .box_h = 13, .ofs_x = 0, .ofs_y = -1},
    {.bitmap_index = 55954, .adv_w = 224, .box_w = 14, .box_h = 13, .ofs_x = 0, .ofs_y = -1},
    {.bitmap_index = 55977, .adv_w = 224, .box_w = 13, .box_h = 14, .ofs_x = 1, .ofs_y = -2},
    {.bitmap_index = 56000, .adv_w = 224, .box_w = 13, .box_h = 13, .ofs_x = 1, .ofs_y = -1},
    {.bitmap_index = 56022, .adv_w = 224, .box_w = 13, .box_h = 13, .ofs_x = 0, .ofs_y = -1},
    {.bitmap_index = 56044, .adv_w = 224, .box_w = 13, .box_h = 13, .ofs_x = 0, .ofs_y = -1},
    {.bitmap_index = 56066, .adv_w = 224, .box_w = 13, .box_h = 13, .ofs_x = 0, .ofs_y = -1},
    {.bitmap_index = 56088, .adv_w = 224, .box_w = 13, .box_h = 13, .ofs_x = 1, .ofs_y = -1},
    {.bitmap_index = 56110, .adv_w = 224, .box_w = 13, .box_h = 14, .ofs_x = 1, .ofs_y = -2},
    {.bitmap_index = 56133, .adv_w = 224, .box_w = 14, .box_h = 13, .ofs_x = 0, .ofs_y = -1},
    {.bitmap_index = 56156, .adv_w = 224, .box_w = 14, .box_h = 13, .ofs_x = 0, .ofs_y = -1},
    {.bitmap_index = 56179, .adv_w = 224, .box_w = 13, .box_h = 13, .ofs_x = 0, .ofs_y = -1},
    {.bitmap_index = 56201, .adv_w = 224, .box_w = 13, .box_h = 13, .ofs_x = 1, .ofs_y = -1},
    {.bitmap_index = 56223, .adv_w = 224, .box_w = 13, .box_h = 13, .ofs_x = 1, .ofs_y = -1},
    {.bitmap_index = 56245, .adv_w = 224, .box_w = 13, .box_h = 13, .ofs_x = 0, .ofs_y = -1},
    {.bitmap_index = 56267, .adv_w = 224, .box_w = 13, .box_h = 13, .ofs_x = 1, .ofs_y = -1},
    {.bitmap_index = 56289, .adv_w = 224, .box_w = 13, .box_h = 13, .ofs_x = 1, .ofs_y = -1},
    {.bitmap_index = 56311, .adv_w = 224, .box_w = 13, .box_h = 13, .ofs_x = 1, .ofs_y = -1},
    {.bitmap_index = 56333, .adv_w = 224, .box_w = 13, .box_h = 13, .ofs_x = 0, .ofs_y = -1},
    {.bitmap_index = 56355, .adv_w = 224, .box_w = 14, .box_h = 13, .ofs_x = 0, .ofs_y = -1},
    {.bitmap_index = 56378, .adv_w = 224, .box_w = 13, .box_h = 13, .ofs_x = 0, .ofs_y = -1},
    {.bitmap_index = 56400, .adv_w = 224, .box_w = 13, .box_h = 14, .ofs_x = 1, .ofs_y = -2},
    {.bitmap_index = 56423, .adv_w = 224, .box_w = 14, .box_h = 13, .ofs_x = 0, .ofs_y = -1},
    {.bitmap_index = 56446, .adv_w = 224, .box_w = 13, .box_h = 13, .ofs_x = 0, .ofs_y = -1},
    {.bitmap_index = 56468, .adv_w = 224, .box_w = 14, .box_h = 12, .ofs_x = 0, .ofs_y = -1},
    {.bitmap_index = 56489, .adv_w = 224, .box_w = 14, .box_h = 13, .ofs_x = 1, .ofs_y = -1},
    {.bitmap_index = 56512, .adv_w = 224, .box_w = 14, .box_h = 14, .ofs_x = 0, .ofs_y = -1},
    {.bitmap_index = 56537, .adv_w = 224, .box_w = 14, .box_h = 13, .ofs_x = 0, .ofs_y = -1},
    {.bitmap_index = 56560, .adv_w = 224, .box_w = 14, .box_h = 13, .ofs_x = 1, .ofs_y = -1},
    {.bitmap_index = 56583, .adv_w = 224, .box_w = 12, .box_h = 13, .ofs_x = 2, .ofs_y = -1},
    {.bitmap_index = 56603, .adv_w = 224, .box_w = 13, .box_h = 13, .ofs_x = 0, .ofs_y = -1},
    {.bitmap_index = 56625, .adv_w = 224, .box_w = 13, .box_h = 13, .ofs_x = 1, .ofs_y = -1},
    {.bitmap_index = 56647, .adv_w = 224, .box_w = 11, .box_h = 13, .ofs_x = 2, .ofs_y = -1},
    {.bitmap_index = 56665, .adv_w = 224, .box_w = 13, .box_h = 13, .ofs_x = 0, .ofs_y = -1},
    {.bitmap_index = 56687, .adv_w = 224, .box_w = 13, .box_h = 14, .ofs_x = 0, .ofs_y = -2},
    {.bitmap_index = 56710, .adv_w = 224, .box_w = 13, .box_h = 13, .ofs_x = 0, .ofs_y = -2},
    {.bitmap_index = 56732, .adv_w = 224, .box_w = 13, .box_h = 13, .ofs_x = 0, .ofs_y = -1},
    {.bitmap_index = 56754, .adv_w = 224, .box_w = 13, .box_h = 13, .ofs_x = 1, .ofs_y = -1},
    {.bitmap_index = 56776, .adv_w = 224, .box_w = 14, .box_h = 13, .ofs_x = 0, .ofs_y = -1},
    {.bitmap_index = 56799, .adv_w = 224, .box_w = 13, .box_h = 13, .ofs_x = 0, .ofs_y = -1},
    {.bitmap_index = 56821, .adv_w = 224, .box_w = 13, .box_h = 13, .ofs_x = 0, .ofs_y = -1},
    {.bitmap_index = 56843, .adv_w = 224, .box_w = 13, .box_h = 13, .ofs_x = 0, .ofs_y = -1},
    {.bitmap_index = 56865, .adv_w = 224, .box_w = 13, .box_h = 13, .ofs_x = 0, .ofs_y = -1},
    {.bitmap_index = 56887, .adv_w = 224, .box_w = 13, .box_h = 13, .ofs_x = 0, .ofs_y = -1},
    {.bitmap_index = 56909, .adv_w = 224, .box_w = 13, .box_h = 13, .ofs_x = 0, .ofs_y = -1},
    {.bitmap_index = 56931, .adv_w = 224, .box_w = 12, .box_h = 13, .ofs_x = 1, .ofs_y = -1},
    {.bitmap_index = 56951, .adv_w = 224, .box_w = 13, .box_h = 13, .ofs_x = 1, .ofs_y = -1},
    {.bitmap_index = 56973, .adv_w = 224, .box_w = 14, .box_h = 13, .ofs_x = 0, .ofs_y = -1},
    {.bitmap_index = 56996, .adv_w = 224, .box_w = 13, .box_h = 13, .ofs_x = 0, .ofs_y = -1},
    {.bitmap_index = 57018, .adv_w = 224, .box_w = 11, .box_h = 13, .ofs_x = 2, .ofs_y = -1},
    {.bitmap_index = 57036, .adv_w = 224, .box_w = 13, .box_h = 13, .ofs_x = 1, .ofs_y = -1},
    {.bitmap_index = 57058, .adv_w = 224, .box_w = 13, .box_h = 13, .ofs_x = 0, .ofs_y = -1},
    {.bitmap_index = 57080, .adv_w = 224, .box_w = 14, .box_h = 13, .ofs_x = 0, .ofs_y = -1},
    {.bitmap_index = 57103, .adv_w = 224, .box_w = 11, .box_h = 13, .ofs_x = 2, .ofs_y = -1},
    {.bitmap_index = 57121, .adv_w = 224, .box_w = 13, .box_h = 14, .ofs_x = 0, .ofs_y = -2},
    {.bitmap_index = 57144, .adv_w = 224, .box_w = 12, .box_h = 13, .ofs_x = 1, .ofs_y = -1},
    {.bitmap_index = 57164, .adv_w = 224, .box_w = 14, .box_h = 13, .ofs_x = 0, .ofs_y = -1},
    {.bitmap_index = 57187, .adv_w = 224, .box_w = 13, .box_h = 13, .ofs_x = 0, .ofs_y = -1},
    {.bitmap_index = 57209, .adv_w = 224, .box_w = 14, .box_h = 14, .ofs_x = 0, .ofs_y = -2},
    {.bitmap_index = 57234, .adv_w = 224, .box_w = 13, .box_h = 14, .ofs_x = 1, .ofs_y = -2},
    {.bitmap_index = 57257, .adv_w = 224, .box_w = 13, .box_h = 13, .ofs_x = 0, .ofs_y = -1},
    {.bitmap_index = 57279, .adv_w = 224, .box_w = 13, .box_h = 13, .ofs_x = 0, .ofs_y = -1},
    {.bitmap_index = 57301, .adv_w = 224, .box_w = 13, .box_h = 13, .ofs_x = 0, .ofs_y = -1},
    {.bitmap_index = 57323, .adv_w = 224, .box_w = 14, .box_h = 13, .ofs_x = 0, .ofs_y = -1},
    {.bitmap_index = 57346, .adv_w = 224, .box_w = 14, .box_h = 13, .ofs_x = 0, .ofs_y = -1},
    {.bitmap_index = 57369, .adv_w = 224, .box_w = 14, .box_h = 13, .ofs_x = 0, .ofs_y = -1},
    {.bitmap_index = 57392, .adv_w = 224, .box_w = 14, .box_h = 13, .ofs_x = 0, .ofs_y = -1},
    {.bitmap_index = 57415, .adv_w = 224, .box_w = 14, .box_h = 13, .ofs_x = 0, .ofs_y = -1},
    {.bitmap_index = 57438, .adv_w = 224, .box_w = 12, .box_h = 13, .ofs_x = 0, .ofs_y = -1},
    {.bitmap_index = 57458, .adv_w = 224, .box_w = 12, .box_h = 13, .ofs_x = 1, .ofs_y = -1},
    {.bitmap_index = 57478, .adv_w = 224, .box_w = 14, .box_h = 13, .ofs_x = 0, .ofs_y = -1},
    {.bitmap_index = 57501, .adv_w = 224, .box_w = 14, .box_h = 13, .ofs_x = 0, .ofs_y = -1},
    {.bitmap_index = 57524, .adv_w = 224, .box_w = 13, .box_h = 13, .ofs_x = 1, .ofs_y = -1},
    {.bitmap_index = 57546, .adv_w = 224, .box_w = 13, .box_h = 14, .ofs_x = 0, .ofs_y = -2},
    {.bitmap_index = 57569, .adv_w = 224, .box_w = 13, .box_h = 13, .ofs_x = 0, .ofs_y = -1},
    {.bitmap_index = 57591, .adv_w = 224, .box_w = 13, .box_h = 13, .ofs_x = 0, .ofs_y = -1},
    {.bitmap_index = 57613, .adv_w = 224, .box_w = 13, .box_h = 13, .ofs_x = 0, .ofs_y = -1},
    {.bitmap_index = 57635, .adv_w = 224, .box_w = 13, .box_h = 14, .ofs_x = 0, .ofs_y = -2},
    {.bitmap_index = 57658, .adv_w = 224, .box_w = 14, .box_h = 13, .ofs_x = 0, .ofs_y = -1},
    {.bitmap_index = 57681, .adv_w = 224, .box_w = 13, .box_h = 13, .ofs_x = 0, .ofs_y = -1},
    {.bitmap_index = 57703, .adv_w = 224, .box_w = 13, .box_h = 13, .ofs_x = 0, .ofs_y = -1},
    {.bitmap_index = 57725, .adv_w = 224, .box_w = 14, .box_h = 14, .ofs_x = 0, .ofs_y = -2},
    {.bitmap_index = 57750, .adv_w = 224, .box_w = 13, .box_h = 13, .ofs_x = 0, .ofs_y = -1},
    {.bitmap_index = 57772, .adv_w = 224, .box_w = 14, .box_h = 13, .ofs_x = 0, .ofs_y = -1},
    {.bitmap_index = 57795, .adv_w = 224, .box_w = 14, .box_h = 13, .ofs_x = 0, .ofs_y = -1},
    {.bitmap_index = 57818, .adv_w = 224, .box_w = 13, .box_h = 13, .ofs_x = 0, .ofs_y = -1},
    {.bitmap_index = 57840, .adv_w = 224, .box_w = 13, .box_h = 13, .ofs_x = 1, .ofs_y = -1},
    {.bitmap_index = 57862, .adv_w = 224, .box_w = 14, .box_h = 14, .ofs_x = 0, .ofs_y = -2},
    {.bitmap_index = 57887, .adv_w = 224, .box_w = 13, .box_h = 13, .ofs_x = 0, .ofs_y = -1},
    {.bitmap_index = 57909, .adv_w = 224, .box_w = 13, .box_h = 14, .ofs_x = 0, .ofs_y = -2},
    {.bitmap_index = 57932, .adv_w = 224, .box_w = 14, .box_h = 13, .ofs_x = 0, .ofs_y = -1},
    {.bitmap_index = 57955, .adv_w = 224, .box_w = 14, .box_h = 14, .ofs_x = 0, .ofs_y = -2},
    {.bitmap_index = 57980, .adv_w = 224, .box_w = 13, .box_h = 13, .ofs_x = 0, .ofs_y = -1},
    {.bitmap_index = 58002, .adv_w = 224, .box_w = 13, .box_h = 14, .ofs_x = 0, .ofs_y = -2},
    {.bitmap_index = 58025, .adv_w = 224, .box_w = 14, .box_h = 14, .ofs_x = 0, .ofs_y = -2},
    {.bitmap_index = 58050, .adv_w = 224, .box_w = 13, .box_h = 13, .ofs_x = 0, .ofs_y = -1},
    {.bitmap_index = 58072, .adv_w = 224, .box_w = 13, .box_h = 13, .ofs_x = 0, .ofs_y = -1},
    {.bitmap_index = 58094, .adv_w = 224, .box_w = 14, .box_h = 13, .ofs_x = 0, .ofs_y = -1},
    {.bitmap_index = 58117, .adv_w = 224, .box_w = 13, .box_h = 14, .ofs_x = 0, .ofs_y = -2},
    {.bitmap_index = 58140, .adv_w = 224, .box_w = 12, .box_h = 13, .ofs_x = 1, .ofs_y = -1},
    {.bitmap_index = 58160, .adv_w = 224, .box_w = 14, .box_h = 13, .ofs_x = 0, .ofs_y = -1},
    {.bitmap_index = 58183, .adv_w = 224, .box_w = 14, .box_h = 14, .ofs_x = 0, .ofs_y = -2},
    {.bitmap_index = 58208, .adv_w = 224, .box_w = 13, .box_h = 14, .ofs_x = 0, .ofs_y = -2},
    {.bitmap_index = 58231, .adv_w = 224, .box_w = 13, .box_h = 13, .ofs_x = 0, .ofs_y = -1},
    {.bitmap_index = 58253, .adv_w = 224, .box_w = 13, .box_h = 13, .ofs_x = 0, .ofs_y = -1},
    {.bitmap_index = 58275, .adv_w = 224, .box_w = 13, .box_h = 13, .ofs_x = 0, .ofs_y = -1},
    {.bitmap_index = 58297, .adv_w = 224, .box_w = 13, .box_h = 13, .ofs_x = 0, .ofs_y = -1},
    {.bitmap_index = 58319, .adv_w = 224, .box_w = 13, .box_h = 13, .ofs_x = 1, .ofs_y = -1},
    {.bitmap_index = 58341, .adv_w = 224, .box_w = 14, .box_h = 13, .ofs_x = 0, .ofs_y = -1},
    {.bitmap_index = 58364, .adv_w = 224, .box_w = 12, .box_h = 13, .ofs_x = 2, .ofs_y = -1},
    {.bitmap_index = 58384, .adv_w = 224, .box_w = 10, .box_h = 13, .ofs_x = 3, .ofs_y = -1},
    {.bitmap_index = 58401, .adv_w = 224, .box_w = 13, .box_h = 14, .ofs_x = 1, .ofs_y = -2},
    {.bitmap_index = 58424, .adv_w = 224, .box_w = 13, .box_h = 13, .ofs_x = 0, .ofs_y = -1},
    {.bitmap_index = 58446, .adv_w = 224, .box_w = 13, .box_h = 14, .ofs_x = 0, .ofs_y = -2},
    {.bitmap_index = 58469, .adv_w = 224, .box_w = 12, .box_h = 13, .ofs_x = 2, .ofs_y = -1},
    {.bitmap_index = 58489, .adv_w = 224, .box_w = 12, .box_h = 13, .ofs_x = 1, .ofs_y = -1},
    {.bitmap_index = 58509, .adv_w = 224, .box_w = 12, .box_h = 13, .ofs_x = 1, .ofs_y = -1},
    {.bitmap_index = 58529, .adv_w = 224, .box_w = 13, .box_h = 14, .ofs_x = 1, .ofs_y = -2},
    {.bitmap_index = 58552, .adv_w = 224, .box_w = 13, .box_h = 13, .ofs_x = 1, .ofs_y = -1},
    {.bitmap_index = 58574, .adv_w = 224, .box_w = 13, .box_h = 13, .ofs_x = 0, .ofs_y = -1},
    {.bitmap_index = 58596, .adv_w = 224, .box_w = 13, .box_h = 13, .ofs_x = 0, .ofs_y = -1},
    {.bitmap_index = 58618, .adv_w = 224, .box_w = 14, .box_h = 13, .ofs_x = 0, .ofs_y = -1},
    {.bitmap_index = 58641, .adv_w = 224, .box_w = 14, .box_h = 14, .ofs_x = 0, .ofs_y = -1},
    {.bitmap_index = 58666, .adv_w = 224, .box_w = 13, .box_h = 13, .ofs_x = 1, .ofs_y = -1},
    {.bitmap_index = 58688, .adv_w = 224, .box_w = 13, .box_h = 13, .ofs_x = 1, .ofs_y = -1},
    {.bitmap_index = 58710, .adv_w = 224, .box_w = 13, .box_h = 13, .ofs_x = 1, .ofs_y = -1},
    {.bitmap_index = 58732, .adv_w = 224, .box_w = 14, .box_h = 13, .ofs_x = 1, .ofs_y = -1},
    {.bitmap_index = 58755, .adv_w = 224, .box_w = 13, .box_h = 14, .ofs_x = 1, .ofs_y = -2},
    {.bitmap_index = 58778, .adv_w = 224, .box_w = 13, .box_h = 13, .ofs_x = 0, .ofs_y = -1},
    {.bitmap_index = 58800, .adv_w = 224, .box_w = 13, .box_h = 13, .ofs_x = 1, .ofs_y = -1},
    {.bitmap_index = 58822, .adv_w = 224, .box_w = 13, .box_h = 14, .ofs_x = 1, .ofs_y = -2},
    {.bitmap_index = 58845, .adv_w = 224, .box_w = 13, .box_h = 13, .ofs_x = 1, .ofs_y = -1},
    {.bitmap_index = 58867, .adv_w = 224, .box_w = 13, .box_h = 13, .ofs_x = 0, .ofs_y = -1},
    {.bitmap_index = 58889, .adv_w = 224, .box_w = 14, .box_h = 13, .ofs_x = 0, .ofs_y = -1},
    {.bitmap_index = 58912, .adv_w = 224, .box_w = 10, .box_h = 14, .ofs_x = 3, .ofs_y = -2},
    {.bitmap_index = 58930, .adv_w = 224, .box_w = 13, .box_h = 14, .ofs_x = 0, .ofs_y = -2},
    {.bitmap_index = 58953, .adv_w = 224, .box_w = 13, .box_h = 13, .ofs_x = 0, .ofs_y = -1},
    {.bitmap_index = 58975, .adv_w = 224, .box_w = 14, .box_h = 13, .ofs_x = 1, .ofs_y = -1},
    {.bitmap_index = 58998, .adv_w = 224, .box_w = 13, .box_h = 13, .ofs_x = 0, .ofs_y = -1},
    {.bitmap_index = 59020, .adv_w = 224, .box_w = 14, .box_h = 13, .ofs_x = 0, .ofs_y = -1},
    {.bitmap_index = 59043, .adv_w = 224, .box_w = 13, .box_h = 13, .ofs_x = 0, .ofs_y = -1},
    {.bitmap_index = 59065, .adv_w = 224, .box_w = 13, .box_h = 13, .ofs_x = 0, .ofs_y = -1},
    {.bitmap_index = 59087, .adv_w = 224, .box_w = 13, .box_h = 13, .ofs_x = 0, .ofs_y = -1},
    {.bitmap_index = 59109, .adv_w = 224, .box_w = 13, .box_h = 14, .ofs_x = 1, .ofs_y = -2},
    {.bitmap_index = 59132, .adv_w = 224, .box_w = 13, .box_h = 13, .ofs_x = 0, .ofs_y = -1},
    {.bitmap_index = 59154, .adv_w = 224, .box_w = 13, .box_h = 14, .ofs_x = 0, .ofs_y = -2},
    {.bitmap_index = 59177, .adv_w = 224, .box_w = 14, .box_h = 13, .ofs_x = 0, .ofs_y = -1},
    {.bitmap_index = 59200, .adv_w = 224, .box_w = 13, .box_h = 13, .ofs_x = 0, .ofs_y = -1},
    {.bitmap_index = 59222, .adv_w = 224, .box_w = 13, .box_h = 14, .ofs_x = 1, .ofs_y = -2},
    {.bitmap_index = 59245, .adv_w = 224, .box_w = 13, .box_h = 13, .ofs_x = 0, .ofs_y = -1},
    {.bitmap_index = 59267, .adv_w = 224, .box_w = 13, .box_h = 13, .ofs_x = 0, .ofs_y = -1},
    {.bitmap_index = 59289, .adv_w = 224, .box_w = 14, .box_h = 13, .ofs_x = 0, .ofs_y = -1},
    {.bitmap_index = 59312, .adv_w = 224, .box_w = 13, .box_h = 13, .ofs_x = 0, .ofs_y = -1},
    {.bitmap_index = 59334, .adv_w = 224, .box_w = 14, .box_h = 13, .ofs_x = 0, .ofs_y = -1},
    {.bitmap_index = 59357, .adv_w = 224, .box_w = 13, .box_h = 13, .ofs_x = 1, .ofs_y = -1},
    {.bitmap_index = 59379, .adv_w = 224, .box_w = 13, .box_h = 13, .ofs_x = 0, .ofs_y = -1},
    {.bitmap_index = 59401, .adv_w = 224, .box_w = 13, .box_h = 13, .ofs_x = 0, .ofs_y = -1},
    {.bitmap_index = 59423, .adv_w = 224, .box_w = 13, .box_h = 13, .ofs_x = 1, .ofs_y = -1},
    {.bitmap_index = 59445, .adv_w = 224, .box_w = 14, .box_h = 13, .ofs_x = 0, .ofs_y = -1},
    {.bitmap_index = 59468, .adv_w = 224, .box_w = 14, .box_h = 13, .ofs_x = 0, .ofs_y = -1},
    {.bitmap_index = 59491, .adv_w = 224, .box_w = 13, .box_h = 13, .ofs_x = 0, .ofs_y = -1},
    {.bitmap_index = 59513, .adv_w = 224, .box_w = 12, .box_h = 13, .ofs_x = 1, .ofs_y = -1},
    {.bitmap_index = 59533, .adv_w = 224, .box_w = 12, .box_h = 13, .ofs_x = 1, .ofs_y = -1},
    {.bitmap_index = 59553, .adv_w = 224, .box_w = 13, .box_h = 13, .ofs_x = 0, .ofs_y = -1},
    {.bitmap_index = 59575, .adv_w = 224, .box_w = 14, .box_h = 13, .ofs_x = 0, .ofs_y = -1},
    {.bitmap_index = 59598, .adv_w = 224, .box_w = 13, .box_h = 13, .ofs_x = 1, .ofs_y = -1},
    {.bitmap_index = 59620, .adv_w = 224, .box_w = 13, .box_h = 13, .ofs_x = 1, .ofs_y = -1},
    {.bitmap_index = 59642, .adv_w = 224, .box_w = 13, .box_h = 13, .ofs_x = 1, .ofs_y = -1},
    {.bitmap_index = 59664, .adv_w = 224, .box_w = 13, .box_h = 13, .ofs_x = 0, .ofs_y = -1},
    {.bitmap_index = 59686, .adv_w = 224, .box_w = 12, .box_h = 13, .ofs_x = 1, .ofs_y = -1},
    {.bitmap_index = 59706, .adv_w = 224, .box_w = 13, .box_h = 13, .ofs_x = 0, .ofs_y = -1},
    {.bitmap_index = 59728, .adv_w = 224, .box_w = 12, .box_h = 13, .ofs_x = 1, .ofs_y = -1},
    {.bitmap_index = 59748, .adv_w = 224, .box_w = 13, .box_h = 13, .ofs_x = 1, .ofs_y = -1},
    {.bitmap_index = 59770, .adv_w = 224, .box_w = 13, .box_h = 15, .ofs_x = 0, .ofs_y = -2},
    {.bitmap_index = 59795, .adv_w = 224, .box_w = 13, .box_h = 13, .ofs_x = 0, .ofs_y = -1},
    {.bitmap_index = 59817, .adv_w = 224, .box_w = 14, .box_h = 13, .ofs_x = 0, .ofs_y = -1},
    {.bitmap_index = 59840, .adv_w = 224, .box_w = 13, .box_h = 14, .ofs_x = 0, .ofs_y = -2},
    {.bitmap_index = 59863, .adv_w = 224, .box_w = 14, .box_h = 13, .ofs_x = 0, .ofs_y = -1},
    {.bitmap_index = 59886, .adv_w = 224, .box_w = 12, .box_h = 13, .ofs_x = 1, .ofs_y = -1},
    {.bitmap_index = 59906, .adv_w = 224, .box_w = 13, .box_h = 13, .ofs_x = 1, .ofs_y = -1},
    {.bitmap_index = 59928, .adv_w = 224, .box_w = 13, .box_h = 13, .ofs_x = 1, .ofs_y = -1},
    {.bitmap_index = 59950, .adv_w = 224, .box_w = 13, .box_h = 13, .ofs_x = 0, .ofs_y = -1},
    {.bitmap_index = 59972, .adv_w = 224, .box_w = 13, .box_h = 13, .ofs_x = 0, .ofs_y = -1},
    {.bitmap_index = 59994, .adv_w = 224, .box_w = 13, .box_h = 13, .ofs_x = 1, .ofs_y = -1},
    {.bitmap_index = 60016, .adv_w = 224, .box_w = 13, .box_h = 13, .ofs_x = 1, .ofs_y = -1},
    {.bitmap_index = 60038, .adv_w = 224, .box_w = 13, .box_h = 13, .ofs_x = 0, .ofs_y = -1},
    {.bitmap_index = 60060, .adv_w = 224, .box_w = 14, .box_h = 14, .ofs_x = 0, .ofs_y = -1},
    {.bitmap_index = 60085, .adv_w = 224, .box_w = 14, .box_h = 13, .ofs_x = 0, .ofs_y = -1},
    {.bitmap_index = 60108, .adv_w = 224, .box_w = 13, .box_h = 13, .ofs_x = 1, .ofs_y = -1},
    {.bitmap_index = 60130, .adv_w = 224, .box_w = 13, .box_h = 13, .ofs_x = 0, .ofs_y = -1},
    {.bitmap_index = 60152, .adv_w = 224, .box_w = 13, .box_h = 13, .ofs_x = 0, .ofs_y = -1},
    {.bitmap_index = 60174, .adv_w = 224, .box_w = 13, .box_h = 13, .ofs_x = 1, .ofs_y = -1},
    {.bitmap_index = 60196, .adv_w = 224, .box_w = 13, .box_h = 13, .ofs_x = 0, .ofs_y = -1},
    {.bitmap_index = 60218, .adv_w = 224, .box_w = 14, .box_h = 13, .ofs_x = 0, .ofs_y = -1},
    {.bitmap_index = 60241, .adv_w = 224, .box_w = 14, .box_h = 14, .ofs_x = 0, .ofs_y = -2},
    {.bitmap_index = 60266, .adv_w = 224, .box_w = 13, .box_h = 13, .ofs_x = 0, .ofs_y = -1},
    {.bitmap_index = 60288, .adv_w = 224, .box_w = 13, .box_h = 13, .ofs_x = 0, .ofs_y = -1},
    {.bitmap_index = 60310, .adv_w = 224, .box_w = 13, .box_h = 13, .ofs_x = 0, .ofs_y = -1},
    {.bitmap_index = 60332, .adv_w = 224, .box_w = 12, .box_h = 13, .ofs_x = 1, .ofs_y = -1},
    {.bitmap_index = 60352, .adv_w = 224, .box_w = 12, .box_h = 13, .ofs_x = 1, .ofs_y = -1},
    {.bitmap_index = 60372, .adv_w = 224, .box_w = 13, .box_h = 13, .ofs_x = 0, .ofs_y = -1},
    {.bitmap_index = 60394, .adv_w = 224, .box_w = 13, .box_h = 13, .ofs_x = 1, .ofs_y = -1},
    {.bitmap_index = 60416, .adv_w = 224, .box_w = 13, .box_h = 13, .ofs_x = 0, .ofs_y = -1},
    {.bitmap_index = 60438, .adv_w = 224, .box_w = 13, .box_h = 13, .ofs_x = 0, .ofs_y = -1},
    {.bitmap_index = 60460, .adv_w = 224, .box_w = 12, .box_h = 12, .ofs_x = 1, .ofs_y = -1},
    {.bitmap_index = 60478, .adv_w = 224, .box_w = 13, .box_h = 13, .ofs_x = 0, .ofs_y = -1},
    {.bitmap_index = 60500, .adv_w = 224, .box_w = 13, .box_h = 13, .ofs_x = 0, .ofs_y = -1},
    {.bitmap_index = 60522, .adv_w = 224, .box_w = 13, .box_h = 14, .ofs_x = 1, .ofs_y = -1},
    {.bitmap_index = 60545, .adv_w = 224, .box_w = 13, .box_h = 13, .ofs_x = 1, .ofs_y = -1},
    {.bitmap_index = 60567, .adv_w = 224, .box_w = 13, .box_h = 13, .ofs_x = 0, .ofs_y = -1},
    {.bitmap_index = 60589, .adv_w = 224, .box_w = 13, .box_h = 13, .ofs_x = 1, .ofs_y = -1},
    {.bitmap_index = 60611, .adv_w = 224, .box_w = 14, .box_h = 13, .ofs_x = 0, .ofs_y = -1},
    {.bitmap_index = 60634, .adv_w = 224, .box_w = 13, .box_h = 13, .ofs_x = 0, .ofs_y = -1},
    {.bitmap_index = 60656, .adv_w = 224, .box_w = 14, .box_h = 13, .ofs_x = 0, .ofs_y = -1},
    {.bitmap_index = 60679, .adv_w = 224, .box_w = 13, .box_h = 13, .ofs_x = 1, .ofs_y = -1},
    {.bitmap_index = 60701, .adv_w = 224, .box_w = 13, .box_h = 14, .ofs_x = 1, .ofs_y = -2},
    {.bitmap_index = 60724, .adv_w = 224, .box_w = 12, .box_h = 14, .ofs_x = 1, .ofs_y = -1},
    {.bitmap_index = 60745, .adv_w = 224, .box_w = 13, .box_h = 14, .ofs_x = 0, .ofs_y = -2},
    {.bitmap_index = 60768, .adv_w = 224, .box_w = 14, .box_h = 14, .ofs_x = 0, .ofs_y = -1},
    {.bitmap_index = 60793, .adv_w = 224, .box_w = 12, .box_h = 14, .ofs_x = 1, .ofs_y = -2},
    {.bitmap_index = 60814, .adv_w = 224, .box_w = 13, .box_h = 13, .ofs_x = 1, .ofs_y = -1},
    {.bitmap_index = 60836, .adv_w = 224, .box_w = 13, .box_h = 13, .ofs_x = 0, .ofs_y = -1},
    {.bitmap_index = 60858, .adv_w = 224, .box_w = 13, .box_h = 13, .ofs_x = 1, .ofs_y = -1},
    {.bitmap_index = 60880, .adv_w = 224, .box_w = 13, .box_h = 13, .ofs_x = 1, .ofs_y = -1},
    {.bitmap_index = 60902, .adv_w = 224, .box_w = 13, .box_h = 13, .ofs_x = 1, .ofs_y = -1},
    {.bitmap_index = 60924, .adv_w = 224, .box_w = 12, .box_h = 13, .ofs_x = 1, .ofs_y = -1},
    {.bitmap_index = 60944, .adv_w = 224, .box_w = 13, .box_h = 14, .ofs_x = 1, .ofs_y = -1},
    {.bitmap_index = 60967, .adv_w = 224, .box_w = 13, .box_h = 13, .ofs_x = 1, .ofs_y = -1},
    {.bitmap_index = 60989, .adv_w = 224, .box_w = 13, .box_h = 14, .ofs_x = 0, .ofs_y = -1},
    {.bitmap_index = 61012, .adv_w = 224, .box_w = 13, .box_h = 13, .ofs_x = 0, .ofs_y = -1},
    {.bitmap_index = 61034, .adv_w = 224, .box_w = 13, .box_h = 13, .ofs_x = 1, .ofs_y = -1},
    {.bitmap_index = 61056, .adv_w = 224, .box_w = 13, .box_h = 14, .ofs_x = 0, .ofs_y = -2},
    {.bitmap_index = 61079, .adv_w = 224, .box_w = 12, .box_h = 13, .ofs_x = 1, .ofs_y = -1},
    {.bitmap_index = 61099, .adv_w = 224, .box_w = 14, .box_h = 13, .ofs_x = 0, .ofs_y = -1},
    {.bitmap_index = 61122, .adv_w = 224, .box_w = 13, .box_h = 13, .ofs_x = 0, .ofs_y = -1},
    {.bitmap_index = 61144, .adv_w = 224, .box_w = 13, .box_h = 13, .ofs_x = 1, .ofs_y = -1},
    {.bitmap_index = 61166, .adv_w = 224, .box_w = 12, .box_h = 13, .ofs_x = 1, .ofs_y = -1},
    {.bitmap_index = 61186, .adv_w = 224, .box_w = 14, .box_h = 14, .ofs_x = 0, .ofs_y = -2},
    {.bitmap_index = 61211, .adv_w = 224, .box_w = 12, .box_h = 13, .ofs_x = 1, .ofs_y = -1},
    {.bitmap_index = 61231, .adv_w = 224, .box_w = 13, .box_h = 13, .ofs_x = 1, .ofs_y = -1},
    {.bitmap_index = 61253, .adv_w = 224, .box_w = 13, .box_h = 13, .ofs_x = 1, .ofs_y = -1},
    {.bitmap_index = 61275, .adv_w = 224, .box_w = 13, .box_h = 13, .ofs_x = 0, .ofs_y = -1},
    {.bitmap_index = 61297, .adv_w = 224, .box_w = 13, .box_h = 13, .ofs_x = 1, .ofs_y = -1},
    {.bitmap_index = 61319, .adv_w = 224, .box_w = 13, .box_h = 13, .ofs_x = 1, .ofs_y = -1},
    {.bitmap_index = 61341, .adv_w = 224, .box_w = 14, .box_h = 13, .ofs_x = 0, .ofs_y = -1},
    {.bitmap_index = 61364, .adv_w = 224, .box_w = 12, .box_h = 13, .ofs_x = 1, .ofs_y = -1},
    {.bitmap_index = 61384, .adv_w = 224, .box_w = 13, .box_h = 14, .ofs_x = 1, .ofs_y = -2},
    {.bitmap_index = 61407, .adv_w = 224, .box_w = 14, .box_h = 13, .ofs_x = 0, .ofs_y = -1},
    {.bitmap_index = 61430, .adv_w = 224, .box_w = 13, .box_h = 13, .ofs_x = 0, .ofs_y = -1},
    {.bitmap_index = 61452, .adv_w = 224, .box_w = 14, .box_h = 13, .ofs_x = 0, .ofs_y = -1},
    {.bitmap_index = 61475, .adv_w = 224, .box_w = 13, .box_h = 13, .ofs_x = 0, .ofs_y = -1},
    {.bitmap_index = 61497, .adv_w = 224, .box_w = 13, .box_h = 13, .ofs_x = 0, .ofs_y = -1},
    {.bitmap_index = 61519, .adv_w = 224, .box_w = 13, .box_h = 14, .ofs_x = 1, .ofs_y = -2},
    {.bitmap_index = 61542, .adv_w = 224, .box_w = 14, .box_h = 13, .ofs_x = 1, .ofs_y = -1},
    {.bitmap_index = 61565, .adv_w = 224, .box_w = 14, .box_h = 13, .ofs_x = 0, .ofs_y = -1},
    {.bitmap_index = 61588, .adv_w = 224, .box_w = 13, .box_h = 13, .ofs_x = 1, .ofs_y = -1},
    {.bitmap_index = 61610, .adv_w = 224, .box_w = 13, .box_h = 13, .ofs_x = 1, .ofs_y = -1},
    {.bitmap_index = 61632, .adv_w = 224, .box_w = 14, .box_h = 13, .ofs_x = 0, .ofs_y = -1},
    {.bitmap_index = 61655, .adv_w = 224, .box_w = 13, .box_h = 13, .ofs_x = 0, .ofs_y = -1},
    {.bitmap_index = 61677, .adv_w = 224, .box_w = 13, .box_h = 13, .ofs_x = 0, .ofs_y = -1},
    {.bitmap_index = 61699, .adv_w = 224, .box_w = 13, .box_h = 13, .ofs_x = 0, .ofs_y = -1},
    {.bitmap_index = 61721, .adv_w = 224, .box_w = 13, .box_h = 14, .ofs_x = 0, .ofs_y = -2},
    {.bitmap_index = 61744, .adv_w = 224, .box_w = 13, .box_h = 13, .ofs_x = 1, .ofs_y = -1},
    {.bitmap_index = 61766, .adv_w = 224, .box_w = 13, .box_h = 13, .ofs_x = 1, .ofs_y = -1},
    {.bitmap_index = 61788, .adv_w = 224, .box_w = 13, .box_h = 13, .ofs_x = 0, .ofs_y = -1},
    {.bitmap_index = 61810, .adv_w = 224, .box_w = 13, .box_h = 13, .ofs_x = 1, .ofs_y = -1},
    {.bitmap_index = 61832, .adv_w = 224, .box_w = 13, .box_h = 13, .ofs_x = 1, .ofs_y = -1},
    {.bitmap_index = 61854, .adv_w = 224, .box_w = 14, .box_h = 14, .ofs_x = 0, .ofs_y = -2},
    {.bitmap_index = 61879, .adv_w = 224, .box_w = 13, .box_h = 13, .ofs_x = 1, .ofs_y = -1},
    {.bitmap_index = 61901, .adv_w = 224, .box_w = 13, .box_h = 13, .ofs_x = 0, .ofs_y = -1},
    {.bitmap_index = 61923, .adv_w = 224, .box_w = 13, .box_h = 14, .ofs_x = 0, .ofs_y = -2},
    {.bitmap_index = 61946, .adv_w = 224, .box_w = 13, .box_h = 13, .ofs_x = 1, .ofs_y = -1},
    {.bitmap_index = 61968, .adv_w = 224, .box_w = 13, .box_h = 13, .ofs_x = 1, .ofs_y = -1},
    {.bitmap_index = 61990, .adv_w = 224, .box_w = 12, .box_h = 14, .ofs_x = 1, .ofs_y = -2},
    {.bitmap_index = 62011, .adv_w = 224, .box_w = 12, .box_h = 14, .ofs_x = 1, .ofs_y = -2},
    {.bitmap_index = 62032, .adv_w = 224, .box_w = 14, .box_h = 13, .ofs_x = 0, .ofs_y = -1},
    {.bitmap_index = 62055, .adv_w = 224, .box_w = 13, .box_h = 13, .ofs_x = 1, .ofs_y = -1},
    {.bitmap_index = 62077, .adv_w = 224, .box_w = 13, .box_h = 13, .ofs_x = 1, .ofs_y = -1},
    {.bitmap_index = 62099, .adv_w = 224, .box_w = 14, .box_h = 14, .ofs_x = 0, .ofs_y = -2},
    {.bitmap_index = 62124, .adv_w = 224, .box_w = 14, .box_h = 14, .ofs_x = 0, .ofs_y = -2},
    {.bitmap_index = 62149, .adv_w = 224, .box_w = 14, .box_h = 13, .ofs_x = 0, .ofs_y = -1},
    {.bitmap_index = 62172, .adv_w = 224, .box_w = 14, .box_h = 13, .ofs_x = 0, .ofs_y = -1},
    {.bitmap_index = 62195, .adv_w = 224, .box_w = 13, .box_h = 13, .ofs_x = 0, .ofs_y = -1},
    {.bitmap_index = 62217, .adv_w = 224, .box_w = 14, .box_h = 13, .ofs_x = 0, .ofs_y = -1},
    {.bitmap_index = 62240, .adv_w = 224, .box_w = 13, .box_h = 14, .ofs_x = 1, .ofs_y = -2},
    {.bitmap_index = 62263, .adv_w = 224, .box_w = 13, .box_h = 13, .ofs_x = 1, .ofs_y = -1},
    {.bitmap_index = 62285, .adv_w = 224, .box_w = 14, .box_h = 14, .ofs_x = 0, .ofs_y = -2},
    {.bitmap_index = 62310, .adv_w = 224, .box_w = 13, .box_h = 14, .ofs_x = 1, .ofs_y = -2},
    {.bitmap_index = 62333, .adv_w = 224, .box_w = 14, .box_h = 13, .ofs_x = 0, .ofs_y = -1},
    {.bitmap_index = 62356, .adv_w = 224, .box_w = 14, .box_h = 13, .ofs_x = 0, .ofs_y = -1},
    {.bitmap_index = 62379, .adv_w = 224, .box_w = 14, .box_h = 13, .ofs_x = 0, .ofs_y = -1},
    {.bitmap_index = 62402, .adv_w = 224, .box_w = 14, .box_h = 13, .ofs_x = 0, .ofs_y = -1},
    {.bitmap_index = 62425, .adv_w = 224, .box_w = 13, .box_h = 13, .ofs_x = 0, .ofs_y = -1},
    {.bitmap_index = 62447, .adv_w = 224, .box_w = 13, .box_h = 14, .ofs_x = 1, .ofs_y = -2},
    {.bitmap_index = 62470, .adv_w = 224, .box_w = 13, .box_h = 14, .ofs_x = 1, .ofs_y = -2},
    {.bitmap_index = 62493, .adv_w = 224, .box_w = 13, .box_h = 13, .ofs_x = 0, .ofs_y = -1},
    {.bitmap_index = 62515, .adv_w = 224, .box_w = 14, .box_h = 13, .ofs_x = 0, .ofs_y = -1},
    {.bitmap_index = 62538, .adv_w = 224, .box_w = 14, .box_h = 13, .ofs_x = 0, .ofs_y = -1},
    {.bitmap_index = 62561, .adv_w = 224, .box_w = 14, .box_h = 13, .ofs_x = 0, .ofs_y = -1},
    {.bitmap_index = 62584, .adv_w = 224, .box_w = 13, .box_h = 14, .ofs_x = 1, .ofs_y = -2},
    {.bitmap_index = 62607, .adv_w = 224, .box_w = 14, .box_h = 13, .ofs_x = 0, .ofs_y = -1},
    {.bitmap_index = 62630, .adv_w = 224, .box_w = 14, .box_h = 14, .ofs_x = 0, .ofs_y = -2},
    {.bitmap_index = 62655, .adv_w = 224, .box_w = 12, .box_h = 13, .ofs_x = 1, .ofs_y = -1},
    {.bitmap_index = 62675, .adv_w = 224, .box_w = 14, .box_h = 13, .ofs_x = 0, .ofs_y = -1},
    {.bitmap_index = 62698, .adv_w = 224, .box_w = 14, .box_h = 13, .ofs_x = 0, .ofs_y = -1},
    {.bitmap_index = 62721, .adv_w = 224, .box_w = 14, .box_h = 13, .ofs_x = 0, .ofs_y = -1},
    {.bitmap_index = 62744, .adv_w = 224, .box_w = 13, .box_h = 14, .ofs_x = 0, .ofs_y = -2},
    {.bitmap_index = 62767, .adv_w = 224, .box_w = 13, .box_h = 13, .ofs_x = 1, .ofs_y = -1},
    {.bitmap_index = 62789, .adv_w = 224, .box_w = 13, .box_h = 13, .ofs_x = 1, .ofs_y = -1},
    {.bitmap_index = 62811, .adv_w = 224, .box_w = 14, .box_h = 13, .ofs_x = 0, .ofs_y = -1},
    {.bitmap_index = 62834, .adv_w = 224, .box_w = 13, .box_h = 14, .ofs_x = 1, .ofs_y = -2},
    {.bitmap_index = 62857, .adv_w = 224, .box_w = 14, .box_h = 13, .ofs_x = 0, .ofs_y = -1},
    {.bitmap_index = 62880, .adv_w = 224, .box_w = 14, .box_h = 13, .ofs_x = 0, .ofs_y = -1},
    {.bitmap_index = 62903, .adv_w = 224, .box_w = 13, .box_h = 13, .ofs_x = 1, .ofs_y = -1},
    {.bitmap_index = 62925, .adv_w = 224, .box_w = 14, .box_h = 13, .ofs_x = 0, .ofs_y = -1},
    {.bitmap_index = 62948, .adv_w = 224, .box_w = 15, .box_h = 13, .ofs_x = 0, .ofs_y = -1},
    {.bitmap_index = 62973, .adv_w = 224, .box_w = 14, .box_h = 13, .ofs_x = 0, .ofs_y = -1},
    {.bitmap_index = 62996, .adv_w = 224, .box_w = 13, .box_h = 13, .ofs_x = 0, .ofs_y = -1},
    {.bitmap_index = 63018, .adv_w = 224, .box_w = 14, .box_h = 13, .ofs_x = 0, .ofs_y = -1},
    {.bitmap_index = 63041, .adv_w = 224, .box_w = 13, .box_h = 13, .ofs_x = 0, .ofs_y = -1},
    {.bitmap_index = 63063, .adv_w = 224, .box_w = 14, .box_h = 13, .ofs_x = 0, .ofs_y = -1},
    {.bitmap_index = 63086, .adv_w = 224, .box_w = 14, .box_h = 13, .ofs_x = 0, .ofs_y = -1},
    {.bitmap_index = 63109, .adv_w = 224, .box_w = 14, .box_h = 13, .ofs_x = 0, .ofs_y = -1},
    {.bitmap_index = 63132, .adv_w = 224, .box_w = 13, .box_h = 14, .ofs_x = 1, .ofs_y = -2},
    {.bitmap_index = 63155, .adv_w = 224, .box_w = 15, .box_h = 13, .ofs_x = 0, .ofs_y = -2},
    {.bitmap_index = 63180, .adv_w = 224, .box_w = 14, .box_h = 13, .ofs_x = 0, .ofs_y = -1},
    {.bitmap_index = 63203, .adv_w = 224, .box_w = 14, .box_h = 13, .ofs_x = 0, .ofs_y = -1},
    {.bitmap_index = 63226, .adv_w = 224, .box_w = 13, .box_h = 14, .ofs_x = 0, .ofs_y = -2},
    {.bitmap_index = 63249, .adv_w = 224, .box_w = 14, .box_h = 13, .ofs_x = 0, .ofs_y = -1},
    {.bitmap_index = 63272, .adv_w = 224, .box_w = 13, .box_h = 14, .ofs_x = 1, .ofs_y = -2},
    {.bitmap_index = 63295, .adv_w = 224, .box_w = 12, .box_h = 13, .ofs_x = 1, .ofs_y = -1},
    {.bitmap_index = 63315, .adv_w = 224, .box_w = 13, .box_h = 14, .ofs_x = 0, .ofs_y = -2},
    {.bitmap_index = 63338, .adv_w = 224, .box_w = 13, .box_h = 13, .ofs_x = 0, .ofs_y = -1},
    {.bitmap_index = 63360, .adv_w = 224, .box_w = 13, .box_h = 13, .ofs_x = 0, .ofs_y = -1},
    {.bitmap_index = 63382, .adv_w = 224, .box_w = 13, .box_h = 13, .ofs_x = 1, .ofs_y = -1},
    {.bitmap_index = 63404, .adv_w = 224, .box_w = 14, .box_h = 13, .ofs_x = 0, .ofs_y = -1},
    {.bitmap_index = 63427, .adv_w = 224, .box_w = 14, .box_h = 13, .ofs_x = 0, .ofs_y = -1},
    {.bitmap_index = 63450, .adv_w = 224, .box_w = 14, .box_h = 13, .ofs_x = 0, .ofs_y = -1},
    {.bitmap_index = 63473, .adv_w = 224, .box_w = 14, .box_h = 13, .ofs_x = 0, .ofs_y = -1},
    {.bitmap_index = 63496, .adv_w = 224, .box_w = 13, .box_h = 13, .ofs_x = 0, .ofs_y = -1},
    {.bitmap_index = 63518, .adv_w = 224, .box_w = 14, .box_h = 14, .ofs_x = 0, .ofs_y = -2},
    {.bitmap_index = 63543, .adv_w = 224, .box_w = 14, .box_h = 13, .ofs_x = 0, .ofs_y = -1},
    {.bitmap_index = 63566, .adv_w = 224, .box_w = 13, .box_h = 14, .ofs_x = 0, .ofs_y = -2},
    {.bitmap_index = 63589, .adv_w = 224, .box_w = 13, .box_h = 13, .ofs_x = 1, .ofs_y = -1},
    {.bitmap_index = 63611, .adv_w = 224, .box_w = 13, .box_h = 13, .ofs_x = 1, .ofs_y = -1},
    {.bitmap_index = 63633, .adv_w = 224, .box_w = 13, .box_h = 13, .ofs_x = 1, .ofs_y = -1},
    {.bitmap_index = 63655, .adv_w = 224, .box_w = 14, .box_h = 13, .ofs_x = 0, .ofs_y = -1},
    {.bitmap_index = 63678, .adv_w = 224, .box_w = 13, .box_h = 14, .ofs_x = 1, .ofs_y = -2},
    {.bitmap_index = 63701, .adv_w = 224, .box_w = 13, .box_h = 14, .ofs_x = 1, .ofs_y = -1},
    {.bitmap_index = 63724, .adv_w = 224, .box_w = 13, .box_h = 13, .ofs_x = 1, .ofs_y = -1},
    {.bitmap_index = 63746, .adv_w = 224, .box_w = 13, .box_h = 12, .ofs_x = 1, .ofs_y = -1},
    {.bitmap_index = 63766, .adv_w = 224, .box_w = 13, .box_h = 13, .ofs_x = 1, .ofs_y = -1},
    {.bitmap_index = 63788, .adv_w = 224, .box_w = 13, .box_h = 13, .ofs_x = 1, .ofs_y = -1},
    {.bitmap_index = 63810, .adv_w = 224, .box_w = 13, .box_h = 13, .ofs_x = 1, .ofs_y = -1},
    {.bitmap_index = 63832, .adv_w = 224, .box_w = 13, .box_h = 13, .ofs_x = 0, .ofs_y = -1},
    {.bitmap_index = 63854, .adv_w = 224, .box_w = 13, .box_h = 13, .ofs_x = 1, .ofs_y = -1},
    {.bitmap_index = 63876, .adv_w = 224, .box_w = 13, .box_h = 12, .ofs_x = 0, .ofs_y = -1},
    {.bitmap_index = 63896, .adv_w = 224, .box_w = 14, .box_h = 13, .ofs_x = 0, .ofs_y = -1},
    {.bitmap_index = 63919, .adv_w = 224, .box_w = 13, .box_h = 13, .ofs_x = 1, .ofs_y = -1},
    {.bitmap_index = 63941, .adv_w = 224, .box_w = 13, .box_h = 13, .ofs_x = 0, .ofs_y = -1},
    {.bitmap_index = 63963, .adv_w = 224, .box_w = 13, .box_h = 14, .ofs_x = 1, .ofs_y = -2},
    {.bitmap_index = 63986, .adv_w = 224, .box_w = 13, .box_h = 13, .ofs_x = 1, .ofs_y = -1},
    {.bitmap_index = 64008, .adv_w = 224, .box_w = 13, .box_h = 13, .ofs_x = 1, .ofs_y = -1},
    {.bitmap_index = 64030, .adv_w = 224, .box_w = 13, .box_h = 13, .ofs_x = 1, .ofs_y = -1},
    {.bitmap_index = 64052, .adv_w = 224, .box_w = 14, .box_h = 13, .ofs_x = 1, .ofs_y = -1},
    {.bitmap_index = 64075, .adv_w = 224, .box_w = 13, .box_h = 13, .ofs_x = 0, .ofs_y = -1},
    {.bitmap_index = 64097, .adv_w = 224, .box_w = 13, .box_h = 14, .ofs_x = 1, .ofs_y = -2},
    {.bitmap_index = 64120, .adv_w = 224, .box_w = 13, .box_h = 13, .ofs_x = 1, .ofs_y = -1},
    {.bitmap_index = 64142, .adv_w = 224, .box_w = 13, .box_h = 14, .ofs_x = 1, .ofs_y = -1},
    {.bitmap_index = 64165, .adv_w = 224, .box_w = 14, .box_h = 13, .ofs_x = 0, .ofs_y = -1},
    {.bitmap_index = 64188, .adv_w = 224, .box_w = 13, .box_h = 13, .ofs_x = 0, .ofs_y = -1},
    {.bitmap_index = 64210, .adv_w = 224, .box_w = 13, .box_h = 14, .ofs_x = 0, .ofs_y = -1},
    {.bitmap_index = 64233, .adv_w = 224, .box_w = 13, .box_h = 13, .ofs_x = 0, .ofs_y = -1},
    {.bitmap_index = 64255, .adv_w = 224, .box_w = 14, .box_h = 13, .ofs_x = 0, .ofs_y = -1},
    {.bitmap_index = 64278, .adv_w = 224, .box_w = 13, .box_h = 13, .ofs_x = 1, .ofs_y = -1},
    {.bitmap_index = 64300, .adv_w = 224, .box_w = 14, .box_h = 14, .ofs_x = 0, .ofs_y = -2},
    {.bitmap_index = 64325, .adv_w = 224, .box_w = 12, .box_h = 13, .ofs_x = 1, .ofs_y = -1},
    {.bitmap_index = 64345, .adv_w = 224, .box_w = 12, .box_h = 13, .ofs_x = 1, .ofs_y = -1},
    {.bitmap_index = 64365, .adv_w = 224, .box_w = 14, .box_h = 12, .ofs_x = 0, .ofs_y = -1},
    {.bitmap_index = 64386, .adv_w = 224, .box_w = 14, .box_h = 13, .ofs_x = 1, .ofs_y = -1},
    {.bitmap_index = 64409, .adv_w = 224, .box_w = 13, .box_h = 13, .ofs_x = 1, .ofs_y = -1},
    {.bitmap_index = 64431, .adv_w = 224, .box_w = 13, .box_h = 13, .ofs_x = 1, .ofs_y = -1},
    {.bitmap_index = 64453, .adv_w = 224, .box_w = 12, .box_h = 13, .ofs_x = 1, .ofs_y = -1},
    {.bitmap_index = 64473, .adv_w = 224, .box_w = 13, .box_h = 13, .ofs_x = 0, .ofs_y = -1},
    {.bitmap_index = 64495, .adv_w = 224, .box_w = 12, .box_h = 14, .ofs_x = 1, .ofs_y = -1},
    {.bitmap_index = 64516, .adv_w = 224, .box_w = 13, .box_h = 13, .ofs_x = 1, .ofs_y = -1},
    {.bitmap_index = 64538, .adv_w = 224, .box_w = 13, .box_h = 14, .ofs_x = 1, .ofs_y = -2},
    {.bitmap_index = 64561, .adv_w = 224, .box_w = 12, .box_h = 13, .ofs_x = 1, .ofs_y = -1},
    {.bitmap_index = 64581, .adv_w = 224, .box_w = 13, .box_h = 13, .ofs_x = 0, .ofs_y = -1},
    {.bitmap_index = 64603, .adv_w = 224, .box_w = 14, .box_h = 13, .ofs_x = 0, .ofs_y = -1},
    {.bitmap_index = 64626, .adv_w = 224, .box_w = 13, .box_h = 13, .ofs_x = 1, .ofs_y = -1},
    {.bitmap_index = 64648, .adv_w = 224, .box_w = 13, .box_h = 13, .ofs_x = 1, .ofs_y = -1},
    {.bitmap_index = 64670, .adv_w = 224, .box_w = 13, .box_h = 13, .ofs_x = 1, .ofs_y = -1},
    {.bitmap_index = 64692, .adv_w = 224, .box_w = 13, .box_h = 13, .ofs_x = 1, .ofs_y = -1},
    {.bitmap_index = 64714, .adv_w = 224, .box_w = 13, .box_h = 14, .ofs_x = 1, .ofs_y = -2},
    {.bitmap_index = 64737, .adv_w = 224, .box_w = 14, .box_h = 14, .ofs_x = 0, .ofs_y = -2},
    {.bitmap_index = 64762, .adv_w = 224, .box_w = 14, .box_h = 14, .ofs_x = 1, .ofs_y = -2},
    {.bitmap_index = 64787, .adv_w = 224, .box_w = 13, .box_h = 14, .ofs_x = 1, .ofs_y = -2},
    {.bitmap_index = 64810, .adv_w = 224, .box_w = 13, .box_h = 13, .ofs_x = 0, .ofs_y = -1},
    {.bitmap_index = 64832, .adv_w = 224, .box_w = 13, .box_h = 13, .ofs_x = 1, .ofs_y = -1},
    {.bitmap_index = 64854, .adv_w = 224, .box_w = 13, .box_h = 14, .ofs_x = 0, .ofs_y = -2},
    {.bitmap_index = 64877, .adv_w = 224, .box_w = 13, .box_h = 14, .ofs_x = 0, .ofs_y = -2},
    {.bitmap_index = 64900, .adv_w = 224, .box_w = 13, .box_h = 13, .ofs_x = 1, .ofs_y = -1},
    {.bitmap_index = 64922, .adv_w = 224, .box_w = 14, .box_h = 13, .ofs_x = 0, .ofs_y = -1},
    {.bitmap_index = 64945, .adv_w = 224, .box_w = 13, .box_h = 13, .ofs_x = 0, .ofs_y = -1},
    {.bitmap_index = 64967, .adv_w = 224, .box_w = 14, .box_h = 14, .ofs_x = 0, .ofs_y = -2},
    {.bitmap_index = 64992, .adv_w = 224, .box_w = 13, .box_h = 13, .ofs_x = 0, .ofs_y = -1},
    {.bitmap_index = 65014, .adv_w = 224, .box_w = 13, .box_h = 13, .ofs_x = 0, .ofs_y = -1},
    {.bitmap_index = 65036, .adv_w = 224, .box_w = 13, .box_h = 13, .ofs_x = 0, .ofs_y = -1},
    {.bitmap_index = 65058, .adv_w = 224, .box_w = 13, .box_h = 14, .ofs_x = 0, .ofs_y = -2},
    {.bitmap_index = 65081, .adv_w = 224, .box_w = 13, .box_h = 14, .ofs_x = 0, .ofs_y = -2},
    {.bitmap_index = 65104, .adv_w = 224, .box_w = 14, .box_h = 13, .ofs_x = 0, .ofs_y = -1},
    {.bitmap_index = 65127, .adv_w = 224, .box_w = 13, .box_h = 13, .ofs_x = 1, .ofs_y = -1},
    {.bitmap_index = 65149, .adv_w = 224, .box_w = 14, .box_h = 14, .ofs_x = 0, .ofs_y = -2},
    {.bitmap_index = 65174, .adv_w = 224, .box_w = 13, .box_h = 13, .ofs_x = 0, .ofs_y = -1},
    {.bitmap_index = 65196, .adv_w = 224, .box_w = 13, .box_h = 13, .ofs_x = 0, .ofs_y = -1},
    {.bitmap_index = 65218, .adv_w = 224, .box_w = 14, .box_h = 13, .ofs_x = 0, .ofs_y = -1},
    {.bitmap_index = 65241, .adv_w = 224, .box_w = 14, .box_h = 14, .ofs_x = 0, .ofs_y = -2},
    {.bitmap_index = 65266, .adv_w = 224, .box_w = 13, .box_h = 13, .ofs_x = 0, .ofs_y = -1},
    {.bitmap_index = 65288, .adv_w = 224, .box_w = 13, .box_h = 13, .ofs_x = 1, .ofs_y = -1},
    {.bitmap_index = 65310, .adv_w = 224, .box_w = 13, .box_h = 14, .ofs_x = 0, .ofs_y = -2},
    {.bitmap_index = 65333, .adv_w = 224, .box_w = 13, .box_h = 13, .ofs_x = 0, .ofs_y = -1},
    {.bitmap_index = 65355, .adv_w = 224, .box_w = 13, .box_h = 13, .ofs_x = 0, .ofs_y = -1},
    {.bitmap_index = 65377, .adv_w = 224, .box_w = 14, .box_h = 14, .ofs_x = 0, .ofs_y = -2},
    {.bitmap_index = 65402, .adv_w = 224, .box_w = 13, .box_h = 13, .ofs_x = 0, .ofs_y = -1},
    {.bitmap_index = 65424, .adv_w = 224, .box_w = 14, .box_h = 13, .ofs_x = 0, .ofs_y = -1},
    {.bitmap_index = 65447, .adv_w = 224, .box_w = 13, .box_h = 13, .ofs_x = 0, .ofs_y = -1},
    {.bitmap_index = 65469, .adv_w = 224, .box_w = 14, .box_h = 13, .ofs_x = 0, .ofs_y = -1},
    {.bitmap_index = 65492, .adv_w = 224, .box_w = 13, .box_h = 13, .ofs_x = 0, .ofs_y = -1},
    {.bitmap_index = 65514, .adv_w = 224, .box_w = 13, .box_h = 13, .ofs_x = 1, .ofs_y = -1},
    {.bitmap_index = 65536, .adv_w = 224, .box_w = 13, .box_h = 14, .ofs_x = 1, .ofs_y = -2},
    {.bitmap_index = 65559, .adv_w = 224, .box_w = 13, .box_h = 13, .ofs_x = 0, .ofs_y = -1},
    {.bitmap_index = 65581, .adv_w = 224, .box_w = 14, .box_h = 13, .ofs_x = 0, .ofs_y = -1},
    {.bitmap_index = 65604, .adv_w = 224, .box_w = 14, .box_h = 13, .ofs_x = 0, .ofs_y = -1},
    {.bitmap_index = 65627, .adv_w = 224, .box_w = 13, .box_h = 13, .ofs_x = 0, .ofs_y = -1},
    {.bitmap_index = 65649, .adv_w = 224, .box_w = 14, .box_h = 13, .ofs_x = 0, .ofs_y = -1},
    {.bitmap_index = 65672, .adv_w = 224, .box_w = 14, .box_h = 13, .ofs_x = 0, .ofs_y = -1},
    {.bitmap_index = 65695, .adv_w = 224, .box_w = 14, .box_h = 13, .ofs_x = 0, .ofs_y = -1},
    {.bitmap_index = 65718, .adv_w = 224, .box_w = 13, .box_h = 13, .ofs_x = 1, .ofs_y = -1},
    {.bitmap_index = 65740, .adv_w = 224, .box_w = 13, .box_h = 13, .ofs_x = 0, .ofs_y = -1},
    {.bitmap_index = 65762, .adv_w = 224, .box_w = 13, .box_h = 13, .ofs_x = 0, .ofs_y = -1},
    {.bitmap_index = 65784, .adv_w = 224, .box_w = 14, .box_h = 13, .ofs_x = 0, .ofs_y = -1},
    {.bitmap_index = 65807, .adv_w = 224, .box_w = 14, .box_h = 13, .ofs_x = 0, .ofs_y = -1},
    {.bitmap_index = 65830, .adv_w = 224, .box_w = 14, .box_h = 14, .ofs_x = 0, .ofs_y = -2},
    {.bitmap_index = 65855, .adv_w = 224, .box_w = 13, .box_h = 13, .ofs_x = 0, .ofs_y = -1},
    {.bitmap_index = 65877, .adv_w = 224, .box_w = 14, .box_h = 13, .ofs_x = 1, .ofs_y = -1},
    {.bitmap_index = 65900, .adv_w = 224, .box_w = 14, .box_h = 13, .ofs_x = 0, .ofs_y = -1},
    {.bitmap_index = 65923, .adv_w = 224, .box_w = 14, .box_h = 13, .ofs_x = 0, .ofs_y = -1},
    {.bitmap_index = 65946, .adv_w = 224, .box_w = 13, .box_h = 13, .ofs_x = 1, .ofs_y = -1},
    {.bitmap_index = 65968, .adv_w = 224, .box_w = 13, .box_h = 13, .ofs_x = 0, .ofs_y = -1},
    {.bitmap_index = 65990, .adv_w = 224, .box_w = 13, .box_h = 14, .ofs_x = 0, .ofs_y = -2},
    {.bitmap_index = 66013, .adv_w = 224, .box_w = 13, .box_h = 13, .ofs_x = 0, .ofs_y = -1},
    {.bitmap_index = 66035, .adv_w = 224, .box_w = 13, .box_h = 13, .ofs_x = 0, .ofs_y = -1},
    {.bitmap_index = 66057, .adv_w = 224, .box_w = 13, .box_h = 13, .ofs_x = 0, .ofs_y = -1},
    {.bitmap_index = 66079, .adv_w = 224, .box_w = 14, .box_h = 13, .ofs_x = 0, .ofs_y = -1},
    {.bitmap_index = 66102, .adv_w = 224, .box_w = 13, .box_h = 13, .ofs_x = 0, .ofs_y = -1},
    {.bitmap_index = 66124, .adv_w = 224, .box_w = 13, .box_h = 13, .ofs_x = 1, .ofs_y = -1},
    {.bitmap_index = 66146, .adv_w = 224, .box_w = 13, .box_h = 13, .ofs_x = 1, .ofs_y = -1},
    {.bitmap_index = 66168, .adv_w = 224, .box_w = 13, .box_h = 14, .ofs_x = 0, .ofs_y = -2},
    {.bitmap_index = 66191, .adv_w = 224, .box_w = 13, .box_h = 13, .ofs_x = 0, .ofs_y = -1},
    {.bitmap_index = 66213, .adv_w = 224, .box_w = 13, .box_h = 13, .ofs_x = 0, .ofs_y = -1},
    {.bitmap_index = 66235, .adv_w = 224, .box_w = 13, .box_h = 13, .ofs_x = 0, .ofs_y = -1},
    {.bitmap_index = 66257, .adv_w = 224, .box_w = 13, .box_h = 13, .ofs_x = 0, .ofs_y = -1},
    {.bitmap_index = 66279, .adv_w = 224, .box_w = 14, .box_h = 13, .ofs_x = 0, .ofs_y = -1},
    {.bitmap_index = 66302, .adv_w = 224, .box_w = 13, .box_h = 13, .ofs_x = 0, .ofs_y = -1},
    {.bitmap_index = 66324, .adv_w = 224, .box_w = 13, .box_h = 14, .ofs_x = 0, .ofs_y = -2},
    {.bitmap_index = 66347, .adv_w = 224, .box_w = 13, .box_h = 13, .ofs_x = 0, .ofs_y = -1},
    {.bitmap_index = 66369, .adv_w = 224, .box_w = 13, .box_h = 13, .ofs_x = 0, .ofs_y = -1},
    {.bitmap_index = 66391, .adv_w = 224, .box_w = 14, .box_h = 13, .ofs_x = 0, .ofs_y = -1},
    {.bitmap_index = 66414, .adv_w = 224, .box_w = 13, .box_h = 13, .ofs_x = 0, .ofs_y = -1},
    {.bitmap_index = 66436, .adv_w = 224, .box_w = 14, .box_h = 13, .ofs_x = 0, .ofs_y = -1},
    {.bitmap_index = 66459, .adv_w = 224, .box_w = 12, .box_h = 13, .ofs_x = 1, .ofs_y = -1},
    {.bitmap_index = 66479, .adv_w = 224, .box_w = 13, .box_h = 13, .ofs_x = 0, .ofs_y = -1},
    {.bitmap_index = 66501, .adv_w = 224, .box_w = 13, .box_h = 13, .ofs_x = 0, .ofs_y = -1},
    {.bitmap_index = 66523, .adv_w = 224, .box_w = 13, .box_h = 13, .ofs_x = 0, .ofs_y = -1},
    {.bitmap_index = 66545, .adv_w = 224, .box_w = 13, .box_h = 13, .ofs_x = 0, .ofs_y = -1},
    {.bitmap_index = 66567, .adv_w = 224, .box_w = 13, .box_h = 13, .ofs_x = 1, .ofs_y = -1},
    {.bitmap_index = 66589, .adv_w = 224, .box_w = 13, .box_h = 13, .ofs_x = 0, .ofs_y = -1},
    {.bitmap_index = 66611, .adv_w = 224, .box_w = 14, .box_h = 13, .ofs_x = 0, .ofs_y = -1},
    {.bitmap_index = 66634, .adv_w = 224, .box_w = 13, .box_h = 14, .ofs_x = 1, .ofs_y = -2},
    {.bitmap_index = 66657, .adv_w = 224, .box_w = 13, .box_h = 14, .ofs_x = 1, .ofs_y = -2},
    {.bitmap_index = 66680, .adv_w = 224, .box_w = 13, .box_h = 15, .ofs_x = 1, .ofs_y = -2},
    {.bitmap_index = 66705, .adv_w = 224, .box_w = 14, .box_h = 14, .ofs_x = 1, .ofs_y = -2},
    {.bitmap_index = 66730, .adv_w = 224, .box_w = 13, .box_h = 13, .ofs_x = 0, .ofs_y = -1},
    {.bitmap_index = 66752, .adv_w = 224, .box_w = 14, .box_h = 14, .ofs_x = 1, .ofs_y = -2},
    {.bitmap_index = 66777, .adv_w = 224, .box_w = 13, .box_h = 14, .ofs_x = 1, .ofs_y = -2},
    {.bitmap_index = 66800, .adv_w = 224, .box_w = 13, .box_h = 13, .ofs_x = 0, .ofs_y = -1},
    {.bitmap_index = 66822, .adv_w = 224, .box_w = 13, .box_h = 14, .ofs_x = 0, .ofs_y = -2},
    {.bitmap_index = 66845, .adv_w = 224, .box_w = 14, .box_h = 14, .ofs_x = 1, .ofs_y = -2},
    {.bitmap_index = 66870, .adv_w = 224, .box_w = 14, .box_h = 13, .ofs_x = 0, .ofs_y = -1},
    {.bitmap_index = 66893, .adv_w = 224, .box_w = 14, .box_h = 13, .ofs_x = 0, .ofs_y = -1},
    {.bitmap_index = 66916, .adv_w = 224, .box_w = 14, .box_h = 14, .ofs_x = 0, .ofs_y = -2},
    {.bitmap_index = 66941, .adv_w = 224, .box_w = 13, .box_h = 14, .ofs_x = 1, .ofs_y = -2},
    {.bitmap_index = 66964, .adv_w = 224, .box_w = 14, .box_h = 13, .ofs_x = 0, .ofs_y = -1},
    {.bitmap_index = 66987, .adv_w = 224, .box_w = 14, .box_h = 14, .ofs_x = 0, .ofs_y = -1},
    {.bitmap_index = 67012, .adv_w = 224, .box_w = 14, .box_h = 13, .ofs_x = 0, .ofs_y = -1},
    {.bitmap_index = 67035, .adv_w = 224, .box_w = 13, .box_h = 14, .ofs_x = 1, .ofs_y = -2},
    {.bitmap_index = 67058, .adv_w = 224, .box_w = 13, .box_h = 14, .ofs_x = 1, .ofs_y = -1},
    {.bitmap_index = 67081, .adv_w = 224, .box_w = 14, .box_h = 13, .ofs_x = 0, .ofs_y = -1},
    {.bitmap_index = 67104, .adv_w = 224, .box_w = 13, .box_h = 13, .ofs_x = 0, .ofs_y = -1},
    {.bitmap_index = 67126, .adv_w = 224, .box_w = 14, .box_h = 15, .ofs_x = 1, .ofs_y = -2},
    {.bitmap_index = 67153, .adv_w = 224, .box_w = 13, .box_h = 14, .ofs_x = 1, .ofs_y = -2},
    {.bitmap_index = 67176, .adv_w = 224, .box_w = 13, .box_h = 14, .ofs_x = 1, .ofs_y = -2},
    {.bitmap_index = 67199, .adv_w = 224, .box_w = 13, .box_h = 14, .ofs_x = 1, .ofs_y = -2},
    {.bitmap_index = 67222, .adv_w = 224, .box_w = 14, .box_h = 14, .ofs_x = 0, .ofs_y = -2},
    {.bitmap_index = 67247, .adv_w = 224, .box_w = 13, .box_h = 14, .ofs_x = 1, .ofs_y = -2},
    {.bitmap_index = 67270, .adv_w = 224, .box_w = 14, .box_h = 13, .ofs_x = 0, .ofs_y = -1},
    {.bitmap_index = 67293, .adv_w = 224, .box_w = 15, .box_h = 14, .ofs_x = 0, .ofs_y = -2},
    {.bitmap_index = 67320, .adv_w = 224, .box_w = 14, .box_h = 13, .ofs_x = 0, .ofs_y = -1},
    {.bitmap_index = 67343, .adv_w = 224, .box_w = 14, .box_h = 14, .ofs_x = 0, .ofs_y = -2},
    {.bitmap_index = 67368, .adv_w = 224, .box_w = 13, .box_h = 15, .ofs_x = 1, .ofs_y = -2},
    {.bitmap_index = 67393, .adv_w = 224, .box_w = 14, .box_h = 13, .ofs_x = 0, .ofs_y = -1},
    {.bitmap_index = 67416, .adv_w = 224, .box_w = 14, .box_h = 13, .ofs_x = 0, .ofs_y = -1},
    {.bitmap_index = 67439, .adv_w = 224, .box_w = 13, .box_h = 13, .ofs_x = 0, .ofs_y = -1},
    {.bitmap_index = 67461, .adv_w = 224, .box_w = 14, .box_h = 14, .ofs_x = 0, .ofs_y = -2},
    {.bitmap_index = 67486, .adv_w = 224, .box_w = 13, .box_h = 14, .ofs_x = 1, .ofs_y = -2},
    {.bitmap_index = 67509, .adv_w = 224, .box_w = 13, .box_h = 13, .ofs_x = 0, .ofs_y = -1},
    {.bitmap_index = 67531, .adv_w = 224, .box_w = 13, .box_h = 13, .ofs_x = 0, .ofs_y = -1},
    {.bitmap_index = 67553, .adv_w = 224, .box_w = 14, .box_h = 14, .ofs_x = 0, .ofs_y = -2},
    {.bitmap_index = 67578, .adv_w = 224, .box_w = 13, .box_h = 14, .ofs_x = 1, .ofs_y = -2},
    {.bitmap_index = 67601, .adv_w = 224, .box_w = 14, .box_h = 13, .ofs_x = 0, .ofs_y = -1},
    {.bitmap_index = 67624, .adv_w = 224, .box_w = 14, .box_h = 14, .ofs_x = 0, .ofs_y = -2},
    {.bitmap_index = 67649, .adv_w = 224, .box_w = 13, .box_h = 15, .ofs_x = 1, .ofs_y = -2},
    {.bitmap_index = 67674, .adv_w = 224, .box_w = 13, .box_h = 13, .ofs_x = 0, .ofs_y = -1},
    {.bitmap_index = 67696, .adv_w = 224, .box_w = 13, .box_h = 13, .ofs_x = 0, .ofs_y = -1},
    {.bitmap_index = 67718, .adv_w = 224, .box_w = 14, .box_h = 13, .ofs_x = 0, .ofs_y = -1},
    {.bitmap_index = 67741, .adv_w = 224, .box_w = 14, .box_h = 14, .ofs_x = 0, .ofs_y = -1},
    {.bitmap_index = 67766, .adv_w = 224, .box_w = 14, .box_h = 14, .ofs_x = 0, .ofs_y = -2},
    {.bitmap_index = 67791, .adv_w = 224, .box_w = 13, .box_h = 13, .ofs_x = 1, .ofs_y = -1},
    {.bitmap_index = 67813, .adv_w = 224, .box_w = 14, .box_h = 13, .ofs_x = 0, .ofs_y = -1},
    {.bitmap_index = 67836, .adv_w = 224, .box_w = 13, .box_h = 13, .ofs_x = 0, .ofs_y = -1},
    {.bitmap_index = 67858, .adv_w = 224, .box_w = 13, .box_h = 13, .ofs_x = 1, .ofs_y = -1},
    {.bitmap_index = 67880, .adv_w = 224, .box_w = 13, .box_h = 13, .ofs_x = 1, .ofs_y = -1},
    {.bitmap_index = 67902, .adv_w = 224, .box_w = 13, .box_h = 13, .ofs_x = 1, .ofs_y = -1},
    {.bitmap_index = 67924, .adv_w = 224, .box_w = 13, .box_h = 13, .ofs_x = 0, .ofs_y = -1},
    {.bitmap_index = 67946, .adv_w = 224, .box_w = 13, .box_h = 13, .ofs_x = 0, .ofs_y = -1},
    {.bitmap_index = 67968, .adv_w = 224, .box_w = 13, .box_h = 13, .ofs_x = 0, .ofs_y = -1},
    {.bitmap_index = 67990, .adv_w = 224, .box_w = 13, .box_h = 14, .ofs_x = 0, .ofs_y = -1},
    {.bitmap_index = 68013, .adv_w = 224, .box_w = 13, .box_h = 13, .ofs_x = 0, .ofs_y = -1},
    {.bitmap_index = 68035, .adv_w = 224, .box_w = 14, .box_h = 13, .ofs_x = 0, .ofs_y = -1},
    {.bitmap_index = 68058, .adv_w = 224, .box_w = 13, .box_h = 13, .ofs_x = 1, .ofs_y = -1},
    {.bitmap_index = 68080, .adv_w = 224, .box_w = 12, .box_h = 13, .ofs_x = 1, .ofs_y = -1},
    {.bitmap_index = 68100, .adv_w = 224, .box_w = 13, .box_h = 13, .ofs_x = 0, .ofs_y = -1},
    {.bitmap_index = 68122, .adv_w = 224, .box_w = 13, .box_h = 13, .ofs_x = 0, .ofs_y = -1},
    {.bitmap_index = 68144, .adv_w = 224, .box_w = 14, .box_h = 13, .ofs_x = 0, .ofs_y = -1},
    {.bitmap_index = 68167, .adv_w = 224, .box_w = 13, .box_h = 13, .ofs_x = 0, .ofs_y = -1},
    {.bitmap_index = 68189, .adv_w = 224, .box_w = 14, .box_h = 13, .ofs_x = 0, .ofs_y = -1},
    {.bitmap_index = 68212, .adv_w = 224, .box_w = 13, .box_h = 13, .ofs_x = 0, .ofs_y = -1},
    {.bitmap_index = 68234, .adv_w = 224, .box_w = 14, .box_h = 13, .ofs_x = 0, .ofs_y = -1},
    {.bitmap_index = 68257, .adv_w = 224, .box_w = 13, .box_h = 14, .ofs_x = 0, .ofs_y = -2},
    {.bitmap_index = 68280, .adv_w = 224, .box_w = 13, .box_h = 13, .ofs_x = 0, .ofs_y = -1},
    {.bitmap_index = 68302, .adv_w = 224, .box_w = 13, .box_h = 13, .ofs_x = 0, .ofs_y = -1},
    {.bitmap_index = 68324, .adv_w = 224, .box_w = 14, .box_h = 13, .ofs_x = 0, .ofs_y = -1},
    {.bitmap_index = 68347, .adv_w = 224, .box_w = 14, .box_h = 13, .ofs_x = 0, .ofs_y = -1},
    {.bitmap_index = 68370, .adv_w = 224, .box_w = 14, .box_h = 13, .ofs_x = 0, .ofs_y = -1},
    {.bitmap_index = 68393, .adv_w = 224, .box_w = 13, .box_h = 13, .ofs_x = 0, .ofs_y = -1},
    {.bitmap_index = 68415, .adv_w = 224, .box_w = 14, .box_h = 13, .ofs_x = 0, .ofs_y = -1},
    {.bitmap_index = 68438, .adv_w = 224, .box_w = 13, .box_h = 13, .ofs_x = 0, .ofs_y = -1},
    {.bitmap_index = 68460, .adv_w = 224, .box_w = 14, .box_h = 13, .ofs_x = 0, .ofs_y = -1},
    {.bitmap_index = 68483, .adv_w = 224, .box_w = 13, .box_h = 13, .ofs_x = 0, .ofs_y = -1},
    {.bitmap_index = 68505, .adv_w = 224, .box_w = 13, .box_h = 13, .ofs_x = 0, .ofs_y = -1},
    {.bitmap_index = 68527, .adv_w = 224, .box_w = 14, .box_h = 13, .ofs_x = 0, .ofs_y = -1},
    {.bitmap_index = 68550, .adv_w = 224, .box_w = 14, .box_h = 13, .ofs_x = 0, .ofs_y = -1},
    {.bitmap_index = 68573, .adv_w = 224, .box_w = 14, .box_h = 14, .ofs_x = 0, .ofs_y = -2},
    {.bitmap_index = 68598, .adv_w = 224, .box_w = 14, .box_h = 13, .ofs_x = 0, .ofs_y = -1},
    {.bitmap_index = 68621, .adv_w = 224, .box_w = 13, .box_h = 13, .ofs_x = 0, .ofs_y = -1},
    {.bitmap_index = 68643, .adv_w = 224, .box_w = 14, .box_h = 13, .ofs_x = 0, .ofs_y = -1},
    {.bitmap_index = 68666, .adv_w = 224, .box_w = 13, .box_h = 13, .ofs_x = 0, .ofs_y = -1},
    {.bitmap_index = 68688, .adv_w = 224, .box_w = 14, .box_h = 14, .ofs_x = 0, .ofs_y = -2},
    {.bitmap_index = 68713, .adv_w = 224, .box_w = 14, .box_h = 13, .ofs_x = 0, .ofs_y = -1},
    {.bitmap_index = 68736, .adv_w = 224, .box_w = 13, .box_h = 13, .ofs_x = 0, .ofs_y = -1},
    {.bitmap_index = 68758, .adv_w = 224, .box_w = 14, .box_h = 13, .ofs_x = 0, .ofs_y = -1},
    {.bitmap_index = 68781, .adv_w = 224, .box_w = 14, .box_h = 13, .ofs_x = 0, .ofs_y = -1},
    {.bitmap_index = 68804, .adv_w = 224, .box_w = 14, .box_h = 13, .ofs_x = 0, .ofs_y = -1},
    {.bitmap_index = 68827, .adv_w = 224, .box_w = 13, .box_h = 14, .ofs_x = 0, .ofs_y = -2},
    {.bitmap_index = 68850, .adv_w = 224, .box_w = 13, .box_h = 13, .ofs_x = 1, .ofs_y = -1},
    {.bitmap_index = 68872, .adv_w = 224, .box_w = 12, .box_h = 14, .ofs_x = 1, .ofs_y = -2},
    {.bitmap_index = 68893, .adv_w = 224, .box_w = 13, .box_h = 13, .ofs_x = 1, .ofs_y = -1},
    {.bitmap_index = 68915, .adv_w = 224, .box_w = 13, .box_h = 13, .ofs_x = 0, .ofs_y = -1},
    {.bitmap_index = 68937, .adv_w = 224, .box_w = 13, .box_h = 13, .ofs_x = 1, .ofs_y = -1},
    {.bitmap_index = 68959, .adv_w = 224, .box_w = 12, .box_h = 13, .ofs_x = 1, .ofs_y = -1},
    {.bitmap_index = 68979, .adv_w = 224, .box_w = 13, .box_h = 13, .ofs_x = 0, .ofs_y = -1},
    {.bitmap_index = 69001, .adv_w = 224, .box_w = 13, .box_h = 13, .ofs_x = 1, .ofs_y = -1},
    {.bitmap_index = 69023, .adv_w = 224, .box_w = 13, .box_h = 14, .ofs_x = 0, .ofs_y = -1},
    {.bitmap_index = 69046, .adv_w = 224, .box_w = 13, .box_h = 13, .ofs_x = 0, .ofs_y = -1},
    {.bitmap_index = 69068, .adv_w = 224, .box_w = 13, .box_h = 13, .ofs_x = 0, .ofs_y = -1},
    {.bitmap_index = 69090, .adv_w = 224, .box_w = 13, .box_h = 14, .ofs_x = 1, .ofs_y = -2},
    {.bitmap_index = 69113, .adv_w = 224, .box_w = 14, .box_h = 13, .ofs_x = 0, .ofs_y = -1},
    {.bitmap_index = 69136, .adv_w = 224, .box_w = 14, .box_h = 13, .ofs_x = 0, .ofs_y = -1},
    {.bitmap_index = 69159, .adv_w = 224, .box_w = 13, .box_h = 13, .ofs_x = 1, .ofs_y = -1},
    {.bitmap_index = 69181, .adv_w = 224, .box_w = 13, .box_h = 13, .ofs_x = 0, .ofs_y = -1},
    {.bitmap_index = 69203, .adv_w = 224, .box_w = 14, .box_h = 13, .ofs_x = 0, .ofs_y = -1},
    {.bitmap_index = 69226, .adv_w = 224, .box_w = 13, .box_h = 13, .ofs_x = 0, .ofs_y = -1},
    {.bitmap_index = 69248, .adv_w = 224, .box_w = 14, .box_h = 13, .ofs_x = 0, .ofs_y = -1},
    {.bitmap_index = 69271, .adv_w = 224, .box_w = 12, .box_h = 13, .ofs_x = 1, .ofs_y = -1},
    {.bitmap_index = 69291, .adv_w = 224, .box_w = 14, .box_h = 12, .ofs_x = 0, .ofs_y = -1},
    {.bitmap_index = 69312, .adv_w = 224, .box_w = 13, .box_h = 13, .ofs_x = 0, .ofs_y = -1},
    {.bitmap_index = 69334, .adv_w = 224, .box_w = 14, .box_h = 13, .ofs_x = 0, .ofs_y = -1},
    {.bitmap_index = 69357, .adv_w = 224, .box_w = 13, .box_h = 13, .ofs_x = 1, .ofs_y = -1},
    {.bitmap_index = 69379, .adv_w = 224, .box_w = 13, .box_h = 13, .ofs_x = 0, .ofs_y = -1},
    {.bitmap_index = 69401, .adv_w = 224, .box_w = 14, .box_h = 13, .ofs_x = 0, .ofs_y = -1},
    {.bitmap_index = 69424, .adv_w = 224, .box_w = 13, .box_h = 13, .ofs_x = 1, .ofs_y = -1},
    {.bitmap_index = 69446, .adv_w = 224, .box_w = 13, .box_h = 13, .ofs_x = 1, .ofs_y = -1},
    {.bitmap_index = 69468, .adv_w = 224, .box_w = 13, .box_h = 13, .ofs_x = 1, .ofs_y = -1},
    {.bitmap_index = 69490, .adv_w = 224, .box_w = 14, .box_h = 13, .ofs_x = 0, .ofs_y = -1},
    {.bitmap_index = 69513, .adv_w = 224, .box_w = 13, .box_h = 13, .ofs_x = 1, .ofs_y = -1},
    {.bitmap_index = 69535, .adv_w = 224, .box_w = 14, .box_h = 13, .ofs_x = 0, .ofs_y = -1},
    {.bitmap_index = 69558, .adv_w = 224, .box_w = 13, .box_h = 13, .ofs_x = 1, .ofs_y = -1},
    {.bitmap_index = 69580, .adv_w = 224, .box_w = 13, .box_h = 13, .ofs_x = 1, .ofs_y = -1},
    {.bitmap_index = 69602, .adv_w = 224, .box_w = 13, .box_h = 13, .ofs_x = 0, .ofs_y = -1},
    {.bitmap_index = 69624, .adv_w = 224, .box_w = 14, .box_h = 14, .ofs_x = 0, .ofs_y = -2},
    {.bitmap_index = 69649, .adv_w = 224, .box_w = 14, .box_h = 14, .ofs_x = 0, .ofs_y = -2},
    {.bitmap_index = 69674, .adv_w = 224, .box_w = 13, .box_h = 13, .ofs_x = 1, .ofs_y = -1},
    {.bitmap_index = 69696, .adv_w = 224, .box_w = 13, .box_h = 13, .ofs_x = 1, .ofs_y = -1},
    {.bitmap_index = 69718, .adv_w = 224, .box_w = 14, .box_h = 13, .ofs_x = 1, .ofs_y = -1},
    {.bitmap_index = 69741, .adv_w = 224, .box_w = 13, .box_h = 13, .ofs_x = 1, .ofs_y = -1},
    {.bitmap_index = 69763, .adv_w = 224, .box_w = 13, .box_h = 13, .ofs_x = 1, .ofs_y = -1},
    {.bitmap_index = 69785, .adv_w = 224, .box_w = 13, .box_h = 13, .ofs_x = 0, .ofs_y = -1},
    {.bitmap_index = 69807, .adv_w = 224, .box_w = 13, .box_h = 13, .ofs_x = 0, .ofs_y = -1},
    {.bitmap_index = 69829, .adv_w = 224, .box_w = 13, .box_h = 13, .ofs_x = 1, .ofs_y = -1},
    {.bitmap_index = 69851, .adv_w = 224, .box_w = 13, .box_h = 13, .ofs_x = 1, .ofs_y = -1},
    {.bitmap_index = 69873, .adv_w = 224, .box_w = 13, .box_h = 13, .ofs_x = 0, .ofs_y = -1},
    {.bitmap_index = 69895, .adv_w = 224, .box_w = 14, .box_h = 13, .ofs_x = 0, .ofs_y = -1},
    {.bitmap_index = 69918, .adv_w = 224, .box_w = 13, .box_h = 13, .ofs_x = 1, .ofs_y = -1},
    {.bitmap_index = 69940, .adv_w = 224, .box_w = 13, .box_h = 13, .ofs_x = 0, .ofs_y = -1},
    {.bitmap_index = 69962, .adv_w = 224, .box_w = 14, .box_h = 13, .ofs_x = 1, .ofs_y = -1},
    {.bitmap_index = 69985, .adv_w = 224, .box_w = 13, .box_h = 13, .ofs_x = 1, .ofs_y = -1},
    {.bitmap_index = 70007, .adv_w = 224, .box_w = 13, .box_h = 13, .ofs_x = 1, .ofs_y = -1},
    {.bitmap_index = 70029, .adv_w = 224, .box_w = 13, .box_h = 13, .ofs_x = 0, .ofs_y = -1},
    {.bitmap_index = 70051, .adv_w = 224, .box_w = 13, .box_h = 13, .ofs_x = 1, .ofs_y = -1},
    {.bitmap_index = 70073, .adv_w = 224, .box_w = 13, .box_h = 13, .ofs_x = 0, .ofs_y = -1},
    {.bitmap_index = 70095, .adv_w = 224, .box_w = 14, .box_h = 13, .ofs_x = 1, .ofs_y = -1},
    {.bitmap_index = 70118, .adv_w = 224, .box_w = 13, .box_h = 13, .ofs_x = 1, .ofs_y = -1},
    {.bitmap_index = 70140, .adv_w = 224, .box_w = 13, .box_h = 13, .ofs_x = 1, .ofs_y = -1},
    {.bitmap_index = 70162, .adv_w = 224, .box_w = 13, .box_h = 13, .ofs_x = 1, .ofs_y = -1},
    {.bitmap_index = 70184, .adv_w = 224, .box_w = 14, .box_h = 13, .ofs_x = 0, .ofs_y = -1},
    {.bitmap_index = 70207, .adv_w = 224, .box_w = 13, .box_h = 13, .ofs_x = 0, .ofs_y = -1},
    {.bitmap_index = 70229, .adv_w = 224, .box_w = 14, .box_h = 13, .ofs_x = 0, .ofs_y = -1},
    {.bitmap_index = 70252, .adv_w = 224, .box_w = 13, .box_h = 13, .ofs_x = 1, .ofs_y = -1},
    {.bitmap_index = 70274, .adv_w = 224, .box_w = 13, .box_h = 13, .ofs_x = 1, .ofs_y = -1},
    {.bitmap_index = 70296, .adv_w = 224, .box_w = 13, .box_h = 13, .ofs_x = 1, .ofs_y = -1},
    {.bitmap_index = 70318, .adv_w = 224, .box_w = 14, .box_h = 13, .ofs_x = 1, .ofs_y = -1},
    {.bitmap_index = 70341, .adv_w = 224, .box_w = 14, .box_h = 13, .ofs_x = 0, .ofs_y = -1},
    {.bitmap_index = 70364, .adv_w = 224, .box_w = 13, .box_h = 13, .ofs_x = 0, .ofs_y = -1},
    {.bitmap_index = 70386, .adv_w = 224, .box_w = 13, .box_h = 13, .ofs_x = 0, .ofs_y = -1},
    {.bitmap_index = 70408, .adv_w = 224, .box_w = 14, .box_h = 13, .ofs_x = 0, .ofs_y = -1},
    {.bitmap_index = 70431, .adv_w = 224, .box_w = 14, .box_h = 13, .ofs_x = 0, .ofs_y = -1},
    {.bitmap_index = 70454, .adv_w = 224, .box_w = 14, .box_h = 13, .ofs_x = 0, .ofs_y = -1},
    {.bitmap_index = 70477, .adv_w = 224, .box_w = 13, .box_h = 13, .ofs_x = 1, .ofs_y = -1},
    {.bitmap_index = 70499, .adv_w = 224, .box_w = 14, .box_h = 13, .ofs_x = 0, .ofs_y = -1},
    {.bitmap_index = 70522, .adv_w = 224, .box_w = 13, .box_h = 13, .ofs_x = 1, .ofs_y = -1},
    {.bitmap_index = 70544, .adv_w = 224, .box_w = 13, .box_h = 13, .ofs_x = 0, .ofs_y = -1},
    {.bitmap_index = 70566, .adv_w = 224, .box_w = 13, .box_h = 13, .ofs_x = 0, .ofs_y = -1},
    {.bitmap_index = 70588, .adv_w = 224, .box_w = 14, .box_h = 13, .ofs_x = 0, .ofs_y = -1},
    {.bitmap_index = 70611, .adv_w = 224, .box_w = 13, .box_h = 13, .ofs_x = 1, .ofs_y = -1},
    {.bitmap_index = 70633, .adv_w = 224, .box_w = 13, .box_h = 13, .ofs_x = 1, .ofs_y = -1},
    {.bitmap_index = 70655, .adv_w = 224, .box_w = 13, .box_h = 13, .ofs_x = 1, .ofs_y = -1},
    {.bitmap_index = 70677, .adv_w = 224, .box_w = 14, .box_h = 14, .ofs_x = 0, .ofs_y = -1},
    {.bitmap_index = 70702, .adv_w = 224, .box_w = 13, .box_h = 13, .ofs_x = 0, .ofs_y = -1},
    {.bitmap_index = 70724, .adv_w = 224, .box_w = 13, .box_h = 13, .ofs_x = 1, .ofs_y = -1},
    {.bitmap_index = 70746, .adv_w = 224, .box_w = 14, .box_h = 13, .ofs_x = 0, .ofs_y = -1},
    {.bitmap_index = 70769, .adv_w = 224, .box_w = 13, .box_h = 13, .ofs_x = 0, .ofs_y = -1},
    {.bitmap_index = 70791, .adv_w = 224, .box_w = 13, .box_h = 13, .ofs_x = 0, .ofs_y = -1},
    {.bitmap_index = 70813, .adv_w = 224, .box_w = 14, .box_h = 13, .ofs_x = 0, .ofs_y = -1},
    {.bitmap_index = 70836, .adv_w = 224, .box_w = 13, .box_h = 13, .ofs_x = 0, .ofs_y = -1},
    {.bitmap_index = 70858, .adv_w = 224, .box_w = 13, .box_h = 13, .ofs_x = 0, .ofs_y = -1},
    {.bitmap_index = 70880, .adv_w = 224, .box_w = 13, .box_h = 13, .ofs_x = 1, .ofs_y = -1},
    {.bitmap_index = 70902, .adv_w = 224, .box_w = 13, .box_h = 13, .ofs_x = 0, .ofs_y = -1},
    {.bitmap_index = 70924, .adv_w = 224, .box_w = 13, .box_h = 13, .ofs_x = 1, .ofs_y = -1},
    {.bitmap_index = 70946, .adv_w = 224, .box_w = 13, .box_h = 13, .ofs_x = 0, .ofs_y = -1},
    {.bitmap_index = 70968, .adv_w = 224, .box_w = 13, .box_h = 13, .ofs_x = 0, .ofs_y = -1},
    {.bitmap_index = 70990, .adv_w = 224, .box_w = 13, .box_h = 13, .ofs_x = 0, .ofs_y = -1},
    {.bitmap_index = 71012, .adv_w = 224, .box_w = 13, .box_h = 13, .ofs_x = 0, .ofs_y = -1},
    {.bitmap_index = 71034, .adv_w = 224, .box_w = 14, .box_h = 13, .ofs_x = 0, .ofs_y = -1},
    {.bitmap_index = 71057, .adv_w = 224, .box_w = 13, .box_h = 13, .ofs_x = 0, .ofs_y = -1},
    {.bitmap_index = 71079, .adv_w = 224, .box_w = 13, .box_h = 13, .ofs_x = 0, .ofs_y = -1},
    {.bitmap_index = 71101, .adv_w = 224, .box_w = 14, .box_h = 13, .ofs_x = 0, .ofs_y = -1},
    {.bitmap_index = 71124, .adv_w = 224, .box_w = 12, .box_h = 13, .ofs_x = 2, .ofs_y = -1},
    {.bitmap_index = 71144, .adv_w = 224, .box_w = 13, .box_h = 13, .ofs_x = 0, .ofs_y = -1},
    {.bitmap_index = 71166, .adv_w = 224, .box_w = 13, .box_h = 13, .ofs_x = 0, .ofs_y = -1},
    {.bitmap_index = 71188, .adv_w = 224, .box_w = 13, .box_h = 13, .ofs_x = 0, .ofs_y = -1},
    {.bitmap_index = 71210, .adv_w = 224, .box_w = 12, .box_h = 13, .ofs_x = 1, .ofs_y = -1},
    {.bitmap_index = 71230, .adv_w = 224, .box_w = 13, .box_h = 13, .ofs_x = 0, .ofs_y = -1},
    {.bitmap_index = 71252, .adv_w = 224, .box_w = 12, .box_h = 13, .ofs_x = 1, .ofs_y = -1},
    {.bitmap_index = 71272, .adv_w = 224, .box_w = 13, .box_h = 13, .ofs_x = 0, .ofs_y = -1},
    {.bitmap_index = 71294, .adv_w = 224, .box_w = 13, .box_h = 13, .ofs_x = 0, .ofs_y = -1},
    {.bitmap_index = 71316, .adv_w = 224, .box_w = 13, .box_h = 13, .ofs_x = 1, .ofs_y = -1},
    {.bitmap_index = 71338, .adv_w = 224, .box_w = 11, .box_h = 13, .ofs_x = 2, .ofs_y = -1},
    {.bitmap_index = 71356, .adv_w = 224, .box_w = 13, .box_h = 13, .ofs_x = 1, .ofs_y = -1},
    {.bitmap_index = 71378, .adv_w = 224, .box_w = 12, .box_h = 13, .ofs_x = 1, .ofs_y = -1},
    {.bitmap_index = 71398, .adv_w = 224, .box_w = 13, .box_h = 13, .ofs_x = 1, .ofs_y = -1},
    {.bitmap_index = 71420, .adv_w = 224, .box_w = 13, .box_h = 13, .ofs_x = 0, .ofs_y = -1},
    {.bitmap_index = 71442, .adv_w = 224, .box_w = 13, .box_h = 13, .ofs_x = 0, .ofs_y = -1},
    {.bitmap_index = 71464, .adv_w = 224, .box_w = 13, .box_h = 13, .ofs_x = 1, .ofs_y = -1},
    {.bitmap_index = 71486, .adv_w = 224, .box_w = 13, .box_h = 13, .ofs_x = 1, .ofs_y = -1},
    {.bitmap_index = 71508, .adv_w = 224, .box_w = 14, .box_h = 13, .ofs_x = 0, .ofs_y = -1},
    {.bitmap_index = 71531, .adv_w = 224, .box_w = 13, .box_h = 13, .ofs_x = 1, .ofs_y = -1},
    {.bitmap_index = 71553, .adv_w = 224, .box_w = 13, .box_h = 13, .ofs_x = 1, .ofs_y = -1},
    {.bitmap_index = 71575, .adv_w = 224, .box_w = 13, .box_h = 13, .ofs_x = 1, .ofs_y = -1},
    {.bitmap_index = 71597, .adv_w = 224, .box_w = 13, .box_h = 13, .ofs_x = 1, .ofs_y = -1},
    {.bitmap_index = 71619, .adv_w = 224, .box_w = 12, .box_h = 13, .ofs_x = 1, .ofs_y = -1},
    {.bitmap_index = 71639, .adv_w = 224, .box_w = 12, .box_h = 13, .ofs_x = 1, .ofs_y = -1},
    {.bitmap_index = 71659, .adv_w = 224, .box_w = 13, .box_h = 13, .ofs_x = 1, .ofs_y = -1},
    {.bitmap_index = 71681, .adv_w = 224, .box_w = 13, .box_h = 13, .ofs_x = 1, .ofs_y = -1},
    {.bitmap_index = 71703, .adv_w = 224, .box_w = 13, .box_h = 13, .ofs_x = 1, .ofs_y = -1},
    {.bitmap_index = 71725, .adv_w = 224, .box_w = 13, .box_h = 13, .ofs_x = 1, .ofs_y = -1},
    {.bitmap_index = 71747, .adv_w = 224, .box_w = 14, .box_h = 13, .ofs_x = 0, .ofs_y = -1},
    {.bitmap_index = 71770, .adv_w = 224, .box_w = 13, .box_h = 13, .ofs_x = 1, .ofs_y = -1},
    {.bitmap_index = 71792, .adv_w = 224, .box_w = 13, .box_h = 13, .ofs_x = 1, .ofs_y = -1},
    {.bitmap_index = 71814, .adv_w = 224, .box_w = 13, .box_h = 13, .ofs_x = 1, .ofs_y = -1},
    {.bitmap_index = 71836, .adv_w = 224, .box_w = 13, .box_h = 13, .ofs_x = 1, .ofs_y = -1},
    {.bitmap_index = 71858, .adv_w = 224, .box_w = 13, .box_h = 13, .ofs_x = 0, .ofs_y = -1},
    {.bitmap_index = 71880, .adv_w = 224, .box_w = 13, .box_h = 13, .ofs_x = 1, .ofs_y = -1},
    {.bitmap_index = 71902, .adv_w = 224, .box_w = 13, .box_h = 13, .ofs_x = 0, .ofs_y = -1},
    {.bitmap_index = 71924, .adv_w = 224, .box_w = 13, .box_h = 13, .ofs_x = 0, .ofs_y = -1},
    {.bitmap_index = 71946, .adv_w = 224, .box_w = 14, .box_h = 13, .ofs_x = 0, .ofs_y = -1},
    {.bitmap_index = 71969, .adv_w = 224, .box_w = 12, .box_h = 13, .ofs_x = 1, .ofs_y = -1},
    {.bitmap_index = 71989, .adv_w = 224, .box_w = 13, .box_h = 13, .ofs_x = 0, .ofs_y = -1},
    {.bitmap_index = 72011, .adv_w = 224, .box_w = 13, .box_h = 13, .ofs_x = 1, .ofs_y = -1},
    {.bitmap_index = 72033, .adv_w = 224, .box_w = 13, .box_h = 13, .ofs_x = 1, .ofs_y = -1},
    {.bitmap_index = 72055, .adv_w = 224, .box_w = 12, .box_h = 14, .ofs_x = 1, .ofs_y = -2},
    {.bitmap_index = 72076, .adv_w = 224, .box_w = 14, .box_h = 13, .ofs_x = 0, .ofs_y = -1},
    {.bitmap_index = 72099, .adv_w = 224, .box_w = 13, .box_h = 13, .ofs_x = 1, .ofs_y = -1},
    {.bitmap_index = 72121, .adv_w = 224, .box_w = 13, .box_h = 13, .ofs_x = 1, .ofs_y = -1},
    {.bitmap_index = 72143, .adv_w = 224, .box_w = 13, .box_h = 13, .ofs_x = 1, .ofs_y = -1},
    {.bitmap_index = 72165, .adv_w = 224, .box_w = 13, .box_h = 13, .ofs_x = 1, .ofs_y = -1},
    {.bitmap_index = 72187, .adv_w = 224, .box_w = 13, .box_h = 13, .ofs_x = 1, .ofs_y = -1},
    {.bitmap_index = 72209, .adv_w = 224, .box_w = 13, .box_h = 13, .ofs_x = 1, .ofs_y = -1},
    {.bitmap_index = 72231, .adv_w = 224, .box_w = 13, .box_h = 13, .ofs_x = 1, .ofs_y = -1},
    {.bitmap_index = 72253, .adv_w = 224, .box_w = 13, .box_h = 14, .ofs_x = 1, .ofs_y = -2},
    {.bitmap_index = 72276, .adv_w = 224, .box_w = 13, .box_h = 12, .ofs_x = 1, .ofs_y = -1},
    {.bitmap_index = 72296, .adv_w = 224, .box_w = 13, .box_h = 13, .ofs_x = 1, .ofs_y = -1},
    {.bitmap_index = 72318, .adv_w = 224, .box_w = 13, .box_h = 13, .ofs_x = 1, .ofs_y = -1},
    {.bitmap_index = 72340, .adv_w = 224, .box_w = 13, .box_h = 14, .ofs_x = 1, .ofs_y = -2},
    {.bitmap_index = 72363, .adv_w = 224, .box_w = 13, .box_h = 13, .ofs_x = 1, .ofs_y = -1},
    {.bitmap_index = 72385, .adv_w = 224, .box_w = 13, .box_h = 13, .ofs_x = 1, .ofs_y = -1},
    {.bitmap_index = 72407, .adv_w = 224, .box_w = 13, .box_h = 13, .ofs_x = 0, .ofs_y = -1},
    {.bitmap_index = 72429, .adv_w = 224, .box_w = 13, .box_h = 13, .ofs_x = 1, .ofs_y = -1},
    {.bitmap_index = 72451, .adv_w = 224, .box_w = 13, .box_h = 14, .ofs_x = 1, .ofs_y = -2},
    {.bitmap_index = 72474, .adv_w = 224, .box_w = 13, .box_h = 13, .ofs_x = 0, .ofs_y = -1},
    {.bitmap_index = 72496, .adv_w = 224, .box_w = 14, .box_h = 13, .ofs_x = 0, .ofs_y = -1},
    {.bitmap_index = 72519, .adv_w = 224, .box_w = 13, .box_h = 13, .ofs_x = 0, .ofs_y = -1},
    {.bitmap_index = 72541, .adv_w = 224, .box_w = 13, .box_h = 14, .ofs_x = 1, .ofs_y = -1},
    {.bitmap_index = 72564, .adv_w = 224, .box_w = 13, .box_h = 13, .ofs_x = 0, .ofs_y = -1},
    {.bitmap_index = 72586, .adv_w = 224, .box_w = 13, .box_h = 13, .ofs_x = 1, .ofs_y = -1},
    {.bitmap_index = 72608, .adv_w = 224, .box_w = 14, .box_h = 14, .ofs_x = 0, .ofs_y = -2},
    {.bitmap_index = 72633, .adv_w = 224, .box_w = 13, .box_h = 13, .ofs_x = 1, .ofs_y = -1},
    {.bitmap_index = 72655, .adv_w = 224, .box_w = 13, .box_h = 13, .ofs_x = 0, .ofs_y = -1},
    {.bitmap_index = 72677, .adv_w = 224, .box_w = 13, .box_h = 14, .ofs_x = 1, .ofs_y = -2},
    {.bitmap_index = 72700, .adv_w = 224, .box_w = 13, .box_h = 14, .ofs_x = 1, .ofs_y = -2},
    {.bitmap_index = 72723, .adv_w = 224, .box_w = 13, .box_h = 14, .ofs_x = 0, .ofs_y = -2},
    {.bitmap_index = 72746, .adv_w = 224, .box_w = 13, .box_h = 12, .ofs_x = 0, .ofs_y = -1},
    {.bitmap_index = 72766, .adv_w = 224, .box_w = 14, .box_h = 13, .ofs_x = 0, .ofs_y = -1},
    {.bitmap_index = 72789, .adv_w = 224, .box_w = 13, .box_h = 13, .ofs_x = 1, .ofs_y = -1},
    {.bitmap_index = 72811, .adv_w = 224, .box_w = 14, .box_h = 13, .ofs_x = 0, .ofs_y = -1},
    {.bitmap_index = 72834, .adv_w = 224, .box_w = 14, .box_h = 13, .ofs_x = 0, .ofs_y = -1},
    {.bitmap_index = 72857, .adv_w = 224, .box_w = 13, .box_h = 13, .ofs_x = 0, .ofs_y = -1},
    {.bitmap_index = 72879, .adv_w = 224, .box_w = 13, .box_h = 13, .ofs_x = 0, .ofs_y = -1},
    {.bitmap_index = 72901, .adv_w = 224, .box_w = 14, .box_h = 13, .ofs_x = 0, .ofs_y = -1},
    {.bitmap_index = 72924, .adv_w = 224, .box_w = 13, .box_h = 13, .ofs_x = 0, .ofs_y = -1},
    {.bitmap_index = 72946, .adv_w = 224, .box_w = 13, .box_h = 13, .ofs_x = 1, .ofs_y = -1},
    {.bitmap_index = 72968, .adv_w = 224, .box_w = 13, .box_h = 13, .ofs_x = 0, .ofs_y = -1},
    {.bitmap_index = 72990, .adv_w = 224, .box_w = 14, .box_h = 13, .ofs_x = 1, .ofs_y = -1},
    {.bitmap_index = 73013, .adv_w = 224, .box_w = 13, .box_h = 13, .ofs_x = 0, .ofs_y = -1},
    {.bitmap_index = 73035, .adv_w = 224, .box_w = 13, .box_h = 13, .ofs_x = 1, .ofs_y = -1},
    {.bitmap_index = 73057, .adv_w = 224, .box_w = 13, .box_h = 13, .ofs_x = 1, .ofs_y = -1},
    {.bitmap_index = 73079, .adv_w = 224, .box_w = 13, .box_h = 13, .ofs_x = 0, .ofs_y = -1},
    {.bitmap_index = 73101, .adv_w = 224, .box_w = 14, .box_h = 13, .ofs_x = 0, .ofs_y = -1},
    {.bitmap_index = 73124, .adv_w = 224, .box_w = 13, .box_h = 13, .ofs_x = 0, .ofs_y = -1},
    {.bitmap_index = 73146, .adv_w = 224, .box_w = 14, .box_h = 13, .ofs_x = 0, .ofs_y = -1},
    {.bitmap_index = 73169, .adv_w = 224, .box_w = 13, .box_h = 13, .ofs_x = 0, .ofs_y = -1},
    {.bitmap_index = 73191, .adv_w = 224, .box_w = 14, .box_h = 13, .ofs_x = 0, .ofs_y = -1},
    {.bitmap_index = 73214, .adv_w = 224, .box_w = 13, .box_h = 13, .ofs_x = 0, .ofs_y = -1},
    {.bitmap_index = 73236, .adv_w = 224, .box_w = 13, .box_h = 13, .ofs_x = 0, .ofs_y = -1},
    {.bitmap_index = 73258, .adv_w = 224, .box_w = 14, .box_h = 13, .ofs_x = 0, .ofs_y = -1},
    {.bitmap_index = 73281, .adv_w = 224, .box_w = 14, .box_h = 13, .ofs_x = 0, .ofs_y = -1},
    {.bitmap_index = 73304, .adv_w = 224, .box_w = 13, .box_h = 14, .ofs_x = 0, .ofs_y = -2},
    {.bitmap_index = 73327, .adv_w = 224, .box_w = 15, .box_h = 14, .ofs_x = 0, .ofs_y = -2},
    {.bitmap_index = 73354, .adv_w = 224, .box_w = 13, .box_h = 13, .ofs_x = 0, .ofs_y = -1},
    {.bitmap_index = 73376, .adv_w = 224, .box_w = 14, .box_h = 13, .ofs_x = 0, .ofs_y = -1},
    {.bitmap_index = 73399, .adv_w = 224, .box_w = 13, .box_h = 13, .ofs_x = 0, .ofs_y = -1},
    {.bitmap_index = 73421, .adv_w = 224, .box_w = 14, .box_h = 13, .ofs_x = 0, .ofs_y = -1},
    {.bitmap_index = 73444, .adv_w = 224, .box_w = 14, .box_h = 13, .ofs_x = 0, .ofs_y = -1},
    {.bitmap_index = 73467, .adv_w = 224, .box_w = 13, .box_h = 13, .ofs_x = 0, .ofs_y = -1},
    {.bitmap_index = 73489, .adv_w = 224, .box_w = 13, .box_h = 14, .ofs_x = 0, .ofs_y = -2},
    {.bitmap_index = 73512, .adv_w = 224, .box_w = 12, .box_h = 13, .ofs_x = 2, .ofs_y = -1},
    {.bitmap_index = 73532, .adv_w = 224, .box_w = 12, .box_h = 13, .ofs_x = 1, .ofs_y = -1},
    {.bitmap_index = 73552, .adv_w = 224, .box_w = 12, .box_h = 13, .ofs_x = 1, .ofs_y = -1},
    {.bitmap_index = 73572, .adv_w = 224, .box_w = 12, .box_h = 13, .ofs_x = 2, .ofs_y = -1},
    {.bitmap_index = 73592, .adv_w = 224, .box_w = 12, .box_h = 13, .ofs_x = 1, .ofs_y = -1},
    {.bitmap_index = 73612, .adv_w = 224, .box_w = 12, .box_h = 13, .ofs_x = 1, .ofs_y = -1},
    {.bitmap_index = 73632, .adv_w = 224, .box_w = 12, .box_h = 13, .ofs_x = 1, .ofs_y = -1},
    {.bitmap_index = 73652, .adv_w = 224, .box_w = 12, .box_h = 13, .ofs_x = 2, .ofs_y = -1},
    {.bitmap_index = 73672, .adv_w = 224, .box_w = 12, .box_h = 13, .ofs_x = 1, .ofs_y = -1},
    {.bitmap_index = 73692, .adv_w = 224, .box_w = 12, .box_h = 13, .ofs_x = 1, .ofs_y = -1},
    {.bitmap_index = 73712, .adv_w = 224, .box_w = 12, .box_h = 13, .ofs_x = 1, .ofs_y = -1},
    {.bitmap_index = 73732, .adv_w = 224, .box_w = 12, .box_h = 13, .ofs_x = 1, .ofs_y = -1},
    {.bitmap_index = 73752, .adv_w = 224, .box_w = 12, .box_h = 13, .ofs_x = 1, .ofs_y = -1},
    {.bitmap_index = 73772, .adv_w = 224, .box_w = 12, .box_h = 13, .ofs_x = 1, .ofs_y = -1},
    {.bitmap_index = 73792, .adv_w = 224, .box_w = 12, .box_h = 13, .ofs_x = 1, .ofs_y = -1},
    {.bitmap_index = 73812, .adv_w = 224, .box_w = 12, .box_h = 13, .ofs_x = 1, .ofs_y = -1},
    {.bitmap_index = 73832, .adv_w = 224, .box_w = 12, .box_h = 13, .ofs_x = 1, .ofs_y = -1},
    {.bitmap_index = 73852, .adv_w = 224, .box_w = 12, .box_h = 13, .ofs_x = 1, .ofs_y = -1},
    {.bitmap_index = 73872, .adv_w = 224, .box_w = 12, .box_h = 13, .ofs_x = 1, .ofs_y = -1},
    {.bitmap_index = 73892, .adv_w = 224, .box_w = 12, .box_h = 13, .ofs_x = 1, .ofs_y = -1},
    {.bitmap_index = 73912, .adv_w = 224, .box_w = 13, .box_h = 13, .ofs_x = 1, .ofs_y = -1},
    {.bitmap_index = 73934, .adv_w = 224, .box_w = 12, .box_h = 13, .ofs_x = 1, .ofs_y = -1},
    {.bitmap_index = 73954, .adv_w = 224, .box_w = 12, .box_h = 13, .ofs_x = 1, .ofs_y = -1},
    {.bitmap_index = 73974, .adv_w = 224, .box_w = 12, .box_h = 13, .ofs_x = 1, .ofs_y = -1},
    {.bitmap_index = 73994, .adv_w = 224, .box_w = 13, .box_h = 13, .ofs_x = 1, .ofs_y = -1},
    {.bitmap_index = 74016, .adv_w = 224, .box_w = 13, .box_h = 13, .ofs_x = 1, .ofs_y = -1},
    {.bitmap_index = 74038, .adv_w = 224, .box_w = 13, .box_h = 13, .ofs_x = 1, .ofs_y = -1},
    {.bitmap_index = 74060, .adv_w = 224, .box_w = 13, .box_h = 13, .ofs_x = 1, .ofs_y = -1},
    {.bitmap_index = 74082, .adv_w = 224, .box_w = 13, .box_h = 13, .ofs_x = 1, .ofs_y = -1},
    {.bitmap_index = 74104, .adv_w = 224, .box_w = 13, .box_h = 13, .ofs_x = 1, .ofs_y = -1},
    {.bitmap_index = 74126, .adv_w = 224, .box_w = 14, .box_h = 13, .ofs_x = 1, .ofs_y = -1},
    {.bitmap_index = 74149, .adv_w = 224, .box_w = 13, .box_h = 13, .ofs_x = 1, .ofs_y = -1},
    {.bitmap_index = 74171, .adv_w = 224, .box_w = 13, .box_h = 13, .ofs_x = 1, .ofs_y = -1},
    {.bitmap_index = 74193, .adv_w = 224, .box_w = 13, .box_h = 13, .ofs_x = 1, .ofs_y = -1},
    {.bitmap_index = 74215, .adv_w = 224, .box_w = 12, .box_h = 13, .ofs_x = 1, .ofs_y = -1},
    {.bitmap_index = 74235, .adv_w = 224, .box_w = 13, .box_h = 13, .ofs_x = 1, .ofs_y = -1},
    {.bitmap_index = 74257, .adv_w = 224, .box_w = 13, .box_h = 13, .ofs_x = 1, .ofs_y = -1},
    {.bitmap_index = 74279, .adv_w = 224, .box_w = 12, .box_h = 13, .ofs_x = 1, .ofs_y = -1},
    {.bitmap_index = 74299, .adv_w = 224, .box_w = 13, .box_h = 13, .ofs_x = 1, .ofs_y = -1},
    {.bitmap_index = 74321, .adv_w = 224, .box_w = 12, .box_h = 13, .ofs_x = 1, .ofs_y = -1},
    {.bitmap_index = 74341, .adv_w = 224, .box_w = 13, .box_h = 13, .ofs_x = 1, .ofs_y = -1},
    {.bitmap_index = 74363, .adv_w = 224, .box_w = 12, .box_h = 13, .ofs_x = 1, .ofs_y = -1},
    {.bitmap_index = 74383, .adv_w = 224, .box_w = 12, .box_h = 13, .ofs_x = 1, .ofs_y = -1},
    {.bitmap_index = 74403, .adv_w = 224, .box_w = 12, .box_h = 13, .ofs_x = 1, .ofs_y = -1},
    {.bitmap_index = 74423, .adv_w = 224, .box_w = 13, .box_h = 13, .ofs_x = 1, .ofs_y = -1},
    {.bitmap_index = 74445, .adv_w = 224, .box_w = 13, .box_h = 13, .ofs_x = 1, .ofs_y = -1},
    {.bitmap_index = 74467, .adv_w = 224, .box_w = 13, .box_h = 13, .ofs_x = 1, .ofs_y = -1},
    {.bitmap_index = 74489, .adv_w = 224, .box_w = 12, .box_h = 13, .ofs_x = 1, .ofs_y = -1},
    {.bitmap_index = 74509, .adv_w = 224, .box_w = 13, .box_h = 13, .ofs_x = 1, .ofs_y = -1},
    {.bitmap_index = 74531, .adv_w = 224, .box_w = 13, .box_h = 13, .ofs_x = 1, .ofs_y = -1},
    {.bitmap_index = 74553, .adv_w = 224, .box_w = 13, .box_h = 13, .ofs_x = 1, .ofs_y = -1},
    {.bitmap_index = 74575, .adv_w = 224, .box_w = 13, .box_h = 13, .ofs_x = 1, .ofs_y = -1},
    {.bitmap_index = 74597, .adv_w = 224, .box_w = 13, .box_h = 13, .ofs_x = 1, .ofs_y = -1},
    {.bitmap_index = 74619, .adv_w = 224, .box_w = 13, .box_h = 13, .ofs_x = 1, .ofs_y = -1},
    {.bitmap_index = 74641, .adv_w = 224, .box_w = 12, .box_h = 13, .ofs_x = 1, .ofs_y = -1},
    {.bitmap_index = 74661, .adv_w = 224, .box_w = 13, .box_h = 13, .ofs_x = 1, .ofs_y = -1},
    {.bitmap_index = 74683, .adv_w = 224, .box_w = 13, .box_h = 14, .ofs_x = 0, .ofs_y = -1},
    {.bitmap_index = 74706, .adv_w = 224, .box_w = 13, .box_h = 13, .ofs_x = 1, .ofs_y = -1},
    {.bitmap_index = 74728, .adv_w = 224, .box_w = 14, .box_h = 13, .ofs_x = 0, .ofs_y = -1},
    {.bitmap_index = 74751, .adv_w = 224, .box_w = 13, .box_h = 13, .ofs_x = 1, .ofs_y = -1},
    {.bitmap_index = 74773, .adv_w = 224, .box_w = 14, .box_h = 13, .ofs_x = 0, .ofs_y = -1},
    {.bitmap_index = 74796, .adv_w = 224, .box_w = 14, .box_h = 13, .ofs_x = 0, .ofs_y = -1},
    {.bitmap_index = 74819, .adv_w = 224, .box_w = 13, .box_h = 13, .ofs_x = 1, .ofs_y = -1},
    {.bitmap_index = 74841, .adv_w = 224, .box_w = 13, .box_h = 13, .ofs_x = 0, .ofs_y = -1},
    {.bitmap_index = 74863, .adv_w = 224, .box_w = 13, .box_h = 13, .ofs_x = 0, .ofs_y = -1},
    {.bitmap_index = 74885, .adv_w = 224, .box_w = 14, .box_h = 13, .ofs_x = 0, .ofs_y = -1},
    {.bitmap_index = 74908, .adv_w = 224, .box_w = 13, .box_h = 13, .ofs_x = 0, .ofs_y = -1},
    {.bitmap_index = 74930, .adv_w = 224, .box_w = 13, .box_h = 13, .ofs_x = 1, .ofs_y = -1},
    {.bitmap_index = 74952, .adv_w = 224, .box_w = 13, .box_h = 13, .ofs_x = 0, .ofs_y = -1},
    {.bitmap_index = 74974, .adv_w = 224, .box_w = 14, .box_h = 13, .ofs_x = 0, .ofs_y = -1},
    {.bitmap_index = 74997, .adv_w = 224, .box_w = 13, .box_h = 13, .ofs_x = 1, .ofs_y = -1},
    {.bitmap_index = 75019, .adv_w = 224, .box_w = 13, .box_h = 13, .ofs_x = 1, .ofs_y = -1},
    {.bitmap_index = 75041, .adv_w = 224, .box_w = 13, .box_h = 13, .ofs_x = 1, .ofs_y = -1},
    {.bitmap_index = 75063, .adv_w = 224, .box_w = 13, .box_h = 13, .ofs_x = 1, .ofs_y = -1},
    {.bitmap_index = 75085, .adv_w = 224, .box_w = 14, .box_h = 13, .ofs_x = 0, .ofs_y = -1},
    {.bitmap_index = 75108, .adv_w = 224, .box_w = 13, .box_h = 14, .ofs_x = 0, .ofs_y = -2},
    {.bitmap_index = 75131, .adv_w = 224, .box_w = 13, .box_h = 13, .ofs_x = 1, .ofs_y = -1},
    {.bitmap_index = 75153, .adv_w = 224, .box_w = 13, .box_h = 13, .ofs_x = 1, .ofs_y = -1},
    {.bitmap_index = 75175, .adv_w = 224, .box_w = 14, .box_h = 13, .ofs_x = 1, .ofs_y = -1},
    {.bitmap_index = 75198, .adv_w = 224, .box_w = 14, .box_h = 13, .ofs_x = 0, .ofs_y = -1},
    {.bitmap_index = 75221, .adv_w = 224, .box_w = 13, .box_h = 13, .ofs_x = 1, .ofs_y = -1},
    {.bitmap_index = 75243, .adv_w = 224, .box_w = 13, .box_h = 13, .ofs_x = 1, .ofs_y = -1},
    {.bitmap_index = 75265, .adv_w = 224, .box_w = 13, .box_h = 13, .ofs_x = 0, .ofs_y = -1},
    {.bitmap_index = 75287, .adv_w = 224, .box_w = 13, .box_h = 13, .ofs_x = 1, .ofs_y = -1},
    {.bitmap_index = 75309, .adv_w = 224, .box_w = 13, .box_h = 13, .ofs_x = 0, .ofs_y = -1},
    {.bitmap_index = 75331, .adv_w = 224, .box_w = 13, .box_h = 13, .ofs_x = 0, .ofs_y = -1},
    {.bitmap_index = 75353, .adv_w = 224, .box_w = 13, .box_h = 14, .ofs_x = 0, .ofs_y = -1},
    {.bitmap_index = 75376, .adv_w = 224, .box_w = 12, .box_h = 13, .ofs_x = 1, .ofs_y = -1},
    {.bitmap_index = 75396, .adv_w = 224, .box_w = 13, .box_h = 13, .ofs_x = 1, .ofs_y = -1},
    {.bitmap_index = 75418, .adv_w = 224, .box_w = 12, .box_h = 13, .ofs_x = 1, .ofs_y = -1},
    {.bitmap_index = 75438, .adv_w = 224, .box_w = 13, .box_h = 13, .ofs_x = 1, .ofs_y = -1},
    {.bitmap_index = 75460, .adv_w = 224, .box_w = 13, .box_h = 13, .ofs_x = 1, .ofs_y = -1},
    {.bitmap_index = 75482, .adv_w = 224, .box_w = 14, .box_h = 13, .ofs_x = 0, .ofs_y = -1},
    {.bitmap_index = 75505, .adv_w = 224, .box_w = 14, .box_h = 13, .ofs_x = 0, .ofs_y = -1},
    {.bitmap_index = 75528, .adv_w = 224, .box_w = 14, .box_h = 13, .ofs_x = 0, .ofs_y = -1},
    {.bitmap_index = 75551, .adv_w = 224, .box_w = 14, .box_h = 14, .ofs_x = 0, .ofs_y = -2},
    {.bitmap_index = 75576, .adv_w = 224, .box_w = 14, .box_h = 13, .ofs_x = 0, .ofs_y = -1},
    {.bitmap_index = 75599, .adv_w = 224, .box_w = 13, .box_h = 13, .ofs_x = 1, .ofs_y = -1},
    {.bitmap_index = 75621, .adv_w = 224, .box_w = 13, .box_h = 13, .ofs_x = 1, .ofs_y = -1},
    {.bitmap_index = 75643, .adv_w = 224, .box_w = 14, .box_h = 13, .ofs_x = 0, .ofs_y = -1},
    {.bitmap_index = 75666, .adv_w = 224, .box_w = 13, .box_h = 13, .ofs_x = 1, .ofs_y = -1},
    {.bitmap_index = 75688, .adv_w = 224, .box_w = 12, .box_h = 13, .ofs_x = 1, .ofs_y = -1},
    {.bitmap_index = 75708, .adv_w = 224, .box_w = 14, .box_h = 13, .ofs_x = 0, .ofs_y = -1},
    {.bitmap_index = 75731, .adv_w = 224, .box_w = 12, .box_h = 14, .ofs_x = 1, .ofs_y = -2},
    {.bitmap_index = 75752, .adv_w = 224, .box_w = 13, .box_h = 14, .ofs_x = 1, .ofs_y = -2},
    {.bitmap_index = 75775, .adv_w = 224, .box_w = 12, .box_h = 14, .ofs_x = 2, .ofs_y = -2},
    {.bitmap_index = 75796, .adv_w = 224, .box_w = 13, .box_h = 14, .ofs_x = 1, .ofs_y = -2},
    {.bitmap_index = 75819, .adv_w = 224, .box_w = 14, .box_h = 14, .ofs_x = 0, .ofs_y = -2},
    {.bitmap_index = 75844, .adv_w = 224, .box_w = 14, .box_h = 14, .ofs_x = 0, .ofs_y = -2},
    {.bitmap_index = 75869, .adv_w = 224, .box_w = 14, .box_h = 13, .ofs_x = 0, .ofs_y = -1},
    {.bitmap_index = 75892, .adv_w = 224, .box_w = 14, .box_h = 14, .ofs_x = 0, .ofs_y = -2},
    {.bitmap_index = 75917, .adv_w = 224, .box_w = 14, .box_h = 14, .ofs_x = 0, .ofs_y = -2},
    {.bitmap_index = 75942, .adv_w = 224, .box_w = 13, .box_h = 14, .ofs_x = 1, .ofs_y = -2},
    {.bitmap_index = 75965, .adv_w = 224, .box_w = 13, .box_h = 14, .ofs_x = 1, .ofs_y = -2},
    {.bitmap_index = 75988, .adv_w = 224, .box_w = 13, .box_h = 14, .ofs_x = 1, .ofs_y = -2},
    {.bitmap_index = 76011, .adv_w = 224, .box_w = 14, .box_h = 14, .ofs_x = 0, .ofs_y = -2},
    {.bitmap_index = 76036, .adv_w = 224, .box_w = 14, .box_h = 14, .ofs_x = 0, .ofs_y = -2},
    {.bitmap_index = 76061, .adv_w = 224, .box_w = 14, .box_h = 14, .ofs_x = 0, .ofs_y = -2},
    {.bitmap_index = 76086, .adv_w = 224, .box_w = 14, .box_h = 14, .ofs_x = 0, .ofs_y = -2},
    {.bitmap_index = 76111, .adv_w = 224, .box_w = 14, .box_h = 14, .ofs_x = 0, .ofs_y = -2},
    {.bitmap_index = 76136, .adv_w = 224, .box_w = 13, .box_h = 14, .ofs_x = 1, .ofs_y = -2},
    {.bitmap_index = 76159, .adv_w = 224, .box_w = 13, .box_h = 14, .ofs_x = 1, .ofs_y = -2},
    {.bitmap_index = 76182, .adv_w = 224, .box_w = 14, .box_h = 14, .ofs_x = 0, .ofs_y = -2},
    {.bitmap_index = 76207, .adv_w = 224, .box_w = 14, .box_h = 14, .ofs_x = 0, .ofs_y = -2},
    {.bitmap_index = 76232, .adv_w = 224, .box_w = 13, .box_h = 13, .ofs_x = 1, .ofs_y = -1},
    {.bitmap_index = 76254, .adv_w = 224, .box_w = 14, .box_h = 14, .ofs_x = 0, .ofs_y = -2},
    {.bitmap_index = 76279, .adv_w = 224, .box_w = 14, .box_h = 14, .ofs_x = 0, .ofs_y = -2},
    {.bitmap_index = 76304, .adv_w = 224, .box_w = 13, .box_h = 14, .ofs_x = 1, .ofs_y = -2},
    {.bitmap_index = 76327, .adv_w = 224, .box_w = 14, .box_h = 14, .ofs_x = 0, .ofs_y = -2},
    {.bitmap_index = 76352, .adv_w = 224, .box_w = 14, .box_h = 14, .ofs_x = 0, .ofs_y = -2},
    {.bitmap_index = 76377, .adv_w = 224, .box_w = 14, .box_h = 14, .ofs_x = 0, .ofs_y = -2},
    {.bitmap_index = 76402, .adv_w = 224, .box_w = 14, .box_h = 14, .ofs_x = 0, .ofs_y = -2},
    {.bitmap_index = 76427, .adv_w = 224, .box_w = 13, .box_h = 13, .ofs_x = 1, .ofs_y = -1},
    {.bitmap_index = 76449, .adv_w = 224, .box_w = 13, .box_h = 14, .ofs_x = 0, .ofs_y = -2},
    {.bitmap_index = 76472, .adv_w = 224, .box_w = 13, .box_h = 13, .ofs_x = 1, .ofs_y = -1},
    {.bitmap_index = 76494, .adv_w = 224, .box_w = 13, .box_h = 13, .ofs_x = 0, .ofs_y = -1},
    {.bitmap_index = 76516, .adv_w = 224, .box_w = 13, .box_h = 13, .ofs_x = 0, .ofs_y = -1},
    {.bitmap_index = 76538, .adv_w = 224, .box_w = 13, .box_h = 13, .ofs_x = 0, .ofs_y = -1},
    {.bitmap_index = 76560, .adv_w = 224, .box_w = 13, .box_h = 14, .ofs_x = 0, .ofs_y = -1},
    {.bitmap_index = 76583, .adv_w = 224, .box_w = 14, .box_h = 13, .ofs_x = 0, .ofs_y = -1},
    {.bitmap_index = 76606, .adv_w = 224, .box_w = 13, .box_h = 13, .ofs_x = 0, .ofs_y = -1},
    {.bitmap_index = 76628, .adv_w = 224, .box_w = 13, .box_h = 13, .ofs_x = 0, .ofs_y = -1},
    {.bitmap_index = 76650, .adv_w = 224, .box_w = 13, .box_h = 13, .ofs_x = 0, .ofs_y = -1},
    {.bitmap_index = 76672, .adv_w = 224, .box_w = 14, .box_h = 14, .ofs_x = 0, .ofs_y = -2},
    {.bitmap_index = 76697, .adv_w = 224, .box_w = 14, .box_h = 13, .ofs_x = 0, .ofs_y = -1},
    {.bitmap_index = 76720, .adv_w = 224, .box_w = 14, .box_h = 14, .ofs_x = 0, .ofs_y = -1},
    {.bitmap_index = 76745, .adv_w = 224, .box_w = 13, .box_h = 14, .ofs_x = 0, .ofs_y = -2},
    {.bitmap_index = 76768, .adv_w = 224, .box_w = 13, .box_h = 13, .ofs_x = 0, .ofs_y = -1},
    {.bitmap_index = 76790, .adv_w = 224, .box_w = 14, .box_h = 13, .ofs_x = 0, .ofs_y = -1},
    {.bitmap_index = 76813, .adv_w = 224, .box_w = 14, .box_h = 13, .ofs_x = 0, .ofs_y = -1},
    {.bitmap_index = 76836, .adv_w = 224, .box_w = 13, .box_h = 13, .ofs_x = 0, .ofs_y = -1},
    {.bitmap_index = 76858, .adv_w = 224, .box_w = 14, .box_h = 13, .ofs_x = 0, .ofs_y = -1},
    {.bitmap_index = 76881, .adv_w = 224, .box_w = 13, .box_h = 13, .ofs_x = 0, .ofs_y = -1},
    {.bitmap_index = 76903, .adv_w = 224, .box_w = 14, .box_h = 13, .ofs_x = 0, .ofs_y = -1},
    {.bitmap_index = 76926, .adv_w = 224, .box_w = 12, .box_h = 13, .ofs_x = 1, .ofs_y = -1},
    {.bitmap_index = 76946, .adv_w = 224, .box_w = 13, .box_h = 13, .ofs_x = 0, .ofs_y = -1},
    {.bitmap_index = 76968, .adv_w = 224, .box_w = 13, .box_h = 13, .ofs_x = 1, .ofs_y = -1},
    {.bitmap_index = 76990, .adv_w = 224, .box_w = 13, .box_h = 13, .ofs_x = 0, .ofs_y = -1},
    {.bitmap_index = 77012, .adv_w = 224, .box_w = 14, .box_h = 13, .ofs_x = 0, .ofs_y = -1},
    {.bitmap_index = 77035, .adv_w = 224, .box_w = 14, .box_h = 13, .ofs_x = 0, .ofs_y = -1},
    {.bitmap_index = 77058, .adv_w = 224, .box_w = 13, .box_h = 13, .ofs_x = 0, .ofs_y = -1},
    {.bitmap_index = 77080, .adv_w = 224, .box_w = 14, .box_h = 13, .ofs_x = 0, .ofs_y = -1},
    {.bitmap_index = 77103, .adv_w = 224, .box_w = 14, .box_h = 13, .ofs_x = 0, .ofs_y = -1},
    {.bitmap_index = 77126, .adv_w = 224, .box_w = 14, .box_h = 13, .ofs_x = 0, .ofs_y = -1},
    {.bitmap_index = 77149, .adv_w = 224, .box_w = 14, .box_h = 13, .ofs_x = 0, .ofs_y = -1},
    {.bitmap_index = 77172, .adv_w = 224, .box_w = 14, .box_h = 13, .ofs_x = 0, .ofs_y = -1},
    {.bitmap_index = 77195, .adv_w = 224, .box_w = 12, .box_h = 13, .ofs_x = 1, .ofs_y = -1},
    {.bitmap_index = 77215, .adv_w = 224, .box_w = 13, .box_h = 13, .ofs_x = 0, .ofs_y = -1},
    {.bitmap_index = 77237, .adv_w = 224, .box_w = 13, .box_h = 13, .ofs_x = 1, .ofs_y = -1},
    {.bitmap_index = 77259, .adv_w = 224, .box_w = 13, .box_h = 13, .ofs_x = 0, .ofs_y = -1},
    {.bitmap_index = 77281, .adv_w = 224, .box_w = 14, .box_h = 13, .ofs_x = 0, .ofs_y = -1},
    {.bitmap_index = 77304, .adv_w = 224, .box_w = 14, .box_h = 14, .ofs_x = 0, .ofs_y = -2},
    {.bitmap_index = 77329, .adv_w = 224, .box_w = 13, .box_h = 13, .ofs_x = 1, .ofs_y = -1},
    {.bitmap_index = 77351, .adv_w = 224, .box_w = 14, .box_h = 13, .ofs_x = 0, .ofs_y = -1},
    {.bitmap_index = 77374, .adv_w = 224, .box_w = 13, .box_h = 13, .ofs_x = 1, .ofs_y = -1},
    {.bitmap_index = 77396, .adv_w = 224, .box_w = 14, .box_h = 13, .ofs_x = 0, .ofs_y = -1},
    {.bitmap_index = 77419, .adv_w = 224, .box_w = 14, .box_h = 13, .ofs_x = 1, .ofs_y = -1},
    {.bitmap_index = 77442, .adv_w = 224, .box_w = 14, .box_h = 13, .ofs_x = 0, .ofs_y = -1},
    {.bitmap_index = 77465, .adv_w = 224, .box_w = 13, .box_h = 13, .ofs_x = 0, .ofs_y = -1},
    {.bitmap_index = 77487, .adv_w = 224, .box_w = 13, .box_h = 13, .ofs_x = 0, .ofs_y = -1},
    {.bitmap_index = 77509, .adv_w = 224, .box_w = 13, .box_h = 13, .ofs_x = 1, .ofs_y = -1},
    {.bitmap_index = 77531, .adv_w = 224, .box_w = 13, .box_h = 13, .ofs_x = 1, .ofs_y = -1},
    {.bitmap_index = 77553, .adv_w = 224, .box_w = 15, .box_h = 14, .ofs_x = 0, .ofs_y = -2},
    {.bitmap_index = 77580, .adv_w = 224, .box_w = 13, .box_h = 13, .ofs_x = 0, .ofs_y = -1},
    {.bitmap_index = 77602, .adv_w = 224, .box_w = 14, .box_h = 13, .ofs_x = 0, .ofs_y = -1},
    {.bitmap_index = 77625, .adv_w = 224, .box_w = 13, .box_h = 13, .ofs_x = 1, .ofs_y = -1},
    {.bitmap_index = 77647, .adv_w = 224, .box_w = 13, .box_h = 13, .ofs_x = 1, .ofs_y = -1},
    {.bitmap_index = 77669, .adv_w = 224, .box_w = 14, .box_h = 13, .ofs_x = 0, .ofs_y = -1},
    {.bitmap_index = 77692, .adv_w = 224, .box_w = 12, .box_h = 13, .ofs_x = 1, .ofs_y = -1},
    {.bitmap_index = 77712, .adv_w = 224, .box_w = 13, .box_h = 13, .ofs_x = 1, .ofs_y = -1},
    {.bitmap_index = 77734, .adv_w = 224, .box_w = 12, .box_h = 13, .ofs_x = 1, .ofs_y = -1},
    {.bitmap_index = 77754, .adv_w = 224, .box_w = 13, .box_h = 13, .ofs_x = 0, .ofs_y = -1},
    {.bitmap_index = 77776, .adv_w = 224, .box_w = 13, .box_h = 13, .ofs_x = 0, .ofs_y = -1},
    {.bitmap_index = 77798, .adv_w = 224, .box_w = 14, .box_h = 13, .ofs_x = 0, .ofs_y = -1},
    {.bitmap_index = 77821, .adv_w = 224, .box_w = 14, .box_h = 13, .ofs_x = 0, .ofs_y = -1},
    {.bitmap_index = 77844, .adv_w = 224, .box_w = 14, .box_h = 13, .ofs_x = 0, .ofs_y = -1},
    {.bitmap_index = 77867, .adv_w = 224, .box_w = 13, .box_h = 13, .ofs_x = 0, .ofs_y = -1},
    {.bitmap_index = 77889, .adv_w = 224, .box_w = 13, .box_h = 13, .ofs_x = 0, .ofs_y = -1},
    {.bitmap_index = 77911, .adv_w = 224, .box_w = 14, .box_h = 13, .ofs_x = 0, .ofs_y = -1},
    {.bitmap_index = 77934, .adv_w = 224, .box_w = 12, .box_h = 13, .ofs_x = 1, .ofs_y = -1},
    {.bitmap_index = 77954, .adv_w = 224, .box_w = 13, .box_h = 13, .ofs_x = 0, .ofs_y = -1},
    {.bitmap_index = 77976, .adv_w = 224, .box_w = 13, .box_h = 13, .ofs_x = 0, .ofs_y = -1},
    {.bitmap_index = 77998, .adv_w = 224, .box_w = 13, .box_h = 13, .ofs_x = 1, .ofs_y = -1},
    {.bitmap_index = 78020, .adv_w = 224, .box_w = 13, .box_h = 14, .ofs_x = 0, .ofs_y = -1},
    {.bitmap_index = 78043, .adv_w = 224, .box_w = 13, .box_h = 14, .ofs_x = 0, .ofs_y = -1},
    {.bitmap_index = 78066, .adv_w = 224, .box_w = 12, .box_h = 13, .ofs_x = 1, .ofs_y = -1},
    {.bitmap_index = 78086, .adv_w = 224, .box_w = 13, .box_h = 13, .ofs_x = 1, .ofs_y = -1},
    {.bitmap_index = 78108, .adv_w = 224, .box_w = 13, .box_h = 13, .ofs_x = 0, .ofs_y = -1},
    {.bitmap_index = 78130, .adv_w = 224, .box_w = 14, .box_h = 13, .ofs_x = 0, .ofs_y = -1},
    {.bitmap_index = 78153, .adv_w = 224, .box_w = 13, .box_h = 13, .ofs_x = 0, .ofs_y = -1},
    {.bitmap_index = 78175, .adv_w = 224, .box_w = 13, .box_h = 13, .ofs_x = 1, .ofs_y = -1},
    {.bitmap_index = 78197, .adv_w = 224, .box_w = 12, .box_h = 13, .ofs_x = 1, .ofs_y = -1},
    {.bitmap_index = 78217, .adv_w = 224, .box_w = 13, .box_h = 13, .ofs_x = 0, .ofs_y = -1},
    {.bitmap_index = 78239, .adv_w = 224, .box_w = 13, .box_h = 13, .ofs_x = 0, .ofs_y = -1},
    {.bitmap_index = 78261, .adv_w = 224, .box_w = 13, .box_h = 13, .ofs_x = 0, .ofs_y = -1},
    {.bitmap_index = 78283, .adv_w = 224, .box_w = 14, .box_h = 13, .ofs_x = 0, .ofs_y = -1},
    {.bitmap_index = 78306, .adv_w = 224, .box_w = 14, .box_h = 13, .ofs_x = 0, .ofs_y = -1},
    {.bitmap_index = 78329, .adv_w = 224, .box_w = 14, .box_h = 13, .ofs_x = 0, .ofs_y = -1},
    {.bitmap_index = 78352, .adv_w = 224, .box_w = 13, .box_h = 13, .ofs_x = 1, .ofs_y = -1},
    {.bitmap_index = 78374, .adv_w = 224, .box_w = 12, .box_h = 13, .ofs_x = 1, .ofs_y = -1},
    {.bitmap_index = 78394, .adv_w = 224, .box_w = 13, .box_h = 13, .ofs_x = 1, .ofs_y = -1},
    {.bitmap_index = 78416, .adv_w = 224, .box_w = 13, .box_h = 13, .ofs_x = 0, .ofs_y = -1},
    {.bitmap_index = 78438, .adv_w = 224, .box_w = 13, .box_h = 13, .ofs_x = 1, .ofs_y = -1},
    {.bitmap_index = 78460, .adv_w = 224, .box_w = 14, .box_h = 14, .ofs_x = 1, .ofs_y = -2},
    {.bitmap_index = 78485, .adv_w = 224, .box_w = 13, .box_h = 14, .ofs_x = 0, .ofs_y = -2},
    {.bitmap_index = 78508, .adv_w = 224, .box_w = 13, .box_h = 14, .ofs_x = 0, .ofs_y = -1},
    {.bitmap_index = 78531, .adv_w = 224, .box_w = 14, .box_h = 14, .ofs_x = 0, .ofs_y = -2},
    {.bitmap_index = 78556, .adv_w = 224, .box_w = 14, .box_h = 13, .ofs_x = 0, .ofs_y = -1},
    {.bitmap_index = 78579, .adv_w = 224, .box_w = 14, .box_h = 14, .ofs_x = 0, .ofs_y = -2},
    {.bitmap_index = 78604, .adv_w = 224, .box_w = 12, .box_h = 13, .ofs_x = 1, .ofs_y = -1},
    {.bitmap_index = 78624, .adv_w = 224, .box_w = 13, .box_h = 13, .ofs_x = 0, .ofs_y = -1},
    {.bitmap_index = 78646, .adv_w = 224, .box_w = 11, .box_h = 14, .ofs_x = 2, .ofs_y = -2},
    {.bitmap_index = 78666, .adv_w = 224, .box_w = 13, .box_h = 13, .ofs_x = 1, .ofs_y = -1},
    {.bitmap_index = 78688, .adv_w = 224, .box_w = 13, .box_h = 13, .ofs_x = 0, .ofs_y = -1},
    {.bitmap_index = 78710, .adv_w = 224, .box_w = 13, .box_h = 13, .ofs_x = 0, .ofs_y = -1},
    {.bitmap_index = 78732, .adv_w = 224, .box_w = 14, .box_h = 14, .ofs_x = 0, .ofs_y = -2},
    {.bitmap_index = 78757, .adv_w = 224, .box_w = 13, .box_h = 13, .ofs_x = 0, .ofs_y = -1},
    {.bitmap_index = 78779, .adv_w = 224, .box_w = 13, .box_h = 13, .ofs_x = 0, .ofs_y = -1},
    {.bitmap_index = 78801, .adv_w = 224, .box_w = 14, .box_h = 14, .ofs_x = 0, .ofs_y = -2},
    {.bitmap_index = 78826, .adv_w = 112, .box_w = 7, .box_h = 11, .ofs_x = 0, .ofs_y = 0},
    {.bitmap_index = 78836, .adv_w = 168, .box_w = 10, .box_h = 11, .ofs_x = 0, .ofs_y = 0},
    {.bitmap_index = 78850, .adv_w = 252, .box_w = 16, .box_h = 13, .ofs_x = 0, .ofs_y = -1},
    {.bitmap_index = 78876, .adv_w = 196, .box_w = 9, .box_h = 12, .ofs_x = 2, .ofs_y = -1},
    {.bitmap_index = 78890, .adv_w = 196, .box_w = 12, .box_h = 14, .ofs_x = 0, .ofs_y = -2},
    {.bitmap_index = 78911, .adv_w = 196, .box_w = 12, .box_h = 12, .ofs_x = 0, .ofs_y = -1},
    {.bitmap_index = 78929, .adv_w = 196, .box_w = 12, .box_h = 12, .ofs_x = 0, .ofs_y = -1},
    {.bitmap_index = 78947, .adv_w = 196, .box_w = 9, .box_h = 12, .ofs_x = 2, .ofs_y = -1},
    {.bitmap_index = 78961, .adv_w = 140, .box_w = 7, .box_h = 12, .ofs_x = 1, .ofs_y = -1},
    {.bitmap_index = 78972, .adv_w = 196, .box_w = 12, .box_h = 7, .ofs_x = 0, .ofs_y = 2},
    {.bitmap_index = 78983, .adv_w = 280, .box_w = 18, .box_h = 11, .ofs_x = -1, .ofs_y = 0},
    {.bitmap_index = 79008, .adv_w = 224, .box_w = 2, .box_h = 11, .ofs_x = 2, .ofs_y = 0},
    {.bitmap_index = 79011, .adv_w = 224, .box_w = 4, .box_h = 13, .ofs_x = 9, .ofs_y = -1},
    {.bitmap_index = 79018, .adv_w = 224, .box_w = 4, .box_h = 13, .ofs_x = 1, .ofs_y = -1},
    {.bitmap_index = 79025, .adv_w = 224, .box_w = 2, .box_h = 5, .ofs_x = 1, .ofs_y = -3},
    {.bitmap_index = 79027, .adv_w = 224, .box_w = 2, .box_h = 8, .ofs_x = 2, .ofs_y = 0},
    {.bitmap_index = 79029, .adv_w = 224, .box_w = 2, .box_h = 10, .ofs_x = 2, .ofs_y = -2},
    {.bitmap_index = 79032, .adv_w = 224, .box_w = 6, .box_h = 11, .ofs_x = 0, .ofs_y = 0}
};

/*---------------------
 *  CHARACTER MAPPING
 *--------------------*/

static const uint16_t unicode_list_1[] = {
    0x0, 0x6, 0xee, 0x1f34, 0x1f38, 0x1f3c, 0x1f3d, 0x1f46,
    0x2023, 0x2f21, 0x2f22, 0x2f2a, 0x2f2b, 0x2f30, 0x2f31, 0x4d20,
    0x4d21, 0x4d23, 0x4d27, 0x4d28, 0x4d29, 0x4d2a, 0x4d2b, 0x4d2d,
    0x4d2e, 0x4d30, 0x4d31, 0x4d33, 0x4d34, 0x4d36, 0x4d38, 0x4d39,
    0x4d3a, 0x4d3b, 0x4d3c, 0x4d3d, 0x4d42, 0x4d44, 0x4d45, 0x4d47,
    0x4d4a, 0x4d4d, 0x4d50, 0x4d52, 0x4d54, 0x4d58, 0x4d59, 0x4d5a,
    0x4d5b, 0x4d5d, 0x4d5e, 0x4d63, 0x4d65, 0x4d68, 0x4d69, 0x4d6b,
    0x4d6c, 0x4d6d, 0x4d6e, 0x4d6f, 0x4d70, 0x4d72, 0x4d73, 0x4d74,
    0x4d76, 0x4d78, 0x4d79, 0x4d7d, 0x4d7e, 0x4d7f, 0x4d80, 0x4d81,
    0x4d86, 0x4d90, 0x4d91, 0x4d93, 0x4da6, 0x4da8, 0x4da9, 0x4dab,
    0x4dac, 0x4dae, 0x4daf, 0x4db1, 0x4db2, 0x4db4, 0x4db5, 0x4dba,
    0x4dbb, 0x4dc1, 0x4dc4, 0x4dc5, 0x4dc6, 0x4dc7, 0x4dc9, 0x4dcb,
    0x4dcc, 0x4dcd, 0x4dce, 0x4dd2, 0x4dda, 0x4ddf, 0x4de0, 0x4de1,
    0x4de5, 0x4de6, 0x4de7, 0x4dea, 0x4deb, 0x4ded, 0x4dee, 0x4df1,
    0x4df3, 0x4df4, 0x4df6, 0x4df7, 0x4df8, 0x4df9, 0x4e03, 0x4e04,
    0x4e05, 0x4e0a, 0x4e0c, 0x4e10, 0x4e12, 0x4e16, 0x4e17, 0x4e1b,
    0x4e1d, 0x4e1f, 0x4e21, 0x4e2a, 0x4e2d, 0x4e2f, 0x4e30, 0x4e31,
    0x4e37, 0x4e38, 0x4e39, 0x4e3a, 0x4e3e, 0x4e3f, 0x4e40, 0x4e44,
    0x4e46, 0x4e4a, 0x4e4f, 0x4e50, 0x4e54, 0x4e56, 0x4e58, 0x4e5a,
    0x4e5c, 0x4e63, 0x4e66, 0x4e6d, 0x4e6e, 0x4e6f, 0x4e71, 0x4e73,
    0x4e75, 0x4e79, 0x4e7b, 0x4e7c, 0x4e80, 0x4e83, 0x4e89, 0x4e93,
    0x4e9f, 0x4ea4, 0x4ea8, 0x4eab, 0x4ead, 0x4ebb, 0x4ebd, 0x4ec0,
    0x4ec3, 0x4ec5, 0x4ec6, 0x4ec7, 0x4ec8, 0x4ece, 0x4ecf, 0x4ed5,
    0x4edf, 0x4ee3, 0x4ee4, 0x4eea, 0x4eef, 0x4ef0, 0x4ef7, 0x4ef8,
    0x4efd, 0x4f01, 0x4f09, 0x4f0d, 0x4f0e, 0x4f0f, 0x4f11, 0x4f1a,
    0x4f2d, 0x4f32, 0x4f34, 0x4f38, 0x4f39, 0x4f3a, 0x4f3f, 0x4f41,
    0x4f46, 0x4f5a, 0x4f5c, 0x4f5e, 0x4f67, 0x4f6e, 0x4f6f, 0x4f7a,
    0x4f7c, 0x4f85, 0x4f96, 0x4f97, 0x4f9f, 0x4fa0, 0x4fa5, 0x4fad,
    0x4fc8, 0x4fcc, 0x4fd2, 0x4fdb, 0x4fef, 0x4ffa, 0x5007, 0x5015,
    0x501b, 0x5032, 0x5041, 0x505f, 0x5061, 0x5063, 0x5064, 0x5065,
    0x5066, 0x5068, 0x5069, 0x506b, 0x506d, 0x5071, 0x5074, 0x507a,
    0x507c, 0x5082, 0x5085, 0x5088, 0x508b, 0x508c, 0x508d, 0x5090,
    0x5091, 0x5093, 0x5094, 0x5095, 0x5096, 0x5097, 0x5098, 0x509b,
    0x509c, 0x509d, 0x50a0, 0x50a5, 0x50a8, 0x50ac, 0x50ad, 0x50b2,
    0x50b5, 0x50b7, 0x50b9, 0x50bb, 0x50bc, 0x50c0, 0x50c4, 0x50cc,
    0x50cf, 0x50d0, 0x50d2, 0x50d3, 0x50d5, 0x50d6, 0x50d7, 0x50db,
    0x50e0, 0x50e4, 0x50e6, 0x50e9, 0x50ec, 0x50ef, 0x50f1, 0x50fb,
    0x50fd, 0x5100, 0x5101, 0x5104, 0x510b, 0x510d, 0x510f, 0x5110,
    0x5113, 0x5116, 0x5118, 0x5119, 0x511a, 0x511b, 0x511d, 0x511f,
    0x5120, 0x5121, 0x5123, 0x5126, 0x5127, 0x512a, 0x5131, 0x5132,
    0x5137, 0x5138, 0x5139, 0x513a, 0x513b, 0x513d, 0x5140, 0x5144,
    0x5148, 0x5149, 0x514b, 0x514e, 0x5150, 0x5156, 0x5157, 0x5158,
    0x5159, 0x515a, 0x515b, 0x515d, 0x5162, 0x5163, 0x516a, 0x516d,
    0x5171, 0x5174, 0x5176, 0x5185, 0x5187, 0x5189, 0x518a, 0x518f,
    0x5192, 0x519f, 0x51a8, 0x51bb, 0x51bd, 0x51be, 0x51bf, 0x51c0,
    0x51c1, 0x51c3, 0x51c8, 0x51c9, 0x51ca, 0x51cb, 0x51d1, 0x51d2,
    0x51d3, 0x51df, 0x51e3, 0x51e7, 0x51e9, 0x51eb, 0x51f2, 0x51f8,
    0x51ff, 0x5204, 0x521a, 0x521e, 0x521f, 0x5220, 0x5225, 0x5226,
    0x5228, 0x5235, 0x5236, 0x5237, 0x5239, 0x5240, 0x5243, 0x524a,
    0x5259, 0x525a, 0x525b, 0x525e, 0x525f, 0x5261, 0x5263, 0x5267,
    0x5268, 0x526a, 0x526e, 0x526f, 0x5271, 0x5272, 0x5273, 0x5275,
    0x5276, 0x5277, 0x527a, 0x527c, 0x5280, 0x5281, 0x5282, 0x5284,
    0x5286, 0x5287, 0x528b, 0x5290, 0x5291, 0x5293, 0x5294, 0x5295,
    0x5297, 0x5298, 0x529f, 0x52a2, 0x52a5, 0x52a6, 0x52a9, 0x52ab,
    0x52ac, 0x52b5, 0x52b8, 0x52ba, 0x52bf, 0x52c2, 0x52c6, 0x52c8,
    0x52db, 0x52df, 0x52e2, 0x52e8, 0x52e9, 0x52ea, 0x52eb, 0x52ec,
    0x52ed, 0x52f1, 0x52f4, 0x52f6, 0x52f7, 0x52f8, 0x52f9, 0x52fb,
    0x5300, 0x5303, 0x5304, 0x5305, 0x5306, 0x5308, 0x530a, 0x530b,
    0x530c, 0x530d, 0x530e, 0x530f, 0x5310, 0x5312, 0x5313, 0x5316,
    0x5317, 0x5318, 0x5319, 0x531c, 0x531d, 0x5321, 0x5323, 0x5324,
    0x5326, 0x5328, 0x5329, 0x532a, 0x532c, 0x532d, 0x532e, 0x532f,
    0x5330, 0x5331, 0x5332, 0x5333, 0x5335, 0x5337, 0x533b, 0x533d,
    0x533e, 0x533f, 0x5340, 0x5346, 0x5347, 0x5348, 0x5349, 0x534b,
    0x534c, 0x534d, 0x534e, 0x534f, 0x5351, 0x5354, 0x5355, 0x5358,
    0x5359, 0x535b, 0x535c, 0x5360, 0x5366, 0x5368, 0x536a, 0x5370,
    0x5375, 0x5378, 0x537b, 0x537c, 0x5382, 0x5388, 0x5393, 0x5395,
    0x539b, 0x539c, 0x539d, 0x53a6, 0x53ac, 0x53af, 0x53b0, 0x53b2,
    0x53b5, 0x53b6, 0x53b9, 0x53c7, 0x53c8, 0x53ca, 0x53cc, 0x53d1,
    0x53d3, 0x53d8, 0x53dd, 0x53e0, 0x53e1, 0x53e4, 0x53e6, 0x53e8,
    0x53ed, 0x53ee, 0x53f1, 0x53f7, 0x53ff, 0x5405, 0x5408, 0x5409,
    0x540a, 0x540d, 0x540e, 0x5412, 0x541a, 0x541c, 0x5421, 0x5426,
    0x5427, 0x5429, 0x5430, 0x5440, 0x5444, 0x5447, 0x544c, 0x544e,
    0x544f, 0x5451, 0x545e, 0x5463, 0x5464, 0x5466, 0x546a, 0x5481,
    0x5484, 0x5485, 0x5486, 0x5490, 0x5498, 0x549c, 0x54a2, 0x54a4,
    0x54a7, 0x54a9, 0x54aa, 0x54b8, 0x54bc, 0x54bd, 0x54c7, 0x54d3,
    0x54d7, 0x54db, 0x54e5, 0x54f3, 0x54fc, 0x5501, 0x5504, 0x5506,
    0x551d, 0x5520, 0x5521, 0x5529, 0x5551, 0x5552, 0x5554, 0x5556,
    0x5559, 0x555f, 0x5588, 0x5589, 0x558a, 0x55ae, 0x55c3, 0x55d7,
    0x55dc, 0x55ea, 0x55fa, 0x55fb, 0x55fe, 0x5600, 0x5602, 0x5604,
    0x560d, 0x5610, 0x5611, 0x5614, 0x561a, 0x561d, 0x561e, 0x5623,
    0x5626, 0x5628, 0x563f, 0x5643, 0x5648, 0x5650, 0x565a, 0x565e,
    0x5660, 0x5667, 0x566a, 0x566e, 0x566f, 0x5670, 0x5671, 0x5677,
    0x567a, 0x567b, 0x567d, 0x567e, 0x567f, 0x5680, 0x5681, 0x5684,
    0x5686, 0x568a, 0x568f, 0x5697, 0x56a2, 0x56a3, 0x56a4, 0x56ab,
    0x56b2, 0x56bb, 0x56c2, 0x56c6, 0x56cb, 0x56ce, 0x56e2, 0x56e3,
    0x56eb, 0x56ee, 0x56ff, 0x5700, 0x5719, 0x571a, 0x5722, 0x5726,
    0x5735, 0x5741, 0x5744, 0x574a, 0x5750, 0x5755, 0x576c, 0x5771,
    0x5774, 0x5778, 0x577e, 0x578b, 0x57a3, 0x57a5, 0x57b3, 0x57b9,
    0x57be, 0x57c8, 0x57c9, 0x57e1, 0x57f5, 0x5804, 0x580b, 0x580e,
    0x5810, 0x5813, 0x5816, 0x5819, 0x5824, 0x5827, 0x582d, 0x582f,
    0x5835, 0x5836, 0x583a, 0x583c, 0x583f, 0x5847, 0x5849, 0x584a,
    0x584b, 0x584d, 0x584e, 0x584f, 0x5851, 0x5854, 0x5857, 0x5858,
    0x5859, 0x585a, 0x5864, 0x5867, 0x5868, 0x5869, 0x586b, 0x586f,
    0x5871, 0x5874, 0x5875, 0x5876, 0x5877, 0x5880, 0x5882, 0x5885,
    0x5893, 0x5894, 0x5896, 0x5898, 0x5899, 0x589d, 0x58a2, 0x58a4,
    0x58a6, 0x58a7, 0x58a8, 0x58b2, 0x58b3, 0x58b6, 0x58b9, 0x58c5,
    0x58c8, 0x58d9, 0x58db, 0x58e6, 0x58ea, 0x58eb, 0x58f0, 0x58f1,
    0x58f3, 0x58f4, 0x58fa, 0x58fc, 0x5905, 0x5908, 0x591b, 0x591f,
    0x5921, 0x5923, 0x5924, 0x5926, 0x5927, 0x5938, 0x593c, 0x5949,
    0x5951, 0x5956, 0x5966, 0x5969, 0x597a, 0x5994, 0x5996, 0x599f,
    0x59b2, 0x59ba, 0x59d3, 0x59e1, 0x59e2, 0x59e9, 0x59ec, 0x5a01,
    0x5a09, 0x5a29, 0x5a70, 0x5a74, 0x5a75, 0x5a77, 0x5a78, 0x5a79,
    0x5a7d, 0x5a7f, 0x5a83, 0x5a84, 0x5a86, 0x5a89, 0x5a95, 0x5a9d,
    0x5aa1, 0x5aa3, 0x5aa5, 0x5aa7, 0x5aa8, 0x5aa9, 0x5aab, 0x5aac,
    0x5aaf, 0x5ab7, 0x5ab8, 0x5ab9, 0x5aba, 0x5abb, 0x5abc, 0x5abd,
    0x5abe, 0x5ac0, 0x5ac1, 0x5ac2, 0x5ac3, 0x5ac4, 0x5ac6, 0x5aca,
    0x5acb, 0x5ad0, 0x5ad3, 0x5ad4, 0x5ad5, 0x5ad6, 0x5ad9, 0x5add,
    0x5ade, 0x5adf, 0x5ae2, 0x5ae4, 0x5ae6, 0x5ae7, 0x5aec, 0x5af2,
    0x5af3, 0x5afd, 0x5afe, 0x5aff, 0x5b01, 0x5b05, 0x5b08, 0x5b18,
    0x5b19, 0x5b1a, 0x5b1b, 0x5b1c, 0x5b1f, 0x5b21, 0x5b24, 0x5b26,
    0x5b29, 0x5b2a, 0x5b2f, 0x5b31, 0x5b34, 0x5b36, 0x5b38, 0x5b3a,
    0x5b3d, 0x5b44, 0x5b51, 0x5b58, 0x5b5a, 0x5b5c, 0x5b5d, 0x5b5e,
    0x5b5f, 0x5b60, 0x5b61, 0x5b62, 0x5b65, 0x5b68, 0x5b69, 0x5b6a,
    0x5b6b, 0x5b6e, 0x5b6f, 0x5b71, 0x5b75, 0x5b7e, 0x5b80, 0x5b81,
    0x5b85, 0x5b8f, 0x5b91, 0x5b99, 0x5b9f, 0x5ba1, 0x5ba2, 0x5bb4,
    0x5bb6, 0x5bb7, 0x5bbb, 0x5bc9, 0x5bcd, 0x5bd3, 0x5bd8, 0x5c01,
    0x5c06, 0x5c0d, 0x5c10, 0x5c1b, 0x5c27, 0x5c2e, 0x5c34, 0x5c36,
    0x5c49, 0x5c4d, 0x5c6c, 0x5ced, 0x5cfd, 0x5cfe, 0x5d01, 0x5d02,
    0x5d05, 0x5d06, 0x5d07, 0x5d08, 0x5d09, 0x5d0b, 0x5d0e, 0x5d11,
    0x5d12, 0x5d14, 0x5d17, 0x5d1e, 0x5d21, 0x5d22, 0x5d23, 0x5d25,
    0x5d26, 0x5d28, 0x5d2c, 0x5d30, 0x5d35, 0x5d36, 0x5d38, 0x5d3a,
    0x5d3c, 0x5d3d, 0x5d46, 0x5d4d, 0x5d4e, 0x5d58, 0x5d5d, 0x5d65,
    0x5d6c, 0x5d74, 0x5d75, 0x5d82, 0x5d92, 0x5d93, 0x5d94, 0x5d96,
    0x5d98, 0x5d9b, 0x5d9c, 0x5d9d, 0x5d9f, 0x5da4, 0x5da6, 0x5da7,
    0x5daa, 0x5daf, 0x5db0, 0x5db3, 0x5db4, 0x5db5, 0x5db7, 0x5db9,
    0x5dbc, 0x5dbe, 0x5dbf, 0x5dc6, 0x5dc7, 0x5dcd, 0x5dd5, 0x5dd6,
    0x5dd7, 0x5dd8, 0x5de9, 0x5dea, 0x5df3, 0x5e16, 0x5e17, 0x5e1a,
    0x5e1f, 0x5e20, 0x5e22, 0x5e23, 0x5e24, 0x5e2a, 0x5e2f, 0x5e33,
    0x5e35, 0x5e3b, 0x5e3f, 0x5e40, 0x5e45, 0x5e46, 0x5e47, 0x5e4f,
    0x5e51, 0x5e59, 0x5e5a, 0x5e72, 0x5e73, 0x5e75, 0x5e82, 0x5e84,
    0x5e89, 0x5e8a, 0x5e8c, 0x5e8d, 0x5e90, 0x5e91, 0x5e99, 0x5e9b,
    0x5e9c, 0x5ea0, 0x5ea1, 0x5ea4, 0x5ea5, 0x5ea8, 0x5eaa, 0x5eab,
    0x5eb0, 0x5eb2, 0x5eb7, 0x5eb8, 0x5ec1, 0x5eca, 0x5ece, 0x5ed7,
    0x5edd, 0x5ee3, 0x5ee5, 0x5ee6, 0x5eec, 0x5eed, 0x5ef7, 0x5ef8,
    0x5ef9, 0x5f00, 0x5f07, 0x5f0b, 0x5f11, 0x5f15, 0x5f1d, 0x5f1f,
    0x5f20, 0x5f21, 0x5f2e, 0x5f32, 0x5f34, 0x5f35, 0x5f36, 0x5f3c,
    0x5f3d, 0x5f40, 0x5f45, 0x5f47, 0x5f48, 0x5f4a, 0x5f4f, 0x5f5b,
    0x5f63, 0x5f6b, 0x5f6d, 0x5f70, 0x5f72, 0x5f75, 0x5f82, 0x5f84,
    0x5f88, 0x5f89, 0x5f8c, 0x5f8d, 0x5f8f, 0x5f90, 0x5f93, 0x5f96,
    0x5f9c, 0x5fa4, 0x5fa9, 0x5fad, 0x5fb4, 0x5fbf, 0x5fc0, 0x5fc3,
    0x5fc6, 0x5fc8, 0x5fcc, 0x5fcf, 0x5fd2, 0x5fd4, 0x5fdc, 0x5fe5,
    0x5fea, 0x5feb, 0x5ff1, 0x5ff5, 0x5ffc, 0x6000, 0x6006, 0x6007,
    0x6008, 0x6009, 0x600b, 0x600d, 0x600f, 0x6010, 0x6013, 0x6016,
    0x6019, 0x6021, 0x6028, 0x6029, 0x602f, 0x6035, 0x603a, 0x603f,
    0x6044, 0x6047, 0x605f, 0x6068, 0x606c, 0x606e, 0x6075, 0x6082,
    0x6087, 0x6088, 0x6090, 0x6097, 0x60ab, 0x60ae, 0x60b4, 0x60c8,
    0x60de, 0x60e2, 0x60e8, 0x60ea, 0x60f2, 0x6106, 0x6128, 0x612f,
    0x6130, 0x6131, 0x6132, 0x6136, 0x6138, 0x613a, 0x614a, 0x6153,
    0x6154, 0x6157, 0x615f, 0x6160, 0x6161, 0x6167, 0x616b, 0x616d,
    0x616e, 0x6171, 0x6172, 0x6173, 0x6174, 0x6178, 0x617b, 0x6183,
    0x6187, 0x6189, 0x618b, 0x618c, 0x618d, 0x618e, 0x618f, 0x6190,
    0x6193, 0x6196, 0x6199, 0x619c, 0x619e, 0x619f, 0x61a0, 0x61a4,
    0x61aa, 0x61b1, 0x61b2, 0x61b3, 0x61b5, 0x61b6, 0x61b7, 0x61b8,
    0x61ba, 0x61bb, 0x61c0, 0x61c1, 0x61c2, 0x61c4, 0x61c5, 0x61cb,
    0x61cc, 0x61d1, 0x61d5, 0x61d9, 0x61dc, 0x61dd, 0x61e2, 0x61e4,
    0x61e5, 0x61e6, 0x61e7, 0x61e9, 0x61ec, 0x61ed, 0x61f0, 0x61f2,
    0x61f3, 0x61f4, 0x61f6, 0x61f7, 0x61f8, 0x61f9, 0x61fb, 0x61fc,
    0x61ff, 0x6202, 0x6203, 0x6205, 0x6206, 0x6207, 0x6208, 0x6209,
    0x620c, 0x620d, 0x620f, 0x6211, 0x6213, 0x6214, 0x6217, 0x621c,
    0x621e, 0x621f, 0x6221, 0x6222, 0x6227, 0x6229, 0x622e, 0x6231,
    0x6236, 0x623a, 0x623f, 0x6240, 0x6241, 0x6243, 0x6244, 0x6245,
    0x6248, 0x624a, 0x624b, 0x624f, 0x625a, 0x625d, 0x6262, 0x6265,
    0x6266, 0x6269, 0x626c, 0x626d, 0x626e, 0x626f, 0x6270, 0x6275,
    0x627e, 0x627f, 0x6281, 0x6282, 0x6283, 0x6287, 0x628e, 0x6296,
    0x6297, 0x629a, 0x629b, 0x62a0, 0x62a2, 0x62a8, 0x62a9, 0x62ac,
    0x62af, 0x62b0, 0x62b2, 0x62b6, 0x62b8, 0x62c0, 0x62c2, 0x62c5,
    0x62c7, 0x62c8, 0x62c9, 0x62ca, 0x62d0, 0x62d7, 0x62d8, 0x62da,
    0x62e9, 0x62ed, 0x62ef, 0x62f0, 0x62f2, 0x62f6, 0x6301, 0x6303,
    0x6309, 0x630a, 0x630d, 0x6314, 0x631d, 0x6320, 0x6321, 0x6322,
    0x6325, 0x632f, 0x6333, 0x6334, 0x633c, 0x633e, 0x634a, 0x634c,
    0x634d, 0x635a, 0x6364, 0x6366, 0x6367, 0x636a, 0x6374, 0x6378,
    0x6387, 0x6389, 0x6398, 0x6399, 0x63a7, 0x63b1, 0x63b2, 0x63b5,
    0x63be, 0x63c4, 0x63c9, 0x63cc, 0x63cd, 0x63ce, 0x63d0, 0x63d5,
    0x63dc, 0x63e2, 0x63e5, 0x63ed, 0x63ee, 0x63f2, 0x6406, 0x6420,
    0x6432, 0x6438, 0x644f, 0x6456, 0x6459, 0x645b, 0x645e, 0x645f,
    0x6465, 0x6468, 0x646c, 0x646f, 0x6471, 0x6479, 0x647b, 0x647e,
    0x6482, 0x6483, 0x6486, 0x648c, 0x6490, 0x6492, 0x6494, 0x6497,
    0x64a7, 0x64ab, 0x64b1, 0x64b7, 0x64b9, 0x64bc, 0x64bf, 0x64c4,
    0x64c5, 0x64c7, 0x64c9, 0x64cd, 0x64cf, 0x64d0, 0x64d9, 0x64dd,
    0x64e1, 0x64e5, 0x64eb, 0x64ef, 0x64f7, 0x6500, 0x6502, 0x6505,
    0x6506, 0x6507, 0x6508, 0x6509, 0x650c, 0x650d, 0x6511, 0x6516,
    0x6517, 0x651a, 0x6522, 0x6526, 0x652c, 0x652e, 0x652f, 0x6533,
    0x6534, 0x6539, 0x653f, 0x6540, 0x6545, 0x6547, 0x6548, 0x654d,
    0x654f, 0x6555, 0x655c, 0x655e, 0x6563, 0x656b, 0x656c, 0x6572,
    0x6573, 0x6575, 0x657a, 0x6584, 0x6586, 0x6588, 0x658e, 0x658f,
    0x6590, 0x6594, 0x6596, 0x659a, 0x659e, 0x65a2, 0x65a7, 0x65b1,
    0x65b6, 0x65b7, 0x65ce, 0x65d4, 0x65f9, 0x6612, 0x6614, 0x6619,
    0x661c, 0x661e, 0x661f, 0x6620, 0x6628, 0x6629, 0x662b, 0x662d,
    0x6637, 0x663b, 0x663d, 0x663f, 0x6646, 0x6648, 0x664a, 0x664b,
    0x664c, 0x664f, 0x6651, 0x6654, 0x6655, 0x665a, 0x665d, 0x6660,
    0x6662, 0x6663, 0x6666, 0x6668, 0x6669, 0x666e, 0x666f, 0x6670,
    0x6671, 0x6676, 0x667c, 0x667f, 0x6680, 0x6681, 0x6685, 0x6688,
    0x668d, 0x668f, 0x6690, 0x669e, 0x669f, 0x66a1, 0x66a4, 0x66a9,
    0x66b0, 0x66b5, 0x66b7, 0x66ba, 0x66bc, 0x66bd, 0x66c2, 0x66c3,
    0x66ca, 0x66cb, 0x66cf, 0x66d6, 0x66d7, 0x66e4, 0x66ef, 0x66f0,
    0x66f1, 0x66f2, 0x66f3, 0x66f4, 0x66fc, 0x6700, 0x6705, 0x670c,
    0x6711, 0x6713, 0x6714, 0x671f, 0x6725, 0x6727, 0x6728, 0x672b,
    0x672f, 0x6731, 0x6733, 0x6736, 0x6737, 0x6741, 0x674a, 0x6757,
    0x6758, 0x6759, 0x675c, 0x675d, 0x6762, 0x6763, 0x6765, 0x6766,
    0x6768, 0x676c, 0x6770, 0x6771, 0x6783, 0x6785, 0x6786, 0x6788,
    0x6789, 0x6796, 0x67a1, 0x67a5, 0x67a6, 0x67b7, 0x67c2, 0x67c6,
    0x67c7, 0x67c8, 0x67cd, 0x67cf, 0x67d0, 0x67d3, 0x67e0, 0x67e9,
    0x67eb, 0x67ed, 0x67f2, 0x67f5, 0x67f8, 0x67fa, 0x6800, 0x680e,
    0x6811, 0x6815, 0x681a, 0x6825, 0x682d, 0x682e, 0x6832, 0x684d,
    0x6850, 0x685f, 0x6874, 0x687a, 0x687e, 0x6883, 0x6897, 0x689c,
    0x68a2, 0x68a4, 0x68a6, 0x68b4, 0x68b5, 0x68bb, 0x68bc, 0x68c8,
    0x68d4, 0x68f0, 0x691d, 0x692a, 0x693f, 0x6941, 0x694a, 0x6951,
    0x6964, 0x6978, 0x6979, 0x6981, 0x6991, 0x69a0, 0x69b0, 0x69c9,
    0x69cc, 0x6a40, 0x6a41, 0x6a42, 0x6a43, 0x6a47, 0x6a52, 0x6a5a,
    0x6a5e, 0x6a67, 0x6a69, 0x6a6c, 0x6a82, 0x6a83, 0x6a84, 0x6a85,
    0x6a86, 0x6a87, 0x6a8a, 0x6a99, 0x6a9b, 0x6a9c, 0x6aa3, 0x6aa9,
    0x6aaa, 0x6aab, 0x6ab6, 0x6ad4, 0x6ad5, 0x6ad7, 0x6adf, 0x6ae1,
    0x6ae5, 0x6aed, 0x6aef, 0x6af2, 0x6af4, 0x6af5, 0x6af9, 0x6afb,
    0x6b01, 0x6b0b, 0x6b0f, 0x6b2f, 0x6b31, 0x6b33, 0x6b34, 0x6b3b,
    0x6b42, 0x6b47, 0x6b48, 0x6b4e, 0x6b4f, 0x6b54, 0x6b58, 0x6b61,
    0x6b62, 0x6b67, 0x6b69, 0x6b77, 0x6b7b, 0x6b7e, 0x6b7f, 0x6b80,
    0x6b81, 0x6b84, 0x6b8a, 0x6b90, 0x6b99, 0x6b9d, 0x6ba3, 0x6ba8,
    0x6ba9, 0x6bb0, 0x6bb9, 0x6bbb, 0x6bbf, 0x6bc1, 0x6bc5, 0x6bc6,
    0x6bc7, 0x6bca, 0x6bcb, 0x6bce, 0x6bd3, 0x6bd8, 0x6bd9, 0x6bdb,
    0x6bdc, 0x6bdd, 0x6bde, 0x6bdf, 0x6be4, 0x6be9, 0x6bea, 0x6bec,
    0x6bf5, 0x6bfb, 0x6bfe, 0x6c01, 0x6c02, 0x6c03, 0x6c05, 0x6c08,
    0x6c0a, 0x6c10, 0x6c13, 0x6c15, 0x6c1b, 0x6c1c, 0x6c1d, 0x6c21,
    0x6c2b, 0x6c32, 0x6c37, 0x6c3b, 0x6c3e, 0x6c45, 0x6c4a, 0x6c52,
    0x6c5b, 0x6c5c, 0x6c5d, 0x6c5e, 0x6c61, 0x6c65, 0x6c66, 0x6c67,
    0x6c6a, 0x6c6b, 0x6c6e, 0x6c71, 0x6c73, 0x6c79, 0x6c86, 0x6c89,
    0x6c8a, 0x6c8e, 0x6c94, 0x6c97, 0x6c98, 0x6ca2, 0x6ca8, 0x6ca9,
    0x6cac, 0x6cae, 0x6cb5, 0x6cbb, 0x6cbd, 0x6cc1, 0x6cc3, 0x6cc4,
    0x6cc6, 0x6cc7, 0x6cc8, 0x6cc9, 0x6cce, 0x6ccf, 0x6cd2, 0x6cd5,
    0x6ce0, 0x6ce6, 0x6ceb, 0x6cec, 0x6cf1, 0x6cf8, 0x6d01, 0x6d04,
    0x6d0b, 0x6d0e, 0x6d11, 0x6d13, 0x6d17, 0x6d19, 0x6d1b, 0x6d25,
    0x6d2a, 0x6d30, 0x6d34, 0x6d37, 0x6d40, 0x6d41, 0x6d43, 0x6d44,
    0x6d49, 0x6d4f, 0x6d52, 0x6d54, 0x6d58, 0x6d5a, 0x6d63, 0x6d76,
    0x6d78, 0x6d9e, 0x6d9f, 0x6da3, 0x6da5, 0x6da9, 0x6db0, 0x6dbc,
    0x6dc2, 0x6dca, 0x6dcf, 0x6dd6, 0x6dda, 0x6deb, 0x6df1, 0x6df3,
    0x6df4, 0x6dfa, 0x6dfe, 0x6e01, 0x6e04, 0x6e05, 0x6e08, 0x6e09,
    0x6e14, 0x6e22, 0x6e26, 0x6e2f, 0x6e33, 0x6e34, 0x6e40, 0x6e49,
    0x6e4b, 0x6e51, 0x6e5e, 0x6e78, 0x6e7c, 0x6e86, 0x6e8d, 0x6e8e,
    0x6e9a, 0x6ea4, 0x6ea8, 0x6eae, 0x6ebc, 0x6ec1, 0x6ed3, 0x6ee0,
    0x6ef2, 0x6f31, 0x6f6c, 0x6f8b, 0x6f8d, 0x6f8f, 0x6f90, 0x6f95,
    0x6f96, 0x6f98, 0x6f9c, 0x6f9e, 0x6f9f, 0x6fa9, 0x6faa, 0x6fae,
    0x6fb2, 0x6fb5, 0x6fcb, 0x6fcc, 0x6fcd, 0x6fce, 0x6fd8, 0x6fd9,
    0x6fdc, 0x6fe1, 0x6fe2, 0x6fe8, 0x6ff8, 0x6ff9, 0x6ffb, 0x6fff,
    0x7004, 0x7006, 0x7007, 0x700b, 0x700d, 0x7019, 0x702a, 0x7035,
    0x7039, 0x703a, 0x7046, 0x7050, 0x7056, 0x706c, 0x706e, 0x707e,
    0x7084, 0x7087, 0x708e, 0x70a4, 0x70aa, 0x70af, 0x70b4, 0x70b9,
    0x70bf, 0x70cc, 0x70e3, 0x70ee, 0x70f5, 0x7105, 0x7126, 0x714a,
    0x714c, 0x7151, 0x7155, 0x7156, 0x7157, 0x7158, 0x7159, 0x715d,
    0x7167, 0x7168, 0x716c, 0x716d, 0x7179, 0x717b, 0x7181, 0x7182,
    0x7187, 0x7189, 0x7192, 0x7195, 0x7199, 0x719a, 0x71a0, 0x71a1,
    0x71cc, 0x71cf, 0x71d6, 0x71d9, 0x71e2, 0x71e8, 0x71f0, 0x71f7,
    0x71fe, 0x7200, 0x7201, 0x720c, 0x720d, 0x720e, 0x7210, 0x7211,
    0x7218, 0x721c, 0x722e, 0x7236, 0x723b, 0x723c, 0x7249, 0x724a,
    0x724b, 0x724c, 0x724e, 0x7254, 0x725e, 0x725f, 0x72a4, 0x72a7,
    0x72a9, 0x72ab, 0x72b6, 0x72bb, 0x72c9, 0x72cb, 0x72cf, 0x72d0,
    0x72d2, 0x72d7, 0x72db, 0x72ea, 0x72ed, 0x7300, 0x730d, 0x7323,
    0x7325, 0x7326, 0x7329, 0x7330, 0x7342, 0x7353, 0x7354, 0x735c,
    0x737e, 0x737f, 0x7390, 0x73a3, 0x73c7, 0x73fc, 0x7402, 0x7403,
    0x7404, 0x7406, 0x740e, 0x7416, 0x7417, 0x7438, 0x743a, 0x743c,
    0x743f, 0x7445, 0x7448, 0x7449, 0x744b, 0x7450, 0x7451, 0x7452,
    0x7453, 0x7455, 0x7457, 0x7458, 0x745b, 0x7465, 0x746c, 0x746f,
    0x7474, 0x7479, 0x747c, 0x7485, 0x7486, 0x748a, 0x7494, 0x7498,
    0x74a6, 0x74af, 0x74b1, 0x74b7, 0x74b9, 0x74ba, 0x74bf, 0x74c4,
    0x74cb, 0x74ce, 0x74cf, 0x74d2, 0x74d9, 0x74dc, 0x74de, 0x74e5,
    0x74e7, 0x74ea, 0x74f2, 0x74f5, 0x74f8, 0x74fb, 0x7502, 0x750a,
    0x7510, 0x7514, 0x7519, 0x753f, 0x7544, 0x7546, 0x7549, 0x754a,
    0x754b, 0x7558, 0x755e, 0x756c, 0x757e, 0x7583, 0x759b, 0x759d,
    0x759e, 0x75a2, 0x75a4, 0x75a6, 0x75a7, 0x75ce, 0x75d1, 0x75df,
    0x75e5, 0x75e6, 0x75e8, 0x75ea, 0x75ef, 0x75f0, 0x75f1, 0x75f2,
    0x75f4, 0x75f6, 0x75f7, 0x75f8, 0x75fb, 0x75ff, 0x760e, 0x760f,
    0x7612, 0x7614, 0x7618, 0x7619, 0x761c, 0x761e, 0x7621, 0x7629,
    0x762b, 0x763f, 0x7640, 0x7648, 0x764f, 0x7656, 0x7657, 0x765c,
    0x7660, 0x7661, 0x767b, 0x7681, 0x7683, 0x7686, 0x768c, 0x7699,
    0x76a4, 0x76ae, 0x76b2, 0x76c7, 0x76ca, 0x76cc, 0x76cd, 0x76d3,
    0x76db, 0x76f7, 0x76fb, 0x7702, 0x7705, 0x7709, 0x770b, 0x770d,
    0x770e, 0x7713, 0x771e, 0x771f, 0x7721, 0x7722, 0x772c, 0x772d,
    0x7734, 0x7736, 0x773a, 0x7750, 0x7754, 0x7758, 0x775e, 0x7760,
    0x7765, 0x7775, 0x777d, 0x778b, 0x778c, 0x778e, 0x779c, 0x77a9,
    0x77ac, 0x77ad, 0x77ae, 0x77b1, 0x77b7, 0x77b8, 0x77bf, 0x77c7,
    0x77d0, 0x77d1, 0x77d3, 0x77d4, 0x77de, 0x77e1, 0x77e5, 0x77f5,
    0x7808, 0x7817, 0x781a, 0x7821, 0x785a, 0x785c, 0x785e, 0x7868,
    0x7876, 0x787d, 0x787e, 0x787f, 0x7880, 0x7885, 0x7888, 0x788d,
    0x7897, 0x7898, 0x78a0, 0x78a1, 0x78af, 0x78db, 0x78dd, 0x78de,
    0x78e0, 0x78e1, 0x78e3, 0x78e6, 0x78e9, 0x78eb, 0x78ed, 0x78f1,
    0x78f2, 0x78f5, 0x78f8, 0x78ff, 0x7904, 0x7906, 0x7907, 0x7909,
    0x790b, 0x790f, 0x7910, 0x7918, 0x791b, 0x791d, 0x7920, 0x792b,
    0x792d, 0x792e, 0x793a, 0x7940, 0x7953, 0x795b, 0x795c, 0x795d,
    0x795f, 0x7966, 0x7977, 0x7994, 0x7996, 0x7997, 0x799a, 0x799f,
    0x79a1, 0x79a3, 0x79a4, 0x79ad, 0x79b1, 0x79b2, 0x79b6, 0x79b7,
    0x79b8, 0x79bc, 0x79bd, 0x79bf, 0x79c5, 0x79df, 0x79eb, 0x79f6,
    0x79f9, 0x79fe, 0x79ff, 0x7a00, 0x7a03, 0x7a05, 0x7a0d, 0x7a0f,
    0x7a19, 0x7a1f, 0x7a26, 0x7a2b, 0x7a31, 0x7a34, 0x7a39, 0x7a3b,
    0x7a44, 0x7a46, 0x7a48, 0x7a4c, 0x7a5c, 0x7a69, 0x7a6b, 0x7a6f,
    0x7a70, 0x7a71, 0x7a72, 0x7a74, 0x7a76, 0x7a7b, 0x7a7d, 0x7a97,
    0x7a99, 0x7a9e, 0x7aa0, 0x7aad, 0x7ab5, 0x7ab7, 0x7ac1, 0x7ac9,
    0x7acb, 0x7acd, 0x7ad1, 0x7ae7, 0x7af3, 0x7af9, 0x7b01, 0x7b0e,
    0x7b11, 0x7b17, 0x7b27, 0x7b58, 0x7b5f, 0x7b6d, 0x7b93, 0x7b9b,
    0x7b9d, 0x7ba9, 0x7bb2, 0x7bb7, 0x7bb8, 0x7bbf, 0x7bc4, 0x7bc5,
    0x7bca, 0x7bce, 0x7bd1, 0x7bd9, 0x7bde, 0x7bea, 0x7bf5, 0x7bf6,
    0x7bf9, 0x7bfc, 0x7bff, 0x7c00, 0x7c0f, 0x7c1b, 0x7c2a, 0x7c40,
    0x7c42, 0x7c47, 0x7c4b, 0x7c4f, 0x7c8e, 0x7d61, 0x7dc0, 0x7dc2,
    0x7dc4, 0x7dc6, 0x7dc7, 0x7dca, 0x7dcb, 0x7dcc, 0x7dcf, 0x7dd1,
    0x7dd2, 0x7dd3, 0x7dd5, 0x7dd7, 0x7dd8, 0x7dd9, 0x7dda, 0x7ddd,
    0x7ddf, 0x7de3, 0x7de4, 0x7de5, 0x7de6, 0x7de7, 0x7de8, 0x7dea,
    0x7ded, 0x7dee, 0x7def, 0x7df1, 0x7df2, 0x7df3, 0x7df5, 0x7df8,
    0x7df9, 0x7dfc, 0x7dfd, 0x7dfe, 0x7dff, 0x7e02, 0x7e03, 0x7e07,
    0x7e09, 0x7e0a, 0x7e0d, 0x7e10, 0x7e13, 0x7e14, 0x7e15, 0x7e17,
    0x7e18, 0x7e1c, 0x7e1d, 0x7e1f, 0x7e20, 0x7e25, 0x7e26, 0x7e2e,
    0x7e33, 0x7e34, 0x7e35, 0x7e36, 0x7e38, 0x7e3a, 0x7e3d, 0x7e40,
    0x7e44, 0x7e48, 0x7e49, 0x7e4d, 0x7e50, 0x7e54, 0x7e58, 0x7e5a,
    0x7e70, 0x7e71, 0x7e75, 0x7e77, 0x7e7a, 0x7e82, 0x7e89, 0x7e8a,
    0x7e8e, 0x7e92, 0x7eaa, 0x7eae, 0x7eb4, 0x7ebe, 0x7ec1, 0x7ec4,
    0x7ed9, 0x7edd, 0x7ee1, 0x7ee5, 0x7eee, 0x7ef4, 0x7ef8, 0x7f00,
    0x7f09, 0x7f10, 0x7f1b, 0x7f1c, 0x7f20, 0x7f21, 0x7f23, 0x7f25,
    0x7f2c, 0x7f2d, 0x7f30, 0x7f35, 0x7f37, 0x7f39, 0x7f53, 0x7f58,
    0x7f5b, 0x7f5d, 0x7f5f, 0x7f62, 0x7f6a, 0x7f6b, 0x7f6c, 0x7f74,
    0x7f78, 0x7f7a, 0x7f8a, 0x7fa3, 0x7fa4, 0x7fa6, 0x7fa9, 0x7fab,
    0x7fac, 0x7fb6, 0x7fb8, 0x7fba, 0x7fbb, 0x7fbd, 0x7fc0, 0x7fc1,
    0x7fc2, 0x7fc4, 0x7fc5, 0x7fc9, 0x7fca, 0x7fce, 0x7fcf, 0x7fd2,
    0x7fd4, 0x7fda, 0x7fde, 0x7fdf, 0x7fe0, 0x7fe1, 0x7fe3, 0x7fe6,
    0x7fec, 0x7fee, 0x7ff6, 0x7ffa, 0x7ffc, 0x7ffe, 0x8001, 0x8007,
    0x800f, 0x8010, 0x8013, 0x8016, 0x8018, 0x801d, 0x8022, 0x8026,
    0x8029, 0x802a, 0x802f, 0x8030, 0x8031, 0x8033, 0x8036, 0x803a,
    0x804f, 0x8051, 0x8058, 0x805e, 0x806a, 0x806b, 0x806c, 0x8070,
    0x8074, 0x8075, 0x8085, 0x808e, 0x8090, 0x8099, 0x809a, 0x809b,
    0x809e, 0x809f, 0x80a0, 0x80aa, 0x80af, 0x80b8, 0x80bb, 0x80bc,
    0x80bd, 0x80c8, 0x80d3, 0x80e0, 0x80e2, 0x80ea, 0x8103, 0x810a,
    0x810d, 0x8113, 0x8114, 0x811c, 0x8120, 0x8125, 0x8126, 0x812c,
    0x812d, 0x8132, 0x8134, 0x813e, 0x813f, 0x814a, 0x814c, 0x8150,
    0x8151, 0x8155, 0x8156, 0x8157, 0x8159, 0x8167, 0x8178, 0x818f,
    0x8190, 0x8192, 0x8193, 0x819a, 0x819e, 0x81a2, 0x81ab, 0x81ad,
    0x81b2, 0x81b9, 0x81bc, 0x81bd, 0x81c5, 0x81c6, 0x81cc, 0x81cd,
    0x81cf, 0x81d1, 0x81d3, 0x81d9, 0x81dd, 0x81e7, 0x81ed, 0x81ef,
    0x81f4, 0x81f7, 0x81fb, 0x81fe, 0x81ff, 0x8205, 0x8206, 0x820b,
    0x8211, 0x8219, 0x8221, 0x8222, 0x8223, 0x8224, 0x8225, 0x8229,
    0x822e, 0x8247, 0x824b, 0x824c, 0x8254, 0x8255, 0x8256, 0x8258,
    0x8266, 0x8269, 0x8270, 0x8272, 0x8274, 0x827a, 0x827e, 0x8280,
    0x8281, 0x8283, 0x8284, 0x8287, 0x828f, 0x8297, 0x8298, 0x82a9,
    0x82cb, 0x82d1, 0x82d2, 0x82d7, 0x82d9, 0x82da, 0x82dd, 0x82e7,
    0x82ea, 0x82ec, 0x82fc, 0x8300, 0x8309, 0x8311, 0x8312, 0x8324,
    0x832c, 0x832d, 0x832e, 0x833d, 0x8344, 0x8345, 0x8347, 0x8348,
    0x835d, 0x8377, 0x837b, 0x8381, 0x8383, 0x838b, 0x838c, 0x8391,
    0x8395, 0x83a2, 0x83ab, 0x83b9, 0x83bc, 0x83d2, 0x83d8, 0x83df,
    0x83e4, 0x83e9, 0x83f6, 0x83fd, 0x840c, 0x8431, 0x8433, 0x8437,
    0x843a, 0x844b, 0x844c, 0x845c, 0x845d, 0x8469, 0x846a, 0x8494,
    0x849e, 0x84a4, 0x84a7, 0x84bb, 0x84ca, 0x84cf, 0x84ef, 0x84f0,
    0x84f5, 0x8504, 0x851b, 0x8531, 0x8558, 0x856e, 0x856f, 0x8570,
    0x8571, 0x857a, 0x858b, 0x8591, 0x8599, 0x859d, 0x859e, 0x85a0,
    0x85a1, 0x85a2, 0x85aa, 0x85ac, 0x85b3, 0x85b5, 0x85bc, 0x85c3,
    0x85c4, 0x85ca, 0x85cf, 0x85e0, 0x85e6, 0x85e7, 0x85e9, 0x85eb,
    0x85f4, 0x85f9, 0x85fb, 0x8604, 0x860e, 0x8619, 0x861e, 0x8620,
    0x8622, 0x8628, 0x8632, 0x8633, 0x8635, 0x8637, 0x8638, 0x863c,
    0x8641, 0x865b, 0x8667, 0x8669, 0x866c, 0x866e, 0x8677, 0x8679,
    0x8680, 0x8694, 0x8696, 0x86a3, 0x86ad, 0x86bf, 0x86da, 0x86e0,
    0x86e6, 0x86eb, 0x8719, 0x8735, 0x8742, 0x8760, 0x8765, 0x876c,
    0x876d, 0x8774, 0x8777, 0x8779, 0x8781, 0x8783, 0x8785, 0x8788,
    0x8789, 0x878b, 0x878c, 0x8790, 0x8797, 0x87a1, 0x87a4, 0x87ab,
    0x87ad, 0x87b2, 0x87b6, 0x87bc, 0x87cb, 0x87cd, 0x87d1, 0x87e1,
    0x87e2, 0x87e5, 0x87e6, 0x87e9, 0x87f5, 0x87f9, 0x8804, 0x8813,
    0x8818, 0x8819, 0x8822, 0x8830, 0x8832, 0x8845, 0x887f, 0x889f,
    0x88a1, 0x88a6, 0x88e1, 0x88e2, 0x88e4, 0x88e5, 0x88e6, 0x88e8,
    0x88e9, 0x88f2, 0x8903, 0x8906, 0x8920, 0x89a9, 0x89aa, 0x89b3,
    0x8a86, 0x8a8c, 0x8ac1, 0x8ac2, 0x8ac4, 0x8ac5, 0x8ac8, 0x8ac9,
    0x8acd, 0x8ace, 0x8acf, 0x8ad0, 0x8ad2, 0x8ad3, 0x8ad6, 0x8ad8,
    0x8ad9, 0x8ada, 0x8adc, 0x8add, 0x8ade, 0x8adf, 0x8ae0, 0x8ae1,
    0x8ae4, 0x8ae5, 0x8ae6, 0x8ae8, 0x8ae9, 0x8aea, 0x8aed, 0x8af1,
    0x8af5, 0x8af7, 0x8afa, 0x8afd, 0x8afe, 0x8b01, 0x8b02, 0x8b05,
    0x8b06, 0x8b0b, 0x8b0c, 0x8b0d, 0x8b0f, 0x8b11, 0x8b12, 0x8b14,
    0x8b15, 0x8b17, 0x8b18, 0x8b1a, 0x8b1b, 0x8b1d, 0x8b1e, 0x8b21,
    0x8b23, 0x8b25, 0x8b26, 0x8b28, 0x8b2a, 0x8b2b, 0x8b2d, 0x8b2e,
    0x8b30, 0x8b32, 0x8b33, 0x8b3a, 0x8b3c, 0x8b42, 0x8b43, 0x8b44,
    0x8b46, 0x8b48, 0x8b4c, 0x8b4d, 0x8b51, 0x8b54, 0x8b57, 0x8b61,
    0x8b66, 0x8b6c, 0x8b81, 0x8b8a, 0x8b8b, 0x8b99, 0x8b9a, 0x8bac,
    0x8c3d, 0x8c3e, 0x8c3f
};

static const uint16_t unicode_list_3[] = {
    0x0, 0x1, 0x4, 0x5, 0x6, 0x8, 0xa, 0xb,
    0xd, 0xe, 0xf, 0x10, 0x16, 0x17, 0x18, 0x1a,
    0x1b, 0x1c, 0x20, 0x22, 0x24, 0x26, 0x27, 0x2a,
    0x2c, 0x2d, 0x2e, 0x2f, 0x30, 0x32, 0x37, 0x3c,
    0x40, 0x41, 0x42, 0x43, 0x4d, 0x51, 0x56, 0x57,
    0x6b, 0x6f, 0x7f, 0x80, 0x8a, 0x8f, 0x97, 0x98,
    0x9d, 0xa7, 0xa9, 0xab, 0xb4, 0xb6, 0xbb, 0xbf,
    0xc1, 0xc3, 0xc6, 0xd6, 0xdb, 0xee, 0xf5, 0xf6,
    0xfd, 0x10e, 0x110, 0x114, 0x117, 0x132, 0x138, 0x139,
    0x13e, 0x14d, 0x15b, 0x177, 0x178, 0x17b, 0x17e, 0x186,
    0x232, 0x233, 0x234, 0x235, 0x238, 0x23a, 0x23b, 0x23c,
    0x240, 0x247, 0x249, 0x24b, 0x24f, 0x251, 0x252, 0x254,
    0x255, 0x25c, 0x25d, 0x25f, 0x261, 0x262, 0x265, 0x267,
    0x268, 0x26a, 0x26b, 0x26f, 0x274, 0x275, 0x277, 0x27c,
    0x27d, 0x285, 0x289, 0x28a, 0x28d, 0x28e, 0x290, 0x291,
    0x293, 0x294, 0x29a, 0x29c, 0x29d, 0x2a0, 0x2a4, 0x2a5,
    0x2a7, 0x2a8, 0x2a9, 0x2aa, 0x2ab, 0x2b5, 0x2b7, 0x2b9,
    0x2bc, 0x2c3, 0x2c5, 0x2c9, 0x2cc, 0x2cd, 0x2ce, 0x2cf,
    0x2d2, 0x2d5, 0x2d6, 0x2db, 0x2dc, 0x2de, 0x2e0, 0x2e3,
    0x2e6, 0x2e7, 0x2e9, 0x2ea, 0x2eb, 0x2ec, 0x2ee, 0x2fa,
    0x304, 0x307, 0x308, 0x30a, 0x30e, 0x313, 0x319, 0x31b,
    0x31c, 0x31f, 0x323, 0x32f, 0x331, 0x339, 0x33a, 0x341,
    0x34b, 0x34c, 0x35d, 0x35f, 0x36e, 0x36f, 0x372, 0x376,
    0x37a, 0x387, 0x38d, 0x396, 0x39a, 0x39d, 0x3b4, 0x3b9,
    0x3c9, 0x3e5, 0x418, 0x419, 0x41e, 0x423, 0x429, 0x42f,
    0x431, 0x436, 0x438, 0x43d, 0x441, 0x443, 0x444, 0x44b,
    0x453, 0x455, 0x457, 0x45e, 0x493, 0x496, 0x498, 0x499,
    0x49a, 0x49b, 0x49d, 0x540, 0x754, 0x755, 0x75f, 0x765,
    0x769, 0x76a, 0x76b, 0x76c, 0x76e, 0x771, 0x772, 0x773,
    0x775, 0x77a, 0x77d, 0x77f, 0x787, 0x78a, 0x78d, 0x78f,
    0x791, 0x792, 0x79c, 0x7a7, 0x7a8, 0x7a9, 0x7ad, 0x7af,
    0x7b9, 0x7be, 0x7c2, 0x7c4, 0x7c6, 0x7ca, 0x7cc, 0x7cd,
    0x7d0, 0x7d1, 0x7d4, 0x7d5, 0x7d7, 0x7d8, 0x7dc, 0x7e5,
    0x7e6, 0x7ed, 0x7ef, 0x7f0, 0x7f1, 0x7f2, 0x7f4, 0x7f9,
    0x7fa, 0x7fb, 0x7fc, 0x805, 0x807, 0x80c, 0x813, 0x816,
    0x81c, 0x828, 0x82f, 0x83c, 0x842, 0x84b, 0x8b4, 0x8b6,
    0x8b9, 0x8ba, 0x8bb, 0x8bc, 0x8be, 0x8c0, 0x8c3, 0x8c4,
    0x8c5, 0x8c6, 0x8c7, 0x8c9, 0x8cc, 0x8cd, 0x8d1, 0x8da,
    0x8dc, 0x8e0, 0x8eb, 0x8fd, 0x8fe, 0x8ff, 0x900, 0x901,
    0x902, 0x907, 0x90b, 0x910, 0x911, 0x912, 0x914, 0x917,
    0x918, 0x919, 0x91c, 0x921, 0x92d, 0x92e, 0x930, 0x934,
    0x935, 0x936, 0x941, 0x942, 0x943, 0x951, 0x952, 0x95b,
    0x95c, 0x960, 0x964, 0x965, 0x968, 0x973, 0x982, 0x98a,
    0x98c, 0x98d, 0x990, 0x991, 0x992, 0x993, 0x998, 0x99b,
    0x9a1, 0x9b4, 0x9b6, 0x9bf, 0x9c2, 0x9c3, 0x9c5, 0x9ca,
    0x9cc, 0x9d3, 0x9d5, 0x9d9, 0x9da, 0x9e8, 0x9ea, 0x9fe,
    0xa04, 0xa05, 0xa1e, 0xa22, 0xa25, 0xa2a, 0xa2c, 0xa2d,
    0xa2e, 0xa35, 0xa40, 0xa42, 0xa57, 0xa59, 0xa6c, 0xa79,
    0xab3, 0xab5, 0xab9, 0xabf, 0xac1, 0xb41, 0xb42, 0xb43,
    0xb45, 0xb46, 0xb47, 0xb49, 0xb4a, 0xb4b, 0xb4d, 0xb4e,
    0xb50, 0xb51, 0xb52, 0xb53, 0xb54, 0xb56, 0xb5d, 0xb5f,
    0xb62, 0xb63, 0xb64, 0xb68, 0xb69, 0xb6c, 0xb70, 0xb9a,
    0xb9e, 0xba4, 0xbaa, 0xbab, 0xbdc, 0xc31, 0xc39, 0xc3a,
    0xc3c, 0xc3d, 0xc3e, 0xc41, 0xc42, 0xc46, 0xc48, 0xc4b,
    0xc4d, 0xc51, 0xc52, 0xc54, 0xc57, 0xc59, 0xc5b, 0xc5e,
    0xc62, 0xc65, 0xd38, 0xd3a, 0xd3b, 0xd3c, 0xd3d, 0xd3f,
    0xd40, 0xd42, 0xd45, 0xd47, 0xd48, 0xd4a, 0xd4e, 0xd50,
    0xd52, 0xd53, 0xd58, 0xd5b, 0xd5d, 0xd63, 0xd66, 0xd6d,
    0xd70, 0xd74, 0xd9f, 0xda4, 0xddf, 0xe08, 0xe0d, 0xe0e,
    0xe10, 0xe1b, 0xe20, 0xf48, 0xf4d, 0xf68, 0xf70, 0xf77,
    0xf84, 0xf90, 0xf99, 0xfa2, 0xfaa, 0x10eb, 0x10ec, 0x10ed,
    0x10ef, 0x10f1, 0x10f2, 0x10f9, 0x10fb, 0x10ff, 0x1101, 0x1109,
    0x110b, 0x110f, 0x1111, 0x1115, 0x1116, 0x111b, 0x1130, 0x1132,
    0x113c, 0x114b, 0x1172, 0x1184, 0x1187, 0x1190, 0x1199, 0x119a,
    0x119d, 0x11a0, 0x11a4, 0x11da, 0x11df, 0x11ec, 0x1207, 0x121c,
    0x124b, 0x1250, 0x1265, 0x126b, 0x62ed, 0x62f2, 0x62f3, 0x62f4,
    0x6314, 0x6317, 0x6318, 0x6319, 0x631d, 0x631f, 0x6344, 0x6345,
    0x71cd, 0x71d4, 0x71d5, 0x71d8, 0x71e6, 0x71e7, 0x71eb
};

/*Collect the unicode lists and glyph_id offsets*/
static const lv_font_fmt_txt_cmap_t cmaps[] =
{
    {
        .range_start = 32, .range_length = 95, .glyph_id_start = 1,
        .unicode_list = NULL, .glyph_id_ofs_list = NULL, .list_length = 0, .type = LV_FONT_FMT_TXT_CMAP_FORMAT0_TINY
    },
    {
        .range_start = 224, .range_length = 35904, .glyph_id_start = 96,
        .unicode_list = unicode_list_1, .glyph_id_ofs_list = NULL, .list_length = 2979, .type = LV_FONT_FMT_TXT_CMAP_SPARSE_TINY
    },
    {
        .range_start = 36129, .range_length = 17, .glyph_id_start = 3075,
        .unicode_list = NULL, .glyph_id_ofs_list = NULL, .list_length = 0, .type = LV_FONT_FMT_TXT_CMAP_FORMAT0_TINY
    },
    {
        .range_start = 36148, .range_length = 29164, .glyph_id_start = 3092,
        .unicode_list = unicode_list_3, .glyph_id_ofs_list = NULL, .list_length = 543, .type = LV_FONT_FMT_TXT_CMAP_SPARSE_TINY
    }
};

/*-----------------
 *    KERNING
 *----------------*/


/*Map glyph_ids to kern left classes*/
static const uint8_t kern_left_class_mapping[] =
{
    0, 0, 0, 1, 2, 0, 0, 3,
    1, 4, 5, 6, 0, 7, 8, 7,
    9, 0, 0, 0, 0, 0, 0, 0,
    0, 0, 0, 10, 10, 0, 0, 0,
    11, 12, 13, 14, 15, 16, 17, 18,
    19, 20, 20, 21, 22, 23, 20, 24,
    25, 26, 25, 27, 28, 29, 30, 31,
    32, 33, 34, 35, 4, 36, 5, 0,
    37, 0, 38, 39, 40, 41, 42, 43,
    44, 45, 46, 47, 48, 41, 45, 45,
    39, 39, 49, 50, 51, 52, 53, 54,
    54, 55, 54, 56, 4, 0, 5, 0,
    38, 42, 38, 8, 0, 0, 0, 0,
    0, 0, 0, 0, 0, 0, 0, 0,
    0, 0, 0, 0, 0, 0, 0, 0,
    0, 0, 0, 0, 0, 0, 0, 0,
    0, 0, 0, 0, 0, 0, 0, 0,
    0, 0, 0, 0, 0, 0, 0, 0,
    0, 0, 0, 0, 0, 0, 0, 0,
    0, 0, 0, 0, 0, 0, 0, 0,
    0, 0, 0, 0, 0, 0, 0, 0,
    0, 0, 0, 0, 0, 0, 0, 0,
    0, 0, 0, 0, 0, 0, 0, 0,
    0, 0, 0, 0, 0, 0, 0, 0,
    0, 0, 0, 0, 0, 0, 0, 0,
    0, 0, 0, 0, 0, 0, 0, 0,
    0, 0, 0, 0, 0, 0, 0, 0,
    0, 0, 0, 0, 0, 0, 0, 0,
    0, 0, 0, 0, 0, 0, 0, 0,
    0, 0, 0, 0, 0, 0, 0, 0,
    0, 0, 0, 0, 0, 0, 0, 0,
    0, 0, 0, 0, 0, 0, 0, 0,
    0, 0, 0, 0, 0, 0, 0, 0,
    0, 0, 0, 0, 0, 0, 0, 0,
    0, 0, 0, 0, 0, 0, 0, 0,
    0, 0, 0, 0, 0, 0, 0, 0,
    0, 0, 0, 0, 0, 0, 0, 0,
    0, 0, 0, 0, 0, 0, 0, 0,
    0, 0, 0, 0, 0, 0, 0, 0,
    0, 0, 0, 0, 0, 0, 0, 0,
    0, 0, 0, 0, 0, 0, 0, 0,
    0, 0, 0, 0, 0, 0, 0, 0,
    0, 0, 0, 0, 0, 0, 0, 0,
    0, 0, 0, 0, 0, 0, 0, 0,
    0, 0, 0, 0, 0, 0, 0, 0,
    0, 0, 0, 0, 0, 0, 0, 0,
    0, 0, 0, 0, 0, 0, 0, 0,
    0, 0, 0, 0, 0, 0, 0, 0,
    0, 0, 0, 0, 0, 0, 0, 0,
    0, 0, 0, 0, 0, 0, 0, 0,
    0, 0, 0, 0, 0, 0, 0, 0,
    0, 0, 0, 0, 0, 0, 0, 0,
    0, 0, 0, 0, 0, 0, 0, 0,
    0, 0, 0, 0, 0, 0, 0, 0,
    0, 0, 0, 0, 0, 0, 0, 0,
    0, 0, 0, 0, 0, 0, 0, 0,
    0, 0, 0, 0, 0, 0, 0, 0,
    0, 0, 0, 0, 0, 0, 0, 0,
    0, 0, 0, 0, 0, 0, 0, 0,
    0, 0, 0, 0, 0, 0, 0, 0,
    0, 0, 0, 0, 0, 0, 0, 0,
    0, 0, 0, 0, 0, 0, 0, 0,
    0, 0, 0, 0, 0, 0, 0, 0,
    0, 0, 0, 0, 0, 0, 0, 0,
    0, 0, 0, 0, 0, 0, 0, 0,
    0, 0, 0, 0, 0, 0, 0, 0,
    0, 0, 0, 0, 0, 0, 0, 0,
    0, 0, 0, 0, 0, 0, 0, 0,
    0, 0, 0, 0, 0, 0, 0, 0,
    0, 0, 0, 0, 0, 0, 0, 0,
    0, 0, 0, 0, 0, 0, 0, 0,
    0, 0, 0, 0, 0, 0, 0, 0,
    0, 0, 0, 0, 0, 0, 0, 0,
    0, 0, 0, 0, 0, 0, 0, 0,
    0, 0, 0, 0, 0, 0, 0, 0,
    0, 0, 0, 0, 0, 0, 0, 0,
    0, 0, 0, 0, 0, 0, 0, 0,
    0, 0, 0, 0, 0, 0, 0, 0,
    0, 0, 0, 0, 0, 0, 0, 0,
    0, 0, 0, 0, 0, 0, 0, 0,
    0, 0, 0, 0, 0, 0, 0, 0,
    0, 0, 0, 0, 0, 0, 0, 0,
    0, 0, 0, 0, 0, 0, 0, 0,
    0, 0, 0, 0, 0, 0, 0, 0,
    0, 0, 0, 0, 0, 0, 0, 0,
    0, 0, 0, 0, 0, 0, 0, 0,
    0, 0, 0, 0, 0, 0, 0, 0,
    0, 0, 0, 0, 0, 0, 0, 0,
    0, 0, 0, 0, 0, 0, 0, 0,
    0, 0, 0, 0, 0, 0, 0, 0,
    0, 0, 0, 0, 0, 0, 0, 0,
    0, 0, 0, 0, 0, 0, 0, 0,
    0, 0, 0, 0, 0, 0, 0, 0,
    0, 0, 0, 0, 0, 0, 0, 0,
    0, 0, 0, 0, 0, 0, 0, 0,
    0, 0, 0, 0, 0, 0, 0, 0,
    0, 0, 0, 0, 0, 0, 0, 0,
    0, 0, 0, 0, 0, 0, 0, 0,
    0, 0, 0, 0, 0, 0, 0, 0,
    0, 0, 0, 0, 0, 0, 0, 0,
    0, 0, 0, 0, 0, 0, 0, 0,
    0, 0, 0, 0, 0, 0, 0, 0,
    0, 0, 0, 0, 0, 0, 0, 0,
    0, 0, 0, 0, 0, 0, 0, 0,
    0, 0, 0, 0, 0, 0, 0, 0,
    0, 0, 0, 0, 0, 0, 0, 0,
    0, 0, 0, 0, 0, 0, 0, 0,
    0, 0, 0, 0, 0, 0, 0, 0,
    0, 0, 0, 0, 0, 0, 0, 0,
    0, 0, 0, 0, 0, 0, 0, 0,
    0, 0, 0, 0, 0, 0, 0, 0,
    0, 0, 0, 0, 0, 0, 0, 0,
    0, 0, 0, 0, 0, 0, 0, 0,
    0, 0, 0, 0, 0, 0, 0, 0,
    0, 0, 0, 0, 0, 0, 0, 0,
    0, 0, 0, 0, 0, 0, 0, 0,
    0, 0, 0, 0, 0, 0, 0, 0,
    0, 0, 0, 0, 0, 0, 0, 0,
    0, 0, 0, 0, 0, 0, 0, 0,
    0, 0, 0, 0, 0, 0, 0, 0,
    0, 0, 0, 0, 0, 0, 0, 0,
    0, 0, 0, 0, 0, 0, 0, 0,
    0, 0, 0, 0, 0, 0, 0, 0,
    0, 0, 0, 0, 0, 0, 0, 0,
    0, 0, 0, 0, 0, 0, 0, 0,
    0, 0, 0, 0, 0, 0, 0, 0,
    0, 0, 0, 0, 0, 0, 0, 0,
    0, 0, 0, 0, 0, 0, 0, 0,
    0, 0, 0, 0, 0, 0, 0, 0,
    0, 0, 0, 0, 0, 0, 0, 0,
    0, 0, 0, 0, 0, 0, 0, 0,
    0, 0, 0, 0, 0, 0, 0, 0,
    0, 0, 0, 0, 0, 0, 0, 0,
    0, 0, 0, 0, 0, 0, 0, 0,
    0, 0, 0, 0, 0, 0, 0, 0,
    0, 0, 0, 0, 0, 0, 0, 0,
    0, 0, 0, 0, 0, 0, 0, 0,
    0, 0, 0, 0, 0, 0, 0, 0,
    0, 0, 0, 0, 0, 0, 0, 0,
    0, 0, 0, 0, 0, 0, 0, 0,
    0, 0, 0, 0, 0, 0, 0, 0,
    0, 0, 0, 0, 0, 0, 0, 0,
    0, 0, 0, 0, 0, 0, 0, 0,
    0, 0, 0, 0, 0, 0, 0, 0,
    0, 0, 0, 0, 0, 0, 0, 0,
    0, 0, 0, 0, 0, 0, 0, 0,
    0, 0, 0, 0, 0, 0, 0, 0,
    0, 0, 0, 0, 0, 0, 0, 0,
    0, 0, 0, 0, 0, 0, 0, 0,
    0, 0, 0, 0, 0, 0, 0, 0,
    0, 0, 0, 0, 0, 0, 0, 0,
    0, 0, 0, 0, 0, 0, 0, 0,
    0, 0, 0, 0, 0, 0, 0, 0,
    0, 0, 0, 0, 0, 0, 0, 0,
    0, 0, 0, 0, 0, 0, 0, 0,
    0, 0, 0, 0, 0, 0, 0, 0,
    0, 0, 0, 0, 0, 0, 0, 0,
    0, 0, 0, 0, 0, 0, 0, 0,
    0, 0, 0, 0, 0, 0, 0, 0,
    0, 0, 0, 0, 0, 0, 0, 0,
    0, 0, 0, 0, 0, 0, 0, 0,
    0, 0, 0, 0, 0, 0, 0, 0,
    0, 0, 0, 0, 0, 0, 0, 0,
    0, 0, 0, 0, 0, 0, 0, 0,
    0, 0, 0, 0, 0, 0, 0, 0,
    0, 0, 0, 0, 0, 0, 0, 0,
    0, 0, 0, 0, 0, 0, 0, 0,
    0, 0, 0, 0, 0, 0, 0, 0,
    0, 0, 0, 0, 0, 0, 0, 0,
    0, 0, 0, 0, 0, 0, 0, 0,
    0, 0, 0, 0, 0, 0, 0, 0,
    0, 0, 0, 0, 0, 0, 0, 0,
    0, 0, 0, 0, 0, 0, 0, 0,
    0, 0, 0, 0, 0, 0, 0, 0,
    0, 0, 0, 0, 0, 0, 0, 0,
    0, 0, 0, 0, 0, 0, 0, 0,
    0, 0, 0, 0, 0, 0, 0, 0,
    0, 0, 0, 0, 0, 0, 0, 0,
    0, 0, 0, 0, 0, 0, 0, 0,
    0, 0, 0, 0, 0, 0, 0, 0,
    0, 0, 0, 0, 0, 0, 0, 0,
    0, 0, 0, 0, 0, 0, 0, 0,
    0, 0, 0, 0, 0, 0, 0, 0,
    0, 0, 0, 0, 0, 0, 0, 0,
    0, 0, 0, 0, 0, 0, 0, 0,
    0, 0, 0, 0, 0, 0, 0, 0,
    0, 0, 0, 0, 0, 0, 0, 0,
    0, 0, 0, 0, 0, 0, 0, 0,
    0, 0, 0, 0, 0, 0, 0, 0,
    0, 0, 0, 0, 0, 0, 0, 0,
    0, 0, 0, 0, 0, 0, 0, 0,
    0, 0, 0, 0, 0, 0, 0, 0,
    0, 0, 0, 0, 0, 0, 0, 0,
    0, 0, 0, 0, 0, 0, 0, 0,
    0, 0, 0, 0, 0, 0, 0, 0,
    0, 0, 0, 0, 0, 0, 0, 0,
    0, 0, 0, 0, 0, 0, 0, 0,
    0, 0, 0, 0, 0, 0, 0, 0,
    0, 0, 0, 0, 0, 0, 0, 0,
    0, 0, 0, 0, 0, 0, 0, 0,
    0, 0, 0, 0, 0, 0, 0, 0,
    0, 0, 0, 0, 0, 0, 0, 0,
    0, 0, 0, 0, 0, 0, 0, 0,
    0, 0, 0, 0, 0, 0, 0, 0,
    0, 0, 0, 0, 0, 0, 0, 0,
    0, 0, 0, 0, 0, 0, 0, 0,
    0, 0, 0, 0, 0, 0, 0, 0,
    0, 0, 0, 0, 0, 0, 0, 0,
    0, 0, 0, 0, 0, 0, 0, 0,
    0, 0, 0, 0, 0, 0, 0, 0,
    0, 0, 0, 0, 0, 0, 0, 0,
    0, 0, 0, 0, 0, 0, 0, 0,
    0, 0, 0, 0, 0, 0, 0, 0,
    0, 0, 0, 0, 0, 0, 0, 0,
    0, 0, 0, 0, 0, 0, 0, 0,
    0, 0, 0, 0, 0, 0, 0, 0,
    0, 0, 0, 0, 0, 0, 0, 0,
    0, 0, 0, 0, 0, 0, 0, 0,
    0, 0, 0, 0, 0, 0, 0, 0,
    0, 0, 0, 0, 0, 0, 0, 0,
    0, 0, 0, 0, 0, 0, 0, 0,
    0, 0, 0, 0, 0, 0, 0, 0,
    0, 0, 0, 0, 0, 0, 0, 0,
    0, 0, 0, 0, 0, 0, 0, 0,
    0, 0, 0, 0, 0, 0, 0, 0,
    0, 0, 0, 0, 0, 0, 0, 0,
    0, 0, 0, 0, 0, 0, 0, 0,
    0, 0, 0, 0, 0, 0, 0, 0,
    0, 0, 0, 0, 0, 0, 0, 0,
    0, 0, 0, 0, 0, 0, 0, 0,
    0, 0, 0, 0, 0, 0, 0, 0,
    0, 0, 0, 0, 0, 0, 0, 0,
    0, 0, 0, 0, 0, 0, 0, 0,
    0, 0, 0, 0, 0, 0, 0, 0,
    0, 0, 0, 0, 0, 0, 0, 0,
    0, 0, 0, 0, 0, 0, 0, 0,
    0, 0, 0, 0, 0, 0, 0, 0,
    0, 0, 0, 0, 0, 0, 0, 0,
    0, 0, 0, 0, 0, 0, 0, 0,
    0, 0, 0, 0, 0, 0, 0, 0,
    0, 0, 0, 0, 0, 0, 0, 0,
    0, 0, 0, 0, 0, 0, 0, 0,
    0, 0, 0, 0, 0, 0, 0, 0,
    0, 0, 0, 0, 0, 0, 0, 0,
    0, 0, 0, 0, 0, 0, 0, 0,
    0, 0, 0, 0, 0, 0, 0, 0,
    0, 0, 0, 0, 0, 0, 0, 0,
    0, 0, 0, 0, 0, 0, 0, 0,
    0, 0, 0, 0, 0, 0, 0, 0,
    0, 0, 0, 0, 0, 0, 0, 0,
    0, 0, 0, 0, 0, 0, 0, 0,
    0, 0, 0, 0, 0, 0, 0, 0,
    0, 0, 0, 0, 0, 0, 0, 0,
    0, 0, 0, 0, 0, 0, 0, 0,
    0, 0, 0, 0, 0, 0, 0, 0,
    0, 0, 0, 0, 0, 0, 0, 0,
    0, 0, 0, 0, 0, 0, 0, 0,
    0, 0, 0, 0, 0, 0, 0, 0,
    0, 0, 0, 0, 0, 0, 0, 0,
    0, 0, 0, 0, 0, 0, 0, 0,
    0, 0, 0, 0, 0, 0, 0, 0,
    0, 0, 0, 0, 0, 0, 0, 0,
    0, 0, 0, 0, 0, 0, 0, 0,
    0, 0, 0, 0, 0, 0, 0, 0,
    0, 0, 0, 0, 0, 0, 0, 0,
    0, 0, 0, 0, 0, 0, 0, 0,
    0, 0, 0, 0, 0, 0, 0, 0,
    0, 0, 0, 0, 0, 0, 0, 0,
    0, 0, 0, 0, 0, 0, 0, 0,
    0, 0, 0, 0, 0, 0, 0, 0,
    0, 0, 0, 0, 0, 0, 0, 0,
    0, 0, 0, 0, 0, 0, 0, 0,
    0, 0, 0, 0, 0, 0, 0, 0,
    0, 0, 0, 0, 0, 0, 0, 0,
    0, 0, 0, 0, 0, 0, 0, 0,
    0, 0, 0, 0, 0, 0, 0, 0,
    0, 0, 0, 0, 0, 0, 0, 0,
    0, 0, 0, 0, 0, 0, 0, 0,
    0, 0, 0, 0, 0, 0, 0, 0,
    0, 0, 0, 0, 0, 0, 0, 0,
    0, 0, 0, 0, 0, 0, 0, 0,
    0, 0, 0, 0, 0, 0, 0, 0,
    0, 0, 0, 0, 0, 0, 0, 0,
    0, 0, 0, 0, 0, 0, 0, 0,
    0, 0, 0, 0, 0, 0, 0, 0,
    0, 0, 0, 0, 0, 0, 0, 0,
    0, 0, 0, 0, 0, 0, 0, 0,
    0, 0, 0, 0, 0, 0, 0, 0,
    0, 0, 0, 0, 0, 0, 0, 0,
    0, 0, 0, 0, 0, 0, 0, 0,
    0, 0, 0, 0, 0, 0, 0, 0,
    0, 0, 0, 0, 0, 0, 0, 0,
    0, 0, 0, 0, 0, 0, 0, 0,
    0, 0, 0, 0, 0, 0, 0, 0,
    0, 0, 0, 0, 0, 0, 0, 0,
    0, 0, 0, 0, 0, 0, 0, 0,
    0, 0, 0, 0, 0, 0, 0, 0,
    0, 0, 0, 0, 0, 0, 0, 0,
    0, 0, 0, 0, 0, 0, 0, 0,
    0, 0, 0, 0, 0, 0, 0, 0,
    0, 0, 0, 0, 0, 0, 0, 0,
    0, 0, 0, 0, 0, 0, 0, 0,
    0, 0, 0, 0, 0, 0, 0, 0,
    0, 0, 0, 0, 0, 0, 0, 0,
    0, 0, 0, 0, 0, 0, 0, 0,
    0, 0, 0, 0, 0, 0, 0, 0,
    0, 0, 0, 0, 0, 0, 0, 0,
    0, 0, 0, 0, 0, 0, 0, 0,
    0, 0, 0, 0, 0, 0, 0, 0,
    0, 0, 0, 0, 0, 0, 0, 0,
    0, 0, 0, 0, 0, 0, 0, 0,
    0, 0, 0, 0, 0, 0, 0, 0,
    0, 0, 0, 0, 0, 0, 0, 0,
    0, 0, 0, 0, 0, 0, 0, 0,
    0, 0, 0, 0, 0, 0, 0, 0,
    0, 0, 0, 0, 0, 0, 0, 0,
    0, 0, 0, 0, 0, 0, 0, 0,
    0, 0, 0, 0, 0, 0, 0, 0,
    0, 0, 0, 0, 0, 0, 0, 0,
    0, 0, 0, 0, 0, 0, 0, 0,
    0, 0, 0, 0, 0, 0, 0, 0,
    0, 0, 0, 0, 0, 0, 0, 0,
    0, 0, 0, 0, 0, 0, 0, 0,
    0, 0, 0, 0, 0, 0, 0, 0,
    0, 0, 0, 0, 0, 0, 0, 0,
    0, 0, 0, 0, 0, 0, 0, 0,
    0, 0, 0, 0, 0, 0, 0, 0,
    0, 0, 0, 0, 0, 0, 0, 0,
    0, 0, 0, 0, 0, 0, 0, 0,
    0, 0, 0, 0, 0, 0, 0, 0,
    0, 0, 0, 0, 0, 0, 0, 0,
    0, 0, 0, 0, 0, 0, 0, 0,
    0, 0, 0, 0, 0, 0, 0, 0,
    0, 0, 0, 0, 0, 0, 0, 0,
    0, 0, 0, 0, 0, 0, 0, 0,
    0, 0, 0, 0, 0, 0, 0, 0,
    0, 0, 0, 0, 0, 0, 0, 0,
    0, 0, 0, 0, 0, 0, 0, 0,
    0, 0, 0, 0, 0, 0, 0, 0,
    0, 0, 0, 0, 0, 0, 0, 0,
    0, 0, 0, 0, 0, 0, 0, 0,
    0, 0, 0, 0, 0, 0, 0, 0,
    0, 0, 0, 0, 0, 0, 0, 0,
    0, 0, 0, 0, 0, 0, 0, 0,
    0, 0, 0, 0, 0, 0, 0, 0,
    0, 0, 0, 0, 0, 0, 0, 0,
    0, 0, 0, 0, 0, 0, 0, 0,
    0, 0, 0, 0, 0, 0, 0, 0,
    0, 0, 0, 0, 0, 0, 0, 0,
    0, 0, 0, 0, 0, 0, 0, 0,
    0, 0, 0, 0, 0, 0, 0, 0,
    0, 0, 0, 0, 0, 0, 0, 0,
    0, 0, 0, 0, 0, 0, 0, 0,
    0, 0, 0, 0, 0, 0, 0, 0,
    0, 0, 0, 0, 0, 0, 0, 0,
    0, 0, 0, 0, 0, 0, 0, 0,
    0, 0, 0, 0, 0, 0, 0, 0,
    0, 0, 0, 0, 0, 0, 0, 0,
    0, 0, 0, 0, 0, 0, 0, 0,
    0, 0, 0, 0, 0, 0, 0, 0,
    0, 0, 0, 0, 0, 0, 0, 0,
    0, 0, 0, 0, 0, 0, 0, 0,
    0, 0, 0, 0, 0, 0, 0, 0,
    0, 0, 0, 0, 0, 0, 0, 0,
    0, 0, 0, 0, 0, 0, 0, 0,
    0, 0, 0, 0, 0, 0, 0, 0,
    0, 0, 0, 0, 0, 0, 0, 0,
    0, 0, 0, 0, 0, 0, 0, 0,
    0, 0, 0, 0, 0, 0, 0, 0,
    0, 0, 0, 0, 0, 0, 0, 0,
    0, 0, 0, 0, 0, 0, 0, 0,
    0, 0, 0, 0, 0, 0, 0, 0,
    0, 0, 0, 0, 0, 0, 0, 0,
    0, 0, 0, 0, 0, 0, 0, 0,
    0, 0, 0, 0, 0, 0, 0, 0,
    0, 0, 0, 0, 0, 0, 0, 0,
    0, 0, 0, 0, 0, 0, 0, 0,
    0, 0, 0, 0, 0, 0, 0, 0,
    0, 0, 0, 0, 0, 0, 0, 0,
    0, 0, 0, 0, 0, 0, 0, 0,
    0, 0, 0, 0, 0, 0, 0, 0,
    0, 0, 0, 0, 0, 0, 0, 0,
    0, 0, 0, 0, 0, 0, 0, 0,
    0, 0, 0, 0, 0, 0, 0, 0,
    0, 0, 0, 0, 0, 0, 0, 0,
    0, 0, 0, 0, 0, 0, 0, 0,
    0, 0, 0, 0, 0, 0, 0, 0,
    0, 0, 0, 0, 0, 0, 0, 0,
    0, 0, 0, 0, 0, 0, 0, 0,
    0, 0, 0, 0, 0, 0, 0, 0,
    0, 0, 0, 0, 0, 0, 0, 0,
    0, 0, 0, 0, 0, 0, 0, 0,
    0, 0, 0, 0, 0, 0, 0, 0,
    0, 0, 0, 0, 0, 0, 0, 0,
    0, 0, 0, 0, 0, 0, 0, 0,
    0, 0, 0, 0, 0, 0, 0, 0,
    0, 0, 0, 0, 0, 0, 0, 0,
    0, 0, 0, 0, 0, 0, 0, 0,
    0, 0, 0, 0, 0, 0, 0, 0,
    0, 0, 0, 0, 0, 0, 0, 0,
    0, 0, 0, 0, 0, 0, 0, 0,
    0, 0, 0, 0, 0, 0, 0, 0,
    0, 0, 0, 0, 0, 0, 0, 0,
    0, 0, 0, 0, 0, 0, 0, 0,
    0, 0, 0, 0, 0, 0, 0, 0,
    0, 0, 0, 0, 0, 0, 0, 0,
    0, 0, 0, 0, 0, 0, 0, 0,
    0, 0, 0, 0, 0, 0, 0, 0,
    0, 0, 0, 0, 0, 0, 0, 0,
    0, 0, 0, 0, 0, 0, 0, 0,
    0, 0, 0, 0, 0, 0, 0, 0,
    0, 0, 0, 0, 0, 0, 0, 0,
    0, 0, 0, 0, 0, 0, 0, 0,
    0, 0, 0, 0, 0, 0, 0, 0,
    0, 0, 0, 0, 0, 0, 0, 0,
    0, 0, 0, 0, 0, 0, 0, 0,
    0, 0, 0, 0, 0, 0, 0, 0,
    0, 0, 0, 0, 0, 0, 0, 0,
    0, 0, 0, 0, 0, 0, 0, 0,
    0, 0, 0, 0, 0, 0, 0, 0,
    0, 0, 0, 0, 0, 0, 0, 0,
    0, 0, 0, 0, 0, 0, 0, 0,
    0, 0, 0, 0, 0, 0, 0, 0,
    0, 0, 0, 0, 0, 0, 0, 0,
    0, 0, 0, 0, 0, 0, 0, 0,
    0, 0, 0, 0, 0, 0, 0, 0,
    0, 0, 0, 0, 0, 0, 0, 0,
    0, 0, 0, 0, 0, 0, 0, 0,
    0, 0, 0, 0, 0, 0, 0, 0,
    0, 0, 0, 0, 0, 0, 0, 0,
    0, 0, 0, 0, 0, 0, 0, 0,
    0, 0, 0, 0, 0, 0, 0, 0,
    0, 0, 0, 0, 0, 0, 0, 0,
    0, 0, 0, 0, 0, 0, 0, 0,
    0, 0, 0, 0, 0, 0, 0, 0,
    0, 0, 0, 0, 0, 0, 0, 0,
    0, 0, 0, 0, 0, 0, 0, 0,
    0, 0, 0, 0, 0, 0, 0, 0,
    0, 0, 0, 0, 0, 0, 0, 0,
    0, 0, 0, 0, 0, 0, 0, 0,
    0, 0, 0, 0, 0, 0, 0, 0,
    0, 0, 0, 0, 0, 0, 0, 0,
    0, 0, 0, 0, 0, 0, 0, 0,
    0, 0, 0, 0, 0, 0, 0, 0,
    0, 0, 0, 0, 0, 0, 0, 0,
    0, 0, 0, 0, 0, 0, 0, 0,
    0, 0, 0, 0, 0, 0, 0, 0,
    0, 0, 0, 0, 0, 0, 0, 0,
    0, 0, 0, 0, 0, 0, 0, 0,
    0, 0, 0, 0, 0, 0, 0, 0,
    0, 0, 0, 0, 0, 0, 0, 0,
    0, 0, 0, 0, 0, 0, 0, 0,
    0, 0, 0, 0, 0, 0, 0, 0,
    0, 0, 0, 0, 0, 0, 0, 0,
    0, 0, 0
};

/*Map glyph_ids to kern right classes*/
static const uint8_t kern_right_class_mapping[] =
{
    0, 0, 1, 2, 3, 0, 0, 4,
    2, 5, 6, 7, 0, 8, 9, 10,
    11, 0, 0, 0, 0, 0, 0, 0,
    0, 0, 0, 12, 13, 0, 0, 0,
    14, 15, 16, 17, 18, 17, 17, 17,
    18, 17, 17, 19, 17, 17, 20, 20,
    18, 17, 18, 17, 21, 22, 23, 24,
    25, 26, 27, 28, 5, 29, 6, 0,
    30, 0, 31, 32, 33, 33, 33, 34,
    35, 32, 36, 37, 32, 32, 38, 38,
    33, 39, 33, 38, 40, 41, 42, 43,
    43, 44, 45, 46, 5, 0, 6, 0,
    31, 31, 31, 9, 0, 0, 0, 0,
    0, 0, 0, 0, 0, 0, 0, 0,
    0, 0, 0, 0, 0, 0, 0, 0,
    0, 0, 0, 0, 0, 0, 0, 0,
    0, 0, 0, 0, 0, 0, 0, 0,
    0, 0, 0, 0, 0, 0, 0, 0,
    0, 0, 0, 0, 0, 0, 0, 0,
    0, 0, 0, 0, 0, 0, 0, 0,
    0, 0, 0, 0, 0, 0, 0, 0,
    0, 0, 0, 0, 0, 0, 0, 0,
    0, 0, 0, 0, 0, 0, 0, 0,
    0, 0, 0, 0, 0, 0, 0, 0,
    0, 0, 0, 0, 0, 0, 0, 0,
    0, 0, 0, 0, 0, 0, 0, 0,
    0, 0, 0, 0, 0, 0, 0, 0,
    0, 0, 0, 0, 0, 0, 0, 0,
    0, 0, 0, 0, 0, 0, 0, 0,
    0, 0, 0, 0, 0, 0, 0, 0,
    0, 0, 0, 0, 0, 0, 0, 0,
    0, 0, 0, 0, 0, 0, 0, 0,
    0, 0, 0, 0, 0, 0, 0, 0,
    0, 0, 0, 0, 0, 0, 0, 0,
    0, 0, 0, 0, 0, 0, 0, 0,
    0, 0, 0, 0, 0, 0, 0, 0,
    0, 0, 0, 0, 0, 0, 0, 0,
    0, 0, 0, 0, 0, 0, 0, 0,
    0, 0, 0, 0, 0, 0, 0, 0,
    0, 0, 0, 0, 0, 0, 0, 0,
    0, 0, 0, 0, 0, 0, 0, 0,
    0, 0, 0, 0, 0, 0, 0, 0,
    0, 0, 0, 0, 0, 0, 0, 0,
    0, 0, 0, 0, 0, 0, 0, 0,
    0, 0, 0, 0, 0, 0, 0, 0,
    0, 0, 0, 0, 0, 0, 0, 0,
    0, 0, 0, 0, 0, 0, 0, 0,
    0, 0, 0, 0, 0, 0, 0, 0,
    0, 0, 0, 0, 0, 0, 0, 0,
    0, 0, 0, 0, 0, 0, 0, 0,
    0, 0, 0, 0, 0, 0, 0, 0,
    0, 0, 0, 0, 0, 0, 0, 0,
    0, 0, 0, 0, 0, 0, 0, 0,
    0, 0, 0, 0, 0, 0, 0, 0,
    0, 0, 0, 0, 0, 0, 0, 0,
    0, 0, 0, 0, 0, 0, 0, 0,
    0, 0, 0, 0, 0, 0, 0, 0,
    0, 0, 0, 0, 0, 0, 0, 0,
    0, 0, 0, 0, 0, 0, 0, 0,
    0, 0, 0, 0, 0, 0, 0, 0,
    0, 0, 0, 0, 0, 0, 0, 0,
    0, 0, 0, 0, 0, 0, 0, 0,
    0, 0, 0, 0, 0, 0, 0, 0,
    0, 0, 0, 0, 0, 0, 0, 0,
    0, 0, 0, 0, 0, 0, 0, 0,
    0, 0, 0, 0, 0, 0, 0, 0,
    0, 0, 0, 0, 0, 0, 0, 0,
    0, 0, 0, 0, 0, 0, 0, 0,
    0, 0, 0, 0, 0, 0, 0, 0,
    0, 0, 0, 0, 0, 0, 0, 0,
    0, 0, 0, 0, 0, 0, 0, 0,
    0, 0, 0, 0, 0, 0, 0, 0,
    0, 0, 0, 0, 0, 0, 0, 0,
    0, 0, 0, 0, 0, 0, 0, 0,
    0, 0, 0, 0, 0, 0, 0, 0,
    0, 0, 0, 0, 0, 0, 0, 0,
    0, 0, 0, 0, 0, 0, 0, 0,
    0, 0, 0, 0, 0, 0, 0, 0,
    0, 0, 0, 0, 0, 0, 0, 0,
    0, 0, 0, 0, 0, 0, 0, 0,
    0, 0, 0, 0, 0, 0, 0, 0,
    0, 0, 0, 0, 0, 0, 0, 0,
    0, 0, 0, 0, 0, 0, 0, 0,
    0, 0, 0, 0, 0, 0, 0, 0,
    0, 0, 0, 0, 0, 0, 0, 0,
    0, 0, 0, 0, 0, 0, 0, 0,
    0, 0, 0, 0, 0, 0, 0, 0,
    0, 0, 0, 0, 0, 0, 0, 0,
    0, 0, 0, 0, 0, 0, 0, 0,
    0, 0, 0, 0, 0, 0, 0, 0,
    0, 0, 0, 0, 0, 0, 0, 0,
    0, 0, 0, 0, 0, 0, 0, 0,
    0, 0, 0, 0, 0, 0, 0, 0,
    0, 0, 0, 0, 0, 0, 0, 0,
    0, 0, 0, 0, 0, 0, 0, 0,
    0, 0, 0, 0, 0, 0, 0, 0,
    0, 0, 0, 0, 0, 0, 0, 0,
    0, 0, 0, 0, 0, 0, 0, 0,
    0, 0, 0, 0, 0, 0, 0, 0,
    0, 0, 0, 0, 0, 0, 0, 0,
    0, 0, 0, 0, 0, 0, 0, 0,
    0, 0, 0, 0, 0, 0, 0, 0,
    0, 0, 0, 0, 0, 0, 0, 0,
    0, 0, 0, 0, 0, 0, 0, 0,
    0, 0, 0, 0, 0, 0, 0, 0,
    0, 0, 0, 0, 0, 0, 0, 0,
    0, 0, 0, 0, 0, 0, 0, 0,
    0, 0, 0, 0, 0, 0, 0, 0,
    0, 0, 0, 0, 0, 0, 0, 0,
    0, 0, 0, 0, 0, 0, 0, 0,
    0, 0, 0, 0, 0, 0, 0, 0,
    0, 0, 0, 0, 0, 0, 0, 0,
    0, 0, 0, 0, 0, 0, 0, 0,
    0, 0, 0, 0, 0, 0, 0, 0,
    0, 0, 0, 0, 0, 0, 0, 0,
    0, 0, 0, 0, 0, 0, 0, 0,
    0, 0, 0, 0, 0, 0, 0, 0,
    0, 0, 0, 0, 0, 0, 0, 0,
    0, 0, 0, 0, 0, 0, 0, 0,
    0, 0, 0, 0, 0, 0, 0, 0,
    0, 0, 0, 0, 0, 0, 0, 0,
    0, 0, 0, 0, 0, 0, 0, 0,
    0, 0, 0, 0, 0, 0, 0, 0,
    0, 0, 0, 0, 0, 0, 0, 0,
    0, 0, 0, 0, 0, 0, 0, 0,
    0, 0, 0, 0, 0, 0, 0, 0,
    0, 0, 0, 0, 0, 0, 0, 0,
    0, 0, 0, 0, 0, 0, 0, 0,
    0, 0, 0, 0, 0, 0, 0, 0,
    0, 0, 0, 0, 0, 0, 0, 0,
    0, 0, 0, 0, 0, 0, 0, 0,
    0, 0, 0, 0, 0, 0, 0, 0,
    0, 0, 0, 0, 0, 0, 0, 0,
    0, 0, 0, 0, 0, 0, 0, 0,
    0, 0, 0, 0, 0, 0, 0, 0,
    0, 0, 0, 0, 0, 0, 0, 0,
    0, 0, 0, 0, 0, 0, 0, 0,
    0, 0, 0, 0, 0, 0, 0, 0,
    0, 0, 0, 0, 0, 0, 0, 0,
    0, 0, 0, 0, 0, 0, 0, 0,
    0, 0, 0, 0, 0, 0, 0, 0,
    0, 0, 0, 0, 0, 0, 0, 0,
    0, 0, 0, 0, 0, 0, 0, 0,
    0, 0, 0, 0, 0, 0, 0, 0,
    0, 0, 0, 0, 0, 0, 0, 0,
    0, 0, 0, 0, 0, 0, 0, 0,
    0, 0, 0, 0, 0, 0, 0, 0,
    0, 0, 0, 0, 0, 0, 0, 0,
    0, 0, 0, 0, 0, 0, 0, 0,
    0, 0, 0, 0, 0, 0, 0, 0,
    0, 0, 0, 0, 0, 0, 0, 0,
    0, 0, 0, 0, 0, 0, 0, 0,
    0, 0, 0, 0, 0, 0, 0, 0,
    0, 0, 0, 0, 0, 0, 0, 0,
    0, 0, 0, 0, 0, 0, 0, 0,
    0, 0, 0, 0, 0, 0, 0, 0,
    0, 0, 0, 0, 0, 0, 0, 0,
    0, 0, 0, 0, 0, 0, 0, 0,
    0, 0, 0, 0, 0, 0, 0, 0,
    0, 0, 0, 0, 0, 0, 0, 0,
    0, 0, 0, 0, 0, 0, 0, 0,
    0, 0, 0, 0, 0, 0, 0, 0,
    0, 0, 0, 0, 0, 0, 0, 0,
    0, 0, 0, 0, 0, 0, 0, 0,
    0, 0, 0, 0, 0, 0, 0, 0,
    0, 0, 0, 0, 0, 0, 0, 0,
    0, 0, 0, 0, 0, 0, 0, 0,
    0, 0, 0, 0, 0, 0, 0, 0,
    0, 0, 0, 0, 0, 0, 0, 0,
    0, 0, 0, 0, 0, 0, 0, 0,
    0, 0, 0, 0, 0, 0, 0, 0,
    0, 0, 0, 0, 0, 0, 0, 0,
    0, 0, 0, 0, 0, 0, 0, 0,
    0, 0, 0, 0, 0, 0, 0, 0,
    0, 0, 0, 0, 0, 0, 0, 0,
    0, 0, 0, 0, 0, 0, 0, 0,
    0, 0, 0, 0, 0, 0, 0, 0,
    0, 0, 0, 0, 0, 0, 0, 0,
    0, 0, 0, 0, 0, 0, 0, 0,
    0, 0, 0, 0, 0, 0, 0, 0,
    0, 0, 0, 0, 0, 0, 0, 0,
    0, 0, 0, 0, 0, 0, 0, 0,
    0, 0, 0, 0, 0, 0, 0, 0,
    0, 0, 0, 0, 0, 0, 0, 0,
    0, 0, 0, 0, 0, 0, 0, 0,
    0, 0, 0, 0, 0, 0, 0, 0,
    0, 0, 0, 0, 0, 0, 0, 0,
    0, 0, 0, 0, 0, 0, 0, 0,
    0, 0, 0, 0, 0, 0, 0, 0,
    0, 0, 0, 0, 0, 0, 0, 0,
    0, 0, 0, 0, 0, 0, 0, 0,
    0, 0, 0, 0, 0, 0, 0, 0,
    0, 0, 0, 0, 0, 0, 0, 0,
    0, 0, 0, 0, 0, 0, 0, 0,
    0, 0, 0, 0, 0, 0, 0, 0,
    0, 0, 0, 0, 0, 0, 0, 0,
    0, 0, 0, 0, 0, 0, 0, 0,
    0, 0, 0, 0, 0, 0, 0, 0,
    0, 0, 0, 0, 0, 0, 0, 0,
    0, 0, 0, 0, 0, 0, 0, 0,
    0, 0, 0, 0, 0, 0, 0, 0,
    0, 0, 0, 0, 0, 0, 0, 0,
    0, 0, 0, 0, 0, 0, 0, 0,
    0, 0, 0, 0, 0, 0, 0, 0,
    0, 0, 0, 0, 0, 0, 0, 0,
    0, 0, 0, 0, 0, 0, 0, 0,
    0, 0, 0, 0, 0, 0, 0, 0,
    0, 0, 0, 0, 0, 0, 0, 0,
    0, 0, 0, 0, 0, 0, 0, 0,
    0, 0, 0, 0, 0, 0, 0, 0,
    0, 0, 0, 0, 0, 0, 0, 0,
    0, 0, 0, 0, 0, 0, 0, 0,
    0, 0, 0, 0, 0, 0, 0, 0,
    0, 0, 0, 0, 0, 0, 0, 0,
    0, 0, 0, 0, 0, 0, 0, 0,
    0, 0, 0, 0, 0, 0, 0, 0,
    0, 0, 0, 0, 0, 0, 0, 0,
    0, 0, 0, 0, 0, 0, 0, 0,
    0, 0, 0, 0, 0, 0, 0, 0,
    0, 0, 0, 0, 0, 0, 0, 0,
    0, 0, 0, 0, 0, 0, 0, 0,
    0, 0, 0, 0, 0, 0, 0, 0,
    0, 0, 0, 0, 0, 0, 0, 0,
    0, 0, 0, 0, 0, 0, 0, 0,
    0, 0, 0, 0, 0, 0, 0, 0,
    0, 0, 0, 0, 0, 0, 0, 0,
    0, 0, 0, 0, 0, 0, 0, 0,
    0, 0, 0, 0, 0, 0, 0, 0,
    0, 0, 0, 0, 0, 0, 0, 0,
    0, 0, 0, 0, 0, 0, 0, 0,
    0, 0, 0, 0, 0, 0, 0, 0,
    0, 0, 0, 0, 0, 0, 0, 0,
    0, 0, 0, 0, 0, 0, 0, 0,
    0, 0, 0, 0, 0, 0, 0, 0,
    0, 0, 0, 0, 0, 0, 0, 0,
    0, 0, 0, 0, 0, 0, 0, 0,
    0, 0, 0, 0, 0, 0, 0, 0,
    0, 0, 0, 0, 0, 0, 0, 0,
    0, 0, 0, 0, 0, 0, 0, 0,
    0, 0, 0, 0, 0, 0, 0, 0,
    0, 0, 0, 0, 0, 0, 0, 0,
    0, 0, 0, 0, 0, 0, 0, 0,
    0, 0, 0, 0, 0, 0, 0, 0,
    0, 0, 0, 0, 0, 0, 0, 0,
    0, 0, 0, 0, 0, 0, 0, 0,
    0, 0, 0, 0, 0, 0, 0, 0,
    0, 0, 0, 0, 0, 0, 0, 0,
    0, 0, 0, 0, 0, 0, 0, 0,
    0, 0, 0, 0, 0, 0, 0, 0,
    0, 0, 0, 0, 0, 0, 0, 0,
    0, 0, 0, 0, 0, 0, 0, 0,
    0, 0, 0, 0, 0, 0, 0, 0,
    0, 0, 0, 0, 0, 0, 0, 0,
    0, 0, 0, 0, 0, 0, 0, 0,
    0, 0, 0, 0, 0, 0, 0, 0,
    0, 0, 0, 0, 0, 0, 0, 0,
    0, 0, 0, 0, 0, 0, 0, 0,
    0, 0, 0, 0, 0, 0, 0, 0,
    0, 0, 0, 0, 0, 0, 0, 0,
    0, 0, 0, 0, 0, 0, 0, 0,
    0, 0, 0, 0, 0, 0, 0, 0,
    0, 0, 0, 0, 0, 0, 0, 0,
    0, 0, 0, 0, 0, 0, 0, 0,
    0, 0, 0, 0, 0, 0, 0, 0,
    0, 0, 0, 0, 0, 0, 0, 0,
    0, 0, 0, 0, 0, 0, 0, 0,
    0, 0, 0, 0, 0, 0, 0, 0,
    0, 0, 0, 0, 0, 0, 0, 0,
    0, 0, 0, 0, 0, 0, 0, 0,
    0, 0, 0, 0, 0, 0, 0, 0,
    0, 0, 0, 0, 0, 0, 0, 0,
    0, 0, 0, 0, 0, 0, 0, 0,
    0, 0, 0, 0, 0, 0, 0, 0,
    0, 0, 0, 0, 0, 0, 0, 0,
    0, 0, 0, 0, 0, 0, 0, 0,
    0, 0, 0, 0, 0, 0, 0, 0,
    0, 0, 0, 0, 0, 0, 0, 0,
    0, 0, 0, 0, 0, 0, 0, 0,
    0, 0, 0, 0, 0, 0, 0, 0,
    0, 0, 0, 0, 0, 0, 0, 0,
    0, 0, 0, 0, 0, 0, 0, 0,
    0, 0, 0, 0, 0, 0, 0, 0,
    0, 0, 0, 0, 0, 0, 0, 0,
    0, 0, 0, 0, 0, 0, 0, 0,
    0, 0, 0, 0, 0, 0, 0, 0,
    0, 0, 0, 0, 0, 0, 0, 0,
    0, 0, 0, 0, 0, 0, 0, 0,
    0, 0, 0, 0, 0, 0, 0, 0,
    0, 0, 0, 0, 0, 0, 0, 0,
    0, 0, 0, 0, 0, 0, 0, 0,
    0, 0, 0, 0, 0, 0, 0, 0,
    0, 0, 0, 0, 0, 0, 0, 0,
    0, 0, 0, 0, 0, 0, 0, 0,
    0, 0, 0, 0, 0, 0, 0, 0,
    0, 0, 0, 0, 0, 0, 0, 0,
    0, 0, 0, 0, 0, 0, 0, 0,
    0, 0, 0, 0, 0, 0, 0, 0,
    0, 0, 0, 0, 0, 0, 0, 0,
    0, 0, 0, 0, 0, 0, 0, 0,
    0, 0, 0, 0, 0, 0, 0, 0,
    0, 0, 0, 0, 0, 0, 0, 0,
    0, 0, 0, 0, 0, 0, 0, 0,
    0, 0, 0, 0, 0, 0, 0, 0,
    0, 0, 0, 0, 0, 0, 0, 0,
    0, 0, 0, 0, 0, 0, 0, 0,
    0, 0, 0, 0, 0, 0, 0, 0,
    0, 0, 0, 0, 0, 0, 0, 0,
    0, 0, 0, 0, 0, 0, 0, 0,
    0, 0, 0, 0, 0, 0, 0, 0,
    0, 0, 0, 0, 0, 0, 0, 0,
    0, 0, 0, 0, 0, 0, 0, 0,
    0, 0, 0, 0, 0, 0, 0, 0,
    0, 0, 0, 0, 0, 0, 0, 0,
    0, 0, 0, 0, 0, 0, 0, 0,
    0, 0, 0, 0, 0, 0, 0, 0,
    0, 0, 0, 0, 0, 0, 0, 0,
    0, 0, 0, 0, 0, 0, 0, 0,
    0, 0, 0, 0, 0, 0, 0, 0,
    0, 0, 0, 0, 0, 0, 0, 0,
    0, 0, 0, 0, 0, 0, 0, 0,
    0, 0, 0, 0, 0, 0, 0, 0,
    0, 0, 0, 0, 0, 0, 0, 0,
    0, 0, 0, 0, 0, 0, 0, 0,
    0, 0, 0, 0, 0, 0, 0, 0,
    0, 0, 0, 0, 0, 0, 0, 0,
    0, 0, 0, 0, 0, 0, 0, 0,
    0, 0, 0, 0, 0, 0, 0, 0,
    0, 0, 0, 0, 0, 0, 0, 0,
    0, 0, 0, 0, 0, 0, 0, 0,
    0, 0, 0, 0, 0, 0, 0, 0,
    0, 0, 0, 0, 0, 0, 0, 0,
    0, 0, 0, 0, 0, 0, 0, 0,
    0, 0, 0, 0, 0, 0, 0, 0,
    0, 0, 0, 0, 0, 0, 0, 0,
    0, 0, 0, 0, 0, 0, 0, 0,
    0, 0, 0, 0, 0, 0, 0, 0,
    0, 0, 0, 0, 0, 0, 0, 0,
    0, 0, 0, 0, 0, 0, 0, 0,
    0, 0, 0, 0, 0, 0, 0, 0,
    0, 0, 0, 0, 0, 0, 0, 0,
    0, 0, 0, 0, 0, 0, 0, 0,
    0, 0, 0, 0, 0, 0, 0, 0,
    0, 0, 0, 0, 0, 0, 0, 0,
    0, 0, 0, 0, 0, 0, 0, 0,
    0, 0, 0, 0, 0, 0, 0, 0,
    0, 0, 0, 0, 0, 0, 0, 0,
    0, 0, 0, 0, 0, 0, 0, 0,
    0, 0, 0, 0, 0, 0, 0, 0,
    0, 0, 0, 0, 0, 0, 0, 0,
    0, 0, 0, 0, 0, 0, 0, 0,
    0, 0, 0, 0, 0, 0, 0, 0,
    0, 0, 0, 0, 0, 0, 0, 0,
    0, 0, 0, 0, 0, 0, 0, 0,
    0, 0, 0, 0, 0, 0, 0, 0,
    0, 0, 0, 0, 0, 0, 0, 0,
    0, 0, 0, 0, 0, 0, 0, 0,
    0, 0, 0, 0, 0, 0, 0, 0,
    0, 0, 0, 0, 0, 0, 0, 0,
    0, 0, 0, 0, 0, 0, 0, 0,
    0, 0, 0, 0, 0, 0, 0, 0,
    0, 0, 0, 0, 0, 0, 0, 0,
    0, 0, 0, 0, 0, 0, 0, 0,
    0, 0, 0, 0, 0, 0, 0, 0,
    0, 0, 0, 0, 0, 0, 0, 0,
    0, 0, 0, 0, 0, 0, 0, 0,
    0, 0, 0, 0, 0, 0, 0, 0,
    0, 0, 0, 0, 0, 0, 0, 0,
    0, 0, 0, 0, 0, 0, 0, 0,
    0, 0, 0, 0, 0, 0, 0, 0,
    0, 0, 0, 0, 0, 0, 0, 0,
    0, 0, 0, 0, 0, 0, 0, 0,
    0, 0, 0, 0, 0, 0, 0, 0,
    0, 0, 0, 0, 0, 0, 0, 0,
    0, 0, 0, 0, 0, 0, 0, 0,
    0, 0, 0, 0, 0, 0, 0, 0,
    0, 0, 0, 0, 0, 0, 0, 0,
    0, 0, 0, 0, 0, 0, 0, 0,
    0, 0, 0, 0, 0, 0, 0, 0,
    0, 0, 0, 0, 0, 0, 0, 0,
    0, 0, 0, 0, 0, 0, 0, 0,
    0, 0, 0, 0, 0, 0, 0, 0,
    0, 0, 0, 0, 0, 0, 0, 0,
    0, 0, 0, 0, 0, 0, 0, 0,
    0, 0, 0, 0, 0, 0, 0, 0,
    0, 0, 0, 0, 0, 0, 0, 0,
    0, 0, 0, 0, 0, 0, 0, 0,
    0, 0, 0, 0, 0, 0, 0, 0,
    0, 0, 0, 0, 0, 0, 0, 0,
    0, 0, 0, 0, 0, 0, 0, 0,
    0, 0, 0, 0, 0, 0, 0, 0,
    0, 0, 0, 0, 0, 0, 0, 0,
    0, 0, 0, 0, 0, 0, 0, 0,
    0, 0, 0, 0, 0, 0, 0, 0,
    0, 0, 0, 0, 0, 0, 0, 0,
    0, 0, 0, 0, 0, 0, 0, 0,
    0, 0, 0, 0, 0, 0, 0, 0,
    0, 0, 0, 0, 0, 0, 0, 0,
    0, 0, 0, 0, 0, 0, 0, 0,
    0, 0, 0, 0, 0, 0, 0, 0,
    0, 0, 0, 0, 0, 0, 0, 0,
    0, 0, 0, 0, 0, 0, 0, 0,
    0, 0, 0, 0, 0, 0, 0, 0,
    0, 0, 0, 0, 0, 0, 0, 0,
    0, 0, 0, 0, 0, 0, 0, 0,
    0, 0, 0, 0, 0, 0, 0, 0,
    0, 0, 0, 0, 0, 0, 0, 0,
    0, 0, 0, 0, 0, 0, 0, 0,
    0, 0, 0, 0, 0, 0, 0, 0,
    0, 0, 0, 0, 0, 0, 0, 0,
    0, 0, 0, 0, 0, 0, 0, 0,
    0, 0, 0, 0, 0, 0, 0, 0,
    0, 0, 0, 0, 0, 0, 0, 0,
    0, 0, 0, 0, 0, 0, 0, 0,
    0, 0, 0, 0, 0, 0, 0, 0,
    0, 0, 0, 0, 0, 0, 0, 0,
    0, 0, 0, 0, 0, 0, 0, 0,
    0, 0, 0, 0, 0, 0, 0, 0,
    0, 0, 0, 0, 0, 0, 0, 0,
    0, 0, 0, 0, 0, 0, 0, 0,
    0, 0, 0, 0, 0, 0, 0, 0,
    0, 0, 0, 0, 0, 0, 0, 0,
    0, 0, 0, 0, 0, 0, 0, 0,
    0, 0, 0, 0, 0, 0, 0, 0,
    0, 0, 0, 0, 0, 0, 0, 0,
    0, 0, 0, 0, 0, 0, 0, 0,
    0, 0, 0, 0, 0, 0, 0, 0,
    0, 0, 0, 0, 0, 0, 0, 0,
    0, 0, 0, 0, 0, 0, 0, 0,
    0, 0, 0, 0, 0, 0, 0, 0,
    0, 0, 0, 0, 0, 0, 0, 0,
    0, 0, 0, 0, 0, 0, 0, 0,
    0, 0, 0, 0, 0, 0, 0, 0,
    0, 0, 0, 0, 0, 0, 0, 0,
    0, 0, 0, 0, 0, 0, 0, 0,
    0, 0, 0, 0, 0, 0, 0, 0,
    0, 0, 0, 0, 0, 0, 0, 0,
    0, 0, 0, 0, 0, 0, 0, 0,
    0, 0, 0, 0, 0, 0, 0, 0,
    0, 0, 0, 0, 0, 0, 0, 0,
    0, 0, 0, 0, 0, 0, 0, 0,
    0, 0, 0, 0, 0, 0, 0, 0,
    0, 0, 0, 0, 0, 0, 0, 0,
    0, 0, 0, 0, 0, 0, 0, 0,
    0, 0, 0, 0, 0, 0, 0, 0,
    0, 0, 0, 0, 0, 0, 0, 0,
    0, 0, 0, 0, 0, 0, 0, 0,
    0, 0, 0, 0, 0, 0, 0, 0,
    0, 0, 0, 0, 0, 0, 0, 0,
    0, 0, 0, 0, 0, 0, 0, 0,
    0, 0, 0, 0, 0, 0, 0, 0,
    0, 0, 0, 0, 0, 0, 0, 0,
    0, 0, 0, 0, 0, 0, 0, 0,
    0, 0, 0, 0, 0, 0, 0, 0,
    0, 0, 0, 0, 0, 0, 0, 0,
    0, 0, 0
};

/*Kern values between classes*/
static const int8_t kern_class_values[] =
{
    0, 0, 0, 0, 0, 0, 0, -26,
    0, -26, -19, 0, 0, 0, 0, -30,
    0, -6, -2, 0, -2, 7, -1, 0,
    0, 0, 0, 0, 0, 0, -7, 0,
    -10, -1, -13, 0, 0, -2, -4, -7,
    0, 0, 0, 0, 0, -2, 0, 0,
    0, 0, 0, 0, 0, 0, 0, 0,
    -7, 0, 0, 0, 0, -9, 0, 3,
    0, 0, 0, 0, 0, -5, -5, 0,
    -1, 0, 0, 0, 0, 0, 0, -1,
    -2, 0, 0, 0, 0, 0, 2, 0,
    1, 0, 1, 0, 0, 0, 0, 0,
    0, -5, 0, -2, -6, -2, 0, 0,
    0, 0, 0, 0, 0, 0, -2, 0,
    0, -13, -7, -15, -14, 0, -14, 0,
    0, 0, 0, 0, -2, 0, 0, 0,
    0, 0, 0, 0, 0, 0, 0, 0,
    0, 0, 0, 0, -5, -5, -12, 3,
    0, 0, -10, 0, 0, -10, -10, 0,
    0, -7, 0, -5, 8, 0, -2, 0,
    -2, 0, 0, 0, 0, 0, 0, 0,
    0, 0, -7, -1, 0, 0, 24, -4,
    0, -5, -2, -5, -5, -2, 4, -2,
    0, 0, 0, 0, 0, -12, 0, -10,
    0, -10, 0, 0, 0, 0, 0, -7,
    0, 0, 0, 0, 0, -5, -5, -12,
    -10, -5, -10, 0, 0, 0, 0, 0,
    0, 0, 0, 0, 0, 0, 0, 0,
    0, 0, 0, 0, 0, 0, 0, 0,
    0, 0, 0, 0, 0, -24, 0, -24,
    0, 0, 0, 0, 0, -27, 0, -2,
    -5, 0, 0, 5, 0, 0, 0, -2,
    0, 0, 0, 0, -9, 0, -6, -2,
    -10, 0, 0, -2, -2, -6, 0, 0,
    0, 0, 0, -3, 0, -19, 0, 0,
    -12, -11, -32, 0, -10, 0, 0, 0,
    0, 0, 0, 0, 0, -13, 0, 0,
    0, -19, -15, -32, -29, 0, -28, 0,
    -32, 0, -5, 0, -7, 0, -5, 0,
    2, 0, -7, -4, -10, -10, -22, 0,
    -10, -5, 0, 0, 0, 0, 0, -10,
    0, -12, 0, -12, -7, 0, 0, 0,
    0, -7, 0, 2, -5, -2, 0, -10,
    -2, -19, -17, -10, -17, -2, -10, 0,
    0, -1, 2, -2, 1, 0, 0, 0,
    0, 0, 0, 0, -2, -5, -2, 0,
    0, 0, -5, 0, 0, 0, 0, -33,
    -15, -33, -18, 0, 0, 0, 0, -17,
    0, 0, 0, 0, 0, 1, 0, 3,
    3, 0, 0, 0, 0, 0, -8, 0,
    -7, 0, -8, 0, 0, -4, -4, -5,
    0, -3, 0, -2, 0, -5, 0, 0,
    0, 0, 0, 0, 0, 0, 0, 0,
    0, 0, 0, 0, 0, 0, 0, 0,
    0, 0, 0, -1, -2, -7, -7, -2,
    -12, 0, 0, 0, 0, 0, -1, 0,
    0, 0, 0, 0, 0, 0, 0, 0,
    0, 0, 0, 0, 0, 0, 0, 0,
    0, -7, 0, -27, 0, -27, -17, 0,
    0, 0, 0, 0, 0, 0, 0, 0,
    0, 0, 0, 0, 0, 0, 0, 0,
    0, 0, 0, 0, 0, 0, 0, 0,
    0, 0, 0, 0, 0, 0, 0, 0,
    0, 0, 0, 0, 0, 0, 0, 0,
    0, -4, 0, -4, 0, 0, 0, 0,
    0, -1, 0, 1, 0, 0, 0, 0,
    0, -1, -1, -1, -1, 0, 0, -19,
    0, -3, 0, -1, -2, 0, 0, 0,
    -2, 0, 0, 0, 0, 0, 1, 0,
    0, -27, 0, 0, -4, -7, -26, 0,
    -8, 0, 0, 0, 0, 0, 0, 2,
    -2, -9, -3, -2, 0, -14, -16, -30,
    -24, 0, -22, 0, -15, 0, -1, 0,
    -4, 0, -1, 0, -2, 0, -7, 0,
    -5, -5, -13, 0, -11, 0, 0, -5,
    0, 0, 0, -4, -2, -6, 0, -6,
    -4, 0, 0, 0, 0, -7, -6, -2,
    -2, -4, 0, -5, -7, -12, -9, -7,
    -12, -2, -4, -6, 0, -2, 0, -4,
    0, 0, 0, 0, -2, 0, 0, -4,
    -4, -2, -2, 0, 0, 5, 0, 0,
    0, 1, 1, 0, 0, 0, 0, 0,
    0, 0, 1, 0, 0, 0, 0, 0,
    0, 0, -2, -2, -2, 0, -5, 0,
    0, -2, 0, 0, 0, 0, 0, 0,
    0, 0, -2, 0, 0, -2, 0, 0,
    0, 0, 0, -1, 0, 0, 0, -5,
    0, -10, 1, -10, -7, 0, 0, 0,
    4, -13, -6, 2, -2, -5, 0, -4,
    -5, -11, -11, -10, -15, -2, -4, -17,
    0, -2, 0, 0, -2, 0, 0, 0,
    -2, -2, 0, 0, 0, -2, 0, 0,
    0, 0, 0, 0, 0, 0, 0, 0,
    0, 0, 0, 0, 0, 0, 0, 0,
    0, 0, 0, 0, 0, 0, -3, -3,
    -3, 0, -3, 0, 0, 0, 0, 0,
    0, 0, -2, 0, 0, 0, -4, 0,
    0, -2, -4, 0, -5, 0, 0, 3,
    0, -2, -2, 0, 2, -23, -5, -23,
    -15, -1, -1, 0, -5, -17, -2, -2,
    0, 0, 0, 2, 0, 0, 0, 0,
    0, 0, 3, -29, -10, -1, -10, -7,
    -15, -2, 0, -5, -10, -11, 0, -5,
    -5, -7, -5, -7, 0, 0, 0, 0,
    2, -1, 0, -2, 5, -2, -4, 0,
    0, 0, 3, -2, -2, 2, 0, 0,
    0, -2, -3, -9, -9, -4, -11, -2,
    0, -9, 0, 0, 0, 0, 0, 0,
    0, 0, -2, 0, 0, 0, 0, 0,
    0, 0, 0, 0, 0, 0, 0, 0,
    0, 0, 0, 0, 0, 0, 0, 0,
    0, 0, 0, -5, 0, 0, 0, 0,
    0, 0, 0, 0, 0, 0, 0, 0,
    -5, 0, -6, -4, -4, 0, 0, 0,
    -8, -5, -2, -6, -9, 0, -7, 0,
    0, 0, 0, 0, 0, 0, 0, -13,
    -2, -13, -7, -5, -5, 0, -3, -9,
    0, -2, 0, 0, -2, 0, 0, 0,
    0, 0, 0, 0, 0, -18, -6, 0,
    -6, -9, -7, -2, -2, -6, -9, -7,
    -4, -7, -7, -5, -7, -5, 0, 0,
    0, 0, 0, 0, 0, 0, -7, 0,
    0, 0, 0, 0, 0, 2, 0, -7,
    -4, 0, 0, 0, -2, -2, -2, 0,
    -2, 2, 0, 0, -2, 0, -5, 0,
    -2, 0, 0, 0, -7, 0, -5, -5,
    -13, 0, -12, 0, 0, -32, 0, 0,
    0, -6, -24, 0, 0, 0, 0, 0,
    0, 0, 0, 0, -4, -4, -4, -2,
    -4, -17, -11, -26, -23, -4, -24, -4,
    -13, 0, 0, 0, 0, -2, 0, 0,
    0, 0, -4, 0, -2, -5, -9, 0,
    -7, 0, 0, 0, 0, 0, 0, 0,
    0, -7, -1, -7, -7, -3, -3, 0,
    0, -9, -2, -4, 0, 0, -2, 0,
    -2, 0, 0, -2, 0, -1, 0, -13,
    -3, 0, -2, -5, -5, 0, 0, -2,
    -5, -2, -2, -5, -5, -4, -5, -5,
    0, -6, 0, 0, 0, -5, -2, -10,
    2, -10, -5, 0, 0, 0, 5, -9,
    -5, 2, -2, -4, 0, -2, -4, -9,
    -6, -7, -10, 0, -2, -13, 0, 0,
    0, 0, 0, 0, 0, 0, 0, 0,
    0, 0, 0, 0, 0, 0, 0, 2,
    0, -1, 0, -2, 5, -25, -1, -25,
    -12, 2, 2, 0, 0, -15, -2, 0,
    -2, 0, 2, 2, -5, -2, -2, -5,
    -5, 2, 2, -35, -1, -1, -5, 0,
    -5, 0, 0, -2, 0, -1, 4, 0,
    2, 0, 4, 0, 0, -10, 0, 0,
    0, 0, -3, 0, -4, 0, 0, 0,
    0, 0, 0, 2, 0, -4, -2, 0,
    0, -7, -8, -13, -12, 2, -12, 2,
    -5, 4, 0, 0, -2, 0, 0, 0,
    0, 0, -3, 0, -2, -3, -5, 0,
    -5, 0, 0, 0, 0, 0, 0, -2,
    0, -5, 0, -5, -4, 0, 0, 0,
    1, -4, -2, 0, -2, -2, -2, -2,
    -6, -6, -6, -2, -7, 0, 0, -10,
    0, -2, 0, -4, -2, 0, 0, 0,
    -2, 0, -2, -2, -4, -2, -4, 0,
    0, 7, 0, 0, -5, 0, 5, -19,
    -10, -19, -11, -1, -1, 0, -5, -16,
    0, -2, 0, 0, 0, 2, -2, 0,
    0, -1, 0, 2, 6, -20, -10, 0,
    -16, -2, -10, 0, 0, -7, -16, -12,
    0, -7, -10, -9, -10, -15, 0, 0,
    0, -3, -5, -2, 0, -19, -3, -19,
    -13, -3, -3, 0, 0, -18, -5, -6,
    -3, -2, -4, -2, -5, -4, -2, -2,
    0, -2, 0, -20, -10, -2, -7, -5,
    -10, -4, -2, -6, -10, -10, -5, -7,
    -6, -8, -7, -9, 0, 0, 0, -9,
    -12, 0, 0, -37, -18, -37, -21, -10,
    -10, 0, -12, -27, 0, -11, 0, 0,
    -5, 0, -2, 0, 0, 0, 0, -2,
    3, -38, -19, -1, -18, -12, -20, -7,
    -5, -14, -17, -21, -7, -15, -10, -17,
    -15, -15, 0, 0, 0, -7, -10, 0,
    0, -30, -16, -30, -22, -10, -10, 0,
    -12, -26, 0, -9, 0, -2, -5, 0,
    -2, 0, 0, 0, 0, -2, 3, -32,
    -18, -1, -18, -10, -20, -5, -5, -12,
    -17, -17, -6, -13, -10, -13, -10, -15,
    0, 0, 0, 0, -5, 0, -2, 0,
    -10, 0, 0, -2, -2, 0, 0, 0,
    0, -7, 0, 0, 0, -2, -2, 0,
    0, 0, 0, 2, 0, 0, -1, 0,
    -7, 0, 0, 0, -4, 0, -8, -2,
    -7, -10, -16, 0, -12, 0, 0, 0,
    0, -9, -12, 0, 0, -25, -19, -25,
    -22, -15, -15, 0, -12, -22, 0, -12,
    0, 0, -10, 0, 0, 0, 0, 0,
    0, 0, 3, -27, -19, -1, -22, -15,
    -23, -10, -6, -16, -22, -20, -15, -20,
    -17, -15, -17, -21, 0, 0, 0, 0,
    0, 0, 0, 0, 0, 0, 0, 0,
    0, 0, 1, 0, 0, -2, 0, 0,
    0, -2, -4, -2, -2, 0, -2, 0,
    0, 0, 0, 0, 0, 0, 0, 0,
    0, 0, -2, 0, 0, -3, -6, 0,
    -6, 0, 0, -19, 0, 0, 0, 0,
    0, 4, -5, 4, 0, 0, 0, 0,
    0, 0, 0, -7, 17, 0, 0, -15,
    -13, -23, -20, 0, -19, 0, -18, 0,
    0, 0, 0, 0, 1, 0, 21, 0,
    0, 0, -2, -1, -5, 0, 7, 0,
    0, 0, 0, 0, 0, 0, 0, 0,
    0, 0, 0, 0, 0, 0, 0, 0,
    0, -13, 8, 0, -5, -20, -24, -37,
    -34, 0, -27, 0, 0, 0, -4, 0,
    -12, 0, 0, 0, 0, 0, -5, -4,
    -12, -11, -18, 0, -14, 0, 0, -15,
    0, 0, 0, 0, -11, 0, -2, 0,
    0, 0, 0, -1, 0, 2, -2, -3,
    -4, 0, 0, -13, -12, -24, -22, 0,
    -19, 0, -10, 0, 0, 0, 0, 0,
    -2, 0, 0, -1, -4, 0, 0, 0,
    -4, 0, -2, 0, 0, -10, 0, 0,
    0, -3, -6, -6, 2, -6, -4, -1,
    -1, -1, 0, -10, -5, 0, -6, -2,
    -2, -15, -9, -18, -16, -5, -18, 0,
    -5, -12, 0, -2, 0, 0, 0, 0,
    0, 0, -2, 0, -2, -2, 0, -4,
    -2, 0, 0, -1, 0, 0, 0, 0,
    -1, -1, 0, -1, 0, 0, 0, 0,
    0, -2, -3, 0, -5, 0, 0, -10,
    -7, -16, -15, -5, -15, 0, -1, -6,
    0, -2, 0, 0, 0, 0, 0, 0,
    -2, 0, 0, 0, 0, 0, 0, 0,
    0, -5, 0, -3, 0, -1, -5, 0,
    -1, 0, 0, 0, 0, -1, 0, 0,
    0, 0, -1, 0, 0, -5, -6, -10,
    -9, 0, -10, 0, -1, 0, -2, 0,
    0, 0, -2, 0, 0, 0, -4, 0,
    0, -2, -2, 0, -2, 0, 0, -5,
    0, 0, 0, -4, -5, -6, 0, -6,
    -2, 0, 0, -1, 0, -4, -2, 0,
    -5, 0, 0, -12, -7, -16, -14, -5,
    -17, 0, -5, -10, -2, -2, 0, -2,
    0, 0, 0, 0, -2, 0, 0, 0,
    -2, 0, -2, 0, 9, 19, 0, 0,
    0, 22, 13, -9, -3, -9, -4, 0,
    0, 9, 0, -2, 4, 0, 6, 9,
    6, 13, 9, 13, 13, 11, 13, 9,
    23, -5, 0, -2, -4, 0, -1, 6,
    6, 0, 0, 0, 0, -2, 2, 0,
    2, 0, 0, 0, 0, -5, 0, 0,
    0, 0, -1, 0, 3, 0, 0, -1,
    0, 0, -2, 0, 12, -1, 0, -6,
    -8, -10, -10, 0, -16, 0, -4, 0,
    -4, -3, -2, 0, -2, 0, 4, 0,
    0, 0, 0, 0, 1, 0, 2, 0,
    0, -13, 0, 0, 0, -3, -16, 0,
    0, 0, 0, 0, 0, -2, 0, 0,
    -1, -1, -5, 0, 0, -14, -8, -21,
    -19, 0, -17, 0, -12, 0, 0, 0,
    0, 0, 0, 0, 0, 0, -3, 0,
    -1, -1, -6, 0, -6, 0, -1, -2,
    0, -1, 0, 0, -1, 0, 0, 0,
    0, 0, 0, -2, 0, 0, -1, 0,
    0, 0, 0, -5, -5, -5, -5, 0,
    -5, 0, 0, 0, 0, 0, 0, 0,
    0, 0, 0, 0, -2, 0, 0, 0,
    -3, 0, -3, 0, 0, -1, 0, -1,
    0, 0, -1, -4, 0, -4, -3, -3,
    -3, -1, 0, -3, -2, -1, 0, 0,
    0, 0, -6, -4, -4, -2, -5, 0,
    0, -8, 0, -1, 0, 0, -2, 0,
    0, 0, -1, 0, 0, 0, 0, 0,
    0, 0, 0, 0, 0, 0, 0, -2,
    -1, 0, -5, 0, 0, -1, -1, -1,
    0, 4, -1, -1, -5, 0, 0, -10,
    -10, -16, -13, 1, -17, 2, -1, 0,
    0, 0, -4, 0, 0, 0, 0, 0,
    -2, -2, 0, 0, 0, 0, 0, 0,
    0, -6, 0, -1, 0, 2, -5, 7,
    0, 3, 2, 0, 7, -1, 0, -3,
    -5, 0, 7, -4, 0, -12, -10, -19,
    -16, -1, -19, 0, -3, -1, -2, -2,
    0, 0, 0, 0, 9, 0, 0, 0,
    0, 0, 0, 0, 4, 0, 0, 1,
    0, -2, 0, -6, 4, -21, -7, -21,
    -12, -2, -2, -1, -3, -13, -6, 0,
    -7, -4, 0, -1, -7, -11, -10, -13,
    -12, 0, 0, -16, -2, -2, -3, 0,
    -3, 0, 0, 0, 0, -2, 4, 0,
    2, 0, 2, 0, 0, -5, 0, 0,
    0, -3, -3, -5, 0, -5, 0, 0,
    0, 0, 0, -2, -5, 0, -6, -2,
    0, -8, -6, -17, -15, 0, -21, 0,
    -6, -9, 0, -2, 0, -1, 0, 0,
    0, 0, -2, 0, 0, 0, 0, 0,
    0, 0, 0, 1, 0, 0, 0, 0,
    0, 0, -2, 0, 0, 0, 0, 0,
    0, 4, 0, 0, -2, 0, 0, 0,
    -3, -10, -7, 0, -11, 2, 0, 3,
    0, 0, 0, 0, 0, 0, 0, 0,
    0, 0, 2, 0, 2, 0, 0, 0,
    0, -9, 0, 0, 0, -5, -9, 0,
    0, 0, 0, -2, -2, 0, 0, 0,
    0, -3, -6, 0, 0, -9, -9, -19,
    -17, 0, -17, 0, -5, 0, 0, 0,
    -2, 0, -2, 0, -2, 0, -2, 0,
    0, 0, -5, 0, -5, 0, 0, -1,
    0, -4, 0, -8, -1, -23, -3, -23,
    -10, -1, -1, -1, -2, -16, -6, 0,
    -9, -5, 0, -3, -6, -12, -10, -12,
    -13, -1, 0, -19, -3, -5, -4, 0,
    -4, 0, 0, 0, 0, -2, 2, 0,
    2, 0, 2, 0, 0, 0, 0, 0,
    0, -3, 0, 0, -6, 0, 0, 0,
    0, 0, 0, 2, 0, -2, -4, 0,
    0, -7, -7, -17, -12, 0, -15, 0,
    0, 0, -2, 0, -4, 0, -2, 0,
    0, 0, -4, 0, 0, 0, 0, 1,
    0, 0, 0, 0, 0, 0, 0, -2,
    -1, 0, 0, 0, 0, 0, 0, 0,
    0, 0, 0, 0, 0, 0, 0, -4,
    -6, -15, -13, 0, -14, 0, 0, 0,
    0, 0, 0, 0, 0, 0, 0, 0,
    -2, 0, 0, 0, 0, 0, 0, 0
};


/*Collect the kern class' data in one place*/
static const lv_font_fmt_txt_kern_classes_t kern_classes =
{
    .class_pair_values   = kern_class_values,
    .left_class_mapping  = kern_left_class_mapping,
    .right_class_mapping = kern_right_class_mapping,
    .left_class_cnt      = 56,
    .right_class_cnt     = 46,
};

/*--------------------
 *  ALL CUSTOM DATA
 *--------------------*/

#if LVGL_VERSION_MAJOR == 8
/*Store all the custom data of the font*/
static  lv_font_fmt_txt_glyph_cache_t cache;
#endif

#if LVGL_VERSION_MAJOR >= 8
static const lv_font_fmt_txt_dsc_t font_dsc = {
#else
static lv_font_fmt_txt_dsc_t font_dsc = {
#endif
    .glyph_bitmap = glyph_bitmap,
    .glyph_dsc = glyph_dsc,
    .cmaps = cmaps,
    .kern_dsc = &kern_classes,
    .kern_scale = 16,
    .cmap_num = 4,
    .bpp = 1,
    .kern_classes = 1,
    .bitmap_format = 0,
#if LVGL_VERSION_MAJOR == 8
    .cache = &cache
#endif

};

extern const lv_font_t lv_font_montserrat_12;


/*-----------------
 *  PUBLIC FONT
 *----------------*/

/*Initialize a public general font descriptor*/
#if LVGL_VERSION_MAJOR >= 8
const lv_font_t ui_font_show_14 = {
#else
lv_font_t ui_font_show_14 = {
#endif
    .get_glyph_dsc = lv_font_get_glyph_dsc_fmt_txt,    /*Function pointer to get glyph's data*/
    .get_glyph_bitmap = lv_font_get_bitmap_fmt_txt,    /*Function pointer to get glyph's bitmap*/
    .line_height = 17,          /*The maximum line height required by the font*/
    .base_line = 4,             /*Baseline measured from the bottom of the line*/
#if !(LVGL_VERSION_MAJOR == 6 && LVGL_VERSION_MINOR == 0)
    .subpx = LV_FONT_SUBPX_NONE,
#endif
#if LV_VERSION_CHECK(7, 4, 0) || LVGL_VERSION_MAJOR >= 8
    .underline_position = -2,
    .underline_thickness = 1,
#endif
    //.static_bitmap = 0,
    .dsc = &font_dsc,          /*The custom font data. Will be accessed by `get_glyph_bitmap/dsc` */
#if LV_VERSION_CHECK(8, 2, 0) || LVGL_VERSION_MAJOR >= 9
    .fallback = &lv_font_montserrat_12,
#endif
    .user_data = NULL,
};



#endif /*#if UI_FONT_SHOW_14*/
